jurisdiccion,fecha,salario_promedio
Buenos Aires,2015-01-01,12466.020272815145
C.A.B.A.,2015-01-01,15214.778427482674
Catamarca,2015-01-01,11903.691125316593
Chaco,2015-01-01,9482.148102635163
Chubut,2015-01-01,22177.791522778654
Corrientes,2015-01-01,9531.991937875655
Córdoba,2015-01-01,11551.4858854843
Entre Ríos,2015-01-01,10238.100753292769
Formosa,2015-01-01,9367.018329613607
Jujuy,2015-01-01,9412.520164851901
La Pampa,2015-01-01,11162.512879492464
La Rioja,2015-01-01,9562.771590706618
Mendoza,2015-01-01,10618.804937047102
Misiones,2015-01-01,9048.764949854152
Neuquén,2015-01-01,23101.694436652033
Río Negro,2015-01-01,11430.620509376924
Salta,2015-01-01,9343.159431098256
San Juan,2015-01-01,11045.260638997606
San Luis,2015-01-01,11629.17410964756
Santa Cruz,2015-01-01,25120.84673936788
Santa Fe,2015-01-01,12050.45291683446
Santiago del Estero,2015-01-01,8592.937758097989
Tierra del Fuego,2015-01-01,19830.642173748263
Tucumán,2015-01-01,9558.010687189595
Buenos Aires,2015-02-01,11954.010911675532
C.A.B.A.,2015-02-01,14749.21068786923
Catamarca,2015-02-01,9989.009811547294
Chaco,2015-02-01,9317.030762408232
Chubut,2015-02-01,22622.376062215964
Corrientes,2015-02-01,9475.414612717772
Córdoba,2015-02-01,10969.765656605829
Entre Ríos,2015-02-01,9780.256635880214
Formosa,2015-02-01,9337.892598181495
Jujuy,2015-02-01,9353.245863614758
La Pampa,2015-02-01,11130.791468203974
La Rioja,2015-02-01,8086.774015556717
Mendoza,2015-02-01,10048.224360568227
Misiones,2015-02-01,8748.32847972571
Neuquén,2015-02-01,22134.84171035267
Río Negro,2015-02-01,12270.412982517923
Salta,2015-02-01,9281.288877645235
San Juan,2015-02-01,10605.124286075592
San Luis,2015-02-01,10935.396354682003
Santa Cruz,2015-02-01,26498.118673483703
Santa Fe,2015-02-01,11513.422599578436
Santiago del Estero,2015-02-01,8353.284442654935
Tierra del Fuego,2015-02-01,20967.787388777277
Tucumán,2015-02-01,9128.569892387382
Buenos Aires,2015-03-01,12782.689616250354
C.A.B.A.,2015-03-01,16038.527085296637
Catamarca,2015-03-01,10029.590441118444
Chaco,2015-03-01,9404.293576895767
Chubut,2015-03-01,21396.503951274266
Corrientes,2015-03-01,9393.902297512448
Córdoba,2015-03-01,11132.046676342736
Entre Ríos,2015-03-01,10006.763810602495
Formosa,2015-03-01,9433.758923444188
Jujuy,2015-03-01,9898.188974666926
La Pampa,2015-03-01,11115.512901088734
La Rioja,2015-03-01,8301.314865870652
Mendoza,2015-03-01,10257.004136375119
Misiones,2015-03-01,8788.731702067807
Neuquén,2015-03-01,23432.170376301892
Río Negro,2015-03-01,12876.071418475989
Salta,2015-03-01,9615.16788171431
San Juan,2015-03-01,10489.917602805095
San Luis,2015-03-01,11209.305458651821
Santa Cruz,2015-03-01,25970.48327460605
Santa Fe,2015-03-01,11760.471103638667
Santiago del Estero,2015-03-01,9031.163884928712
Tierra del Fuego,2015-03-01,20959.87594938337
Tucumán,2015-03-01,9395.053390909736
Buenos Aires,2015-04-01,12742.7433685654
C.A.B.A.,2015-04-01,15252.918334857919
Catamarca,2015-04-01,10460.0701002097
Chaco,2015-04-01,9378.136476042699
Chubut,2015-04-01,21793.449137463576
Corrientes,2015-04-01,9494.820238171977
Córdoba,2015-04-01,11308.903827739858
Entre Ríos,2015-04-01,10149.188708948292
Formosa,2015-04-01,9604.865688235583
Jujuy,2015-04-01,10317.781606707294
La Pampa,2015-04-01,11003.330300865418
La Rioja,2015-04-01,9026.134973116847
Mendoza,2015-04-01,10295.525294964746
Misiones,2015-04-01,8873.855250580229
Neuquén,2015-04-01,22864.96955920382
Río Negro,2015-04-01,12846.00415773623
Salta,2015-04-01,9761.03663187587
San Juan,2015-04-01,10296.965260555065
San Luis,2015-04-01,11335.848291623373
Santa Cruz,2015-04-01,24864.32353581762
Santa Fe,2015-04-01,11947.563839231972
Santiago del Estero,2015-04-01,8642.465899675977
Tierra del Fuego,2015-04-01,21301.36122157312
Tucumán,2015-04-01,9096.350380832615
Buenos Aires,2015-05-01,13032.487275753398
C.A.B.A.,2015-05-01,15286.60650946844
Catamarca,2015-05-01,10874.994179411504
Chaco,2015-05-01,9811.253130537041
Chubut,2015-05-01,22487.33850541119
Corrientes,2015-05-01,9869.606383072529
Córdoba,2015-05-01,11845.089922557498
Entre Ríos,2015-05-01,10621.942104441063
Formosa,2015-05-01,10245.667221380376
Jujuy,2015-05-01,10940.978718668171
La Pampa,2015-05-01,11903.72368658635
La Rioja,2015-05-01,9464.473869764677
Mendoza,2015-05-01,11377.06695109465
Misiones,2015-05-01,9339.99354891605
Neuquén,2015-05-01,23959.503805817767
Río Negro,2015-05-01,13633.773255451983
Salta,2015-05-01,10164.285314888102
San Juan,2015-05-01,10943.809987866074
San Luis,2015-05-01,11621.757062881905
Santa Cruz,2015-05-01,26171.205605406994
Santa Fe,2015-05-01,12333.0605676713
Santiago del Estero,2015-05-01,9279.36270699514
Tierra del Fuego,2015-05-01,23283.770216719688
Tucumán,2015-05-01,9391.452798272263
Buenos Aires,2015-06-01,19397.141060275288
C.A.B.A.,2015-06-01,23224.979518535936
Catamarca,2015-06-01,16459.316150037444
Chaco,2015-06-01,15152.308517386158
Chubut,2015-06-01,33159.13865045585
Corrientes,2015-06-01,14898.62606768998
Córdoba,2015-06-01,17756.178389507248
Entre Ríos,2015-06-01,15958.920330058814
Formosa,2015-06-01,15532.709091859144
Jujuy,2015-06-01,16218.722511432388
La Pampa,2015-06-01,17165.892501069193
La Rioja,2015-06-01,14847.912524115136
Mendoza,2015-06-01,16295.173240200073
Misiones,2015-06-01,13503.154275848934
Neuquén,2015-06-01,33767.69141124234
Río Negro,2015-06-01,19444.18602958443
Salta,2015-06-01,15255.71418021674
San Juan,2015-06-01,16263.353869336353
San Luis,2015-06-01,18014.433364803408
Santa Cruz,2015-06-01,39263.676432537366
Santa Fe,2015-06-01,18686.361119618345
Santiago del Estero,2015-06-01,13962.293725937394
Tierra del Fuego,2015-06-01,32126.813568711827
Tucumán,2015-06-01,13951.772238335332
Buenos Aires,2015-07-01,14133.87237912731
C.A.B.A.,2015-07-01,16584.62078329514
Catamarca,2015-07-01,12483.605241388048
Chaco,2015-07-01,10952.700670746934
Chubut,2015-07-01,23256.62576204895
Corrientes,2015-07-01,10623.62630094173
Córdoba,2015-07-01,12842.279498818936
Entre Ríos,2015-07-01,11470.42305322334
Formosa,2015-07-01,11300.101852049755
Jujuy,2015-07-01,11860.914148979075
La Pampa,2015-07-01,12416.108041915326
La Rioja,2015-07-01,10946.88661243993
Mendoza,2015-07-01,11824.189447393175
Misiones,2015-07-01,9922.12159842069
Neuquén,2015-07-01,23822.29595638259
Río Negro,2015-07-01,14274.515931684598
Salta,2015-07-01,11112.455986954235
San Juan,2015-07-01,11612.22608838518
San Luis,2015-07-01,12892.164105020493
Santa Cruz,2015-07-01,29461.149838160894
Santa Fe,2015-07-01,13555.696343498923
Santiago del Estero,2015-07-01,9948.441547405719
Tierra del Fuego,2015-07-01,24214.935047288916
Tucumán,2015-07-01,10597.293105791743
Buenos Aires,2015-08-01,13879.619976208272
C.A.B.A.,2015-08-01,16496.809312684563
Catamarca,2015-08-01,12074.666547676461
Chaco,2015-08-01,10548.383275113441
Chubut,2015-08-01,23872.561758604905
Corrientes,2015-08-01,10486.422224741722
Córdoba,2015-08-01,12585.872810218038
Entre Ríos,2015-08-01,11033.474635924058
Formosa,2015-08-01,10976.799523463646
Jujuy,2015-08-01,12299.208836889009
La Pampa,2015-08-01,12484.886010260669
La Rioja,2015-08-01,10781.79947941505
Mendoza,2015-08-01,11904.858955522663
Misiones,2015-08-01,9954.984865589266
Neuquén,2015-08-01,24487.912480439736
Río Negro,2015-08-01,14519.443266711123
Salta,2015-08-01,10928.439474985764
San Juan,2015-08-01,11572.11317933732
San Luis,2015-08-01,12516.423289886914
Santa Cruz,2015-08-01,29061.11594538491
Santa Fe,2015-08-01,13177.26189622827
Santiago del Estero,2015-08-01,9720.74643025028
Tierra del Fuego,2015-08-01,26471.801488517343
Tucumán,2015-08-01,9991.886923664906
Buenos Aires,2015-09-01,14621.44537969677
C.A.B.A.,2015-09-01,17102.676756676545
Catamarca,2015-09-01,12490.487224874172
Chaco,2015-09-01,11000.0718969924
Chubut,2015-09-01,24187.846037300165
Corrientes,2015-09-01,10816.990440483749
Córdoba,2015-09-01,12975.834397944496
Entre Ríos,2015-09-01,11543.87782630909
Formosa,2015-09-01,11403.018650752569
Jujuy,2015-09-01,12511.885884326519
La Pampa,2015-09-01,12970.09299294924
La Rioja,2015-09-01,11494.266291244483
Mendoza,2015-09-01,12260.796789592916
Misiones,2015-09-01,10468.467857512424
Neuquén,2015-09-01,25007.05764277525
Río Negro,2015-09-01,14959.545813239642
Salta,2015-09-01,11226.18073405816
San Juan,2015-09-01,11763.801224375777
San Luis,2015-09-01,13087.495853997336
Santa Cruz,2015-09-01,28956.841720458116
Santa Fe,2015-09-01,13735.705991106477
Santiago del Estero,2015-09-01,10170.429700470662
Tierra del Fuego,2015-09-01,26817.130758158317
Tucumán,2015-09-01,10611.375788784668
Buenos Aires,2015-10-01,14699.075079903416
C.A.B.A.,2015-10-01,17278.002680178248
Catamarca,2015-10-01,12410.080814255229
Chaco,2015-10-01,10906.100823204191
Chubut,2015-10-01,23994.04848857432
Corrientes,2015-10-01,10786.687844242284
Córdoba,2015-10-01,12893.666602054276
Entre Ríos,2015-10-01,11192.05756455894
Formosa,2015-10-01,11190.692607140683
Jujuy,2015-10-01,12416.466963292905
La Pampa,2015-10-01,12782.881817749158
La Rioja,2015-10-01,11478.862998440403
Mendoza,2015-10-01,12313.414225041874
Misiones,2015-10-01,10544.015146734657
Neuquén,2015-10-01,24667.650625051483
Río Negro,2015-10-01,14986.5025571561
Salta,2015-10-01,11180.555688540131
San Juan,2015-10-01,11788.416743357355
San Luis,2015-10-01,13321.864179400503
Santa Cruz,2015-10-01,29359.60191681822
Santa Fe,2015-10-01,13775.67846563463
Santiago del Estero,2015-10-01,9956.56852181418
Tierra del Fuego,2015-10-01,26514.65848810068
Tucumán,2015-10-01,10669.184497279244
Buenos Aires,2015-11-01,14734.956748937035
C.A.B.A.,2015-11-01,17547.847326962936
Catamarca,2015-11-01,12743.714461768486
Chaco,2015-11-01,11490.497748375592
Chubut,2015-11-01,24443.286357917274
Corrientes,2015-11-01,11384.37905956861
Córdoba,2015-11-01,13373.313200180102
Entre Ríos,2015-11-01,11815.278355670092
Formosa,2015-11-01,11617.118515473709
Jujuy,2015-11-01,12937.08792382698
La Pampa,2015-11-01,13255.155014527214
La Rioja,2015-11-01,12118.677684686945
Mendoza,2015-11-01,12424.687909018905
Misiones,2015-11-01,11027.071696276702
Neuquén,2015-11-01,24754.308429933066
Río Negro,2015-11-01,15028.220355071991
Salta,2015-11-01,11460.979212527389
San Juan,2015-11-01,12284.976233003144
San Luis,2015-11-01,13855.341612052498
Santa Cruz,2015-11-01,29257.839741482076
Santa Fe,2015-11-01,14027.175152357428
Santiago del Estero,2015-11-01,10388.45347608242
Tierra del Fuego,2015-11-01,27953.936109825372
Tucumán,2015-11-01,11258.582883555227
Buenos Aires,2015-12-01,22030.076033225472
C.A.B.A.,2015-12-01,26430.18835585571
Catamarca,2015-12-01,21200.89151804443
Chaco,2015-12-01,17237.01506968475
Chubut,2015-12-01,36387.04792348316
Corrientes,2015-12-01,17153.43511197624
Córdoba,2015-12-01,20482.19588063608
Entre Ríos,2015-12-01,18321.509378577543
Formosa,2015-12-01,17871.615554342025
Jujuy,2015-12-01,18247.699391840066
La Pampa,2015-12-01,19805.70969996551
La Rioja,2015-12-01,19057.466875198905
Mendoza,2015-12-01,18374.86362638289
Misiones,2015-12-01,16305.786287773255
Neuquén,2015-12-01,36503.507772037265
Río Negro,2015-12-01,21944.922312569874
Salta,2015-12-01,16848.576195486054
San Juan,2015-12-01,18167.774726236115
San Luis,2015-12-01,21700.953193208145
Santa Cruz,2015-12-01,41619.85731421734
Santa Fe,2015-12-01,21292.24374908735
Santiago del Estero,2015-12-01,15504.990729385523
Tierra del Fuego,2015-12-01,45922.61830109203
Tucumán,2015-12-01,17235.900268425463
Buenos Aires,2016-01-01,16339.057491722619
C.A.B.A.,2016-01-01,19697.165209064784
Catamarca,2016-01-01,14822.145641034396
Chaco,2016-01-01,12484.777106231923
Chubut,2016-01-01,25720.67014972019
Corrientes,2016-01-01,12298.834341927379
Córdoba,2016-01-01,15024.536186127418
Entre Ríos,2016-01-01,13222.52412932734
Formosa,2016-01-01,13157.126798214349
Jujuy,2016-01-01,12657.49402655178
La Pampa,2016-01-01,14371.530626957667
La Rioja,2016-01-01,12617.12428053139
Mendoza,2016-01-01,13138.225177850787
Misiones,2016-01-01,11825.970598861244
Neuquén,2016-01-01,26645.08851083974
Río Negro,2016-01-01,15057.364837198542
Salta,2016-01-01,12142.197898361335
San Juan,2016-01-01,14365.746862500717
San Luis,2016-01-01,15095.438170639623
Santa Cruz,2016-01-01,30054.275943929566
Santa Fe,2016-01-01,15610.513057319426
Santiago del Estero,2016-01-01,10966.048429069528
Tierra del Fuego,2016-01-01,24613.376489022594
Tucumán,2016-01-01,12533.268689487915
Buenos Aires,2016-02-01,15921.573308321722
C.A.B.A.,2016-02-01,19738.53885955302
Catamarca,2016-02-01,13184.318829152568
Chaco,2016-02-01,12421.499576353131
Chubut,2016-02-01,27094.04179294012
Corrientes,2016-02-01,12078.756275305388
Córdoba,2016-02-01,14514.404592817678
Entre Ríos,2016-02-01,13191.333922080617
Formosa,2016-02-01,12767.437071686229
Jujuy,2016-02-01,12763.257156909674
La Pampa,2016-02-01,14593.109013207792
La Rioja,2016-02-01,10814.192351507405
Mendoza,2016-02-01,13116.401115189614
Misiones,2016-02-01,11717.448671726486
Neuquén,2016-02-01,26405.658950336827
Río Negro,2016-02-01,15865.685818861724
Salta,2016-02-01,12306.814802106295
San Juan,2016-02-01,13466.662169750962
San Luis,2016-02-01,14678.780191050722
Santa Cruz,2016-02-01,32597.380937963917
Santa Fe,2016-02-01,15376.628605358412
Santiago del Estero,2016-02-01,11096.00845850743
Tierra del Fuego,2016-02-01,27153.733234329116
Tucumán,2016-02-01,12367.067057974986
Buenos Aires,2016-03-01,16992.157175843946
C.A.B.A.,2016-03-01,21181.456356293063
Catamarca,2016-03-01,13854.930958832358
Chaco,2016-03-01,12602.947637765421
Chubut,2016-03-01,25811.255077719212
Corrientes,2016-03-01,12287.8161942545
Córdoba,2016-03-01,14784.847756884092
Entre Ríos,2016-03-01,13490.728941226473
Formosa,2016-03-01,13043.056838630382
Jujuy,2016-03-01,13385.022524940183
La Pampa,2016-03-01,14323.96439712475
La Rioja,2016-03-01,11008.625228798504
Mendoza,2016-03-01,13329.353914793068
Misiones,2016-03-01,11719.187428972706
Neuquén,2016-03-01,27562.76279680017
Río Negro,2016-03-01,16526.39418255799
Salta,2016-03-01,12540.130374721844
San Juan,2016-03-01,13447.727340578644
San Luis,2016-03-01,14989.087045832532
Santa Cruz,2016-03-01,31224.11144380828
Santa Fe,2016-03-01,15762.080789575906
Santiago del Estero,2016-03-01,11472.406064271916
Tierra del Fuego,2016-03-01,28071.322977626347
Tucumán,2016-03-01,12337.946315649113
Buenos Aires,2016-04-01,17227.50854662622
C.A.B.A.,2016-04-01,20871.657573271033
Catamarca,2016-04-01,14244.923307832349
Chaco,2016-04-01,13440.852179191932
Chubut,2016-04-01,27143.799381937504
Corrientes,2016-04-01,12981.08713179932
Córdoba,2016-04-01,15565.227828470583
Entre Ríos,2016-04-01,14151.374554457256
Formosa,2016-04-01,14262.71320610956
Jujuy,2016-04-01,14561.46372752368
La Pampa,2016-04-01,15320.55431946395
La Rioja,2016-04-01,12753.62715303609
Mendoza,2016-04-01,13927.357500723665
Misiones,2016-04-01,12263.708297833311
Neuquén,2016-04-01,28011.226385427337
Río Negro,2016-04-01,17317.001498442274
Salta,2016-04-01,13566.820734141867
San Juan,2016-04-01,14045.202734177208
San Luis,2016-04-01,15834.208732725701
Santa Cruz,2016-04-01,31668.685455948966
Santa Fe,2016-04-01,16528.759459461657
Santiago del Estero,2016-04-01,12446.182766303144
Tierra del Fuego,2016-04-01,28124.37030747731
Tucumán,2016-04-01,12378.688095462761
Buenos Aires,2016-05-01,17486.548419977968
C.A.B.A.,2016-05-01,21056.872502535512
Catamarca,2016-05-01,14960.102187270084
Chaco,2016-05-01,13968.992763129621
Chubut,2016-05-01,27556.6797671156
Corrientes,2016-05-01,13592.61477621363
Córdoba,2016-05-01,15999.606442365844
Entre Ríos,2016-05-01,14375.5118944134
Formosa,2016-05-01,15000.708846539796
Jujuy,2016-05-01,14842.78577665011
La Pampa,2016-05-01,15657.787799414156
La Rioja,2016-05-01,13694.976107199527
Mendoza,2016-05-01,14810.887943251453
Misiones,2016-05-01,12617.323121814787
Neuquén,2016-05-01,27847.71671688129
Río Negro,2016-05-01,17668.181439821277
Salta,2016-05-01,13944.359998712915
San Juan,2016-05-01,14482.008236069754
San Luis,2016-05-01,16638.42864611151
Santa Cruz,2016-05-01,32175.048015570028
Santa Fe,2016-05-01,16834.00784183154
Santiago del Estero,2016-05-01,12637.28986192593
Tierra del Fuego,2016-05-01,29311.578646493497
Tucumán,2016-05-01,12613.226523081104
Buenos Aires,2016-06-01,25718.852409679846
C.A.B.A.,2016-06-01,30491.03683354761
Catamarca,2016-06-01,22379.978925145344
Chaco,2016-06-01,20108.76898481831
Chubut,2016-06-01,40811.07238248763
Corrientes,2016-06-01,19496.606614291377
Córdoba,2016-06-01,23047.43352990563
Entre Ríos,2016-06-01,21029.94612894769
Formosa,2016-06-01,20975.73492399883
Jujuy,2016-06-01,21386.1844566515
La Pampa,2016-06-01,22382.7040684913
La Rioja,2016-06-01,19648.705643404133
Mendoza,2016-06-01,21214.55527936412
Misiones,2016-06-01,17977.727031382492
Neuquén,2016-06-01,39959.71462386364
Río Negro,2016-06-01,25145.58387047338
Salta,2016-06-01,20048.9020703068
San Juan,2016-06-01,21083.782512529862
San Luis,2016-06-01,24398.944510124365
Santa Cruz,2016-06-01,48948.98319285445
Santa Fe,2016-06-01,24443.569102085163
Santiago del Estero,2016-06-01,18060.48442641221
Tierra del Fuego,2016-06-01,42471.47022373487
Tucumán,2016-06-01,18112.28014448021
Buenos Aires,2016-07-01,18701.9098851314
C.A.B.A.,2016-07-01,21924.51570612324
Catamarca,2016-07-01,15887.580487299598
Chaco,2016-07-01,14354.157225669125
Chubut,2016-07-01,31573.854179804093
Corrientes,2016-07-01,13924.636396580125
Córdoba,2016-07-01,16516.765895116354
Entre Ríos,2016-07-01,14998.235761348791
Formosa,2016-07-01,15160.971538803988
Jujuy,2016-07-01,15577.993582031124
La Pampa,2016-07-01,16374.260902251746
La Rioja,2016-07-01,14885.630996224036
Mendoza,2016-07-01,15675.890674627313
Misiones,2016-07-01,13111.455421187766
Neuquén,2016-07-01,32293.936491606062
Río Negro,2016-07-01,18950.14556298348
Salta,2016-07-01,14180.768730508882
San Juan,2016-07-01,15029.140355414822
San Luis,2016-07-01,17651.534456594793
Santa Cruz,2016-07-01,39045.9512466433
Santa Fe,2016-07-01,17615.83021678619
Santiago del Estero,2016-07-01,12880.586423675883
Tierra del Fuego,2016-07-01,32474.59362906291
Tucumán,2016-07-01,13670.341854723833
Buenos Aires,2016-08-01,18880.317122636174
C.A.B.A.,2016-08-01,21967.267942796283
Catamarca,2016-08-01,16246.816114573729
Chaco,2016-08-01,14618.88699841582
Chubut,2016-08-01,31591.22002810925
Corrientes,2016-08-01,14275.67092663435
Córdoba,2016-08-01,16800.618204764654
Entre Ríos,2016-08-01,15285.227876033014
Formosa,2016-08-01,15432.39292724621
Jujuy,2016-08-01,16568.99427667202
La Pampa,2016-08-01,16944.536255959574
La Rioja,2016-08-01,15060.572038334909
Mendoza,2016-08-01,15764.949060299861
Misiones,2016-08-01,13279.618029091676
Neuquén,2016-08-01,30907.140942554553
Río Negro,2016-08-01,19125.870176921322
Salta,2016-08-01,14486.187427084755
San Juan,2016-08-01,15473.5496585098
San Luis,2016-08-01,17923.534790524536
Santa Cruz,2016-08-01,40415.01773516305
Santa Fe,2016-08-01,17957.958692948494
Santiago del Estero,2016-08-01,13179.551933045323
Tierra del Fuego,2016-08-01,32511.120938683838
Tucumán,2016-08-01,13610.788219415685
Buenos Aires,2016-09-01,19308.898226406163
C.A.B.A.,2016-09-01,22517.351678458952
Catamarca,2016-09-01,16216.373055367665
Chaco,2016-09-01,14602.23797229348
Chubut,2016-09-01,31122.563503617974
Corrientes,2016-09-01,14208.786155576292
Córdoba,2016-09-01,16926.22275550037
Entre Ríos,2016-09-01,15036.358084798032
Formosa,2016-09-01,15206.151277697703
Jujuy,2016-09-01,15948.479013156822
La Pampa,2016-09-01,17135.86080596647
La Rioja,2016-09-01,15049.187232398222
Mendoza,2016-09-01,15768.914097184987
Misiones,2016-09-01,13669.374836363408
Neuquén,2016-09-01,30449.88065040695
Río Negro,2016-09-01,19338.247759225145
Salta,2016-09-01,14707.295563355212
San Juan,2016-09-01,15628.357758811906
San Luis,2016-09-01,17754.400237264264
Santa Cruz,2016-09-01,37248.80196100644
Santa Fe,2016-09-01,18072.121914883828
Santiago del Estero,2016-09-01,13218.832834038834
Tierra del Fuego,2016-09-01,32017.260443080784
Tucumán,2016-09-01,13768.516592140364
Buenos Aires,2016-10-01,19950.46567203221
C.A.B.A.,2016-10-01,23229.597711547412
Catamarca,2016-10-01,16802.567843454905
Chaco,2016-10-01,15365.421891118582
Chubut,2016-10-01,32945.40108212073
Corrientes,2016-10-01,14872.560330780092
Córdoba,2016-10-01,17538.614879720786
Entre Ríos,2016-10-01,14960.715247241746
Formosa,2016-10-01,16374.702102012337
Jujuy,2016-10-01,16553.910550498666
La Pampa,2016-10-01,17799.381303277038
La Rioja,2016-10-01,15807.290949615215
Mendoza,2016-10-01,16452.45434533977
Misiones,2016-10-01,14340.606152348182
Neuquén,2016-10-01,32221.66504149092
Río Negro,2016-10-01,19981.19044023345
Salta,2016-10-01,15319.788934318753
San Juan,2016-10-01,15964.717171567241
San Luis,2016-10-01,18537.830747113094
Santa Cruz,2016-10-01,40070.85862604282
Santa Fe,2016-10-01,18899.082340621153
Santiago del Estero,2016-10-01,13713.883381534
Tierra del Fuego,2016-10-01,32930.582668734685
Tucumán,2016-10-01,14136.327777334212
Buenos Aires,2016-11-01,20092.135656421095
C.A.B.A.,2016-11-01,23814.388128338036
Catamarca,2016-11-01,17236.738072510176
Chaco,2016-11-01,15906.371384020518
Chubut,2016-11-01,31692.31709592088
Corrientes,2016-11-01,15220.541124239578
Córdoba,2016-11-01,18202.196364761952
Entre Ríos,2016-11-01,15752.464552572827
Formosa,2016-11-01,16489.388185322412
Jujuy,2016-11-01,17323.008279078254
La Pampa,2016-11-01,18143.649892675123
La Rioja,2016-11-01,16300.642107498345
Mendoza,2016-11-01,16604.709736618242
Misiones,2016-11-01,14939.02417301395
Neuquén,2016-11-01,31929.9115713675
Río Negro,2016-11-01,19985.75080527211
Salta,2016-11-01,15501.589075844226
San Juan,2016-11-01,16912.913366300276
San Luis,2016-11-01,19327.263141670737
Santa Cruz,2016-11-01,37475.82256257406
Santa Fe,2016-11-01,19267.923608527784
Santiago del Estero,2016-11-01,14150.218934362842
Tierra del Fuego,2016-11-01,35372.18776523305
Tucumán,2016-11-01,15401.430805780841
Buenos Aires,2016-12-01,30041.686981019047
C.A.B.A.,2016-12-01,35780.54182373917
Catamarca,2016-12-01,28119.51493732491
Chaco,2016-12-01,23817.690885778917
Chubut,2016-12-01,47789.21631951807
Corrientes,2016-12-01,22978.912600461634
Córdoba,2016-12-01,27427.461679149714
Entre Ríos,2016-12-01,24993.228158479596
Formosa,2016-12-01,24557.55607687396
Jujuy,2016-12-01,24789.936507903956
La Pampa,2016-12-01,27105.031321393853
La Rioja,2016-12-01,24539.49816725487
Mendoza,2016-12-01,24303.57511133741
Misiones,2016-12-01,22175.717828818288
Neuquén,2016-12-01,46276.45764140465
Río Negro,2016-12-01,29377.190626547817
Salta,2016-12-01,22849.07730286938
San Juan,2016-12-01,24533.069690296816
San Luis,2016-12-01,29240.640989689015
Santa Cruz,2016-12-01,53207.50820685341
Santa Fe,2016-12-01,29060.332093238176
Santiago del Estero,2016-12-01,20928.313174735707
Tierra del Fuego,2016-12-01,58456.32916150679
Tucumán,2016-12-01,23533.33859472399
Buenos Aires,2017-01-01,22594.035620838262
C.A.B.A.,2017-01-01,27166.704066223712
Catamarca,2017-01-01,19751.368231086195
Chaco,2017-01-01,17219.730474732645
Chubut,2017-01-01,34927.76201476983
Corrientes,2017-01-01,16965.40211013544
Córdoba,2017-01-01,21248.04180685917
Entre Ríos,2017-01-01,18433.120833659726
Formosa,2017-01-01,17841.05324722235
Jujuy,2017-01-01,17134.591425306397
La Pampa,2017-01-01,19900.952110137336
La Rioja,2017-01-01,17322.16823027145
Mendoza,2017-01-01,18155.26828544976
Misiones,2017-01-01,16101.337351712846
Neuquén,2017-01-01,33428.50572877078
Río Negro,2017-01-01,19536.450048735336
Salta,2017-01-01,16589.494969462005
San Juan,2017-01-01,19039.963401110876
San Luis,2017-01-01,21149.97586773719
Santa Cruz,2017-01-01,39102.91069341721
Santa Fe,2017-01-01,21483.189339971523
Santiago del Estero,2017-01-01,15031.010916096277
Tierra del Fuego,2017-01-01,33540.9199280843
Tucumán,2017-01-01,17612.011273388245
Buenos Aires,2017-02-01,21302.004672346382
C.A.B.A.,2017-02-01,26564.698581343237
Catamarca,2017-02-01,17365.261372916866
Chaco,2017-02-01,16878.630933269815
Chubut,2017-02-01,35483.11064568737
Corrientes,2017-02-01,16478.373847520244
Córdoba,2017-02-01,19227.11717841734
Entre Ríos,2017-02-01,17630.930160748972
Formosa,2017-02-01,17573.394286546194
Jujuy,2017-02-01,16869.072195743036
La Pampa,2017-02-01,19910.088590831732
La Rioja,2017-02-01,13660.630768377676
Mendoza,2017-02-01,17256.364063185614
Misiones,2017-02-01,15879.02409281839
Neuquén,2017-02-01,32799.33560920286
Río Negro,2017-02-01,20650.490226599268
Salta,2017-02-01,16622.222662492568
San Juan,2017-02-01,18918.931382991042
San Luis,2017-02-01,19693.97463920079
Santa Cruz,2017-02-01,41774.03034192877
Santa Fe,2017-02-01,20688.390662776834
Santiago del Estero,2017-02-01,14817.609648120511
Tierra del Fuego,2017-02-01,35048.90174759694
Tucumán,2017-02-01,16712.083978839808
Buenos Aires,2017-03-01,22614.42116442496
C.A.B.A.,2017-03-01,28423.879188259187
Catamarca,2017-03-01,17722.611171719014
Chaco,2017-03-01,16929.888209167904
Chubut,2017-03-01,33952.78423554015
Corrientes,2017-03-01,16579.573516503253
Córdoba,2017-03-01,19865.572138004114
Entre Ríos,2017-03-01,17834.48557109652
Formosa,2017-03-01,17498.967958783618
Jujuy,2017-03-01,17825.582058151234
La Pampa,2017-03-01,19209.658800208646
La Rioja,2017-03-01,13586.329163131091
Mendoza,2017-03-01,17966.376636720946
Misiones,2017-03-01,15703.873903560916
Neuquén,2017-03-01,34998.841138635435
Río Negro,2017-03-01,21539.852386600196
Salta,2017-03-01,16959.04282938973
San Juan,2017-03-01,18766.08266510666
San Luis,2017-03-01,20541.749584459565
Santa Cruz,2017-03-01,40760.568569255636
Santa Fe,2017-03-01,21182.345659178303
Santiago del Estero,2017-03-01,15773.510234401509
Tierra del Fuego,2017-03-01,35441.069451394935
Tucumán,2017-03-01,16689.087803202845
Buenos Aires,2017-04-01,22342.49081216177
C.A.B.A.,2017-04-01,27506.23913498236
Catamarca,2017-04-01,18213.54408633287
Chaco,2017-04-01,17350.666124071533
Chubut,2017-04-01,34229.46721459826
Corrientes,2017-04-01,16806.904508550073
Córdoba,2017-04-01,20598.33252276533
Entre Ríos,2017-04-01,18066.61899049686
Formosa,2017-04-01,18149.507950032814
Jujuy,2017-04-01,18453.03250686383
La Pampa,2017-04-01,19822.494001316074
La Rioja,2017-04-01,15455.251466208416
Mendoza,2017-04-01,18302.88601250796
Misiones,2017-04-01,15594.976252621977
Neuquén,2017-04-01,34326.584214604845
Río Negro,2017-04-01,21960.100283246345
Salta,2017-04-01,17636.6479708844
San Juan,2017-04-01,18407.24742422704
San Luis,2017-04-01,20809.622069716806
Santa Cruz,2017-04-01,39304.537982553215
Santa Fe,2017-04-01,21010.273526527806
Santiago del Estero,2017-04-01,15375.138675872688
Tierra del Fuego,2017-04-01,36369.30343652333
Tucumán,2017-04-01,15833.302783910423
Buenos Aires,2017-05-01,22599.34541832885
C.A.B.A.,2017-05-01,27129.626144743444
Catamarca,2017-05-01,18601.90066846175
Chaco,2017-05-01,17618.692010941766
Chubut,2017-05-01,35260.341753430424
Corrientes,2017-05-01,16896.264778164303
Córdoba,2017-05-01,20732.841296408787
Entre Ríos,2017-05-01,18528.02712472353
Formosa,2017-05-01,18513.87078863993
Jujuy,2017-05-01,18673.47573108636
La Pampa,2017-05-01,20354.52075015818
La Rioja,2017-05-01,16071.636069159931
Mendoza,2017-05-01,19071.446322150827
Misiones,2017-05-01,15812.47624630665
Neuquén,2017-05-01,35055.51400071657
Río Negro,2017-05-01,22857.526243066306
Salta,2017-05-01,18031.18331442648
San Juan,2017-05-01,19544.260994946868
San Luis,2017-05-01,21602.07758497231
Santa Cruz,2017-05-01,42172.226062886664
Santa Fe,2017-05-01,21972.884523990826
Santiago del Estero,2017-05-01,16030.404921015044
Tierra del Fuego,2017-05-01,37252.188520766795
Tucumán,2017-05-01,16095.832701868436
Buenos Aires,2017-06-01,33409.57311491395
C.A.B.A.,2017-06-01,39603.977350958136
Catamarca,2017-06-01,28064.37116590231
Chaco,2017-06-01,25775.292736179377
Chubut,2017-06-01,54736.213106328825
Corrientes,2017-06-01,24952.78796031823
Córdoba,2017-06-01,30359.207357463052
Entre Ríos,2017-06-01,27217.408548278432
Formosa,2017-06-01,26655.865765146194
Jujuy,2017-06-01,27963.235141266923
La Pampa,2017-06-01,29783.48840382821
La Rioja,2017-06-01,24248.677053054358
Mendoza,2017-06-01,27508.38115906731
Misiones,2017-06-01,22581.537600412496
Neuquén,2017-06-01,52857.95287613981
Río Negro,2017-06-01,32644.377139755776
Salta,2017-06-01,26356.626714747592
San Juan,2017-06-01,28205.658663409275
San Luis,2017-06-01,32069.521884203237
Santa Cruz,2017-06-01,63123.99158059757
Santa Fe,2017-06-01,31954.93084656088
Santiago del Estero,2017-06-01,23101.272808937967
Tierra del Fuego,2017-06-01,54519.555074512886
Tucumán,2017-06-01,23299.349035812436
Buenos Aires,2017-07-01,24533.530497376494
C.A.B.A.,2017-07-01,28634.082738838068
Catamarca,2017-07-01,20140.660285208596
Chaco,2017-07-01,18687.982023283785
Chubut,2017-07-01,39197.36394320775
Corrientes,2017-07-01,18088.264561747164
Córdoba,2017-07-01,21996.514041733717
Entre Ríos,2017-07-01,19518.092369241247
Formosa,2017-07-01,19479.569411323293
Jujuy,2017-07-01,20096.38261787821
La Pampa,2017-07-01,21385.328295004674
La Rioja,2017-07-01,18343.034417199906
Mendoza,2017-07-01,20447.327479324205
Misiones,2017-07-01,16779.51701793152
Neuquén,2017-07-01,37967.46905999262
Río Negro,2017-07-01,23929.63506447412
Salta,2017-07-01,18986.927278919713
San Juan,2017-07-01,19927.144778486374
San Luis,2017-07-01,22751.11699044803
Santa Cruz,2017-07-01,48459.66430922461
Santa Fe,2017-07-01,22928.223023235172
Santiago del Estero,2017-07-01,16872.49210888576
Tierra del Fuego,2017-07-01,40718.657380412325
Tucumán,2017-07-01,17366.12589897543
Buenos Aires,2017-08-01,24313.183135531886
C.A.B.A.,2017-08-01,28839.599770747733
Catamarca,2017-08-01,20741.92137409543
Chaco,2017-08-01,18812.06626493865
Chubut,2017-08-01,38446.41723722958
Corrientes,2017-08-01,18131.300611160033
Córdoba,2017-08-01,22106.550265321774
Entre Ríos,2017-08-01,19623.138768734716
Formosa,2017-08-01,19521.909261111312
Jujuy,2017-08-01,19738.891106920055
La Pampa,2017-08-01,21891.39428822398
La Rioja,2017-08-01,18880.71206884711
Mendoza,2017-08-01,20311.863196146183
Misiones,2017-08-01,17156.20768241222
Neuquén,2017-08-01,37372.052367884426
Río Negro,2017-08-01,24285.474698586055
Salta,2017-08-01,19112.361703124407
San Juan,2017-08-01,20321.97276830916
San Luis,2017-08-01,22922.566723966538
Santa Cruz,2017-08-01,47001.09327874575
Santa Fe,2017-08-01,23132.24423723067
Santiago del Estero,2017-08-01,17059.47254883824
Tierra del Fuego,2017-08-01,41138.40967877433
Tucumán,2017-08-01,17841.225904414616
Buenos Aires,2017-09-01,24754.90448138214
C.A.B.A.,2017-09-01,29326.59699720984
Catamarca,2017-09-01,20434.358968067972
Chaco,2017-09-01,18851.182090436054
Chubut,2017-09-01,39103.8365187724
Corrientes,2017-09-01,18102.687799930038
Córdoba,2017-09-01,21994.017084984014
Entre Ríos,2017-09-01,19155.238380870112
Formosa,2017-09-01,19533.266757996047
Jujuy,2017-09-01,19920.7009076765
La Pampa,2017-09-01,22012.74083300686
La Rioja,2017-09-01,19171.878931297742
Mendoza,2017-09-01,20341.707494735518
Misiones,2017-09-01,17646.36861489463
Neuquén,2017-09-01,38118.50988918394
Río Negro,2017-09-01,24660.185449807548
Salta,2017-09-01,18984.5351094287
San Juan,2017-09-01,20122.030974670517
San Luis,2017-09-01,23092.499611733536
Santa Cruz,2017-09-01,46370.225050106405
Santa Fe,2017-09-01,23220.182821049813
Santiago del Estero,2017-09-01,16904.80252516901
Tierra del Fuego,2017-09-01,41151.287936684705
Tucumán,2017-09-01,17597.97584411981
Buenos Aires,2017-10-01,25589.33003301558
C.A.B.A.,2017-10-01,29706.368149955266
Catamarca,2017-10-01,21741.76010262327
Chaco,2017-10-01,19602.0200920212
Chubut,2017-10-01,40048.67046761639
Corrientes,2017-10-01,19056.650748534812
Córdoba,2017-10-01,22776.746119914445
Entre Ríos,2017-10-01,19747.052278192226
Formosa,2017-10-01,20858.978761484945
Jujuy,2017-10-01,21768.548269904753
La Pampa,2017-10-01,23033.848997711582
La Rioja,2017-10-01,20460.86562929458
Mendoza,2017-10-01,20816.525017609365
Misiones,2017-10-01,18371.56716925083
Neuquén,2017-10-01,39604.136168119534
Río Negro,2017-10-01,25486.29048223785
Salta,2017-10-01,20131.834796125127
San Juan,2017-10-01,21024.23276019268
San Luis,2017-10-01,24173.68351783545
Santa Cruz,2017-10-01,50486.53131638893
Santa Fe,2017-10-01,24050.091558798635
Santiago del Estero,2017-10-01,17424.75175502593
Tierra del Fuego,2017-10-01,41032.53292266651
Tucumán,2017-10-01,18759.074262350645
Buenos Aires,2017-11-01,25562.114756996332
C.A.B.A.,2017-11-01,30143.776561861192
Catamarca,2017-11-01,21150.593484390443
Chaco,2017-11-01,19705.526390020314
Chubut,2017-11-01,40028.1151025827
Corrientes,2017-11-01,19294.209874683118
Córdoba,2017-11-01,22908.255989119167
Entre Ríos,2017-11-01,20232.844739639135
Formosa,2017-11-01,20770.787935724973
Jujuy,2017-11-01,21620.857870522344
La Pampa,2017-11-01,22978.39447402683
La Rioja,2017-11-01,20479.93843330994
Mendoza,2017-11-01,20928.664246372602
Misiones,2017-11-01,18804.901241431584
Neuquén,2017-11-01,39770.01580048363
Río Negro,2017-11-01,25003.171579963717
Salta,2017-11-01,20148.480956921972
San Juan,2017-11-01,21648.51931051763
San Luis,2017-11-01,24252.119491459456
Santa Cruz,2017-11-01,45707.910710344564
Santa Fe,2017-11-01,24170.376767251637
Santiago del Estero,2017-11-01,17688.57464020728
Tierra del Fuego,2017-11-01,41784.704685888464
Tucumán,2017-11-01,19273.2273301073
Buenos Aires,2017-12-01,37289.97423510588
C.A.B.A.,2017-12-01,44427.72594708117
Catamarca,2017-12-01,33015.47317911408
Chaco,2017-12-01,28995.477683037912
Chubut,2017-12-01,59584.848058119154
Corrientes,2017-12-01,28539.032595639525
Córdoba,2017-12-01,34132.45706333909
Entre Ríos,2017-12-01,31029.721072581575
Formosa,2017-12-01,30678.417071545366
Jujuy,2017-12-01,28361.730856093338
La Pampa,2017-12-01,33724.502044790046
La Rioja,2017-12-01,30736.249821360423
Mendoza,2017-12-01,30310.593631837688
Misiones,2017-12-01,27091.59615742015
Neuquén,2017-12-01,57399.779276902336
Río Negro,2017-12-01,36193.84287753297
Salta,2017-12-01,28797.759994698474
San Juan,2017-12-01,31325.280168371173
San Luis,2017-12-01,36977.080845061275
Santa Cruz,2017-12-01,65500.50025761188
Santa Fe,2017-12-01,35677.64337310297
Santiago del Estero,2017-12-01,25700.40089019402
Tierra del Fuego,2017-12-01,70608.02497099504
Tucumán,2017-12-01,28872.86368139634
Buenos Aires,2018-01-01,27498.646108231922
C.A.B.A.,2018-01-01,34513.78246595098
Catamarca,2018-01-01,24538.551714605415
Chaco,2018-01-01,21253.016354164345
Chubut,2018-01-01,43236.6523808671
Corrientes,2018-01-01,20777.51639672106
Córdoba,2018-01-01,25493.60644838389
Entre Ríos,2018-01-01,23336.993036098385
Formosa,2018-01-01,23070.250717183022
Jujuy,2018-01-01,21370.834380520813
La Pampa,2018-01-01,25091.81402333823
La Rioja,2018-01-01,21188.548650558278
Mendoza,2018-01-01,22474.358005352566
Misiones,2018-01-01,20045.203051217417
Neuquén,2018-01-01,41325.9153415184
Río Negro,2018-01-01,24433.113616435086
Salta,2018-01-01,21063.69470443416
San Juan,2018-01-01,25048.602403176403
San Luis,2018-01-01,26376.859568150983
Santa Cruz,2018-01-01,47946.25166126211
Santa Fe,2018-01-01,26679.782265245223
Santiago del Estero,2018-01-01,18561.43753743237
Tierra del Fuego,2018-01-01,41429.38274782925
Tucumán,2018-01-01,21781.02588330169
Buenos Aires,2018-02-01,26639.875717014416
C.A.B.A.,2018-02-01,33087.027527418184
Catamarca,2018-02-01,21192.902816593712
Chaco,2018-02-01,20444.355960786605
Chubut,2018-02-01,43948.30474651572
Corrientes,2018-02-01,19950.368605953747
Córdoba,2018-02-01,24080.871896895696
Entre Ríos,2018-02-01,21895.28266357348
Formosa,2018-02-01,21621.211138067192
Jujuy,2018-02-01,20703.494294314227
La Pampa,2018-02-01,25119.93531764154
La Rioja,2018-02-01,18033.499381170564
Mendoza,2018-02-01,21350.914114855223
Misiones,2018-02-01,19352.15897136746
Neuquén,2018-02-01,41422.112918764746
Río Negro,2018-02-01,26023.14469500485
Salta,2018-02-01,20918.503520411992
San Juan,2018-02-01,23162.936781529403
San Luis,2018-02-01,24923.05150988477
Santa Cruz,2018-02-01,52706.43987733886
Santa Fe,2018-02-01,25350.868381706125
Santiago del Estero,2018-02-01,18114.276818690225
Tierra del Fuego,2018-02-01,43731.4613163888
Tucumán,2018-02-01,20136.840313055338
Buenos Aires,2018-03-01,28230.332245443755
C.A.B.A.,2018-03-01,35713.37802494241
Catamarca,2018-03-01,21634.425307606412
Chaco,2018-03-01,20728.935738210963
Chubut,2018-03-01,42249.62076476802
Corrientes,2018-03-01,20165.11001945446
Córdoba,2018-03-01,24613.18994521119
Entre Ríos,2018-03-01,22419.968625220583
Formosa,2018-03-01,22162.71787223741
Jujuy,2018-03-01,22402.541493886838
La Pampa,2018-03-01,24419.553086667263
La Rioja,2018-03-01,18507.007590491416
Mendoza,2018-03-01,22047.02426466155
Misiones,2018-03-01,19412.15334709348
Neuquén,2018-03-01,43426.740064129735
Río Negro,2018-03-01,26998.69150411368
Salta,2018-03-01,21784.89380383865
San Juan,2018-03-01,23082.124517491968
San Luis,2018-03-01,25460.164869991055
Santa Cruz,2018-03-01,50039.08823687783
Santa Fe,2018-03-01,26113.175937356948
Santiago del Estero,2018-03-01,19123.336870531573
Tierra del Fuego,2018-03-01,44217.729733420725
Tucumán,2018-03-01,20634.118237173403
Buenos Aires,2018-04-01,28250.433861695445
C.A.B.A.,2018-04-01,34840.56704460508
Catamarca,2018-04-01,22952.18715968759
Chaco,2018-04-01,21699.37610103447
Chubut,2018-04-01,44774.91228016791
Corrientes,2018-04-01,21081.310426637367
Córdoba,2018-04-01,25445.185327196945
Entre Ríos,2018-04-01,22832.458032582846
Formosa,2018-04-01,23293.373932667393
Jujuy,2018-04-01,22593.603462009316
La Pampa,2018-04-01,25099.216452083318
La Rioja,2018-04-01,20482.31554638892
Mendoza,2018-04-01,22766.746592496296
Misiones,2018-04-01,19317.64599181467
Neuquén,2018-04-01,44361.22597098579
Río Negro,2018-04-01,28031.89705025033
Salta,2018-04-01,22798.55702206936
San Juan,2018-04-01,23448.38532157483
San Luis,2018-04-01,26347.10875926196
Santa Cruz,2018-04-01,50000.87796776804
Santa Fe,2018-04-01,26526.67032008421
Santiago del Estero,2018-04-01,19123.292639831183
Tierra del Fuego,2018-04-01,44611.804454828314
Tucumán,2018-04-01,19800.007033257425
Buenos Aires,2018-05-01,28496.821174437147
C.A.B.A.,2018-05-01,34288.86053346359
Catamarca,2018-05-01,22747.93021703191
Chaco,2018-05-01,22084.05067166174
Chubut,2018-05-01,47007.183050330255
Corrientes,2018-05-01,21234.167889198834
Córdoba,2018-05-01,25900.157065881733
Entre Ríos,2018-05-01,23172.279745145155
Formosa,2018-05-01,23581.02647361838
Jujuy,2018-05-01,23070.633357895404
La Pampa,2018-05-01,25897.67448780677
La Rioja,2018-05-01,21449.164955427288
Mendoza,2018-05-01,24042.13311395321
Misiones,2018-05-01,19578.179072089926
Neuquén,2018-05-01,48493.31789258356
Río Negro,2018-05-01,29151.653120290543
Salta,2018-05-01,22747.463152503457
San Juan,2018-05-01,24324.8057108261
San Luis,2018-05-01,27392.55749941582
Santa Cruz,2018-05-01,57685.55358298178
Santa Fe,2018-05-01,27339.05590675534
Santiago del Estero,2018-05-01,19803.7072566968
Tierra del Fuego,2018-05-01,46700.338444618836
Tucumán,2018-05-01,19873.98144195782
Buenos Aires,2018-06-01,41801.78012719697
C.A.B.A.,2018-06-01,49867.62642744348
Catamarca,2018-06-01,33580.05256042156
Chaco,2018-06-01,31882.59912224411
Chubut,2018-06-01,66500.59713603587
Corrientes,2018-06-01,30766.86219736973
Córdoba,2018-06-01,37361.39919179593
Entre Ríos,2018-06-01,34077.49572892956
Formosa,2018-06-01,33957.70647000215
Jujuy,2018-06-01,33039.324667910376
La Pampa,2018-06-01,37374.47765661088
La Rioja,2018-06-01,32131.408133431374
Mendoza,2018-06-01,33838.24019140166
Misiones,2018-06-01,27553.393642449882
Neuquén,2018-06-01,65778.4982820098
Río Negro,2018-06-01,40468.73048206605
Salta,2018-06-01,32923.88651317624
San Juan,2018-06-01,34629.58433330462
San Luis,2018-06-01,39292.356337335295
Santa Cruz,2018-06-01,77709.08847604415
Santa Fe,2018-06-01,39239.41910971167
Santiago del Estero,2018-06-01,28230.23993648792
Tierra del Fuego,2018-06-01,67213.87382794372
Tucumán,2018-06-01,28936.408236889027
Buenos Aires,2018-07-01,30539.513703934448
C.A.B.A.,2018-07-01,35596.920523845794
Catamarca,2018-07-01,23561.420586870987
Chaco,2018-07-01,22585.09230390261
Chubut,2018-07-01,49002.611131943304
Corrientes,2018-07-01,22568.535948554945
Córdoba,2018-07-01,27295.618607772692
Entre Ríos,2018-07-01,24194.64126797729
Formosa,2018-07-01,24105.782329890502
Jujuy,2018-07-01,24341.92916247264
La Pampa,2018-07-01,26601.04371432332
La Rioja,2018-07-01,23402.982579514308
Mendoza,2018-07-01,24432.52722123397
Misiones,2018-07-01,20400.18002370086
Neuquén,2018-07-01,48104.36606000989
Río Negro,2018-07-01,29707.124285247326
Salta,2018-07-01,23234.887855298923
San Juan,2018-07-01,24237.385835587014
San Luis,2018-07-01,28262.290264808496
Santa Cruz,2018-07-01,59374.6513009839
Santa Fe,2018-07-01,27956.289003791822
Santiago del Estero,2018-07-01,20202.67099999963
Tierra del Fuego,2018-07-01,46162.203019538465
Tucumán,2018-07-01,20982.07756790406
Buenos Aires,2018-08-01,30837.825680437876
C.A.B.A.,2018-08-01,36444.32905908028
Catamarca,2018-08-01,23237.571056591914
Chaco,2018-08-01,23112.65852978038
Chubut,2018-08-01,50344.31124579875
Corrientes,2018-08-01,22658.486490640982
Córdoba,2018-08-01,27314.153132568255
Entre Ríos,2018-08-01,24635.910096575284
Formosa,2018-08-01,24635.221806355134
Jujuy,2018-08-01,25600.794744870465
La Pampa,2018-08-01,27328.878415381067
La Rioja,2018-08-01,23589.226073431844
Mendoza,2018-08-01,25124.3556710937
Misiones,2018-08-01,21060.990533473865
Neuquén,2018-08-01,49795.96925537908
Río Negro,2018-08-01,30834.484071022736
Salta,2018-08-01,23795.509597734836
San Juan,2018-08-01,25135.33510414357
San Luis,2018-08-01,28627.6034666618
Santa Cruz,2018-08-01,62157.49335588082
Santa Fe,2018-08-01,28483.388498900003
Santiago del Estero,2018-08-01,20914.648568712375
Tierra del Fuego,2018-08-01,47700.02508109644
Tucumán,2018-08-01,21786.150393666707
Buenos Aires,2018-09-01,31687.80092133641
C.A.B.A.,2018-09-01,37833.815277102
Catamarca,2018-09-01,23842.33442137157
Chaco,2018-09-01,23607.665827112585
Chubut,2018-09-01,52393.211167304624
Corrientes,2018-09-01,23108.452835634613
Córdoba,2018-09-01,27539.811153276412
Entre Ríos,2018-09-01,24827.114711668106
Formosa,2018-09-01,25020.715492394076
Jujuy,2018-09-01,25519.23484547996
La Pampa,2018-09-01,28558.078950036066
La Rioja,2018-09-01,24006.060193881694
Mendoza,2018-09-01,25418.62796076572
Misiones,2018-09-01,21654.40023091282
Neuquén,2018-09-01,51553.70858667151
Río Negro,2018-09-01,31549.072163425753
Salta,2018-09-01,24062.83182336842
San Juan,2018-09-01,25333.660402447098
San Luis,2018-09-01,28729.541248222828
Santa Cruz,2018-09-01,68025.44720279866
Santa Fe,2018-09-01,29003.039344582518
Santiago del Estero,2018-09-01,21001.23735270226
Tierra del Fuego,2018-09-01,46942.556385419884
Tucumán,2018-09-01,22438.330931723594
Buenos Aires,2018-10-01,33376.758383557215
C.A.B.A.,2018-10-01,39173.03652207759
Catamarca,2018-10-01,25106.586133100907
Chaco,2018-10-01,24921.214568462678
Chubut,2018-10-01,54281.10565148288
Corrientes,2018-10-01,24141.6142144069
Córdoba,2018-10-01,29017.92029337101
Entre Ríos,2018-10-01,24802.101628392287
Formosa,2018-10-01,26459.613478244097
Jujuy,2018-10-01,26281.617340179695
La Pampa,2018-10-01,29683.613166529394
La Rioja,2018-10-01,25478.3348985909
Mendoza,2018-10-01,26595.465720572905
Misiones,2018-10-01,23331.105232630474
Neuquén,2018-10-01,53148.482914300126
Río Negro,2018-10-01,32958.29584758476
Salta,2018-10-01,25778.534374708703
San Juan,2018-10-01,26276.234601942335
San Luis,2018-10-01,30572.38219803453
Santa Cruz,2018-10-01,68547.65556186273
Santa Fe,2018-10-01,30723.626465894708
Santiago del Estero,2018-10-01,21780.17043198129
Tierra del Fuego,2018-10-01,49415.13912120491
Tucumán,2018-10-01,23697.063280145157
Buenos Aires,2018-11-01,34207.107647657096
C.A.B.A.,2018-11-01,41385.56124421652
Catamarca,2018-11-01,26044.647625989648
Chaco,2018-11-01,26431.87151539494
Chubut,2018-11-01,55499.74788223509
Corrientes,2018-11-01,25468.085015782523
Córdoba,2018-11-01,30617.76818147733
Entre Ríos,2018-11-01,26758.781055216183
Formosa,2018-11-01,28247.99310819693
Jujuy,2018-11-01,26998.40732345039
La Pampa,2018-11-01,31817.733712678673
La Rioja,2018-11-01,27114.42064383497
Mendoza,2018-11-01,28030.633211425586
Misiones,2018-11-01,24753.028620870064
Neuquén,2018-11-01,55815.72123749308
Río Negro,2018-11-01,34050.79372981014
Salta,2018-11-01,26610.95586569694
San Juan,2018-11-01,28443.9444842279
San Luis,2018-11-01,31833.29178940284
Santa Cruz,2018-11-01,66734.47463127818
Santa Fe,2018-11-01,32314.74352579384
Santiago del Estero,2018-11-01,23112.342096885994
Tierra del Fuego,2018-11-01,51765.936162421116
Tucumán,2018-11-01,25841.965440799017
Buenos Aires,2018-12-01,49839.30503754633
C.A.B.A.,2018-12-01,60379.6641073988
Catamarca,2018-12-01,39093.96782327612
Chaco,2018-12-01,37779.306020312404
Chubut,2018-12-01,81828.17922046117
Corrientes,2018-12-01,37078.89845479401
Córdoba,2018-12-01,45602.81475458656
Entre Ríos,2018-12-01,41043.3488568343
Formosa,2018-12-01,40919.68523319717
Jujuy,2018-12-01,38457.48186851367
La Pampa,2018-12-01,45859.24605407435
La Rioja,2018-12-01,39449.882398842485
Mendoza,2018-12-01,39959.36232362268
Misiones,2018-12-01,35247.88580279515
Neuquén,2018-12-01,80079.52400339194
Río Negro,2018-12-01,48258.08526026415
Salta,2018-12-01,38298.16296052693
San Juan,2018-12-01,40555.980287000595
San Luis,2018-12-01,48412.44049707288
Santa Cruz,2018-12-01,89799.53827332704
Santa Fe,2018-12-01,47553.688292300256
Santiago del Estero,2018-12-01,33131.146615690704
Tierra del Fuego,2018-12-01,87149.31888800472
Tucumán,2018-12-01,38620.48986928195
Buenos Aires,2019-01-01,37751.134879954334
C.A.B.A.,2019-01-01,47467.11584948517
Catamarca,2019-01-01,30507.07422341889
Chaco,2019-01-01,28705.401270311195
Chubut,2019-01-01,60786.641561548684
Corrientes,2019-01-01,28244.866283600142
Córdoba,2019-01-01,33986.36173835381
Entre Ríos,2019-01-01,31767.369377093346
Formosa,2019-01-01,30298.00750935716
Jujuy,2019-01-01,29256.65471616362
La Pampa,2019-01-01,35287.56407275984
La Rioja,2019-01-01,28974.78904875515
Mendoza,2019-01-01,30499.40057008544
Misiones,2019-01-01,27104.595338657276
Neuquén,2019-01-01,59029.26762073359
Río Negro,2019-01-01,34093.57990111056
Salta,2019-01-01,28953.487062306634
San Juan,2019-01-01,32820.314043031554
San Luis,2019-01-01,35788.28273439659
Santa Cruz,2019-01-01,67893.98213269826
Santa Fe,2019-01-01,36908.58339646901
Santiago del Estero,2019-01-01,25038.05197206609
Tierra del Fuego,2019-01-01,54268.48480783289
Tucumán,2019-01-01,30029.473434777272
Buenos Aires,2019-02-01,36532.7472134772
C.A.B.A.,2019-02-01,46700.61344290027
Catamarca,2019-02-01,26828.28607086598
Chaco,2019-02-01,27742.578789563806
Chubut,2019-02-01,63971.1026508426
Corrientes,2019-02-01,27349.10132334233
Córdoba,2019-02-01,32452.72574655075
Entre Ríos,2019-02-01,29699.52276182027
Formosa,2019-02-01,29434.96722932692
Jujuy,2019-02-01,28692.252910392504
La Pampa,2019-02-01,35381.82659325806
La Rioja,2019-02-01,23405.34882276439
Mendoza,2019-02-01,29066.71949029241
Misiones,2019-02-01,26091.60031320865
Neuquén,2019-02-01,59830.41261794087
Río Negro,2019-02-01,36224.96909445794
Salta,2019-02-01,28558.258596673382
San Juan,2019-02-01,30877.608009882082
San Luis,2019-02-01,33755.25673869769
Santa Cruz,2019-02-01,74561.8080144937
Santa Fe,2019-02-01,34706.99574448114
Santiago del Estero,2019-02-01,25145.680188705268
Tierra del Fuego,2019-02-01,52253.79282433066
Tucumán,2019-02-01,28229.070761387455
Buenos Aires,2019-03-01,39741.14478349083
C.A.B.A.,2019-03-01,51438.93651800985
Catamarca,2019-03-01,27836.96974216937
Chaco,2019-03-01,29261.99083106096
Chubut,2019-03-01,62557.112179784956
Corrientes,2019-03-01,28676.545218937787
Córdoba,2019-03-01,34140.381808001664
Entre Ríos,2019-03-01,31272.313808744842
Formosa,2019-03-01,30837.72947678688
Jujuy,2019-03-01,32008.360340036208
La Pampa,2019-03-01,35453.99585336393
La Rioja,2019-03-01,25733.201861053585
Mendoza,2019-03-01,30962.378686014985
Misiones,2019-03-01,26770.003420874924
Neuquén,2019-03-01,65184.53100921906
Río Negro,2019-03-01,38625.51146769199
Salta,2019-03-01,30830.11625842629
San Juan,2019-03-01,31298.919645708902
San Luis,2019-03-01,36093.2453632317
Santa Cruz,2019-03-01,76678.32668406748
Santa Fe,2019-03-01,36730.096171768666
Santiago del Estero,2019-03-01,26159.997232131005
Tierra del Fuego,2019-03-01,57469.53217732023
Tucumán,2019-03-01,29180.325295746054
Buenos Aires,2019-04-01,39905.08670431673
C.A.B.A.,2019-04-01,49364.60135216532
Catamarca,2019-04-01,30127.368092160264
Chaco,2019-04-01,29242.543183999114
Chubut,2019-04-01,65228.89032162351
Corrientes,2019-04-01,29998.735879108746
Córdoba,2019-04-01,35252.109588357656
Entre Ríos,2019-04-01,31719.55498930298
Formosa,2019-04-01,31445.600500695455
Jujuy,2019-04-01,32146.103140725652
La Pampa,2019-04-01,36012.605026837555
La Rioja,2019-04-01,27327.616325871375
Mendoza,2019-04-01,31852.051022311953
Misiones,2019-04-01,26427.934119963607
Neuquén,2019-04-01,64903.466144349535
Río Negro,2019-04-01,39320.26215604475
Salta,2019-04-01,31434.739060696586
San Juan,2019-04-01,31660.300181009134
San Luis,2019-04-01,37106.483621788546
Santa Cruz,2019-04-01,75308.3551678026
Santa Fe,2019-04-01,38041.08675055176
Santiago del Estero,2019-04-01,25741.99662910661
Tierra del Fuego,2019-04-01,56076.256926647504
Tucumán,2019-04-01,28054.81102168207
Buenos Aires,2019-05-01,41614.49825375878
C.A.B.A.,2019-05-01,49952.01409713902
Catamarca,2019-05-01,29808.379294579656
Chaco,2019-05-01,30443.01364389476
Chubut,2019-05-01,71074.78060308659
Corrientes,2019-05-01,31021.00325025154
Córdoba,2019-05-01,36499.40787112955
Entre Ríos,2019-05-01,33856.55152670815
Formosa,2019-05-01,32788.80206982785
Jujuy,2019-05-01,33442.03177107723
La Pampa,2019-05-01,38165.08648318647
La Rioja,2019-05-01,29608.634222676934
Mendoza,2019-05-01,34997.458006731045
Misiones,2019-05-01,27534.511775553245
Neuquén,2019-05-01,72166.24582941254
Río Negro,2019-05-01,42445.961002524564
Salta,2019-05-01,32840.48380846589
San Juan,2019-05-01,34416.69495121706
San Luis,2019-05-01,38900.457253044005
Santa Cruz,2019-05-01,81654.74942739536
Santa Fe,2019-05-01,38931.887407482376
Santiago del Estero,2019-05-01,27440.182063897744
Tierra del Fuego,2019-05-01,59354.85648394683
Tucumán,2019-05-01,28259.163012683268
Buenos Aires,2019-06-01,59922.845547342265
C.A.B.A.,2019-06-01,72299.56580138925
Catamarca,2019-06-01,44409.08193428481
Chaco,2019-06-01,44685.82979348197
Chubut,2019-06-01,102214.90292576767
Corrientes,2019-06-01,44210.80187282351
Córdoba,2019-06-01,52597.68435365672
Entre Ríos,2019-06-01,48950.005236164776
Formosa,2019-06-01,47632.38629499857
Jujuy,2019-06-01,47859.104519085085
La Pampa,2019-06-01,55830.125048885326
La Rioja,2019-06-01,43400.05841456571
Mendoza,2019-06-01,49131.33902472135
Misiones,2019-06-01,38981.24487494147
Neuquén,2019-06-01,100622.32198536514
Río Negro,2019-06-01,59291.887068115044
Salta,2019-06-01,47456.35614579621
San Juan,2019-06-01,48458.95036226843
San Luis,2019-06-01,55810.461896542256
Santa Cruz,2019-06-01,116135.97857160773
Santa Fe,2019-06-01,56453.106260426146
Santiago del Estero,2019-06-01,39795.90622628179
Tierra del Fuego,2019-06-01,88412.83208061392
Tucumán,2019-06-01,40722.50482276922
Buenos Aires,2019-07-01,43988.42528377936
C.A.B.A.,2019-07-01,52803.58519778383
Catamarca,2019-07-01,32478.829595030573
Chaco,2019-07-01,32408.61798435759
Chubut,2019-07-01,74972.80594325355
Corrientes,2019-07-01,31938.837588833987
Córdoba,2019-07-01,38624.058730714256
Entre Ríos,2019-07-01,35643.982263558064
Formosa,2019-07-01,35334.21284982319
Jujuy,2019-07-01,35729.066872602045
La Pampa,2019-07-01,39757.53215173554
La Rioja,2019-07-01,33691.89310110709
Mendoza,2019-07-01,36758.91290344852
Misiones,2019-07-01,29174.28422817651
Neuquén,2019-07-01,74894.1167249406
Río Negro,2019-07-01,43909.36857481498
Salta,2019-07-01,35004.330584370495
San Juan,2019-07-01,36086.63900764855
San Luis,2019-07-01,41112.120959867934
Santa Cruz,2019-07-01,91571.37625088576
Santa Fe,2019-07-01,41064.83977947144
Santiago del Estero,2019-07-01,29281.478437667192
Tierra del Fuego,2019-07-01,63743.425263304576
Tucumán,2019-07-01,30992.527800113017
Buenos Aires,2019-08-01,45841.19350998995
C.A.B.A.,2019-08-01,53813.73642672274
Catamarca,2019-08-01,34032.00422528961
Chaco,2019-08-01,33436.66694344561
Chubut,2019-08-01,76583.81982884732
Corrientes,2019-08-01,33303.83462734713
Córdoba,2019-08-01,39516.30053786958
Entre Ríos,2019-08-01,36447.01886790139
Formosa,2019-08-01,35685.34124110867
Jujuy,2019-08-01,36323.001300145945
La Pampa,2019-08-01,41534.77620844602
La Rioja,2019-08-01,34471.21846929879
Mendoza,2019-08-01,37126.41453596073
Misiones,2019-08-01,30208.98528518866
Neuquén,2019-08-01,74934.6259666023
Río Negro,2019-08-01,45558.713459511986
Salta,2019-08-01,35768.373551588746
San Juan,2019-08-01,36784.798406321635
San Luis,2019-08-01,41979.511726012395
Santa Cruz,2019-08-01,96824.86555521516
Santa Fe,2019-08-01,42117.3734233577
Santiago del Estero,2019-08-01,30044.777724605756
Tierra del Fuego,2019-08-01,64813.28982886214
Tucumán,2019-08-01,31358.322025286794
Buenos Aires,2019-09-01,47579.92270006253
C.A.B.A.,2019-09-01,56224.19907426153
Catamarca,2019-09-01,34634.96641489103
Chaco,2019-09-01,34554.78824913145
Chubut,2019-09-01,76120.17133644265
Corrientes,2019-09-01,33985.4403431715
Córdoba,2019-09-01,40246.87823649246
Entre Ríos,2019-09-01,36463.28975714388
Formosa,2019-09-01,36393.52949397428
Jujuy,2019-09-01,37957.03497476581
La Pampa,2019-09-01,42850.25459140318
La Rioja,2019-09-01,35879.6025886658
Mendoza,2019-09-01,38039.93172103411
Misiones,2019-09-01,31608.88623451445
Neuquén,2019-09-01,78439.74310753215
Río Negro,2019-09-01,47024.8904714326
Salta,2019-09-01,36791.85779482708
San Juan,2019-09-01,37687.526418554145
San Luis,2019-09-01,43106.32108888103
Santa Cruz,2019-09-01,91255.2148118287
Santa Fe,2019-09-01,43126.269110572444
Santiago del Estero,2019-09-01,30509.40849286644
Tierra del Fuego,2019-09-01,64846.72663727811
Tucumán,2019-09-01,32384.1879442591
Buenos Aires,2019-10-01,50177.32354894574
C.A.B.A.,2019-10-01,60282.71253038982
Catamarca,2019-10-01,36953.582348028336
Chaco,2019-10-01,36460.0268500908
Chubut,2019-10-01,82297.25654529175
Corrientes,2019-10-01,36525.00580028736
Córdoba,2019-10-01,43372.67715507527
Entre Ríos,2019-10-01,38177.625637016645
Formosa,2019-10-01,38806.04170533771
Jujuy,2019-10-01,40589.83816868208
La Pampa,2019-10-01,45861.97330210182
La Rioja,2019-10-01,38531.7233083257
Mendoza,2019-10-01,40635.60927702392
Misiones,2019-10-01,34657.818253148434
Neuquén,2019-10-01,81061.17465147607
Río Negro,2019-10-01,50706.01585184971
Salta,2019-10-01,39155.73314334756
San Juan,2019-10-01,40909.737773534966
San Luis,2019-10-01,47723.85522597516
Santa Cruz,2019-10-01,102833.43664783084
Santa Fe,2019-10-01,46933.93417207169
Santiago del Estero,2019-10-01,32792.344296578056
Tierra del Fuego,2019-10-01,69360.27543819591
Tucumán,2019-10-01,36263.373942937935
Buenos Aires,2019-11-01,49908.24020382342
C.A.B.A.,2019-11-01,60723.66310296244
Catamarca,2019-11-01,37751.33620845113
Chaco,2019-11-01,37639.318231766025
Chubut,2019-11-01,83592.0828585771
Corrientes,2019-11-01,37375.81509723512
Córdoba,2019-11-01,43459.094925695535
Entre Ríos,2019-11-01,38947.540254221814
Formosa,2019-11-01,41047.13996582985
Jujuy,2019-11-01,40933.955280355614
La Pampa,2019-11-01,46037.07402655672
La Rioja,2019-11-01,38917.72702293346
Mendoza,2019-11-01,41744.700942854484
Misiones,2019-11-01,35191.72884803811
Neuquén,2019-11-01,82776.18007593993
Río Negro,2019-11-01,49294.21773818467
Salta,2019-11-01,39995.89045289999
San Juan,2019-11-01,41679.64211772174
San Luis,2019-11-01,46074.57395956691
Santa Cruz,2019-11-01,93651.99029796198
Santa Fe,2019-11-01,46775.505261192586
Santiago del Estero,2019-11-01,33524.3068217083
Tierra del Fuego,2019-11-01,72002.82349603769
Tucumán,2019-11-01,37683.70346576385
Buenos Aires,2019-12-01,73711.02392654814
C.A.B.A.,2019-12-01,89397.71344349912
Catamarca,2019-12-01,56567.74881496249
Chaco,2019-12-01,54665.14464103563
Chubut,2019-12-01,123823.48662647397
Corrientes,2019-12-01,54061.887676751285
Córdoba,2019-12-01,65956.11008608007
Entre Ríos,2019-12-01,60193.31935032002
Formosa,2019-12-01,59720.30542333101
Jujuy,2019-12-01,56828.14808020757
La Pampa,2019-12-01,67163.9314630504
La Rioja,2019-12-01,57677.32040188309
Mendoza,2019-12-01,59516.844772969445
Misiones,2019-12-01,50516.66612189541
Neuquén,2019-12-01,118460.46512537848
Río Negro,2019-12-01,70931.44577357471
Salta,2019-12-01,57309.923195964184
San Juan,2019-12-01,60358.38023469812
San Luis,2019-12-01,70487.11172579677
Santa Cruz,2019-12-01,132103.30988045997
Santa Fe,2019-12-01,70527.98830431985
Santiago del Estero,2019-12-01,48609.73305513027
Tierra del Fuego,2019-12-01,116123.89847627773
Tucumán,2019-12-01,56222.413304252084
Buenos Aires,2020-01-01,57424.862487358645
C.A.B.A.,2020-01-01,71102.33673053447
Catamarca,2020-01-01,46515.28049200378
Chaco,2020-01-01,41926.88126284448
Chubut,2020-01-01,94621.24684460014
Corrientes,2020-01-01,42065.12509396366
Córdoba,2020-01-01,50225.02507449154
Entre Ríos,2020-01-01,46960.044548909726
Formosa,2020-01-01,44875.03168134465
Jujuy,2020-01-01,44024.92986971064
La Pampa,2020-01-01,51891.60276606233
La Rioja,2020-01-01,42472.80196080729
Mendoza,2020-01-01,45785.02705794297
Misiones,2020-01-01,39307.84545789465
Neuquén,2020-01-01,88834.07326935184
Río Negro,2020-01-01,50439.76917483633
Salta,2020-01-01,43698.671453771065
San Juan,2020-01-01,53244.57816060896
San Luis,2020-01-01,55409.92250211006
Santa Cruz,2020-01-01,105355.99018640508
Santa Fe,2020-01-01,54801.90256409901
Santiago del Estero,2020-01-01,36957.772429091136
Tierra del Fuego,2020-01-01,76282.63599671918
Tucumán,2020-01-01,43193.07553188451
Buenos Aires,2020-02-01,57557.5294029413
C.A.B.A.,2020-02-01,72151.10557591854
Catamarca,2020-02-01,41856.98003048674
Chaco,2020-02-01,42534.00166727393
Chubut,2020-02-01,99559.17719704699
Corrientes,2020-02-01,42835.19750742337
Córdoba,2020-02-01,49589.76041631449
Entre Ríos,2020-02-01,46961.44160495591
Formosa,2020-02-01,46234.00201584218
Jujuy,2020-02-01,44120.13814448612
La Pampa,2020-02-01,55068.57384865867
La Rioja,2020-02-01,35714.26610067312
Mendoza,2020-02-01,45560.89031650383
Misiones,2020-02-01,39689.37036474871
Neuquén,2020-02-01,90271.15963318943
Río Negro,2020-02-01,56702.532263681875
Salta,2020-02-01,45977.32180950216
San Juan,2020-02-01,51880.2869829767
San Luis,2020-02-01,53534.65678279789
Santa Cruz,2020-02-01,116299.1197251843
Santa Fe,2020-02-01,54485.98301901396
Santiago del Estero,2020-02-01,37594.59013444739
Tierra del Fuego,2020-02-01,78899.70737867734
Tucumán,2020-02-01,43254.778147261066
Buenos Aires,2020-03-01,59337.31169825181
C.A.B.A.,2020-03-01,76960.18297782358
Catamarca,2020-03-01,43518.63766446995
Chaco,2020-03-01,43108.04319763246
Chubut,2020-03-01,91895.00849375881
Corrientes,2020-03-01,43209.068532286314
Córdoba,2020-03-01,50450.04635548044
Entre Ríos,2020-03-01,47416.912246814856
Formosa,2020-03-01,46334.31522954888
Jujuy,2020-03-01,45626.61648284183
La Pampa,2020-03-01,52668.45698973251
La Rioja,2020-03-01,36460.763045541375
Mendoza,2020-03-01,46501.29950346776
Misiones,2020-03-01,39135.82159556736
Neuquén,2020-03-01,94500.15565885762
Río Negro,2020-03-01,56203.78908525174
Salta,2020-03-01,45538.152704989356
San Juan,2020-03-01,47314.16698522893
San Luis,2020-03-01,55299.67637518433
Santa Cruz,2020-03-01,113505.62930213124
Santa Fe,2020-03-01,54903.08214023678
Santiago del Estero,2020-03-01,39089.13504435667
Tierra del Fuego,2020-03-01,78922.50006862391
Tucumán,2020-03-01,42547.552514025316
Buenos Aires,2020-04-01,56652.33873433023
C.A.B.A.,2020-04-01,70750.10894256945
Catamarca,2020-04-01,40838.20859302882
Chaco,2020-04-01,42654.93614460089
Chubut,2020-04-01,85442.32797966246
Corrientes,2020-04-01,42305.95773623584
Córdoba,2020-04-01,49424.53698967072
Entre Ríos,2020-04-01,46803.779666219954
Formosa,2020-04-01,45566.772232184514
Jujuy,2020-04-01,45313.58081275098
La Pampa,2020-04-01,50447.68393031399
La Rioja,2020-04-01,39604.19591486511
Mendoza,2020-04-01,45038.03015359964
Misiones,2020-04-01,36905.94293309538
Neuquén,2020-04-01,78837.95748520053
Río Negro,2020-04-01,53880.78965381246
Salta,2020-04-01,45051.79011509741
San Juan,2020-04-01,46594.729179310496
San Luis,2020-04-01,53641.09334216403
Santa Cruz,2020-04-01,94436.5596863013
Santa Fe,2020-04-01,53614.82358821099
Santiago del Estero,2020-04-01,36607.86303385278
Tierra del Fuego,2020-04-01,72070.12716089142
Tucumán,2020-04-01,39471.40385001711
Buenos Aires,2020-05-01,56716.03276797447
C.A.B.A.,2020-05-01,68611.84819409528
Catamarca,2020-05-01,41657.16440878208
Chaco,2020-05-01,42894.683681429124
Chubut,2020-05-01,82474.08023810833
Corrientes,2020-05-01,42637.427593942884
Córdoba,2020-05-01,49545.957561067014
Entre Ríos,2020-05-01,46800.993988345166
Formosa,2020-05-01,46095.068891656185
Jujuy,2020-05-01,46695.41828747452
La Pampa,2020-05-01,52437.37620058573
La Rioja,2020-05-01,40284.377665849446
Mendoza,2020-05-01,45859.92599601538
Misiones,2020-05-01,37423.18623745895
Neuquén,2020-05-01,75814.88200741807
Río Negro,2020-05-01,53879.550859424635
Salta,2020-05-01,45743.94856275206
San Juan,2020-05-01,47729.79623267801
San Luis,2020-05-01,54100.60780831917
Santa Cruz,2020-05-01,97516.45191382057
Santa Fe,2020-05-01,54724.56792424779
Santiago del Estero,2020-05-01,38347.50406219065
Tierra del Fuego,2020-05-01,73233.65703044565
Tucumán,2020-05-01,41915.273305622315
Buenos Aires,2020-06-01,84975.81812662011
C.A.B.A.,2020-06-01,101912.84529978098
Catamarca,2020-06-01,62529.71720672544
Chaco,2020-06-01,63296.46112697155
Chubut,2020-06-01,124201.42326602155
Corrientes,2020-06-01,64073.6471254283
Córdoba,2020-06-01,73836.44462577047
Entre Ríos,2020-06-01,70616.2576982299
Formosa,2020-06-01,68126.16182865405
Jujuy,2020-06-01,67234.91863578053
La Pampa,2020-06-01,77339.26508197733
La Rioja,2020-06-01,61631.28291240536
Mendoza,2020-06-01,66474.601662625
Misiones,2020-06-01,53759.2856657402
Neuquén,2020-06-01,113395.3876960378
Río Negro,2020-06-01,78337.01945134223
Salta,2020-06-01,68460.11339798554
San Juan,2020-06-01,70503.52310624813
San Luis,2020-06-01,81740.03427467475
Santa Cruz,2020-06-01,138208.52371007387
Santa Fe,2020-06-01,82229.62914144361
Santiago del Estero,2020-06-01,57523.06998120731
Tierra del Fuego,2020-06-01,110749.21024737216
Tucumán,2020-06-01,58909.11719578875
Buenos Aires,2020-07-01,60277.62291223166
C.A.B.A.,2020-07-01,73241.2071278242
Catamarca,2020-07-01,44877.31080394686
Chaco,2020-07-01,44915.36814321706
Chubut,2020-07-01,88187.50485221345
Corrientes,2020-07-01,45408.99035438197
Córdoba,2020-07-01,52297.06497771113
Entre Ríos,2020-07-01,49539.31580737206
Formosa,2020-07-01,48063.0722197867
Jujuy,2020-07-01,47651.0020115425
La Pampa,2020-07-01,54511.013726462224
La Rioja,2020-07-01,46642.037849308246
Mendoza,2020-07-01,48342.85545111286
Misiones,2020-07-01,39414.83388036168
Neuquén,2020-07-01,80925.731565045
Río Negro,2020-07-01,54950.962344932916
Salta,2020-07-01,49399.45017024929
San Juan,2020-07-01,51897.97971039998
San Luis,2020-07-01,57863.60986368517
Santa Cruz,2020-07-01,100144.91383699792
Santa Fe,2020-07-01,58050.03704879245
Santiago del Estero,2020-07-01,40591.127499949005
Tierra del Fuego,2020-07-01,85613.04703798254
Tucumán,2020-07-01,43386.76886488219
Buenos Aires,2020-08-01,62343.895241251426
C.A.B.A.,2020-08-01,73742.45086319996
Catamarca,2020-08-01,45523.66595824506
Chaco,2020-08-01,45977.47214398504
Chubut,2020-08-01,94547.0370690656
Corrientes,2020-08-01,45785.265623482475
Córdoba,2020-08-01,53538.32616376704
Entre Ríos,2020-08-01,49627.185314396585
Formosa,2020-08-01,50125.85726247652
Jujuy,2020-08-01,47450.22879252643
La Pampa,2020-08-01,55160.81194675018
La Rioja,2020-08-01,45631.52332082993
Mendoza,2020-08-01,48895.93649072378
Misiones,2020-08-01,40230.39692481193
Neuquén,2020-08-01,81537.56476065255
Río Negro,2020-08-01,56060.623102171965
Salta,2020-08-01,48788.585746119265
San Juan,2020-08-01,51216.70347067069
San Luis,2020-08-01,58774.15396525233
Santa Cruz,2020-08-01,113637.26175184752
Santa Fe,2020-08-01,58639.174176808636
Santiago del Estero,2020-08-01,40878.01710577737
Tierra del Fuego,2020-08-01,77810.92350703308
Tucumán,2020-08-01,43289.56675953099
Buenos Aires,2020-09-01,64672.54999768535
C.A.B.A.,2020-09-01,76850.06921500091
Catamarca,2020-09-01,46330.12107174292
Chaco,2020-09-01,46208.339874059624
Chubut,2020-09-01,96063.3231419124
Corrientes,2020-09-01,46243.282091220906
Córdoba,2020-09-01,55090.3220755655
Entre Ríos,2020-09-01,49905.078917439474
Formosa,2020-09-01,49282.35401393729
Jujuy,2020-09-01,53599.859369334896
La Pampa,2020-09-01,56519.333393198496
La Rioja,2020-09-01,47231.932308708616
Mendoza,2020-09-01,50445.12536841255
Misiones,2020-09-01,42747.77413846852
Neuquén,2020-09-01,86863.75662343547
Río Negro,2020-09-01,58052.97759385378
Salta,2020-09-01,49758.2540326186
San Juan,2020-09-01,52104.20637168012
San Luis,2020-09-01,59017.48773797631
Santa Cruz,2020-09-01,115961.80306974456
Santa Fe,2020-09-01,60610.6715276571
Santiago del Estero,2020-09-01,41485.62655680146
Tierra del Fuego,2020-09-01,87787.14015834947
Tucumán,2020-09-01,45589.48807387926
Buenos Aires,2020-10-01,68309.59121517012
C.A.B.A.,2020-10-01,80753.21393805713
Catamarca,2020-10-01,50323.95292889897
Chaco,2020-10-01,49871.17295213241
Chubut,2020-10-01,101723.42290794189
Corrientes,2020-10-01,49971.383158462195
Córdoba,2020-10-01,57951.761170545375
Entre Ríos,2020-10-01,52854.75221621898
Formosa,2020-10-01,53454.498406539344
Jujuy,2020-10-01,55071.61040399552
La Pampa,2020-10-01,59664.79053671928
La Rioja,2020-10-01,51100.217824151805
Mendoza,2020-10-01,53458.78171538045
Misiones,2020-10-01,46967.29700135256
Neuquén,2020-10-01,92681.14119687045
Río Negro,2020-10-01,63106.57774469215
Salta,2020-10-01,53453.50946389979
San Juan,2020-10-01,55215.00409243985
San Luis,2020-10-01,64175.03537413916
Santa Cruz,2020-10-01,123526.84943828813
Santa Fe,2020-10-01,63856.27837653487
Santiago del Estero,2020-10-01,43951.92100163565
Tierra del Fuego,2020-10-01,91375.8332413996
Tucumán,2020-10-01,49971.827019534496
Buenos Aires,2020-11-01,68416.50625040536
C.A.B.A.,2020-11-01,82137.47170686052
Catamarca,2020-11-01,51340.594123502015
Chaco,2020-11-01,51353.474284093965
Chubut,2020-11-01,106273.81108128656
Corrientes,2020-11-01,52310.22269895369
Córdoba,2020-11-01,58995.9001445309
Entre Ríos,2020-11-01,54858.49134377459
Formosa,2020-11-01,56511.835865564586
Jujuy,2020-11-01,55767.959769397836
La Pampa,2020-11-01,61981.82683076795
La Rioja,2020-11-01,52827.10368703655
Mendoza,2020-11-01,54691.29649962582
Misiones,2020-11-01,47685.45719619382
Neuquén,2020-11-01,101438.54990921819
Río Negro,2020-11-01,64451.805874739795
Salta,2020-11-01,54327.795794351136
San Juan,2020-11-01,56581.81378956569
San Luis,2020-11-01,64965.910252539536
Santa Cruz,2020-11-01,121671.13350410899
Santa Fe,2020-11-01,64630.98046888586
Santiago del Estero,2020-11-01,45274.60723849348
Tierra del Fuego,2020-11-01,95248.44929457731
Tucumán,2020-11-01,51109.181510446826
Buenos Aires,2020-12-01,102559.21828075957
C.A.B.A.,2020-12-01,121928.6557195981
Catamarca,2020-12-01,78967.1600345609
Chaco,2020-12-01,75014.36891863676
Chubut,2020-12-01,157577.98566131227
Corrientes,2020-12-01,76952.17244239857
Córdoba,2020-12-01,89387.18361198893
Entre Ríos,2020-12-01,83299.56875580059
Formosa,2020-12-01,82260.17356857628
Jujuy,2020-12-01,79158.84533707642
La Pampa,2020-12-01,91333.72322050639
La Rioja,2020-12-01,80329.32884675129
Mendoza,2020-12-01,78802.07197700304
Misiones,2020-12-01,69877.07925944547
Neuquén,2020-12-01,137370.51190887054
Río Negro,2020-12-01,93211.67837502618
Salta,2020-12-01,79527.5861417274
San Juan,2020-12-01,82707.23456103231
San Luis,2020-12-01,96728.97007349093
Santa Cruz,2020-12-01,167617.64273994465
Santa Fe,2020-12-01,96217.86749685596
Santiago del Estero,2020-12-01,66922.02543594099
Tierra del Fuego,2020-12-01,161893.31080006668
Tucumán,2020-12-01,76418.61973280333
Buenos Aires,2021-01-01,76208.85304568606
C.A.B.A.,2021-01-01,96490.9626699805
Catamarca,2021-01-01,61133.72939401772
Chaco,2021-01-01,54683.40505665731
Chubut,2021-01-01,123831.92499032976
Corrientes,2021-01-01,56713.02786988907
Córdoba,2021-01-01,67533.38591420236
Entre Ríos,2021-01-01,62007.77891040952
Formosa,2021-01-01,58315.82070138303
Jujuy,2021-01-01,60473.075829206675
La Pampa,2021-01-01,68465.93969920879
La Rioja,2021-01-01,54255.339108066015
Mendoza,2021-01-01,60081.970419934034
Misiones,2021-01-01,52011.94164387537
Neuquén,2021-01-01,110200.84610463728
Río Negro,2021-01-01,65649.10340073588
Salta,2021-01-01,59277.44485680305
San Juan,2021-01-01,71726.33952210493
San Luis,2021-01-01,75380.44284157787
Santa Cruz,2021-01-01,143756.9071621956
Santa Fe,2021-01-01,74123.24957851108
Santiago del Estero,2021-01-01,49692.36437162313
Tierra del Fuego,2021-01-01,100706.64136063706
Tucumán,2021-01-01,57336.178187355625
Buenos Aires,2021-02-01,77196.65438950607
C.A.B.A.,2021-02-01,97947.94057724111
Catamarca,2021-02-01,57211.115356293456
Chaco,2021-02-01,57278.34308462445
Chubut,2021-02-01,120623.15017658068
Corrientes,2021-02-01,58642.41225930146
Córdoba,2021-02-01,67694.66092170526
Entre Ríos,2021-02-01,63103.934660557934
Formosa,2021-02-01,61211.6760294427
Jujuy,2021-02-01,59087.142249395176
La Pampa,2021-02-01,71937.62127306678
La Rioja,2021-02-01,50176.86177461651
Mendoza,2021-02-01,59814.47837167018
Misiones,2021-02-01,54006.6178700028
Neuquén,2021-02-01,108310.75040312308
Río Negro,2021-02-01,74497.50908734629
Salta,2021-02-01,61353.92364966272
San Juan,2021-02-01,68779.38976356274
San Luis,2021-02-01,74696.50319360441
Santa Cruz,2021-02-01,149236.34850529075
Santa Fe,2021-02-01,74557.060233194
Santiago del Estero,2021-02-01,52040.54240180991
Tierra del Fuego,2021-02-01,105978.9908783695
Tucumán,2021-02-01,57546.44318224222
Buenos Aires,2021-03-01,82363.22212515131
C.A.B.A.,2021-03-01,107480.647273708
Catamarca,2021-03-01,59742.545015648495
Chaco,2021-03-01,58434.73183889687
Chubut,2021-03-01,120464.41351261949
Corrientes,2021-03-01,58932.09725545536
Córdoba,2021-03-01,70622.20806092488
Entre Ríos,2021-03-01,64401.329689720646
Formosa,2021-03-01,61617.28438443431
Jujuy,2021-03-01,65689.4639651539
La Pampa,2021-03-01,70658.41005438325
La Rioja,2021-03-01,52340.28786372152
Mendoza,2021-03-01,62864.28563129893
Misiones,2021-03-01,54555.77739159404
Neuquén,2021-03-01,119052.89024809102
Río Negro,2021-03-01,75646.2100620073
Salta,2021-03-01,62172.27677193004
San Juan,2021-03-01,65161.15902308306
San Luis,2021-03-01,77550.13863463093
Santa Cruz,2021-03-01,155766.69528931932
Santa Fe,2021-03-01,77325.16055168572
Santiago del Estero,2021-03-01,54756.71128640112
Tierra del Fuego,2021-03-01,108988.49686636904
Tucumán,2021-03-01,59850.19496552062
Buenos Aires,2021-04-01,84876.27179021818
C.A.B.A.,2021-04-01,105129.16451408394
Catamarca,2021-04-01,61519.40398487895
Chaco,2021-04-01,61178.139900267095
Chubut,2021-04-01,128437.40734860174
Corrientes,2021-04-01,62097.2727241219
Córdoba,2021-04-01,75726.53483344961
Entre Ríos,2021-04-01,66510.81796953375
Formosa,2021-04-01,64316.12528798546
Jujuy,2021-04-01,66245.94255952652
La Pampa,2021-04-01,72265.55029923441
La Rioja,2021-04-01,57672.304420840745
Mendoza,2021-04-01,65703.99763729918
Misiones,2021-04-01,55525.443263098095
Neuquén,2021-04-01,120115.64188050167
Río Negro,2021-04-01,79709.56133886205
Salta,2021-04-01,65187.1324779043
San Juan,2021-04-01,69947.13855383491
San Luis,2021-04-01,80427.54754242065
Santa Cruz,2021-04-01,149049.52155385853
Santa Fe,2021-04-01,80592.91157443324
Santiago del Estero,2021-04-01,55257.96195219275
Tierra del Fuego,2021-04-01,116517.45102177633
Tucumán,2021-04-01,57309.1564521111
Buenos Aires,2021-05-01,85518.0329618936
C.A.B.A.,2021-05-01,103281.8551671025
Catamarca,2021-05-01,62298.55291309001
Chaco,2021-05-01,62622.21646616113
Chubut,2021-05-01,131389.50000375466
Corrientes,2021-05-01,62585.95558174014
Córdoba,2021-05-01,75310.54618066584
Entre Ríos,2021-05-01,68740.10516569944
Formosa,2021-05-01,65017.32438204094
Jujuy,2021-05-01,66893.1722909334
La Pampa,2021-05-01,75162.75409896814
La Rioja,2021-05-01,59597.9535239136
Mendoza,2021-05-01,67961.22744222153
Misiones,2021-05-01,59427.60364080996
Neuquén,2021-05-01,124270.37555874676
Río Negro,2021-05-01,81884.3538842881
Salta,2021-05-01,66814.93323373773
San Juan,2021-05-01,71545.05989111298
San Luis,2021-05-01,81323.32399861414
Santa Cruz,2021-05-01,162707.93243055476
Santa Fe,2021-05-01,81213.34116344468
Santiago del Estero,2021-05-01,55788.41852800696
Tierra del Fuego,2021-05-01,114486.10116648958
Tucumán,2021-05-01,58278.12936151218
Buenos Aires,2021-06-01,126984.55299867089
C.A.B.A.,2021-06-01,150951.35871482285
Catamarca,2021-06-01,93061.82772272054
Chaco,2021-06-01,91098.30175948006
Chubut,2021-06-01,197494.1421111296
Corrientes,2021-06-01,91455.37992660022
Córdoba,2021-06-01,108851.76754229791
Entre Ríos,2021-06-01,101511.01865969128
Formosa,2021-06-01,95155.83733708617
Jujuy,2021-06-01,99959.70698636417
La Pampa,2021-06-01,108411.91420965116
La Rioja,2021-06-01,89570.66553438736
Mendoza,2021-06-01,97797.64009565144
Misiones,2021-06-01,78361.83654165869
Neuquén,2021-06-01,187328.0357555473
Río Negro,2021-06-01,119183.47372902358
Salta,2021-06-01,99251.28958232103
San Juan,2021-06-01,103236.17995908846
San Luis,2021-06-01,121041.54687127953
Santa Cruz,2021-06-01,231418.3954426162
Santa Fe,2021-06-01,119805.89637477807
Santiago del Estero,2021-06-01,81505.5679881009
Tierra del Fuego,2021-06-01,171994.21445626987
Tucumán,2021-06-01,84305.92820383457
Buenos Aires,2021-07-01,93700.26116469296
C.A.B.A.,2021-07-01,112952.2298884661
Catamarca,2021-07-01,68516.37251589652
Chaco,2021-07-01,66974.31840592672
Chubut,2021-07-01,148593.10665798705
Corrientes,2021-07-01,66961.41429744466
Córdoba,2021-07-01,79672.27995051235
Entre Ríos,2021-07-01,73915.92203315395
Formosa,2021-07-01,71038.98926278685
Jujuy,2021-07-01,75096.00808134497
La Pampa,2021-07-01,79724.16431704597
La Rioja,2021-07-01,67596.12752042935
Mendoza,2021-07-01,73368.0422860636
Misiones,2021-07-01,62633.56459048977
Neuquén,2021-07-01,138401.08196866995
Río Negro,2021-07-01,89062.50731301784
Salta,2021-07-01,73023.2947702517
San Juan,2021-07-01,77634.94048710316
San Luis,2021-07-01,90662.22861636571
Santa Cruz,2021-07-01,180385.24287184252
Santa Fe,2021-07-01,88205.05638451893
Santiago del Estero,2021-07-01,60728.214668629065
Tierra del Fuego,2021-07-01,125516.6980229154
Tucumán,2021-07-01,65292.267596516926
Buenos Aires,2021-08-01,95877.70205959897
C.A.B.A.,2021-08-01,114581.698472302
Catamarca,2021-08-01,71692.79882382526
Chaco,2021-08-01,70199.07266574017
Chubut,2021-08-01,151625.14805888655
Corrientes,2021-08-01,70902.5870272107
Córdoba,2021-08-01,82172.3811515426
Entre Ríos,2021-08-01,76220.08956960894
Formosa,2021-08-01,73714.82736821003
Jujuy,2021-08-01,76087.79617174719
La Pampa,2021-08-01,83808.55246589052
La Rioja,2021-08-01,71300.5535551091
Mendoza,2021-08-01,76338.86874657997
Misiones,2021-08-01,65168.750071972245
Neuquén,2021-08-01,140975.08345059145
Río Negro,2021-08-01,92558.1781586019
Salta,2021-08-01,75954.96731755095
San Juan,2021-08-01,79332.20942078042
San Luis,2021-08-01,90955.21428209242
Santa Cruz,2021-08-01,188719.69829547967
Santa Fe,2021-08-01,90656.29006607302
Santiago del Estero,2021-08-01,62387.52194097734
Tierra del Fuego,2021-08-01,125856.80135284891
Tucumán,2021-08-01,66373.94876752465
Buenos Aires,2021-09-01,99563.40456453909
C.A.B.A.,2021-09-01,119538.40454339488
Catamarca,2021-09-01,73468.78007557218
Chaco,2021-09-01,71780.2525905853
Chubut,2021-09-01,153377.7350870712
Corrientes,2021-09-01,70916.81645649225
Córdoba,2021-09-01,84127.23071582745
Entre Ríos,2021-09-01,77394.30393338432
Formosa,2021-09-01,75584.90334034519
Jujuy,2021-09-01,80988.83135784765
La Pampa,2021-09-01,86464.34533598059
La Rioja,2021-09-01,73700.08788465968
Mendoza,2021-09-01,78722.41340561652
Misiones,2021-09-01,67975.33762052614
Neuquén,2021-09-01,150172.50048603598
Río Negro,2021-09-01,95762.04624258177
Salta,2021-09-01,78375.05119174553
San Juan,2021-09-01,80812.94167367223
San Luis,2021-09-01,92352.45582931692
Santa Cruz,2021-09-01,185848.5387377536
Santa Fe,2021-09-01,93497.83258049411
Santiago del Estero,2021-09-01,64438.031551661756
Tierra del Fuego,2021-09-01,128986.08395040287
Tucumán,2021-09-01,68923.73255488326
Buenos Aires,2021-10-01,104138.32555674671
C.A.B.A.,2021-10-01,125092.58333730027
Catamarca,2021-10-01,77201.4994638997
Chaco,2021-10-01,75251.42401149061
Chubut,2021-10-01,157477.6405707888
Corrientes,2021-10-01,74946.28294133363
Córdoba,2021-10-01,88298.21153766684
Entre Ríos,2021-10-01,81055.78879356426
Formosa,2021-10-01,79328.2731174238
Jujuy,2021-10-01,84649.04217758909
La Pampa,2021-10-01,89852.11070001396
La Rioja,2021-10-01,78132.88666855541
Mendoza,2021-10-01,81833.36585978832
Misiones,2021-10-01,71696.08360508323
Neuquén,2021-10-01,152428.24715184135
Río Negro,2021-10-01,98508.75723312258
Salta,2021-10-01,80810.26473530177
San Juan,2021-10-01,85724.27219494231
San Luis,2021-10-01,97796.43181813022
Santa Cruz,2021-10-01,183273.76377969357
Santa Fe,2021-10-01,97645.2095238974
Santiago del Estero,2021-10-01,66967.00795349412
Tierra del Fuego,2021-10-01,144072.40956358478
Tucumán,2021-10-01,73062.76083972673
Buenos Aires,2021-11-01,105976.191337898
C.A.B.A.,2021-11-01,130460.8365963684
Catamarca,2021-11-01,80433.86460875136
Chaco,2021-11-01,78602.30320823408
Chubut,2021-11-01,160254.52062983584
Corrientes,2021-11-01,79408.21543010802
Córdoba,2021-11-01,92226.87991436636
Entre Ríos,2021-11-01,85460.76965851398
Formosa,2021-11-01,85326.95118339287
Jujuy,2021-11-01,85304.16392679761
La Pampa,2021-11-01,92915.94478247146
La Rioja,2021-11-01,82178.88916751654
Mendoza,2021-11-01,84538.13266049253
Misiones,2021-11-01,75331.60194880767
Neuquén,2021-11-01,154930.941975925
Río Negro,2021-11-01,100801.5178747503
Salta,2021-11-01,82888.9396825952
San Juan,2021-11-01,88718.95856333028
San Luis,2021-11-01,99876.72821007833
Santa Cruz,2021-11-01,177227.36774258915
Santa Fe,2021-11-01,100349.88619525259
Santiago del Estero,2021-11-01,70393.93322302513
Tierra del Fuego,2021-11-01,143162.5943595465
Tucumán,2021-11-01,78300.38095854645
Buenos Aires,2021-12-01,156880.39567905522
C.A.B.A.,2021-12-01,189954.0883578636
Catamarca,2021-12-01,121482.70208346205
Chaco,2021-12-01,114152.3711501357
Chubut,2021-12-01,249453.59722168188
Corrientes,2021-12-01,116569.07367842273
Córdoba,2021-12-01,136417.7838362588
Entre Ríos,2021-12-01,128802.43481645314
Formosa,2021-12-01,121767.38893397841
Jujuy,2021-12-01,123779.43907352908
La Pampa,2021-12-01,137963.3144154365
La Rioja,2021-12-01,123625.54103445698
Mendoza,2021-12-01,121343.6638020268
Misiones,2021-12-01,110005.5149094386
Neuquén,2021-12-01,234346.08414888597
Río Negro,2021-12-01,146692.06788354265
Salta,2021-12-01,120913.77920693265
San Juan,2021-12-01,132517.32242780805
San Luis,2021-12-01,149640.93392619127
Santa Cruz,2021-12-01,282409.02343591716
Santa Fe,2021-12-01,149693.65953019695
Santiago del Estero,2021-12-01,101030.44566604302
Tierra del Fuego,2021-12-01,247667.66953056774
Tucumán,2021-12-01,116299.41483267263
Buenos Aires,2022-01-01,118975.10763963366
C.A.B.A.,2022-01-01,152143.29991322814
Catamarca,2022-01-01,86430.70445372189
Chaco,2022-01-01,85653.43039287302
Chubut,2022-01-01,179851.33307869438
Corrientes,2022-01-01,88537.35902328251
Córdoba,2022-01-01,106359.92397207161
Entre Ríos,2022-01-01,97225.57349128945
Formosa,2022-01-01,89251.30588799101
Jujuy,2022-01-01,92288.31436569405
La Pampa,2022-01-01,102984.98285498456
La Rioja,2022-01-01,84014.16944696264
Mendoza,2022-01-01,91981.37414600702
Misiones,2022-01-01,82877.8476051843
Neuquén,2022-01-01,172049.0985132097
Río Negro,2022-01-01,103692.02845210051
Salta,2022-01-01,89597.7678738614
San Juan,2022-01-01,114301.99140465536
San Luis,2022-01-01,112533.80285651387
Santa Cruz,2022-01-01,211414.87411780586
Santa Fe,2022-01-01,113345.21187411399
Santiago del Estero,2022-01-01,78123.54294834367
Tierra del Fuego,2022-01-01,155108.38676702252
Tucumán,2022-01-01,88356.96537171183
Buenos Aires,2022-02-01,117398.80679681394
C.A.B.A.,2022-02-01,154133.4951606421
Catamarca,2022-02-01,87900.22052202094
Chaco,2022-02-01,86304.77953740508
Chubut,2022-02-01,186897.03850096875
Corrientes,2022-02-01,88380.6218883685
Córdoba,2022-02-01,102846.81658789195
Entre Ríos,2022-02-01,95580.13218176049
Formosa,2022-02-01,91279.89391594307
Jujuy,2022-02-01,89975.3557397066
La Pampa,2022-02-01,107469.79637098683
La Rioja,2022-02-01,75565.92061681036
Mendoza,2022-02-01,91985.0455498841
Misiones,2022-02-01,83030.09310193418
Neuquén,2022-02-01,178266.83563842988
Río Negro,2022-02-01,115801.06596869983
Salta,2022-02-01,93659.45025709363
San Juan,2022-02-01,107798.81481720359
San Luis,2022-02-01,109303.02998915596
Santa Cruz,2022-02-01,246421.56642444868
Santa Fe,2022-02-01,113810.55196713858
Santiago del Estero,2022-02-01,79182.89420944787
Tierra del Fuego,2022-02-01,158077.02877029584
Tucumán,2022-02-01,88017.04085206972
Buenos Aires,2022-03-01,132065.4518296194
C.A.B.A.,2022-03-01,172849.71088859392
Catamarca,2022-03-01,99604.7402587083
Chaco,2022-03-01,90881.66929004269
Chubut,2022-03-01,196640.43200721568
Corrientes,2022-03-01,93188.15873887704
Córdoba,2022-03-01,111771.90059934798
Entre Ríos,2022-03-01,102727.38460678938
Formosa,2022-03-01,95621.80255063265
Jujuy,2022-03-01,102354.6363833843
La Pampa,2022-03-01,108485.54167308482
La Rioja,2022-03-01,82800.89830717487
Mendoza,2022-03-01,100520.19916704105
Misiones,2022-03-01,88187.56291455994
Neuquén,2022-03-01,205303.36003912927
Río Negro,2022-03-01,122426.70793388998
Salta,2022-03-01,100890.76365969126
San Juan,2022-03-01,104422.81658903054
San Luis,2022-03-01,117842.09901976028
Santa Cruz,2022-03-01,244555.91226830578
Santa Fe,2022-03-01,122612.85500161149
Santiago del Estero,2022-03-01,84467.89890764904
Tierra del Fuego,2022-03-01,167731.18978374652
Tucumán,2022-03-01,97789.14972046763
Buenos Aires,2022-04-01,135107.7466687056
C.A.B.A.,2022-04-01,168637.32120032876
Catamarca,2022-04-01,98565.08284272006
Chaco,2022-04-01,93626.69972872418
Chubut,2022-04-01,216965.4150013304
Corrientes,2022-04-01,96477.5302600216
Córdoba,2022-04-01,116304.93654474606
Entre Ríos,2022-04-01,107223.72343610285
Formosa,2022-04-01,98453.33237239778
Jujuy,2022-04-01,108055.55201643101
La Pampa,2022-04-01,113655.45029227457
La Rioja,2022-04-01,90833.41806834342
Mendoza,2022-04-01,105648.58582039161
Misiones,2022-04-01,89338.4216487874
Neuquén,2022-04-01,216759.3702418251
Río Negro,2022-04-01,131167.23007659966
Salta,2022-04-01,104984.09395731313
San Juan,2022-04-01,109464.09190263225
San Luis,2022-04-01,123928.7364354265
Santa Cruz,2022-04-01,250811.6463016974
Santa Fe,2022-04-01,126629.3429326814
Santiago del Estero,2022-04-01,85326.89178720838
Tierra del Fuego,2022-04-01,171938.44211818895
Tucumán,2022-04-01,90611.11461664265
Buenos Aires,2022-05-01,141003.62315043432
C.A.B.A.,2022-05-01,172997.43681796384
Catamarca,2022-05-01,105237.54648498572
Chaco,2022-05-01,104361.61363288143
Chubut,2022-05-01,226177.26736536302
Corrientes,2022-05-01,104201.99084526618
Córdoba,2022-05-01,123159.7685829419
Entre Ríos,2022-05-01,114778.24894479048
Formosa,2022-05-01,108631.8316419152
Jujuy,2022-05-01,113776.39133786701
La Pampa,2022-05-01,120465.56201172675
La Rioja,2022-05-01,101438.13669761995
Mendoza,2022-05-01,114213.79034996404
Misiones,2022-05-01,96671.04610307596
Neuquén,2022-05-01,230559.34459049607
Río Negro,2022-05-01,138239.5862587739
Salta,2022-05-01,113078.97136994521
San Juan,2022-05-01,121421.89932096828
San Luis,2022-05-01,131732.6843301256
Santa Cruz,2022-05-01,262584.21870928217
Santa Fe,2022-05-01,133071.6901997113
Santiago del Estero,2022-05-01,92638.00926827214
Tierra del Fuego,2022-05-01,182232.22223076777
Tucumán,2022-05-01,101119.16547194132
Buenos Aires,2022-06-01,209743.21420939922
C.A.B.A.,2022-06-01,251270.48185562264
Catamarca,2022-06-01,157752.20034838052
Chaco,2022-06-01,150562.2965049105
Chubut,2022-06-01,340676.56676279777
Corrientes,2022-06-01,152653.00206172658
Córdoba,2022-06-01,178928.39474809103
Entre Ríos,2022-06-01,168794.49774872174
Formosa,2022-06-01,155940.28224852507
Jujuy,2022-06-01,169427.60197543987
La Pampa,2022-06-01,177612.42684724403
La Rioja,2022-06-01,152209.7342110579
Mendoza,2022-06-01,163714.92820436
Misiones,2022-06-01,137957.2599977105
Neuquén,2022-06-01,345899.8766882013
Río Negro,2022-06-01,201374.96698796932
Salta,2022-06-01,165351.25457965405
San Juan,2022-06-01,177028.23012311145
San Luis,2022-06-01,191761.7773838695
Santa Cruz,2022-06-01,409142.39392413915
Santa Fe,2022-06-01,195211.46624916475
Santiago del Estero,2022-06-01,134516.85363522853
Tierra del Fuego,2022-06-01,281163.61182315403
Tucumán,2022-06-01,143584.91320677957
Buenos Aires,2022-07-01,154519.68237234346
C.A.B.A.,2022-07-01,187877.4124419232
Catamarca,2022-07-01,117224.68801159937
Chaco,2022-07-01,110161.84232675546
Chubut,2022-07-01,255311.89890956294
Corrientes,2022-07-01,112143.50574818999
Córdoba,2022-07-01,132323.6997262744
Entre Ríos,2022-07-01,123173.80388881042
Formosa,2022-07-01,115425.05246795867
Jujuy,2022-07-01,126024.81262411762
La Pampa,2022-07-01,132128.90917677892
La Rioja,2022-07-01,114792.22414064483
Mendoza,2022-07-01,122588.44216942746
Misiones,2022-07-01,104299.73333811811
Neuquén,2022-07-01,252122.13117339378
Río Negro,2022-07-01,148836.02815667426
Salta,2022-07-01,123770.18746365323
San Juan,2022-07-01,130702.25115427756
San Luis,2022-07-01,142775.55929838977
Santa Cruz,2022-07-01,310943.0967074579
Santa Fe,2022-07-01,144438.1401674619
Santiago del Estero,2022-07-01,100447.07190627659
Tierra del Fuego,2022-07-01,209965.64694655832
Tucumán,2022-07-01,106612.16194613471
Buenos Aires,2022-08-01,165442.5454888767
C.A.B.A.,2022-08-01,198283.42586573673
Catamarca,2022-08-01,128981.29611192536
Chaco,2022-08-01,120165.27657081037
Chubut,2022-08-01,270832.75295951
Corrientes,2022-08-01,121753.71365893768
Córdoba,2022-08-01,141288.82753303053
Entre Ríos,2022-08-01,135801.36564353653
Formosa,2022-08-01,125111.79661820257
Jujuy,2022-08-01,134855.0549726513
La Pampa,2022-08-01,143512.44421564956
La Rioja,2022-08-01,125033.56923963835
Mendoza,2022-08-01,132855.07024734313
Misiones,2022-08-01,114195.47465373235
Neuquén,2022-08-01,270939.7783966142
Río Negro,2022-08-01,164312.61701820395
Salta,2022-08-01,133996.54273546668
San Juan,2022-08-01,138672.74901582277
San Luis,2022-08-01,150680.7204870148
Santa Cruz,2022-08-01,333095.6219199639
Santa Fe,2022-08-01,155359.610951952
Santiago del Estero,2022-08-01,108471.78741315105
Tierra del Fuego,2022-08-01,214707.51511995855
Tucumán,2022-08-01,115514.35163744951
Buenos Aires,2022-09-01,180694.58213643034
C.A.B.A.,2022-09-01,212139.42609474962
Catamarca,2022-09-01,138277.77954307428
Chaco,2022-09-01,127650.91718127404
Chubut,2022-09-01,286862.38593596313
Corrientes,2022-09-01,127865.82545846904
Córdoba,2022-09-01,150660.05600394652
Entre Ríos,2022-09-01,142990.2480522808
Formosa,2022-09-01,130316.37440038093
Jujuy,2022-09-01,151274.8435087775
La Pampa,2022-09-01,153937.22635081605
La Rioja,2022-09-01,132707.49676968338
Mendoza,2022-09-01,139343.78083439535
Misiones,2022-09-01,120075.73975452193
Neuquén,2022-09-01,302570.7179859126
Río Negro,2022-09-01,175831.20295966216
Salta,2022-09-01,142993.64173339712
San Juan,2022-09-01,146382.32305519417
San Luis,2022-09-01,160999.34578306007
Santa Cruz,2022-09-01,332626.01762361947
Santa Fe,2022-09-01,164724.1751957019
Santiago del Estero,2022-09-01,116239.73685509375
Tierra del Fuego,2022-09-01,222753.34615526532
Tucumán,2022-09-01,125354.69014536924
Buenos Aires,2022-10-01,185485.00511559108
C.A.B.A.,2022-10-01,225537.2741762556
Catamarca,2022-10-01,145069.82911712962
Chaco,2022-10-01,134864.29445318243
Chubut,2022-10-01,293251.0190566651
Corrientes,2022-10-01,136341.19651727294
Córdoba,2022-10-01,158782.5336589718
Entre Ríos,2022-10-01,149463.21352259672
Formosa,2022-10-01,141627.59244563337
Jujuy,2022-10-01,156428.9092870224
La Pampa,2022-10-01,159201.00224341085
La Rioja,2022-10-01,140413.9770663131
Mendoza,2022-10-01,147648.8990710239
Misiones,2022-10-01,129834.57261895202
Neuquén,2022-10-01,308191.77468765294
Río Negro,2022-10-01,183077.91537897155
Salta,2022-10-01,150490.09645301403
San Juan,2022-10-01,157124.32006296745
San Luis,2022-10-01,168708.59386131002
Santa Cruz,2022-10-01,327498.798375147
Santa Fe,2022-10-01,174171.61125710965
Santiago del Estero,2022-10-01,121580.39209587949
Tierra del Fuego,2022-10-01,240451.09216214292
Tucumán,2022-10-01,136512.8647298296
Buenos Aires,2022-11-01,197344.68564828354
C.A.B.A.,2022-11-01,242387.07060433
Catamarca,2022-11-01,156177.9100722383
Chaco,2022-11-01,144360.69640078713
Chubut,2022-11-01,315152.36725219403
Corrientes,2022-11-01,147293.17154981504
Córdoba,2022-11-01,172368.44281252404
Entre Ríos,2022-11-01,161782.0415284171
Formosa,2022-11-01,155282.11470739677
Jujuy,2022-11-01,164404.276319879
La Pampa,2022-11-01,172438.59694785313
La Rioja,2022-11-01,150382.2139215488
Mendoza,2022-11-01,156334.92018947555
Misiones,2022-11-01,141140.0802680095
Neuquén,2022-11-01,338480.41544774256
Río Negro,2022-11-01,194300.34724530613
Salta,2022-11-01,160930.28336109262
San Juan,2022-11-01,167330.3017609903
San Luis,2022-11-01,179633.4922724913
Santa Cruz,2022-11-01,354714.5943527747
Santa Fe,2022-11-01,186716.64669971322
Santiago del Estero,2022-11-01,131929.07513810124
Tierra del Fuego,2022-11-01,268252.9043400405
Tucumán,2022-11-01,146875.6550794248
Buenos Aires,2022-12-01,311308.81949632725
C.A.B.A.,2022-12-01,370940.04210231546
Catamarca,2022-12-01,245659.64712167566
Chaco,2022-12-01,222838.98958481377
Chubut,2022-12-01,501852.5671800409
Corrientes,2022-12-01,227770.68838781147
Córdoba,2022-12-01,272318.91078004194
Entre Ríos,2022-12-01,259857.79267610837
Formosa,2022-12-01,238747.45828628776
Jujuy,2022-12-01,249819.91434477209
La Pampa,2022-12-01,274744.29457909457
La Rioja,2022-12-01,242331.0336228762
Mendoza,2022-12-01,241559.54387669652
Misiones,2022-12-01,217375.13678120874
Neuquén,2022-12-01,516859.42526791454
Río Negro,2022-12-01,297517.4278951231
Salta,2022-12-01,248024.45876831684
San Juan,2022-12-01,260039.6603093914
San Luis,2022-12-01,284893.9892445803
Santa Cruz,2022-12-01,539917.5109455793
Santa Fe,2022-12-01,294355.93571570946
Santiago del Estero,2022-12-01,205112.8077904016
Tierra del Fuego,2022-12-01,497110.63915986865
Tucumán,2022-12-01,228779.735767922
Buenos Aires,2023-01-01,234028.97637115218
C.A.B.A.,2023-01-01,297045.90817283344
Catamarca,2023-01-01,176113.02585642043
Chaco,2023-01-01,159141.95616249918
Chubut,2023-01-01,385194.46208314697
Corrientes,2023-01-01,161846.7404542577
Córdoba,2023-01-01,205446.1560149328
Entre Ríos,2023-01-01,187562.74392319794
Formosa,2023-01-01,165846.92869994536
Jujuy,2023-01-01,184860.95106798608
La Pampa,2023-01-01,200998.20724405136
La Rioja,2023-01-01,159044.0143181305
Mendoza,2023-01-01,181534.93891524692
Misiones,2023-01-01,158837.70776552547
Neuquén,2023-01-01,387987.4260009107
Río Negro,2023-01-01,209521.44816749924
Salta,2023-01-01,180975.66785679338
San Juan,2023-01-01,210295.09006822415
San Luis,2023-01-01,214202.6765254431
Santa Cruz,2023-01-01,407342.8774967433
Santa Fe,2023-01-01,222865.01777228576
Santiago del Estero,2023-01-01,146731.23892135415
Tierra del Fuego,2023-01-01,291837.03732638527
Tucumán,2023-01-01,176937.15300783928
Buenos Aires,2023-02-01,237651.4541132385
C.A.B.A.,2023-02-01,306675.0832335324
Catamarca,2023-02-01,181899.57176152134
Chaco,2023-02-01,167444.93872869824
Chubut,2023-02-01,403473.7666606773
Corrientes,2023-02-01,168347.77694578827
Córdoba,2023-02-01,205186.7667562475
Entre Ríos,2023-02-01,189571.92195201738
Formosa,2023-02-01,177485.22346860997
Jujuy,2023-02-01,189228.463845938
La Pampa,2023-02-01,216886.2144181126
La Rioja,2023-02-01,149761.79039990308
Mendoza,2023-02-01,187195.5421116764
Misiones,2023-02-01,167026.62389500285
Neuquén,2023-02-01,421044.4237170204
Río Negro,2023-02-01,240341.234481099
Salta,2023-02-01,195110.4976939246
San Juan,2023-02-01,209810.104208715
San Luis,2023-02-01,217642.11621804372
Santa Cruz,2023-02-01,473547.0216057788
Santa Fe,2023-02-01,230378.72244576988
Santiago del Estero,2023-02-01,157617.95764081736
Tierra del Fuego,2023-02-01,304287.4684791673
Tucumán,2023-02-01,176376.37039293168
Buenos Aires,2023-03-01,263990.0816394838
C.A.B.A.,2023-03-01,346217.1532851769
Catamarca,2023-03-01,206279.7830278014
Chaco,2023-03-01,181657.568346643
Chubut,2023-03-01,411524.20561131905
Corrientes,2023-03-01,183782.37450883051
Córdoba,2023-03-01,221038.79548750026
Entre Ríos,2023-03-01,207595.2221496174
Formosa,2023-03-01,190808.32601618723
Jujuy,2023-03-01,215166.3761812769
La Pampa,2023-03-01,224145.38975971588
La Rioja,2023-03-01,163179.46904541046
Mendoza,2023-03-01,207698.74639510154
Misiones,2023-03-01,180239.8590183552
Neuquén,2023-03-01,466246.55148083734
Río Negro,2023-03-01,253265.2282789189
Salta,2023-03-01,213588.36921532976
San Juan,2023-03-01,220679.55353780274
San Luis,2023-03-01,232275.72252936807
Santa Cruz,2023-03-01,500151.2169697316
Santa Fe,2023-03-01,248751.87301265495
Santiago del Estero,2023-03-01,171858.20341830252
Tierra del Fuego,2023-03-01,354127.39410188515
Tucumán,2023-03-01,190389.33580915898
Buenos Aires,2023-04-01,278194.4514648536
C.A.B.A.,2023-04-01,351686.4240593857
Catamarca,2023-04-01,213501.40844510772
Chaco,2023-04-01,199114.43354312395
Chubut,2023-04-01,450078.29311075766
Corrientes,2023-04-01,198734.55426315012
Córdoba,2023-04-01,243515.48498561647
Entre Ríos,2023-04-01,222234.1052145121
Formosa,2023-04-01,208427.4397658585
Jujuy,2023-04-01,238820.26297517927
La Pampa,2023-04-01,243805.0758124615
La Rioja,2023-04-01,189161.9025276602
Mendoza,2023-04-01,222551.51119728235
Misiones,2023-04-01,187525.29512756757
Neuquén,2023-04-01,486359.0855588413
Río Negro,2023-04-01,279693.18877699476
Salta,2023-04-01,231416.2777766923
San Juan,2023-04-01,233606.58750924058
San Luis,2023-04-01,251699.38398945815
Santa Cruz,2023-04-01,493882.17430048226
Santa Fe,2023-04-01,261411.49695013932
Santiago del Estero,2023-04-01,180570.72165980475
Tierra del Fuego,2023-04-01,359110.94681667245
Tucumán,2023-04-01,189636.95437088577
Buenos Aires,2023-05-01,296429.8846046629
C.A.B.A.,2023-05-01,358882.97222005733
Catamarca,2023-05-01,231805.79204525665
Chaco,2023-05-01,211872.29161439315
Chubut,2023-05-01,474698.6984478008
Corrientes,2023-05-01,211926.3386112233
Córdoba,2023-05-01,256729.96574970844
Entre Ríos,2023-05-01,241429.20495037767
Formosa,2023-05-01,227888.1044572848
Jujuy,2023-05-01,254245.0863216867
La Pampa,2023-05-01,262279.4434464591
La Rioja,2023-05-01,204276.80944087348
Mendoza,2023-05-01,240870.63698248484
Misiones,2023-05-01,202889.68309569047
Neuquén,2023-05-01,524166.4959567983
Río Negro,2023-05-01,303355.32429289905
Salta,2023-05-01,250351.44681251814
San Juan,2023-05-01,251136.0343893246
San Luis,2023-05-01,270646.2403045898
Santa Cruz,2023-05-01,549986.2324269927
Santa Fe,2023-05-01,278594.8902596856
Santiago del Estero,2023-05-01,194457.90709590935
Tierra del Fuego,2023-05-01,406119.14065351215
Tucumán,2023-05-01,206861.4170950036
Buenos Aires,2023-06-01,453974.900461097
C.A.B.A.,2023-06-01,542123.9880145517
Catamarca,2023-06-01,347911.3629950078
Chaco,2023-06-01,319681.2933076844
Chubut,2023-06-01,745769.61747281
Corrientes,2023-06-01,323313.6398656281
Córdoba,2023-06-01,384560.0397277165
Entre Ríos,2023-06-01,363725.95854427904
Formosa,2023-06-01,339564.35870904685
Jujuy,2023-06-01,399808.6422440104
La Pampa,2023-06-01,393305.30068845
La Rioja,2023-06-01,316622.3689138555
Mendoza,2023-06-01,354745.78504695423
Misiones,2023-06-01,297730.0372845052
Neuquén,2023-06-01,795956.6097880473
Río Negro,2023-06-01,448642.54784867854
Salta,2023-06-01,377638.31897188525
San Juan,2023-06-01,374772.0824460387
San Luis,2023-06-01,413991.48637308256
Santa Cruz,2023-06-01,879459.8169633859
Santa Fe,2023-06-01,421725.55974938447
Santiago del Estero,2023-06-01,292219.7959906811
Tierra del Fuego,2023-06-01,620381.7402168163
Tucumán,2023-06-01,310450.91788887256
Buenos Aires,2023-07-01,342265.98921623296
C.A.B.A.,2023-07-01,415577.38247260783
Catamarca,2023-07-01,272851.9665368071
Chaco,2023-07-01,242630.42759639068
Chubut,2023-07-01,581969.9322468165
Corrientes,2023-07-01,241677.95540730734
Córdoba,2023-07-01,291129.5642055817
Entre Ríos,2023-07-01,275418.5657597487
Formosa,2023-07-01,258359.6695306546
Jujuy,2023-07-01,308830.9060018991
La Pampa,2023-07-01,298410.1780173985
La Rioja,2023-07-01,245718.41658344926
Mendoza,2023-07-01,277748.6114437453
Misiones,2023-07-01,228892.91060632968
Neuquén,2023-07-01,640029.2374190257
Río Negro,2023-07-01,352743.4918617119
Salta,2023-07-01,288694.7770623043
San Juan,2023-07-01,283115.13325585634
San Luis,2023-07-01,308097.9797657827
Santa Cruz,2023-07-01,709218.4815666626
Santa Fe,2023-07-01,321746.1952866464
Santiago del Estero,2023-07-01,223182.91479211228
Tierra del Fuego,2023-07-01,448674.7619223124
Tucumán,2023-07-01,235622.50209520772
Buenos Aires,2023-08-01,379807.7037366755
C.A.B.A.,2023-08-01,453937.4630631649
Catamarca,2023-08-01,309095.30088829616
Chaco,2023-08-01,279826.26504562143
Chubut,2023-08-01,609965.5457142147
Corrientes,2023-08-01,278089.22900841845
Córdoba,2023-08-01,329505.20974737743
Entre Ríos,2023-08-01,314929.8361633553
Formosa,2023-08-01,293102.7523632533
Jujuy,2023-08-01,330249.13141313684
La Pampa,2023-08-01,336924.9437907152
La Rioja,2023-08-01,285442.4579223258
Mendoza,2023-08-01,315468.8177434574
Misiones,2023-08-01,260255.7601445935
Neuquén,2023-08-01,664035.120310118
Río Negro,2023-08-01,393180.6023970577
Salta,2023-08-01,328799.02241340297
San Juan,2023-08-01,322347.99598280067
San Luis,2023-08-01,347446.85916106525
Santa Cruz,2023-08-01,742638.1943239378
Santa Fe,2023-08-01,362850.41639705235
Santiago del Estero,2023-08-01,257230.89211790927
Tierra del Fuego,2023-08-01,516767.3731989545
Tucumán,2023-08-01,269982.17681633204
Buenos Aires,2023-09-01,428046.76467125636
C.A.B.A.,2023-09-01,508066.96124511294
Catamarca,2023-09-01,341123.8284356732
Chaco,2023-09-01,306608.4521418006
Chubut,2023-09-01,671137.8926168636
Corrientes,2023-09-01,304388.88233293983
Córdoba,2023-09-01,367642.7257204527
Entre Ríos,2023-09-01,340020.6111046807
Formosa,2023-09-01,327115.23819293315
Jujuy,2023-09-01,380701.23911376303
La Pampa,2023-09-01,373152.5794503145
La Rioja,2023-09-01,319562.70281753293
Mendoza,2023-09-01,340285.2809129036
Misiones,2023-09-01,284044.0424001645
Neuquén,2023-09-01,728614.6359124616
Río Negro,2023-09-01,431256.93623382866
Salta,2023-09-01,355767.4981555244
San Juan,2023-09-01,346308.37307974696
San Luis,2023-09-01,383869.87727181986
Santa Cruz,2023-09-01,810310.959000582
Santa Fe,2023-09-01,397759.46326295676
Santiago del Estero,2023-09-01,289208.972399635
Tierra del Fuego,2023-09-01,563904.3003721402
Tucumán,2023-09-01,304293.17911911063
Buenos Aires,2023-10-01,463663.67574480886
C.A.B.A.,2023-10-01,564301.8732594182
Catamarca,2023-10-01,361661.79735997564
Chaco,2023-10-01,333267.8632940218
Chubut,2023-10-01,727821.3544592065
Corrientes,2023-10-01,329630.77922782744
Córdoba,2023-10-01,395614.6927094499
Entre Ríos,2023-10-01,369350.5641033579
Formosa,2023-10-01,347921.64438837563
Jujuy,2023-10-01,418618.62360731314
La Pampa,2023-10-01,395621.07050948706
La Rioja,2023-10-01,343739.73763258837
Mendoza,2023-10-01,365419.15472548
Misiones,2023-10-01,321351.6895669955
Neuquén,2023-10-01,796245.3317187078
Río Negro,2023-10-01,473956.4916933398
Salta,2023-10-01,395860.3338406373
San Juan,2023-10-01,381170.3124903346
San Luis,2023-10-01,415461.37500580575
Santa Cruz,2023-10-01,840370.945268273
Santa Fe,2023-10-01,433350.0691077238
Santiago del Estero,2023-10-01,303371.5141704761
Tierra del Fuego,2023-10-01,614765.3121828637
Tucumán,2023-10-01,341434.23408925295
Buenos Aires,2023-11-01,506779.7548181324
C.A.B.A.,2023-11-01,622483.3501710624
Catamarca,2023-11-01,405108.2582692361
Chaco,2023-11-01,377565.79076843266
Chubut,2023-11-01,789873.7239690048
Corrientes,2023-11-01,375363.62833467155
Córdoba,2023-11-01,439053.19563864707
Entre Ríos,2023-11-01,408740.07654940605
Formosa,2023-11-01,401602.3968788021
Jujuy,2023-11-01,430463.59771979303
La Pampa,2023-11-01,440153.10559749434
La Rioja,2023-11-01,390404.74899192684
Mendoza,2023-11-01,406305.14178478817
Misiones,2023-11-01,356161.2107187364
Neuquén,2023-11-01,870212.4853417891
Río Negro,2023-11-01,510334.1410038597
Salta,2023-11-01,433113.4379913504
San Juan,2023-11-01,438342.9024310257
San Luis,2023-11-01,459021.60669462546
Santa Cruz,2023-11-01,890707.3930802672
Santa Fe,2023-11-01,480669.5126672627
Santiago del Estero,2023-11-01,338965.5625928067
Tierra del Fuego,2023-11-01,704363.5210823435
Tucumán,2023-11-01,384005.84808987234
Buenos Aires,2023-12-01,816768.5709215484
C.A.B.A.,2023-12-01,996492.589974982
Catamarca,2023-12-01,647074.3318106811
Chaco,2023-12-01,594292.0510369127
Chubut,2023-12-01,1273870.3344615619
Corrientes,2023-12-01,602551.7858002977
Córdoba,2023-12-01,723300.4975199783
Entre Ríos,2023-12-01,661523.1773819844
Formosa,2023-12-01,617324.8714769837
Jujuy,2023-12-01,693743.7055318705
La Pampa,2023-12-01,710154.9954197999
La Rioja,2023-12-01,634743.3839443132
Mendoza,2023-12-01,642206.3409442052
Misiones,2023-12-01,550497.1158672284
Neuquén,2023-12-01,1382092.5177276777
Río Negro,2023-12-01,801631.7975445507
Salta,2023-12-01,677118.3499021281
San Juan,2023-12-01,694304.920847812
San Luis,2023-12-01,743610.4018505311
Santa Cruz,2023-12-01,1417625.4200454054
Santa Fe,2023-12-01,773059.9489423089
Santiago del Estero,2023-12-01,523300.6346930701
Tierra del Fuego,2023-12-01,1238242.1742067651
Tucumán,2023-12-01,606209.3853829269
Buenos Aires,2024-01-01,727150.5720633948
C.A.B.A.,2024-01-01,934550.3063683307
Catamarca,2024-01-01,664589.882051737
Chaco,2024-01-01,517684.620681212
Chubut,2024-01-01,1132455.9193126399
Corrientes,2024-01-01,516518.22483032837
Córdoba,2024-01-01,636132.2731417135
Entre Ríos,2024-01-01,590138.3219925616
Formosa,2024-01-01,538728.4907595826
Jujuy,2024-01-01,644671.4616010134
La Pampa,2024-01-01,607158.3001695698
La Rioja,2024-01-01,487540.8676648729
Mendoza,2024-01-01,558602.5119290617
Misiones,2024-01-01,482938.8690845852
Neuquén,2024-01-01,1190052.228280213
Río Negro,2024-01-01,656748.395173035
Salta,2024-01-01,596765.6799274434
San Juan,2024-01-01,702917.7326608603
San Luis,2024-01-01,676482.7582169501
Santa Cruz,2024-01-01,1317569.6534258462
Santa Fe,2024-01-01,695627.087260433
Santiago del Estero,2024-01-01,444446.3380698006
Tierra del Fuego,2024-01-01,978618.7451185632
Tucumán,2024-01-01,546615.1405592082
Buenos Aires,2024-02-01,803750.2358818168
C.A.B.A.,2024-02-01,1093743.3278489227
Catamarca,2024-02-01,633749.9209362231
Chaco,2024-02-01,598548.6023067168
Chubut,2024-02-01,1316163.350493912
Corrientes,2024-02-01,578841.0784407582
Córdoba,2024-02-01,694372.5128393719
Entre Ríos,2024-02-01,665725.2545740344
Formosa,2024-02-01,599819.8630003972
Jujuy,2024-02-01,668042.4081548284
La Pampa,2024-02-01,725113.0878832168
La Rioja,2024-02-01,493330.05777552247
Mendoza,2024-02-01,625465.3591533161
Misiones,2024-02-01,543487.4776988715
Neuquén,2024-02-01,1446741.749378556
Río Negro,2024-02-01,827531.427567917
Salta,2024-02-01,689212.8522407816
San Juan,2024-02-01,729231.8641256018
San Luis,2024-02-01,745420.0418604845
Santa Cruz,2024-02-01,1660175.0369720783
Santa Fe,2024-02-01,767243.2652270753
Santiago del Estero,2024-02-01,515700.3869707837
Tierra del Fuego,2024-02-01,1120561.15066629
Tucumán,2024-02-01,598517.7245627501
Buenos Aires,2024-03-01,915713.0858418301
C.A.B.A.,2024-03-01,1179142.9462419553
Catamarca,2024-03-01,730594.8802634398
Chaco,2024-03-01,647511.9787761032
Chubut,2024-03-01,1382762.570196096
Corrientes,2024-03-01,635425.4487737145
Córdoba,2024-03-01,765537.4792897776
Entre Ríos,2024-03-01,730526.2813005517
Formosa,2024-03-01,658511.5720158647
Jujuy,2024-03-01,748725.8911377178
La Pampa,2024-03-01,769547.2832371308
La Rioja,2024-03-01,594377.9503128517
Mendoza,2024-03-01,711749.4317048657
Misiones,2024-03-01,578207.8449804028
Neuquén,2024-03-01,1627214.3673408618
Río Negro,2024-03-01,891922.679234786
Salta,2024-03-01,778025.3360895037
San Juan,2024-03-01,763642.8368234377
San Luis,2024-03-01,784763.4860686432
Santa Cruz,2024-03-01,1649110.4353319607
Santa Fe,2024-03-01,843708.5595138905
Santiago del Estero,2024-03-01,541516.3637209537
Tierra del Fuego,2024-03-01,1170744.7116833238
Tucumán,2024-03-01,640407.9091919725
Buenos Aires,2024-04-01,1017386.9586415457
C.A.B.A.,2024-04-01,1282816.6429039584
Catamarca,2024-04-01,798330.5870336153
Chaco,2024-04-01,738012.3898879653
Chubut,2024-04-01,1716310.401350864
Corrientes,2024-04-01,716179.2945519525
Córdoba,2024-04-01,882734.4190683984
Entre Ríos,2024-04-01,816797.6325208112
Formosa,2024-04-01,732594.1212154658
Jujuy,2024-04-01,855734.2028282733
La Pampa,2024-04-01,863243.5468348344
La Rioja,2024-04-01,682984.0205210554
Mendoza,2024-04-01,802578.5047263772
Misiones,2024-04-01,633097.0269673425
Neuquén,2024-04-01,1881752.66219627
Río Negro,2024-04-01,1061839.2188211377
Salta,2024-04-01,870210.7545476328
San Juan,2024-04-01,871368.0178051051
San Luis,2024-04-01,930820.6844904571
Santa Cruz,2024-04-01,1925699.7231450726
Santa Fe,2024-04-01,972472.5549214751
Santiago del Estero,2024-04-01,595490.327632107
Tierra del Fuego,2024-04-01,1460825.5694667336
Tucumán,2024-04-01,655603.4699575298
Buenos Aires,2024-05-01,1065949.45980417
C.A.B.A.,2024-05-01,1268861.1060794056
Catamarca,2024-05-01,854948.9057576654
Chaco,2024-05-01,766620.0055783038
Chubut,2024-05-01,1709678.6761546456
Corrientes,2024-05-01,741329.3179061908
Córdoba,2024-05-01,900858.158588395
Entre Ríos,2024-05-01,845493.3136608369
Formosa,2024-05-01,764657.8769247284
Jujuy,2024-05-01,875848.3940481205
La Pampa,2024-05-01,923699.1419708523
La Rioja,2024-05-01,746191.8381076272
Mendoza,2024-05-01,854203.9822576743
Misiones,2024-05-01,685369.3432926738
Neuquén,2024-05-01,1947589.5675547891
Río Negro,2024-05-01,1101121.6585162098
Salta,2024-05-01,923027.7935271286
San Juan,2024-05-01,907565.4416676122
San Luis,2024-05-01,963759.0517552751
Santa Cruz,2024-05-01,1989745.640639802
Santa Fe,2024-05-01,993648.3890437089
Santiago del Estero,2024-05-01,673593.534197817
Tierra del Fuego,2024-05-01,1418420.8725029088
Tucumán,2024-05-01,689945.7124104954
Buenos Aires,2024-06-01,1602935.3628685195
C.A.B.A.,2024-06-01,1913242.5966337444
Catamarca,2024-06-01,1299869.7619501173
Chaco,2024-06-01,1165079.968248734
Chubut,2024-06-01,2700141.858381659
Corrientes,2024-06-01,1133265.5092106902
Córdoba,2024-06-01,1356905.201969937
Entre Ríos,2024-06-01,1289507.371729594
Formosa,2024-06-01,1181417.3267449068
Jujuy,2024-06-01,1330236.1985782587
La Pampa,2024-06-01,1390232.7525521435
La Rioja,2024-06-01,1153275.1745416736
Mendoza,2024-06-01,1263442.434088543
Misiones,2024-06-01,1033865.3813605182
Neuquén,2024-06-01,2952613.2400284
Río Negro,2024-06-01,1624986.6885086715
Salta,2024-06-01,1369916.2586746993
San Juan,2024-06-01,1355000.2683335578
San Luis,2024-06-01,1444999.5106771232
Santa Cruz,2024-06-01,3215022.8550724443
Santa Fe,2024-06-01,1500177.6545682955
Santiago del Estero,2024-06-01,1009013.0287590264
Tierra del Fuego,2024-06-01,2155409.9349311367
Tucumán,2024-06-01,1033708.5015403223
Buenos Aires,2024-07-01,1203432.9453642901
C.A.B.A.,2024-07-01,1422008.6564399872
Catamarca,2024-07-01,979000.8209352007
Chaco,2024-07-01,867865.890559555
Chubut,2024-07-01,2005624.2713395217
Corrientes,2024-07-01,832175.5223265827
Córdoba,2024-07-01,1029969.437896671
Entre Ríos,2024-07-01,961196.035235291
Formosa,2024-07-01,889128.487214722
Jujuy,2024-07-01,1029848.5342466445
La Pampa,2024-07-01,1035537.398163447
La Rioja,2024-07-01,884958.910699574
Mendoza,2024-07-01,956760.1767880603
Misiones,2024-07-01,788603.7052947578
Neuquén,2024-07-01,2157378.1919974727
Río Negro,2024-07-01,1244838.000208168
Salta,2024-07-01,1036691.0466253672
San Juan,2024-07-01,1010722.6199935495
San Luis,2024-07-01,1095953.168716337
Santa Cruz,2024-07-01,2370314.6950759008
Santa Fe,2024-07-01,1125253.4476233616
Santiago del Estero,2024-07-01,746806.0233154072
Tierra del Fuego,2024-07-01,1655835.351417526
Tucumán,2024-07-01,801073.6246869442
Buenos Aires,2024-08-01,1237895.0087018153
C.A.B.A.,2024-08-01,1474324.1565871043
Catamarca,2024-08-01,1015060.9377299856
Chaco,2024-08-01,900892.7205454517
Chubut,2024-08-01,2058785.7260247008
Corrientes,2024-08-01,870592.3082647894
Córdoba,2024-08-01,1049452.9683953845
Entre Ríos,2024-08-01,989422.2454337402
Formosa,2024-08-01,910282.2466120304
Jujuy,2024-08-01,1025422.6652186402
La Pampa,2024-08-01,1069184.3568244248
La Rioja,2024-08-01,924338.0213398496
Mendoza,2024-08-01,996539.3629794585
Misiones,2024-08-01,823735.4424752512
Neuquén,2024-08-01,2236146.6541686123
Río Negro,2024-08-01,1297475.876977996
Salta,2024-08-01,1063978.8819482508
San Juan,2024-08-01,1021883.8196104234
San Luis,2024-08-01,1131284.0145353468
Santa Cruz,2024-08-01,2493067.2354000006
Santa Fe,2024-08-01,1170823.4684640018
Santiago del Estero,2024-08-01,771940.7821645224
Tierra del Fuego,2024-08-01,1679499.6752149314
Tucumán,2024-08-01,838887.5203917881
Buenos Aires,2024-09-01,1303347.596015269
C.A.B.A.,2024-09-01,1536617.8792086344
Catamarca,2024-09-01,1052065.136322476
Chaco,2024-09-01,927792.1334767408
Chubut,2024-09-01,2085736.3176270311
Corrientes,2024-09-01,907351.6381825682
Córdoba,2024-09-01,1091703.922794593
Entre Ríos,2024-09-01,1018274.8623436909
Formosa,2024-09-01,941122.8372100993
Jujuy,2024-09-01,1094780.8020285068
La Pampa,2024-09-01,1103306.826079868
La Rioja,2024-09-01,961453.6778853515
Mendoza,2024-09-01,1045486.9477165344
Misiones,2024-09-01,858886.2989511966
Neuquén,2024-09-01,2302708.2394364607
Río Negro,2024-09-01,1355153.2825044047
Salta,2024-09-01,1100665.886219479
San Juan,2024-09-01,1057941.9700126008
San Luis,2024-09-01,1170935.6421368662
Santa Cruz,2024-09-01,2443859.7808825704
Santa Fe,2024-09-01,1201094.7042411305
Santiago del Estero,2024-09-01,801025.344915654
Tierra del Fuego,2024-09-01,1739109.3011802377
Tucumán,2024-09-01,883904.8699017336
Buenos Aires,2024-10-01,1345280.9991260176
C.A.B.A.,2024-10-01,1611982.831557038
Catamarca,2024-10-01,1138133.8135780285
Chaco,2024-10-01,986743.0844509456
Chubut,2024-10-01,2156694.9443367333
Corrientes,2024-10-01,969990.3821374656
Córdoba,2024-10-01,1165635.4780534364
Entre Ríos,2024-10-01,1084029.1497770466
Formosa,2024-10-01,1012599.2450011275
Jujuy,2024-10-01,1129819.5179460042
La Pampa,2024-10-01,1172060.8399214493
La Rioja,2024-10-01,1028833.1915637379
Mendoza,2024-10-01,1096182.2002933528
Misiones,2024-10-01,941293.4979591421
Neuquén,2024-10-01,2445336.6999279805
Río Negro,2024-10-01,1447019.0698414664
Salta,2024-10-01,1174638.3705500255
San Juan,2024-10-01,1120145.8608316919
San Luis,2024-10-01,1225882.6716271448
Santa Cruz,2024-10-01,2408794.981213023
Santa Fe,2024-10-01,1276253.0453421234
Santiago del Estero,2024-10-01,845325.0707704492
Tierra del Fuego,2024-10-01,1835066.3865442777
Tucumán,2024-10-01,981199.3260539045
Buenos Aires,2024-11-01,1362317.6246470285
C.A.B.A.,2024-11-01,1659656.0396212833
Catamarca,2024-11-01,1141417.6761751717
Chaco,2024-11-01,1014546.7280391229
Chubut,2024-11-01,2277964.195435403
Corrientes,2024-11-01,1004341.1376691171
Córdoba,2024-11-01,1183015.5163966608
Entre Ríos,2024-11-01,1106707.014580255
Formosa,2024-11-01,1063738.7260709554
Jujuy,2024-11-01,1153275.2047261628
La Pampa,2024-11-01,1213200.117506961
La Rioja,2024-11-01,1062635.4437348242
Mendoza,2024-11-01,1110616.736159877
Misiones,2024-11-01,961856.9158122884
Neuquén,2024-11-01,2622249.5506852614
Río Negro,2024-11-01,1465946.1385892467
Salta,2024-11-01,1198017.2676143248
San Juan,2024-11-01,1167934.3067915877
San Luis,2024-11-01,1232019.5137061374
Santa Cruz,2024-11-01,2497840.7837762386
Santa Fe,2024-11-01,1293367.8958178465
Santiago del Estero,2024-11-01,873410.8498083118
Tierra del Fuego,2024-11-01,1889536.5156787038
Tucumán,2024-11-01,1024145.8777671212
Buenos Aires,2024-12-01,2059470.4040832967
C.A.B.A.,2024-12-01,2481082.220701693
Catamarca,2024-12-01,1731868.8203580396
Chaco,2024-12-01,1508523.5664020518
Chubut,2024-12-01,3284441.519172991
Corrientes,2024-12-01,1475671.9906838764
Córdoba,2024-12-01,1826425.8226534138
Entre Ríos,2024-12-01,1691806.6209782318
Formosa,2024-12-01,1552792.8589053943
Jujuy,2024-12-01,1682407.8553241582
La Pampa,2024-12-01,1820347.8995144032
La Rioja,2024-12-01,1631929.910835557
Mendoza,2024-12-01,1631801.6222663647
Misiones,2024-12-01,1436353.8096750148
Neuquén,2024-12-01,3704000.5220048646
Río Negro,2024-12-01,2155790.86445449
Salta,2024-12-01,1752826.5158542036
San Juan,2024-12-01,1713715.1652369255
San Luis,2024-12-01,1897325.1555345315
Santa Cruz,2024-12-01,3660549.5314916754
Santa Fe,2024-12-01,1961010.4546512805
Santiago del Estero,2024-12-01,1307971.8815937315
Tierra del Fuego,2024-12-01,3170731.474325519
Tucumán,2024-12-01,1552012.8511254708
Buenos Aires,2025-01-01,1542074.06
C.A.B.A.,2025-01-01,1921868.95
Catamarca,2025-01-01,1269001.37
Chaco,2025-01-01,1096906.42
Chubut,2025-01-01,2462070.4
Corrientes,2025-01-01,1092523.13
Córdoba,2025-01-01,1362159.68
Entre Ríos,2025-01-01,1261657.53
Formosa,2025-01-01,1153797.69
Jujuy,2025-01-01,1269407.08
La Pampa,2025-01-01,1368900.65
La Rioja,2025-01-01,1079884.73
Mendoza,2025-01-01,1222003.46
Misiones,2025-01-01,1054441.58
Neuquén,2025-01-01,2687300.65
Río Negro,2025-01-01,1493138.71
Salta,2025-01-01,1294537.83
San Juan,2025-01-01,1425993.93
San Luis,2025-01-01,1379509.52
Santa Cruz,2025-01-01,2829831.24
Santa Fe,2025-01-01,1461265.1
Santiago del Estero,2025-01-01,951429
Tierra del Fuego,2025-01-01,2148920.65
Tucumán,2025-01-01,1193709.51
Buenos Aires,2025-02-01,1484371.39
C.A.B.A.,2025-02-01,1990494.71
Catamarca,2025-02-01,1258649.23
Chaco,2025-02-01,1098996.97
Chubut,2025-02-01,2532235.82
Corrientes,2025-02-01,1075890.01
Córdoba,2025-02-01,1304719.5
Entre Ríos,2025-02-01,1201890.98
Formosa,2025-02-01,1130357.33
Jujuy,2025-02-01,1332761.33
La Pampa,2025-02-01,1351128.51
La Rioja,2025-02-01,977250.35
Mendoza,2025-02-01,1199782.56
Misiones,2025-02-01,1055359.58
Neuquén,2025-02-01,2784711.75
Río Negro,2025-02-01,1609046.55
Salta,2025-02-01,1330617.29
San Juan,2025-02-01,1380211.35
San Luis,2025-02-01,1341224.78
Santa Cruz,2025-02-01,3202216.26
Santa Fe,2025-02-01,1429720.75
Santiago del Estero,2025-02-01,1019712.7
Tierra del Fuego,2025-02-01,2137851.6
Tucumán,2025-02-01,1124371.61
Buenos Aires,2025-03-01,1601319.84
C.A.B.A.,2025-03-01,2063063.1
Catamarca,2025-03-01,1244966.27
Chaco,2025-03-01,1130258.66
Chubut,2025-03-01,2488358.5
Corrientes,2025-03-01,1131376.58
Córdoba,2025-03-01,1351363.49
Entre Ríos,2025-03-01,1280522.5
Formosa,2025-03-01,1178472.76
Jujuy,2025-03-01,1294756.59
La Pampa,2025-03-01,1371789.28
La Rioja,2025-03-01,1032444.38
Mendoza,2025-03-01,1277423.45
Misiones,2025-03-01,1087636.79
Neuquén,2025-03-01,3003650.46
Río Negro,2025-03-01,1657971.83
Salta,2025-03-01,1375679.14
San Juan,2025-03-01,1330381.17
San Luis,2025-03-01,1394623.41
Santa Cruz,2025-03-01,2955127.77
Santa Fe,2025-03-01,1496461.97
Santiago del Estero,2025-03-01,1030455.99
Tierra del Fuego,2025-03-01,2224380.53
Tucumán,2025-03-01,1133490.55
Buenos Aires,2025-04-01,1625910.87
C.A.B.A.,2025-04-01,2039876.58
Catamarca,2025-04-01,1270165.73
Chaco,2025-04-01,1159633
Chubut,2025-04-01,2557268.16
Corrientes,2025-04-01,1165283.61
Córdoba,2025-04-01,1423210.48
Entre Ríos,2025-04-01,1300601.94
Formosa,2025-04-01,1217040.71
Jujuy,2025-04-01,1396987.11
La Pampa,2025-04-01,1387034.03
La Rioja,2025-04-01,1108947.1
Mendoza,2025-04-01,1333606.87
Misiones,2025-04-01,1067699.24
Neuquén,2025-04-01,3113407.43
Río Negro,2025-04-01,1736840.38
Salta,2025-04-01,1422306.13
San Juan,2025-04-01,1376833.77
San Luis,2025-04-01,1440131.04
Santa Cruz,2025-04-01,2816484.6
Santa Fe,2025-04-01,1509352.79
Santiago del Estero,2025-04-01,1059248.39
Tierra del Fuego,2025-04-01,2214660.32
Tucumán,2025-04-01,1079540.21
Buenos Aires,2025-05-01,1593921.6
C.A.B.A.,2025-05-01,1939263.11
Catamarca,2025-05-01,1297210.24
Chaco,2025-05-01,1160699.32
Chubut,2025-05-01,2443181.64
Corrientes,2025-05-01,1145331.25
Córdoba,2025-05-01,1390544.61
Entre Ríos,2025-05-01,1298168.1
Formosa,2025-05-01,1223750.2
Jujuy,2025-05-01,1343736.65
La Pampa,2025-05-01,1402127.51
La Rioja,2025-05-01,1119312.95
Mendoza,2025-05-01,1334689.89
Misiones,2025-05-01,1073933.03
Neuquén,2025-05-01,3013276.59
Río Negro,2025-05-01,1735002.02
Salta,2025-05-01,1386723.25
San Juan,2025-05-01,1344332.62
San Luis,2025-05-01,1437012.19
Santa Cruz,2025-05-01,2800975.18
Santa Fe,2025-05-01,1507604.29
Santiago del Estero,2025-05-01,1053955.12
Tierra del Fuego,2025-05-01,2167545.7
Tucumán,2025-05-01,1061514.06
Buenos Aires,2025-06-01,2359231.54
C.A.B.A.,2025-06-01,2862571.13
Catamarca,2025-06-01,1931114.78
Chaco,2025-06-01,1728735.6
Chubut,2025-06-01,3813054.07
Corrientes,2025-06-01,1690686.03
Córdoba,2025-06-01,2066989.55
Entre Ríos,2025-06-01,1909804.92
Formosa,2025-06-01,1774812.64
Jujuy,2025-06-01,1934372.09
La Pampa,2025-06-01,2083903.2
La Rioja,2025-06-01,1696904.64
Mendoza,2025-06-01,1928248.45
Misiones,2025-06-01,1527176.75
Neuquén,2025-06-01,4558699.49
Río Negro,2025-06-01,2530974.2
Salta,2025-06-01,2034499.88
San Juan,2025-06-01,1958697.45
San Luis,2025-06-01,2121140.55
Santa Cruz,2025-06-01,4216268.07
Santa Fe,2025-06-01,2234115.1
Santiago del Estero,2025-06-01,1564131.08
Tierra del Fuego,2025-06-01,3409013.67
Tucumán,2025-06-01,1537806.83
Buenos Aires,2025-07-01,1673727.82
C.A.B.A.,2025-07-01,2124780.39
Catamarca,2025-07-01,1395709.81
Chaco,2025-07-01,1232457.74
Chubut,2025-07-01,2593182.22
Corrientes,2025-07-01,1227655.76
Córdoba,2025-07-01,1483770.79
Entre Ríos,2025-07-01,1372637.19
Formosa,2025-07-01,1287894.9
Jujuy,2025-07-01,1418523.32
La Pampa,2025-07-01,1483876.33
La Rioja,2025-07-01,1240321.54
Mendoza,2025-07-01,1394534.33
Misiones,2025-07-01,1121017.43
Neuquén,2025-07-01,3131144.24
Río Negro,2025-07-01,1852410.98
Salta,2025-07-01,1466685.12
San Juan,2025-07-01,1414213.82
San Luis,2025-07-01,1512783.76
Santa Cruz,2025-07-01,2905541.64
Santa Fe,2025-07-01,1585097.91
Santiago del Estero,2025-07-01,1097502.15
Tierra del Fuego,2025-07-01,2332273.27
Tucumán,2025-07-01,1144508.27
Buenos Aires,2025-08-01,1686922.72
C.A.B.A.,2025-08-01,2076465.84
Catamarca,2025-08-01,1440154.73
Chaco,2025-08-01,1256695.93
Chubut,2025-08-01,2676728.47
Corrientes,2025-08-01,1220726.94
Córdoba,2025-08-01,1484935.69
Entre Ríos,2025-08-01,1375035.02
Formosa,2025-08-01,1302690.09
Jujuy,2025-08-01,1408185.25
La Pampa,2025-08-01,1498772.94
La Rioja,2025-08-01,1274637.43
Mendoza,2025-08-01,1438285.81
Misiones,2025-08-01,1128537.12
Neuquén,2025-08-01,3190181.25
Río Negro,2025-08-01,1883222.41
Salta,2025-08-01,1479918.42
San Juan,2025-08-01,1429573.59
San Luis,2025-08-01,1544274.18
Santa Cruz,2025-08-01,3172801.5
Santa Fe,2025-08-01,1610800.37
Santiago del Estero,2025-08-01,1113733.16
Tierra del Fuego,2025-08-01,2372676.63
Tucumán,2025-08-01,1166048.6
Buenos Aires,2025-09-01,1760752.73
C.A.B.A.,2025-09-01,2151597.49
Catamarca,2025-09-01,1452824.34
Chaco,2025-09-01,1249996.12
Chubut,2025-09-01,2723508.81
Corrientes,2025-09-01,1229548.81
Córdoba,2025-09-01,1503828.77
Entre Ríos,2025-09-01,1378225.33
Formosa,2025-09-01,1317489.14
Jujuy,2025-09-01,1465926
La Pampa,2025-09-01,1521855.91
La Rioja,2025-09-01,1297622.01
Mendoza,2025-09-01,1434401.77
Misiones,2025-09-01,1161006.53
Neuquén,2025-09-01,3262450.43
Río Negro,2025-09-01,1911240.41
Salta,2025-09-01,1482731.33
San Juan,2025-09-01,1445465.51
San Luis,2025-09-01,1542985.27
Santa Cruz,2025-09-01,3182769.34
Santa Fe,2025-09-01,1618962.31
Santiago del Estero,2025-09-01,1128780.34
Tierra del Fuego,2025-09-01,2356834.87
Tucumán,2025-09-01,1182530.74
Buenos Aires,2025-10-01,2023771.26
C.A.B.A.,2025-10-01,2553569.36
Catamarca,2025-10-01,1826195.26
Chaco,2025-10-01,1432719.75
Chubut,2025-10-01,3038755.78
Corrientes,2025-10-01,1400195.09
Córdoba,2025-10-01,1799839.64
Entre Ríos,2025-10-01,1621676.07
Formosa,2025-10-01,1547059.36
Jujuy,2025-10-01,1676022.96
La Pampa,2025-10-01,1777992.48
La Rioja,2025-10-01,1411095.64
Mendoza,2025-10-01,1598983.11
Misiones,2025-10-01,1382776.42
Neuquén,2025-10-01,3596069.41
Río Negro,2025-10-01,1992690.28
Salta,2025-10-01,1659639.2
San Juan,2025-10-01,1886749.01
San Luis,2025-10-01,1778842.5
Santa Cruz,2025-10-01,3569295.9
Santa Fe,2025-10-01,1906037.98
Santiago del Estero,2025-10-01,1270512.76
Tierra del Fuego,2025-10-01,2697143.09
Tucumán,2025-10-01,1525471.29
Buenos Aires,2025-11-01,1968018.16
C.A.B.A.,2025-11-01,2624407.97
Catamarca,2025-11-01,1603765.68
Chaco,2025-11-01,1426578.93
Chubut,2025-11-01,3128714.77
Corrientes,2025-11-01,1393198.1
Córdoba,2025-11-01,1719675.86
Entre Ríos,2025-11-01,1570378.8
Formosa,2025-11-01,1534376.59
Jujuy,2025-11-01,1623886.47
La Pampa,2025-11-01,1850014.15
La Rioja,2025-11-01,1223365.51
Mendoza,2025-11-01,1578067.67
Misiones,2025-11-01,1371925.23
Neuquén,2025-11-01,3777361.08
Río Negro,2025-11-01,2188068.16
Salta,2025-11-01,1699770.06
San Juan,2025-11-01,1846208.31
San Luis,2025-11-01,1745485.33
Santa Cruz,2025-11-01,4472850.03
Santa Fe,2025-11-01,1871731.53
Santiago del Estero,2025-11-01,1321253.96
Tierra del Fuego,2025-11-01,2699457.98
Tucumán,2025-11-01,1425808.3
Buenos Aires,2025-12-01,2053171.99
C.A.B.A.,2025-12-01,2722941.61
Catamarca,2025-12-01,1826269.65
Chaco,2025-12-01,1448453.65
Chubut,2025-12-01,2958749.78
Corrientes,2025-12-01,1437891.46
Córdoba,2025-12-01,1749107.98
Entre Ríos,2025-12-01,1640336.81
Formosa,2025-12-01,1525717.29
Jujuy,2025-12-01,1780179.03
La Pampa,2025-12-01,1801356.64
La Rioja,2025-12-01,1308234.91
Mendoza,2025-12-01,1628095.54
Misiones,2025-12-01,1410385.41
Neuquén,2025-12-01,3808627.11
Río Negro,2025-12-01,2132808.15
Salta,2025-12-01,1786368.91
San Juan,2025-12-01,1798580.46
San Luis,2025-12-01,1767491.93
Santa Cruz,2025-12-01,3768614.78
Santa Fe,2025-12-01,1978080.08
Santiago del Estero,2025-12-01,1353059.04
Tierra del Fuego,2025-12-01,2715172.59
Tucumán,2025-12-01,1391998.8
Buenos Aires,2026-01-01,2023771.26
C.A.B.A.,2026-01-01,2553569.36
Catamarca,2026-01-01,1826195.26
Chaco,2026-01-01,1432719.75
Chubut,2026-01-01,3038755.78
Corrientes,2026-01-01,1400195.09
Córdoba,2026-01-01,1799839.64
Entre Ríos,2026-01-01,1621676.07
Formosa,2026-01-01,1547059.36
Jujuy,2026-01-01,1676022.96
La Pampa,2026-01-01,1777992.48
La Rioja,2026-01-01,1411095.64
Mendoza,2026-01-01,1598983.11
Misiones,2026-01-01,1382776.42
Neuquén,2026-01-01,3596069.41
Río Negro,2026-01-01,1992690.28
Salta,2026-01-01,1659639.2
San Juan,2026-01-01,1886749.01
San Luis,2026-01-01,1778842.5
Santa Cruz,2026-01-01,3569295.9
Santa Fe,2026-01-01,1906037.98
Santiago del Estero,2026-01-01,1270512.76
Tierra del Fuego,2026-01-01,2697143.09
Tucumán,2026-01-01,1525471.29
Buenos Aires,2026-02-01,1968018.16
C.A.B.A.,2026-02-01,2624407.97
Catamarca,2026-02-01,1603765.68
Chaco,2026-02-01,1426578.93
Chubut,2026-02-01,3128714.77
Corrientes,2026-02-01,1393198.1
Córdoba,2026-02-01,1719675.86
Entre Ríos,2026-02-01,1570378.8
Formosa,2026-02-01,1534376.59
Jujuy,2026-02-01,1623886.47
La Pampa,2026-02-01,1850014.15
La Rioja,2026-02-01,1223365.51
Mendoza,2026-02-01,1578067.67
Misiones,2026-02-01,1371925.23
Neuquén,2026-02-01,3777361.08
Río Negro,2026-02-01,2188068.16
Salta,2026-02-01,1699770.06
San Juan,2026-02-01,1846208.31
San Luis,2026-02-01,1745485.33
Santa Cruz,2026-02-01,4472850.03
Santa Fe,2026-02-01,1871731.53
Santiago del Estero,2026-02-01,1321253.96
Tierra del Fuego,2026-02-01,2699457.98
Tucumán,2026-02-01,1425808.3
Buenos Aires,2026-03-01,2053171.99
C.A.B.A.,2026-03-01,2722941.61
Catamarca,2026-03-01,1826269.65
Chaco,2026-03-01,1448453.65
Chubut,2026-03-01,2958749.78
Corrientes,2026-03-01,1437891.46
Córdoba,2026-03-01,1749107.98
Entre Ríos,2026-03-01,1640336.81
Formosa,2026-03-01,1525717.29
Jujuy,2026-03-01,1780179.03
La Pampa,2026-03-01,1801356.64
La Rioja,2026-03-01,1308234.91
Mendoza,2026-03-01,1628095.54
Misiones,2026-03-01,1410385.41
Neuquén,2026-03-01,3808627.11
Río Negro,2026-03-01,2132808.15
Salta,2026-03-01,1786368.91
San Juan,2026-03-01,1798580.46
San Luis,2026-03-01,1767491.93
Santa Cruz,2026-03-01,3768614.78
Santa Fe,2026-03-01,1978080.08
Santiago del Estero,2026-03-01,1353059.04
Tierra del Fuego,2026-03-01,2715172.59
Tucumán,2026-03-01,1391998.8
