jurisdiccion,fecha,salario_promedio,ipc_nacional,ipc_regional,ipc_region,salario_real_nac,salario_real_reg,salario_real_nac_ma12,salario_real_reg_ma12
Buenos Aires,2016-12-01,30041.686981019047,100,100,GBA,30041.686981019047,30041.686981019047,NA,NA
C.A.B.A.,2016-12-01,35780.54182373917,100,100,GBA,35780.54182373917,35780.54182373917,NA,NA
Catamarca,2016-12-01,28119.51493732491,100,100,NOA,28119.514937324915,28119.514937324915,NA,NA
Chaco,2016-12-01,23817.690885778917,100,100,NEA,23817.690885778917,23817.690885778917,NA,NA
Chubut,2016-12-01,47789.21631951807,100,100,Patagonia,47789.21631951807,47789.21631951807,NA,NA
Corrientes,2016-12-01,22978.912600461634,100,100,NEA,22978.912600461634,22978.912600461634,NA,NA
Córdoba,2016-12-01,27427.461679149714,100,100,Pampeana,27427.461679149714,27427.461679149714,NA,NA
Entre Ríos,2016-12-01,24993.228158479596,100,100,Pampeana,24993.228158479596,24993.228158479596,NA,NA
Formosa,2016-12-01,24557.55607687396,100,100,NEA,24557.55607687396,24557.55607687396,NA,NA
Jujuy,2016-12-01,24789.936507903956,100,100,NOA,24789.936507903956,24789.936507903956,NA,NA
La Pampa,2016-12-01,27105.031321393853,100,100,Pampeana,27105.031321393853,27105.031321393853,NA,NA
La Rioja,2016-12-01,24539.49816725487,100,100,NOA,24539.49816725487,24539.49816725487,NA,NA
Mendoza,2016-12-01,24303.57511133741,100,100,Cuyo,24303.57511133741,24303.57511133741,NA,NA
Misiones,2016-12-01,22175.717828818288,100,100,NEA,22175.717828818288,22175.717828818288,NA,NA
Neuquén,2016-12-01,46276.45764140465,100,100,Patagonia,46276.45764140465,46276.45764140465,NA,NA
Río Negro,2016-12-01,29377.190626547817,100,100,Patagonia,29377.190626547814,29377.190626547814,NA,NA
Salta,2016-12-01,22849.07730286938,100,100,NOA,22849.07730286938,22849.07730286938,NA,NA
San Juan,2016-12-01,24533.069690296816,100,100,Cuyo,24533.069690296816,24533.069690296816,NA,NA
San Luis,2016-12-01,29240.640989689015,100,100,Cuyo,29240.64098968901,29240.64098968901,NA,NA
Santa Cruz,2016-12-01,53207.50820685341,100,100,Patagonia,53207.50820685341,53207.50820685341,NA,NA
Santa Fe,2016-12-01,29060.332093238176,100,100,Pampeana,29060.332093238172,29060.332093238172,NA,NA
Santiago del Estero,2016-12-01,20928.313174735707,100,100,NOA,20928.313174735707,20928.313174735707,NA,NA
Tierra del Fuego,2016-12-01,58456.32916150679,100,100,Patagonia,58456.32916150679,58456.32916150679,NA,NA
Tucumán,2016-12-01,23533.33859472399,100,100,NOA,23533.33859472399,23533.33859472399,NA,NA
Buenos Aires,2017-01-01,22594.035620838265,101.5859,101.313,GBA,22241.310674845885,22301.220594433355,NA,NA
C.A.B.A.,2017-01-01,27166.704066223712,101.5859,101.313,GBA,26742.59327940562,26814.628000576147,NA,NA
Catamarca,2017-01-01,19751.368231086195,101.5859,101.6014,NOA,19443.02135541074,19440.05518731651,NA,NA
Chaco,2017-01-01,17219.730474732645,101.5859,101.6727,NEA,16950.906055596934,16936.434730987417,NA,NA
Chubut,2017-01-01,34927.76201476983,101.5859,102.5593,Patagonia,34382.49010420721,34056.162644216405,NA,NA
Corrientes,2017-01-01,16965.40211013544,101.5859,101.6727,NEA,16700.548117539383,16686.290528465794,NA,NA
Córdoba,2017-01-01,21248.04180685917,101.5859,101.7874,Pampeana,20916.32973361379,20874.923425550875,NA,NA
Entre Ríos,2017-01-01,18433.120833659726,101.5859,101.7874,Pampeana,18145.353669810207,18109.432831234244,NA,NA
Formosa,2017-01-01,17841.05324722235,101.5859,101.6727,NEA,17562.529098253155,17547.535618924594,NA,NA
Jujuy,2017-01-01,17134.591425306397,101.5859,101.6014,NOA,16867.096147503144,16864.522954709675,NA,NA
La Pampa,2017-01-01,19900.952110137336,101.5859,101.7874,Pampeana,19590.270017923096,19551.488799337967,NA,NA
La Rioja,2017-01-01,17322.16823027145,101.5859,101.6014,NOA,17051.74461246241,17049.143250261757,NA,NA
Mendoza,2017-01-01,18155.26828544976,101.5859,101.7074,Cuyo,17871.83879401547,17850.489035654988,NA,NA
Misiones,2017-01-01,16101.337351712846,101.5859,101.6727,NEA,15849.972635683542,15836.441199764386,NA,NA
Neuquén,2017-01-01,33428.50572877078,101.5859,102.5593,Patagonia,32906.63933554832,32594.319314553417,NA,NA
Río Negro,2017-01-01,19536.450048735336,101.5859,102.5593,Patagonia,19231.458350750778,19048.930763699966,NA,NA
Salta,2017-01-01,16589.494969462005,101.5859,101.6014,NOA,16330.509420561324,16328.018087803912,NA,NA
San Juan,2017-01-01,19039.963401110876,101.5859,101.7074,Cuyo,18742.722563968895,18720.332444945867,NA,NA
San Luis,2017-01-01,21149.97586773719,101.5859,101.7074,Cuyo,20819.79474290939,20794.923346518728,NA,NA
Santa Cruz,2017-01-01,39102.91069341721,101.5859,102.5593,Patagonia,38492.45878947493,38127.12322862696,NA,NA
Santa Fe,2017-01-01,21483.189339971523,101.5859,101.7874,Pampeana,21147.806280174238,21105.941737357985,NA,NA
Santiago del Estero,2017-01-01,15031.010916096277,101.5859,101.6014,NOA,14796.355513999753,14794.098227087696,NA,NA
Tierra del Fuego,2017-01-01,33540.9199280843,101.5859,102.5593,Patagonia,33017.29858974947,32703.92829132444,NA,NA
Tucumán,2017-01-01,17612.011273388245,101.5859,101.6014,NOA,17337.062794529797,17334.417905056667,NA,NA
Buenos Aires,2017-02-01,21302.004672346386,103.6859,103.8085,GBA,20544.745883814852,20520.482111143487,NA,NA
C.A.B.A.,2017-02-01,26564.698581343237,103.6859,103.8085,GBA,25620.35781272404,25590.099636680272,NA,NA
Catamarca,2017-02-01,17365.261372916866,103.6859,103.7115,NOA,16747.9487306537,16743.814690672552,NA,NA
Chaco,2017-02-01,16878.630933269815,103.6859,103.4617,NEA,16278.61737542888,16313.892902658486,NA,NA
Chubut,2017-02-01,35483.11064568737,103.6859,104.2827,Patagonia,34221.73183208842,34025.88410703537,NA,NA
Corrientes,2017-02-01,16478.373847520244,103.6859,103.4617,NEA,15892.588912783942,15927.027921946234,NA,NA
Córdoba,2017-02-01,19227.11717841734,103.6859,103.5312,Pampeana,18543.61796388645,18571.32649714998,NA,NA
Entre Ríos,2017-02-01,17630.930160748972,103.6859,103.5312,Pampeana,17004.173335765976,17029.58157613258,NA,NA
Formosa,2017-02-01,17573.394286546194,103.6859,103.4617,NEA,16948.68278767527,16985.410336913268,NA,NA
Jujuy,2017-02-01,16869.072195743036,103.6859,103.7115,NOA,16269.39843869131,16265.38252338751,NA,NA
La Pampa,2017-02-01,19910.088590831732,103.6859,103.5312,Pampeana,19202.310623558005,19231.003398812853,NA,NA
La Rioja,2017-02-01,13660.630768377676,103.6859,103.7115,NOA,13175.012965482942,13171.760863913525,NA,NA
Mendoza,2017-02-01,17256.364063185614,103.6859,103.2652,Cuyo,16642.922579816168,16710.725455609067,NA,NA
Misiones,2017-02-01,15879.02409281839,103.6859,103.4617,NEA,15314.545268757265,15347.731665745287,NA,NA
Neuquén,2017-02-01,32799.33560920286,103.6859,104.2827,Patagonia,31633.361536335087,31452.326808955713,NA,NA
Río Negro,2017-02-01,20650.490226599268,103.6859,104.2827,Patagonia,19916.39193622206,19802.41231441003,NA,NA
Salta,2017-02-01,16622.222662492568,103.6859,103.7115,NOA,16031.324087935358,16027.36693856763,NA,NA
San Juan,2017-02-01,18918.93138299104,103.6859,103.2652,Cuyo,18246.38777595704,18320.723131307586,NA,NA
San Luis,2017-02-01,19693.97463920079,103.6859,103.2652,Cuyo,18993.879244140997,19071.259862180865,NA,NA
Santa Cruz,2017-02-01,41774.03034192877,103.6859,104.2827,Patagonia,40289.017447819584,40058.44722272128,NA,NA
Santa Fe,2017-02-01,20688.390662776834,103.6859,103.5312,Pampeana,19952.945060781487,19982.759460700574,NA,NA
Santiago del Estero,2017-02-01,14817.609648120511,103.6859,103.7115,NOA,14290.862738444195,14287.335202094764,NA,NA
Tierra del Fuego,2017-02-01,35048.90174759694,103.6859,104.2827,Patagonia,33802.95850023671,33609.507375237634,NA,NA
Tucumán,2017-02-01,16712.083978839808,103.6859,103.7115,NOA,16117.99095039905,16114.012408305547,NA,NA
Buenos Aires,2017-03-01,22614.42116442496,106.1476,106.2627,GBA,21304.69380789105,21281.617316730102,NA,NA
C.A.B.A.,2017-03-01,28423.879188259187,106.1476,106.2627,GBA,26777.693690916407,26748.689039765777,NA,NA
Catamarca,2017-03-01,17722.611171719014,106.1476,107.055,NOA,16696.195836475825,16554.67859672039,NA,NA
Chaco,2017-03-01,16929.888209167904,106.1476,105.988,NEA,15949.383885427373,15973.400959701008,NA,NA
Chubut,2017-03-01,33952.78423554015,106.1476,106.5167,Patagonia,31986.3889862231,31875.55025225167,NA,NA
Corrientes,2017-03-01,16579.573516503253,106.1476,105.988,NEA,15619.357871966255,15642.877982887925,NA,NA
Córdoba,2017-03-01,19865.57213800411,106.1476,105.8173,Pampeana,18715.045971839318,18773.46344879723,NA,NA
Entre Ríos,2017-03-01,17834.48557109652,106.1476,105.8173,Pampeana,16801.59096493611,16854.03574944411,NA,NA
Formosa,2017-03-01,17498.967958783618,106.1476,105.988,NEA,16485.50505031072,16510.329432373113,NA,NA
Jujuy,2017-03-01,17825.582058151234,106.1476,107.055,NOA,16793.203104122214,16650.863629117026,NA,NA
La Pampa,2017-03-01,19209.658800208646,106.1476,105.8173,Pampeana,18097.1202365467,18153.608909137394,NA,NA
La Rioja,2017-03-01,13586.329163131091,106.1476,107.055,NOA,12799.469006488222,12690.980489590482,NA,NA
Mendoza,2017-03-01,17966.376636720946,106.1476,105.9238,Cuyo,16925.843482773937,16961.605075271986,NA,NA
Misiones,2017-03-01,15703.873903560916,106.1476,105.988,NEA,14794.374911501453,14816.65273763154,NA,NA
Neuquén,2017-03-01,34998.841138635435,106.1476,106.5167,Patagonia,32971.8628952849,32857.6093125636,NA,NA
Río Negro,2017-03-01,21539.852386600196,106.1476,106.5167,Patagonia,20292.359305910068,20222.04254037179,NA,NA
Salta,2017-03-01,16959.04282938973,106.1476,107.055,NOA,15976.849998859825,15841.429946653338,NA,NA
San Juan,2017-03-01,18766.08266510666,106.1476,105.9238,Cuyo,17679.234071337138,17716.587457310503,NA,NA
San Luis,2017-03-01,20541.749584459565,106.1476,105.9238,Cuyo,19352.06220815126,19392.950011668356,NA,NA
Santa Cruz,2017-03-01,40760.56856925563,106.1476,106.5167,Patagonia,38399.89653016708,38266.833810337375,NA,NA
Santa Fe,2017-03-01,21182.345659178303,106.1476,105.8173,Pampeana,19955.55778856828,20017.847421147868,NA,NA
Santiago del Estero,2017-03-01,15773.510234401509,106.1476,107.055,NOA,14859.978213733999,14734.024785765734,NA,NA
Tierra del Fuego,2017-03-01,35441.069451394935,106.1476,106.5167,Patagonia,33388.47929806697,33272.782062714046,NA,NA
Tucumán,2017-03-01,16689.087803202845,106.1476,107.055,NOA,15722.529575047241,15589.26514707659,NA,NA
Buenos Aires,2017-04-01,22342.49081216177,108.9667,109.0613,GBA,20503.962047269273,20486.176867653117,NA,NA
C.A.B.A.,2017-04-01,27506.23913498236,108.9667,109.0613,GBA,25242.79356443974,25220.897912442233,NA,NA
Catamarca,2017-04-01,18213.54408633287,108.9667,109.9626,NOA,16714.77991563741,16563.398906840026,NA,NA
Chaco,2017-04-01,17350.666124071533,108.9667,108.3473,NEA,15922.906836741438,16013.934933377695,NA,NA
Chubut,2017-04-01,34229.46721459826,108.9667,108.6517,Patagonia,31412.777678500184,31503.84873370436,NA,NA
Corrientes,2017-04-01,16806.904508550073,108.9667,108.3473,NEA,15423.890517515969,15512.065836942935,NA,NA
Córdoba,2017-04-01,20598.33252276533,108.9667,108.6912,Pampeana,18903.32782654272,18951.24216382313,NA,NA
Entre Ríos,2017-04-01,18066.61899049686,108.9667,108.6912,Pampeana,16579.945057065008,16621.970307160893,NA,NA
Formosa,2017-04-01,18149.507950032817,108.9667,108.3473,NEA,16656.013213241124,16751.232333461765,NA,NA
Jujuy,2017-04-01,18453.03250686383,108.9667,109.9626,NOA,16934.561207106235,16781.189701647498,NA,NA
La Pampa,2017-04-01,19822.49400131607,108.9667,108.6912,Pampeana,18191.331848460188,18237.441486814085,NA,NA
La Rioja,2017-04-01,15455.251466208416,108.9667,109.9626,NOA,14183.462898489552,14055.00730812878,NA,NA
Mendoza,2017-04-01,18302.88601250796,108.9667,109.4506,Cuyo,16796.77003388004,16722.508613482212,NA,NA
Misiones,2017-04-01,15594.976252621977,108.9667,108.3473,NEA,14311.689949885584,14393.50703951273,NA,NA
Neuquén,2017-04-01,34326.584214604845,108.9667,108.6517,Patagonia,31501.90307186034,31593.23251693701,NA,NA
Río Negro,2017-04-01,21960.100283246345,108.9667,108.6517,Patagonia,20153.03783930902,20211.464968561326,NA,NA
Salta,2017-04-01,17636.6479708844,108.9667,109.9626,NOA,16185.355682868621,16038.76951880403,NA,NA
San Juan,2017-04-01,18407.24742422704,108.9667,109.4506,Cuyo,16892.543707597863,16817.858855252543,NA,NA
San Luis,2017-04-01,20809.622069716806,108.9667,109.4506,Cuyo,19097.230685812094,19012.798531681696,NA,NA
Santa Cruz,2017-04-01,39304.537982553215,108.9667,108.6517,Patagonia,36070.22877865734,36174.802587123086,NA,NA
Santa Fe,2017-04-01,21010.27352652781,108.9667,108.6912,Pampeana,19281.370846807153,19330.243411175707,NA,NA
Santiago del Estero,2017-04-01,15375.138675872688,108.9667,109.9626,NOA,14109.942464874763,13982.152728175479,NA,NA
Tierra del Fuego,2017-04-01,36369.30343652333,108.9667,108.6517,Patagonia,33376.530111055334,33473.29442293432,NA,NA
Tucumán,2017-04-01,15833.302783910423,108.9667,109.9626,NOA,14530.404962167728,14398.807216190255,NA,NA
Buenos Aires,2017-05-01,22599.34541832885,110.5301,110.4607,GBA,20446.326763776426,20459.172735940338,NA,NA
C.A.B.A.,2017-05-01,27129.626144743444,110.5301,110.4607,GBA,24545.01185174305,24560.432936549783,NA,NA
Catamarca,2017-05-01,18601.90066846175,110.5301,111.636,NOA,16829.71486360887,16662.99461505406,NA,NA
Chaco,2017-05-01,17618.692010941766,110.5301,110.4331,NEA,15940.175581983336,15954.176792050363,NA,NA
Chubut,2017-05-01,35260.341753430424,110.5301,110.4897,Patagonia,31901.12173374531,31912.786217566365,NA,NA
Corrientes,2017-05-01,16896.264778164303,110.5301,110.4331,NEA,15286.573320900192,15300.00043299002,NA,NA
Córdoba,2017-05-01,20732.841296408787,110.5301,110.3005,Pampeana,18757.642756505953,18796.68840704148,NA,NA
Entre Ríos,2017-05-01,18528.02712472353,110.5301,110.3005,Pampeana,16762.879183791138,16797.77256197708,NA,NA
Formosa,2017-05-01,18513.87078863993,110.5301,110.4331,NEA,16750.07150870209,16764.78409882538,NA,NA
Jujuy,2017-05-01,18673.47573108636,110.5301,111.636,NOA,16894.47103647455,16727.10929367441,NA,NA
La Pampa,2017-05-01,20354.52075015818,110.5301,110.3005,Pampeana,18415.36445742669,18453.697626174115,NA,NA
La Rioja,2017-05-01,16071.636069159931,110.5301,111.636,NOA,14540.506223336384,14396.463568347068,NA,NA
Mendoza,2017-05-01,19071.446322150827,110.5301,111.3091,Cuyo,17254.52733884329,17133.771023349236,NA,NA
Misiones,2017-05-01,15812.47624630665,110.5301,110.4331,NEA,14306.036316176906,14318.602163940568,NA,NA
Neuquén,2017-05-01,35055.51400071657,110.5301,110.4897,Patagonia,31715.807730850298,31727.404455543427,NA,NA
Río Negro,2017-05-01,22857.526243066302,110.5301,110.4897,Patagonia,20679.910941061575,20687.4724459079,NA,NA
Salta,2017-05-01,18031.18331442648,110.5301,111.636,NOA,16313.369221982499,16151.764049613455,NA,NA
San Juan,2017-05-01,19544.260994946868,110.5301,111.3091,Cuyo,17682.297396769627,17558.547319982707,NA,NA
San Luis,2017-05-01,21602.07758497231,110.5301,111.3091,Cuyo,19544.067710942367,19407.287980023473,NA,NA
Santa Cruz,2017-05-01,42172.226062886664,110.5301,110.4897,Patagonia,38154.51724271186,38168.46824897404,NA,NA
Santa Fe,2017-05-01,21972.884523990822,110.5301,110.3005,Pampeana,19879.548217174164,19920.929210648024,NA,NA
Santiago del Estero,2017-05-01,16030.404921015044,110.5301,111.636,NOA,14503.203128392215,14359.530009150314,NA,NA
Tierra del Fuego,2017-05-01,37252.188520766795,110.5301,110.4897,Patagonia,33703.207108983705,33715.53051620811,NA,NA
Tucumán,2017-05-01,16095.832701868436,110.5301,111.636,NOA,14562.397665313281,14418.138147074811,NA,NA
Buenos Aires,2017-06-01,33409.57311491395,111.8477,111.9943,GBA,29870.594670175557,29831.494205431834,NA,NA
C.A.B.A.,2017-06-01,39603.977350958136,111.8477,111.9943,GBA,35408.84376787197,35362.49376169871,NA,NA
Catamarca,2017-06-01,28064.37116590231,111.8477,112.6924,NOA,25091.594342934462,24903.517154575027,NA,NA
Chaco,2017-06-01,25775.292736179377,111.8477,111.9403,NEA,23044.991301724913,23025.927870641208,NA,NA
Chubut,2017-06-01,54736.213106328825,111.8477,111.7051,Patagonia,48938.16601175422,49000.63927817873,NA,NA
Corrientes,2017-06-01,24952.78796031823,111.8477,111.9403,NEA,22309.61205310277,22291.15694733553,NA,NA
Córdoba,2017-06-01,30359.207357463052,111.8477,111.4058,Pampeana,27143.345243096683,27251.011489045497,NA,NA
Entre Ríos,2017-06-01,27217.408548278432,111.8477,111.4058,Pampeana,24334.348000252514,24430.872134375797,NA,NA
Formosa,2017-06-01,26655.86576514619,111.8477,111.9403,NEA,23832.28780309849,23812.573099362955,NA,NA
Jujuy,2017-06-01,27963.235141266923,111.8477,112.6924,NOA,25001.171361831242,24813.77195025301,NA,NA
La Pampa,2017-06-01,29783.48840382821,111.8477,111.4058,Pampeana,26628.610515753302,26734.23502531126,NA,NA
La Rioja,2017-06-01,24248.67705305436,111.8477,112.6924,NOA,21680.085556568763,21517.57975964161,NA,NA
Mendoza,2017-06-01,27508.38115906731,111.8477,112.4298,Cuyo,24594.498732711814,24467.161872623903,NA,NA
Misiones,2017-06-01,22581.537600412496,111.8477,111.9403,NEA,20189.541314137434,20172.839987397296,NA,NA
Neuquén,2017-06-01,52857.95287613981,111.8477,111.7051,Patagonia,47258.86439876708,47319.193909803405,NA,NA
Río Negro,2017-06-01,32644.377139755776,111.8477,111.7051,Patagonia,29186.45366847577,29223.712381758553,NA,NA
Salta,2017-06-01,26356.626714747592,111.8477,112.6924,NOA,23564.746270819687,23388.113763437097,NA,NA
San Juan,2017-06-01,28205.658663409275,111.8477,112.4298,Cuyo,25217.915668725662,25087.351096781524,NA,NA
San Luis,2017-06-01,32069.521884203237,111.8477,112.4298,Cuyo,28672.491150200887,28524.040676229288,NA,NA
Santa Cruz,2017-06-01,63123.99158059757,111.8477,111.7051,Patagonia,56437.45162448362,56509.49829559937,NA,NA
Santa Fe,2017-06-01,31954.93084656088,111.8477,111.4058,Pampeana,28570.03840629792,28683.363744581413,NA,NA
Santiago del Estero,2017-06-01,23101.272808937967,111.8477,112.6924,NOA,20654.222490885342,20499.40617906617,NA,NA
Tierra del Fuego,2017-06-01,54519.555074512886,111.8477,111.7051,Patagonia,48744.45793209237,48806.68391551763,NA,NA
Tucumán,2017-06-01,23299.349035812436,111.8477,112.6924,NOA,20831.317081900153,20675.17333539124,NA,NA
Buenos Aires,2017-07-01,24533.530497376498,113.7852,113.9199,GBA,21561.266752948977,21535.772501008603,NA,NA
C.A.B.A.,2017-07-01,28634.082738838068,113.7852,113.9199,GBA,25165.03265700466,25135.277277137768,NA,NA
Catamarca,2017-07-01,20140.660285208596,113.7852,114.2857,NOA,17700.59751638051,17623.079952442517,NA,NA
Chaco,2017-07-01,18687.982023283785,113.7852,113.3741,NEA,16423.91279646543,16483.466702962833,NA,NA
Chubut,2017-07-01,39197.36394320775,113.7852,113.3785,Patagonia,34448.56092286848,34572.13135048334,NA,NA
Corrientes,2017-07-01,18088.264561747164,113.7852,113.3741,NEA,15896.851753784465,15954.494511310048,NA,NA
Córdoba,2017-07-01,21996.514041733717,113.7852,113.5783,Pampeana,19331.612583827875,19366.828031176483,NA,NA
Entre Ríos,2017-07-01,19518.092369241247,113.7852,113.5783,Pampeana,17153.454376528094,17184.70198025613,NA,NA
Formosa,2017-07-01,19479.569411323293,113.7852,113.3741,NEA,17119.598516611382,17181.675013361335,NA,NA
Jujuy,2017-07-01,20096.38261787821,113.7852,114.2857,NOA,17661.684136318443,17584.336988685558,NA,NA
La Pampa,2017-07-01,21385.32829500467,113.7852,113.5783,Pampeana,18794.4726511046,18828.70961707005,NA,NA
La Rioja,2017-07-01,18343.034417199902,113.7852,114.2857,NOA,16120.755965802144,16050.157121319555,NA,NA
Mendoza,2017-07-01,20447.327479324205,113.7852,114.0184,Cuyo,17970.111648372727,17933.357667994118,NA,NA
Misiones,2017-07-01,16779.51701793152,113.7852,113.3741,NEA,14746.660389867506,14800.132497573537,NA,NA
Neuquén,2017-07-01,37967.46905999262,113.7852,113.3785,Patagonia,33367.66913446794,33487.36229531403,NA,NA
Río Negro,2017-07-01,23929.63506447412,113.7852,113.3785,Patagonia,21030.533904650274,21105.972529601397,NA,NA
Salta,2017-07-01,18986.927278919713,113.7852,114.2857,NOA,16686.640511173435,16613.56344575018,NA,NA
San Juan,2017-07-01,19927.144778486378,113.7852,114.0184,Cuyo,17512.9496441421,17477.13068985916,NA,NA
San Luis,2017-07-01,22751.11699044803,113.7852,114.0184,Cuyo,19994.794569458973,19953.899537660614,NA,NA
Santa Cruz,2017-07-01,48459.66430922461,113.7852,113.3785,Patagonia,42588.72358551429,42741.49358937066,NA,NA
Santa Fe,2017-07-01,22928.223023235172,113.7852,113.5783,Pampeana,20150.444014894005,20187.15108716645,NA,NA
Santiago del Estero,2017-07-01,16872.49210888576,113.7852,114.2857,NOA,14828.371448031694,14763.432440704093,NA,NA
Tierra del Fuego,2017-07-01,40718.657380412325,113.7852,113.3785,Patagonia,35785.548015394204,35913.91434920406,NA,NA
Tucumán,2017-07-01,17366.12589897543,113.7852,114.2857,NOA,15262.200970754924,15195.362061023761,NA,NA
Buenos Aires,2017-08-01,24313.183135531886,115.3819,115.6031,GBA,21071.921276675013,21031.60134592575,NA,NA
C.A.B.A.,2017-08-01,28839.599770747733,115.3819,115.6031,GBA,24994.90801481665,24947.081670602027,NA,NA
Catamarca,2017-08-01,20741.92137409543,115.3819,115.7385,NOA,17976.754910514934,17921.36702488405,NA,NA
Chaco,2017-08-01,18812.06626493865,115.3819,114.6809,NEA,16304.174454518994,16403.835568903498,NA,NA
Chubut,2017-08-01,38446.41723722958,115.3819,115.3036,Patagonia,33321.01242675808,33343.639953331534,NA,NA
Corrientes,2017-08-01,18131.300611160033,115.3819,114.6809,NEA,15714.163669657055,15810.218276243066,NA,NA
Córdoba,2017-08-01,22106.550265321777,115.3819,115.0905,Pampeana,19159.46111593047,19207.97134891392,NA,NA
Entre Ríos,2017-08-01,19623.138768734716,115.3819,115.0905,Pampeana,17007.12050047253,17050.181178059625,NA,NA
Formosa,2017-08-01,19521.909261111312,115.3819,114.6809,NEA,16919.386195851614,17022.807861737492,NA,NA
Jujuy,2017-08-01,19738.891106920055,115.3819,115.7385,NOA,17107.441554455294,17054.732095992305,NA,NA
La Pampa,2017-08-01,21891.39428822398,115.3819,115.0905,Pampeana,18972.988214116755,19021.026312531423,NA,NA
La Rioja,2017-08-01,18880.71206884711,115.3819,115.7385,NOA,16363.66888467525,16313.25105202427,NA,NA
Mendoza,2017-08-01,20311.863196146183,115.3819,115.5674,Cuyo,17604.029051477035,17575.772403070572,NA,NA
Misiones,2017-08-01,17156.20768241222,115.3819,114.6809,NEA,14869.063243378918,14959.952077819602,NA,NA
Neuquén,2017-08-01,37372.052367884426,115.3819,115.3036,Patagonia,32389.874293874884,32411.869506142415,NA,NA
Río Negro,2017-08-01,24285.474698586055,115.3819,115.3036,Patagonia,21047.90673284636,21062.199878048956,NA,NA
Salta,2017-08-01,19112.361703124407,115.3819,115.7385,NOA,16564.43662578308,16513.40021092757,NA,NA
San Juan,2017-08-01,20321.97276830916,115.3819,115.5674,Cuyo,17612.790886880142,17584.520174641948,NA,NA
San Luis,2017-08-01,22922.566723966534,115.3819,115.5674,Cuyo,19866.692023589952,19834.80352068709,NA,NA
Santa Cruz,2017-08-01,47001.09327874575,115.3819,115.3036,Patagonia,40735.23947754868,40762.9018337205,NA,NA
Santa Fe,2017-08-01,23132.24423723067,115.3819,115.0905,Pampeana,20048.41681167555,20099.177809837187,NA,NA
Santiago del Estero,2017-08-01,17059.47254883824,115.3819,115.7385,NOA,14785.22415460158,14739.669642200512,NA,NA
Tierra del Fuego,2017-08-01,41138.40967877433,115.3819,115.3036,Patagonia,35654.12744873705,35678.3393395994,NA,NA
Tucumán,2017-08-01,17841.225904414616,115.3819,115.7385,NOA,15462.759674103663,15415.117618091315,NA,NA
Buenos Aires,2017-09-01,24754.90448138214,117.5719,117.9656,GBA,21055.119872505365,20984.850228695603,NA,NA
C.A.B.A.,2017-09-01,29326.59699720984,117.5719,117.9656,GBA,24943.542629837437,24860.295710961364,NA,NA
Catamarca,2017-09-01,20434.358968067972,117.5719,117.7781,NOA,17380.30853296406,17349.879959065373,NA,NA
Chaco,2017-09-01,18851.182090436057,117.5719,116.1702,NEA,16033.747936740036,16227.209809775706,NA,NA
Chubut,2017-09-01,39103.8365187724,117.5719,116.7945,Patagonia,33259.50887820338,33480.88867093262,NA,NA
Corrientes,2017-09-01,18102.68779993004,117.5719,116.1702,NEA,15397.121080742969,15582.90146692529,NA,NA
Córdoba,2017-09-01,21994.017084984014,117.5719,117.2947,Pampeana,18706.865403199245,18751.07492920312,NA,NA
Entre Ríos,2017-09-01,19155.238380870112,117.5719,117.2947,Pampeana,16292.360998563527,16330.864379098213,NA,NA
Formosa,2017-09-01,19533.266757996047,117.5719,116.1702,NEA,16613.89052826062,16814.352353698323,NA,NA
Jujuy,2017-09-01,19920.7009076765,117.5719,117.7781,NOA,16943.42007544022,16913.75638397673,NA,NA
La Pampa,2017-09-01,22012.74083300686,117.5719,117.2947,Pampeana,18722.790762934732,18767.03792499308,NA,NA
La Rioja,2017-09-01,19171.878931297742,117.5719,117.7781,NOA,16306.514508396771,16277.965879308415,NA,NA
Mendoza,2017-09-01,20341.70749473552,117.5719,117.5777,Cuyo,17301.504436634536,17300.650969304148,NA,NA
Misiones,2017-09-01,17646.36861489463,117.5719,116.1702,NEA,15009.00182347536,15190.099194883567,NA,NA
Neuquén,2017-09-01,38118.50988918394,117.5719,116.7945,Patagonia,32421.445846485374,32637.247378244643,NA,NA
Río Negro,2017-09-01,24660.185449807548,117.5719,116.7945,Patagonia,20974.557228221664,21114.166720014684,NA,NA
Salta,2017-09-01,18984.5351094287,117.5719,117.7781,NOA,16147.170462864597,16118.900805352354,NA,NA
San Juan,2017-09-01,20122.030974670517,117.5719,117.5777,Cuyo,17114.660029029485,17113.81577856219,NA,NA
San Luis,2017-09-01,23092.499611733536,117.5719,117.5777,Cuyo,19641.172432982316,19640.203551977575,NA,NA
Santa Cruz,2017-09-01,46370.225050106405,117.5719,116.7945,Patagonia,39439.88746469727,39702.40469380528,NA,NA
Santa Fe,2017-09-01,23220.182821049813,117.5719,117.2947,Pampeana,19749.77254007957,19796.4467457181,NA,NA
Santiago del Estero,2017-09-01,16904.80252516901,117.5719,117.7781,NOA,14378.267702715539,14353.094951581837,NA,NA
Tierra del Fuego,2017-09-01,41151.287936684705,117.5719,116.7945,Patagonia,35000.95510635169,35233.92620087822,NA,NA
Tucumán,2017-09-01,17597.97584411981,117.5719,117.7781,NOA,14967.841673154735,14941.636725435214,NA,NA
Buenos Aires,2017-10-01,25589.33003301558,119.3528,119.4985,GBA,21440.07516624292,21413.93409374643,NA,NA
C.A.B.A.,2017-10-01,29706.368149955262,119.3528,119.4985,GBA,24889.544401099316,24859.197521270362,NA,NA
Catamarca,2017-10-01,21741.76010262327,119.3528,119.9939,NOA,18216.380430641988,18119.054470788324,NA,NA
Chaco,2017-10-01,19602.0200920212,119.3528,117.9026,NEA,16423.594663904994,16625.604602461015,NA,NA
Chubut,2017-10-01,40048.67046761639,119.3528,118.7072,Patagonia,33554.86462623114,33737.35583655952,NA,NA
Corrientes,2017-10-01,19056.650748534812,119.3528,117.9026,NEA,15966.655787325317,16163.045385373021,NA,NA
Córdoba,2017-10-01,22776.746119914445,119.3528,119.272,Pampeana,19083.545689681723,19096.47370708502,NA,NA
Entre Ríos,2017-10-01,19747.052278192223,119.3528,119.272,Pampeana,16545.11019280002,16556.31856445119,NA,NA
Formosa,2017-10-01,20858.978761484945,119.3528,117.9026,NEA,17476.74018664409,17691.703797443774,NA,NA
Jujuy,2017-10-01,21768.548269904753,119.3528,119.9939,NOA,18238.82495417347,18141.37907835711,NA,NA
La Pampa,2017-10-01,23033.848997711582,119.3528,119.272,Pampeana,19298.959888424553,19312.033836702314,NA,NA
La Rioja,2017-10-01,20460.86562929458,119.3528,119.9939,NOA,17143.180243190425,17051.588146809616,NA,NA
Mendoza,2017-10-01,20816.525017609365,119.3528,119.5964,Cuyo,17441.170226093873,17405.645167922583,NA,NA
Misiones,2017-10-01,18371.56716925083,119.3528,117.9026,NEA,15392.657038000641,15581.98646107111,NA,NA
Neuquén,2017-10-01,39604.136168119534,119.3528,118.7072,Patagonia,33182.41060797864,33362.87619295168,NA,NA
Río Negro,2017-10-01,25486.29048223785,119.3528,118.7072,Patagonia,21353.743257165188,21469.877549329656,NA,NA
Salta,2017-10-01,20131.834796125127,119.3528,119.9939,NOA,16867.501052447136,16777.381847014833,NA,NA
San Juan,2017-10-01,21024.23276019268,119.3528,119.5964,Cuyo,17615.198604634897,17579.31907665505,NA,NA
San Luis,2017-10-01,24173.68351783545,119.3528,119.5964,Cuyo,20253.972690909177,20212.71837432853,NA,NA
Santa Cruz,2017-10-01,50486.53131638893,119.3528,118.7072,Patagonia,42300.24877203462,42530.30255653316,NA,NA
Santa Fe,2017-10-01,24050.091558798635,119.3528,119.272,Pampeana,20150.420902399135,20164.071667112676,NA,NA
Santiago del Estero,2017-10-01,17424.75175502593,119.3528,119.9939,NOA,14599.36570824139,14521.364631890396,NA,NA
Tierra del Fuego,2017-10-01,41032.53292266651,119.3528,118.7072,Patagonia,34379.19589876945,34566.170310365764,NA,NA
Tucumán,2017-10-01,18759.074262350645,119.3528,119.9939,NOA,15717.33068880717,15633.356580918402,NA,NA
Buenos Aires,2017-11-01,25562.114756996332,120.994,120.8941,GBA,21126.762283250686,21144.22023655111,22600.705515034588,22586.01910152323
C.A.B.A.,2017-11-01,30143.776561861192,120.994,120.8941,GBA,24913.44741215365,24934.034466414152,27085.359242145976,27067.805813153147
Catamarca,2017-11-01,21150.593484390443,120.994,121.506,NOA,17480.696137321225,17407.036265197148,19033.125625822388,18950.69931340674
Chaco,2017-11-01,19705.526390020314,120.994,119.696,NEA,16286.366588442661,16462.978203131526,17448.03903022949,17519.87949686914
Chubut,2017-11-01,40028.1151025827,120.994,120.4376,Patagonia,33082.72732745649,33235.56356369,35691.547237296174,35711.13891062233
Corrientes,2017-11-01,19294.20987468312,120.994,119.696,NEA,15946.418727113016,16119.34390011623,16927.724534407746,16997.361315916478
Córdoba,2017-11-01,22908.255989119167,120.994,121.2004,Pampeana,18933.381811593277,18901.138931157955,20468.469814905602,20497.4670048412
Entre Ríos,2017-11-01,20232.844739639135,120.994,121.2004,Pampeana,16722.18848838714,16693.71119207456,18195.146077237656,18221.055884395333
Formosa,2017-11-01,20770.787935724973,120.994,119.696,NEA,17166.79168861677,17352.950755016856,18174.08772117827,18249.4092314994
Jujuy,2017-11-01,21620.857870522344,120.994,121.506,NOA,17869.36366309267,17794.06603009098,18447.547682259396,18365.087261482982
La Pampa,2017-11-01,22978.39447402683,120.994,121.2004,Pampeana,18991.35037607388,18959.008777220894,20167.55007614303,20196.193586291607
La Rioja,2017-11-01,20479.93843330994,120.994,121.506,NOA,16926.408279179082,16855.084056186475,16735.85894261057,16664.03997189887
Mendoza,2017-11-01,20928.6642463726,120.994,121.4671,Cuyo,17297.274448627697,17229.90360877357,18500.338823715334,18466.263833699482
Misiones,2017-11-01,18804.901241431584,120.994,119.696,NEA,15542.011373647934,15710.551097306163,16041.772674444235,16108.68449595534
Neuquén,2017-11-01,39770.01580048363,120.994,120.4376,Patagonia,32869.41154146787,33021.2622972258,34874.642336193785,34895.09680246998
Río Negro,2017-11-01,25003.171579963717,120.994,120.4376,Patagonia,20664.80286622784,20760.27053010332,21992.362221449035,22007.142770696282
Salta,2017-11-01,20148.480956921972,120.994,121.506,NOA,16652.462896442776,16582.293020033554,17514.120294550645,17435.83991140228
San Juan,2017-11-01,21648.51931051763,120.994,121.4671,Cuyo,17892.225490948003,17822.53738709299,18895.16629419064,18860.982758557406
San Luis,2017-11-01,24252.119491459456,120.994,121.4671,Cuyo,20044.067880605202,19965.998604938668,21293.4055274493,21254.293748965323
Santa Cruz,2017-11-01,45707.91071034456,120.994,120.4376,Patagonia,37777.00605843642,37951.5290161416,41991.01533153326,42016.77610748389
Santa Fe,2017-11-01,24170.376767251637,120.994,121.2004,Pampeana,19976.508560136564,19942.489271695173,21493.596793518853,21524.229471698276
Santiago del Estero,2017-11-01,17688.57464020728,120.994,121.506,NOA,14619.381655460005,14557.77874360713,15612.790699509682,15543.350059671653
Tierra del Fuego,2017-11-01,41784.704685888464,120.994,120.4376,Patagonia,34534.52624583737,34694.06953134939,37486.96778473176,37510.37295640331
Tucumán,2017-11-01,19273.2273301073,120.994,121.506,NOA,15929.076921258325,15861.95523686674,16664.520962680006,16592.548414679542
Buenos Aires,2017-12-01,37289.97423510588,124.7956,125.0392,GBA,29880.840538533317,29822.627012253663,22587.301644827443,22567.764104126116
C.A.B.A.,2017-12-01,44427.72594708117,124.7956,125.0392,GBA,35600.3945227886,35531.03822407786,27070.346967066762,27047.013846514703
Catamarca,2017-12-01,33015.47317911408,124.7956,124.313,NOA,26455.63880386334,26558.343197504753,18894.469281367255,18820.60166842173
Chaco,2017-12-01,28995.477683037912,124.7956,122.2757,NEA,23234.374996424485,23713.19704817712,17399.42937278329,17511.17167706899
Chubut,2017-12-01,59584.848058119154,124.7956,123.4627,Patagonia,47745.95262823301,48261.41665306133,35687.941929689085,35750.488938417606
Corrientes,2017-12-01,28539.032595639525,124.7956,122.2757,NEA,22868.620845317884,23339.905308773144,16918.533554812435,17027.444041609102
Córdoba,2017-12-01,34132.45706333909,124.7956,124.9703,Pampeana,27350.689498138632,27312.455090000658,20462.072133154677,20487.883122412113
Entre Ríos,2017-12-01,31029.721072581575,124.7956,124.9703,Pampeana,24864.435182475645,24829.67638917533,18184.413329237326,18207.426570286647
Formosa,2017-12-01,30678.41707154537,124.7956,122.2757,NEA,24582.931667098335,25089.545242059845,18176.202353696972,18293.74166193156
Jujuy,2017-12-01,28361.730856093334,124.7956,124.313,NOA,22726.54713474941,22814.774686551955,18275.59856782985,18200.49044303698
La Pampa,2017-12-01,33724.502044790046,124.7956,124.9703,Pampeana,27023.790938775124,26986.013512642643,20160.780044258136,20186.27543556234
La Rioja,2017-12-01,30736.249821360423,124.7956,124.313,NOA,24629.27364535322,24724.88784066061,16743.340232452098,16679.489111349347
Mendoza,2017-12-01,30310.593631837688,124.7956,125.5295,Cuyo,24288.190955320293,24146.191637692882,18499.056810713908,18453.148544229105
Misiones,2017-12-01,27091.59615742015,124.7956,122.2757,NEA,21708.775115004177,22156.157075706906,16002.860781626394,16107.054433196057
Neuquén,2017-12-01,57399.779276902336,124.7956,123.4627,Patagonia,45995.034501939444,46491.595661606574,34851.190407905015,34913.024970820145
Río Negro,2017-12-01,36193.84287753297,124.7956,123.4627,Patagonia,29002.499188699738,29315.60939258008,21961.137934961695,22002.01100119897
Salta,2017-12-01,28797.759994698474,124.7956,124.313,NOA,23075.94177575049,23165.52572514417,17533.025667290734,17462.21061325851
San Juan,2017-12-01,31325.280168371173,124.7956,125.5295,Cuyo,25101.26973096101,24954.516801525675,18942.51629757932,18896.10335115981
San Luis,2017-12-01,36977.080845061275,124.7956,125.5295,Cuyo,29630.115841472998,29456.885309876383,21325.86176509797,21272.31410898094
Santa Cruz,2017-12-01,65500.50025761188,124.7956,123.4627,Patagonia,52486.22568232525,53052.865567990884,41930.90845448925,42003.88922091202
Santa Fe,2017-12-01,35677.64337310297,124.7956,124.9703,Pampeana,28588.863207599446,28548.897916627368,21454.307719715627,21481.609956980712
Santiago del Estero,2017-12-01,25700.40089019402,124.7956,124.313,NOA,20593.996014438027,20673.944712293986,15584.930936151542,15522.152687801508
Tierra del Fuego,2017-12-01,70608.02497099504,124.7956,123.4627,Patagonia,56578.93785597813,57189.762552572596,37330.51850927104,37404.825738992135
Tucumán,2017-12-01,28872.86368139634,124.7956,124.313,NOA,23136.12313366524,23225.940715288296,16631.419674258443,16566.93192472657
Buenos Aires,2018-01-01,27498.64610823192,126.9887,127.0147,GBA,21654.40398100927,21649.97130901535,22538.392753674394,22513.493330341284
C.A.B.A.,2018-01-01,34513.78246595098,126.9887,127.0147,GBA,27178.624921706403,27173.06143773199,27106.682937258494,27076.883299611025
Catamarca,2018-01-01,24538.551714605415,126.9887,126.6479,NOA,19323.413590819826,19375.411447489783,18884.501967651348,18815.21469010283
Chaco,2018-01-01,21253.016354164345,126.9887,124.7172,NEA,16736.147668386515,17040.9665660906,17381.532840515756,17519.88266332759
Chubut,2018-01-01,43236.6523808671,126.9887,126.6303,Patagonia,34047.63760938343,34144.002170781474,35660.037555120434,35757.80889896469
Corrientes,2018-01-01,20777.51639672106,126.9887,124.7172,NEA,16361.70493651881,16659.704031778343,16890.29662306072,17025.228500218484
Córdoba,2018-01-01,25493.60644838389,126.9887,127.3092,Pampeana,20075.492109442723,20024.952201713535,20392.002331140422,20417.052187092333
Entre Ríos,2018-01-01,23336.993036098385,126.9887,127.3092,Pampeana,18377.2202062848,18330.95568591931,18203.735540610207,18225.886808177067
Formosa,2018-01-01,23070.250717183026,126.9887,124.7172,NEA,18167.168194637023,18498.050563340923,18226.588945062293,18372.95124063292
Jujuy,2018-01-01,21370.834380520813,126.9887,126.6479,NOA,16828.92602296174,16874.211400679214,18272.417724118066,18201.297813534442
La Pampa,2018-01-01,25091.81402333823,126.9887,127.3092,Pampeana,19759.09196907932,19709.348596439402,20174.84854018782,20199.430418654127
La Rioja,2018-01-01,21188.54865055828,126.9887,126.6479,NOA,16685.381180024902,16730.280289336246,16712.809946415637,16652.91719793889
Mendoza,2018-01-01,22474.35800535257,126.9887,127.4142,Cuyo,17697.91958288617,17638.81734167194,18484.5635431198,18435.509236397185
Misiones,2018-01-01,20045.203051217417,126.9887,124.7172,NEA,15785.028944478852,16072.52492135601,15997.448807359337,16126.728076662026
Neuquén,2018-01-01,41325.9153415184,126.9887,126.6303,Patagonia,32542.986377148834,32635.09234481668,34820.88599470506,34916.42272334208
Río Negro,2018-01-01,24433.113616435086,126.9887,126.6303,Patagonia,19240.384078611,19294.839873580877,21961.881745616713,22022.50342702238
Salta,2018-01-01,21063.69470443416,126.9887,126.6479,NOA,16587.062238163053,16631.696778576006,17554.405068757547,17487.51717082285
San Juan,2018-01-01,25048.602403176403,126.9887,127.4142,Cuyo,19725.064043632545,19659.192149051207,19024.378087551293,18974.341659835256
San Luis,2018-01-01,26376.859568150983,126.9887,127.4142,Cuyo,20771.02889324088,20701.663996753097,21321.79794429226,21264.54249650047
Santa Cruz,2018-01-01,47946.25166126211,126.9887,126.6303,Patagonia,37756.313484004575,37863.17465982637,41869.563012366714,41981.8935068453
Santa Fe,2018-01-01,26679.782265245223,126.9887,127.3092,Pampeana,21009.571926671604,20956.680479686638,21442.788190257073,21469.17151884143
Santiago del Estero,2018-01-01,18561.43753743237,126.9887,126.6479,NOA,14616.605680215935,14655.93786982048,15569.951783336224,15510.639324695909
Tierra del Fuego,2018-01-01,41429.38274782925,126.9887,126.6303,Patagonia,32624.46402540482,32716.800598142192,37297.78229557565,37405.898431226946
Tucumán,2018-01-01,21781.02588330169,126.9887,126.6479,NOA,17151.94019885367,17198.094783491622,16615.992791285433,16555.57166459615
Buenos Aires,2018-02-01,26639.875717014416,130.0606,130.2913,GBA,20482.664017399904,20446.39643400167,22533.21926480648,22507.319523912796
C.A.B.A.,2018-02-01,33087.027527418184,130.0606,130.2913,GBA,25439.700822092305,25394.656072522248,27091.628188039183,27060.59633593119
Catamarca,2018-02-01,21192.902816593712,130.0606,129.236,NOA,16294.637128072387,16398.606283538422,18846.72600076957,18786.447322841657
Chaco,2018-02-01,20444.355960786605,130.0606,127.2934,NEA,15719.100143153733,16060.813805575626,17334.906404492827,17498.792738570683
Chubut,2018-02-01,43948.30474651572,130.0606,129.2057,Patagonia,33790.636631320885,34014.215120939494,35624.11295505647,35756.836483456704
Corrientes,2018-02-01,19950.368605953747,130.0606,127.2934,NEA,15339.286921599429,15672.743917558762,16844.188123795346,17004.038166519527
Córdoba,2018-02-01,24080.871896895696,130.0606,130.294,Pampeana,18515.116720125618,18481.949972290124,20389.627227493685,20409.604143354012
Entre Ríos,2018-02-01,21895.28266357348,130.0606,130.294,Pampeana,16834.677576124883,16804.521055131838,18189.61089397345,18207.13176476034
Formosa,2018-02-01,21621.211138067192,130.0606,127.2934,NEA,16623.951556479973,16985.33556183368,18199.528009129353,18372.945009376286
Jujuy,2018-02-01,20703.494294314227,130.0606,129.236,NOA,15918.344444293067,16019.912636041217,18243.16322458488,18180.841989588916
La Pampa,2018-02-01,25119.93531764154,130.0606,130.294,Pampeana,19314.0238609091,19279.426003992154,20184.157976633745,20203.4656357524
La Rioja,2018-02-01,18033.499381170564,130.0606,129.236,NOA,13865.459163782549,13953.928766884277,16770.34712960727,16718.097856519784
Mendoza,2018-02-01,21350.914114855223,130.0606,130.773,Cuyo,16416.127647308425,16326.699024152711,18465.66396541082,18403.507033775822
Misiones,2018-02-01,19352.15897136746,130.0606,127.2934,NEA,14879.340070219157,15202.798394392372,15961.18170748116,16114.650304049283
Neuquén,2018-02-01,41422.112918764746,130.0606,129.2057,Patagonia,31848.317567937367,32059.044545840272,34838.798997338585,34966.98253474913
Río Negro,2018-02-01,26023.14469500485,130.0606,129.2057,Patagonia,20008.476583227242,20140.864292368562,21969.55546620048,22050.707758518925
Salta,2018-02-01,20918.503520411992,130.0606,129.236,NOA,16083.659094615889,16186.282088900922,17558.766319314258,17500.76010001729
San Juan,2018-02-01,23162.936781529403,130.0606,130.773,Cuyo,17809.341784929027,17712.323477728125,18987.95758829896,18923.641688703636
San Luis,2018-02-01,24923.05150988477,130.0606,130.773,Cuyo,19162.645343697302,19058.254769627347,21335.861785921952,21263.458738787678
Santa Cruz,2018-02-01,52706.43987733886,130.0606,129.2057,Patagonia,40524.52462724212,40792.65843328805,41889.18861065193,42043.07777439253
Santa Fe,2018-02-01,25350.868381706125,130.0606,130.294,Pampeana,19491.581910052795,19456.66598746383,21404.341261029684,21425.330396071702
Santiago del Estero,2018-02-01,18114.276818690225,130.0606,129.236,NOA,13927.566702514232,14016.432587429375,15539.677113675394,15488.064106807125
Tierra del Fuego,2018-02-01,43731.4613163888,130.0606,129.2057,Patagonia,33623.911712224,33846.38705288451,37282.86172990793,37425.63840436419
Tucumán,2018-02-01,20136.840313055334,130.0606,129.236,NOA,15482.659862445149,15581.448136011124,16563.048533955942,16511.191308571615
Buenos Aires,2018-03-01,28230.332245443755,133.1054,133.5028,GBA,21209.005979805293,21145.872779779715,22525.245279132665,22496.007479166932
C.A.B.A.,2018-03-01,35713.37802494241,133.1054,133.5028,GBA,26830.900943870354,26751.03295581996,27096.062125785345,27060.79166226904
Catamarca,2018-03-01,21634.425307606412,133.1054,133.248,NOA,16253.604517627693,16236.210155204142,18809.843390865557,18759.908286048634
Chaco,2018-03-01,20728.935738210963,133.1054,130.3843,NEA,15573.324401722968,15898.337252423002,17303.568114184127,17492.53742963085
Chubut,2018-03-01,42249.62076476802,133.1054,133.2304,Patagonia,31741.47762958379,31711.69700366284,35603.70367533653,35743.182046074304
Corrientes,2018-03-01,20165.11001945446,133.1054,130.3843,NEA,15149.730979700644,15465.903501767054,16805.052549439875,16989.29029309279
Córdoba,2018-03-01,24613.18994521119,133.1054,132.8261,Pampeana,18491.503684456973,18530.386682445085,20370.998703545156,20389.347746158
Entre Ríos,2018-03-01,22419.968625220583,133.1054,132.8261,Pampeana,16843.770895260885,16879.18912414095,18193.125888167182,18209.22787931841
Formosa,2018-03-01,22162.71787223741,133.1054,130.3843,NEA,16650.50243809598,16997.995826366678,18213.27779144479,18413.583875542416
Jujuy,2018-03-01,22402.54149388684,133.1054,133.248,NOA,16830.67816473775,16812.666226800284,18246.286146302842,18194.325539395857
La Pampa,2018-03-01,24419.553086667263,133.1054,132.8261,Pampeana,18346.02734875314,18384.604446465917,20204.90023598428,20222.715263863112
La Rioja,2018-03-01,18507.007590491416,133.1054,133.248,NOA,13904.024622961515,13889.144745505686,16862.393430980046,16817.94487784605
Mendoza,2018-03-01,22047.02426466155,133.1054,133.5455,Cuyo,16563.583644736842,16508.998255022856,18435.475645574395,18365.78979875506
Misiones,2018-03-01,19412.15334709348,133.1054,130.3843,NEA,14584.046437705369,14888.413211631678,15943.65433466482,16120.630343549296
Neuquén,2018-03-01,43426.740064129735,133.1054,133.2304,Patagonia,32625.828902606303,32595.21855682317,34809.96283128203,34945.11663843742
Río Negro,2018-03-01,26998.69150411368,133.1054,133.2304,Patagonia,20283.69360229839,20264.662947881025,21968.833324232837,22054.259459144694
Salta,2018-03-01,21784.89380383865,133.1054,133.248,NOA,16366.649139583105,16349.133798510036,17591.249581041197,17543.068754338685
San Juan,2018-03-01,23082.124517491968,133.1054,133.5455,Cuyo,17341.238234881504,17284.090079779526,18959.791268594323,18887.600240576056
San Luis,2018-03-01,25460.164869991055,133.1054,133.5455,Cuyo,19127.82266533969,19064.786810481113,21317.17515735432,21236.111805355406
Santa Cruz,2018-03-01,50039.08823687783,133.1054,133.2304,Patagonia,37593.58240678277,37558.31119390007,41821.99576703657,41984.034223022754
Santa Fe,2018-03-01,26113.175937356948,133.1054,132.8261,Pampeana,19618.419641394674,19659.67226121745,21376.24641543188,21395.4824660775
Santiago del Estero,2018-03-01,19123.336870531573,133.1054,133.248,NOA,14367.063147349072,14351.687733047831,15498.600858143316,15456.2026857473
Tierra del Fuego,2018-03-01,44217.729733420725,133.1054,133.2304,Patagonia,33220.087038858466,33188.91914564598,37268.82904164055,37418.649827941845
Tucumán,2018-03-01,20634.118237173403,133.1054,133.248,NOA,15502.089499880098,15485.49939749445,16544.678527692013,16502.5441627731
Buenos Aires,2018-04-01,28250.433861695445,136.7512,136.938,GBA,20658.271270522997,20630.090889085168,22538.104381070476,22508.00031428627
C.A.B.A.,2018-04-01,34840.56704460508,136.7512,136.938,GBA,25477.339171140782,25442.584998032016,27115.60759301043,27079.265586068188
Catamarca,2018-04-01,22952.18715968759,136.7512,137.0205,NOA,16783.901830249088,16750.914760701933,18815.603550416534,18775.534607203794
Chaco,2018-04-01,21699.37610103447,136.7512,133.8357,NEA,15867.777468157112,16213.443872624772,17298.974000135433,17509.163174568104
Chubut,2018-04-01,44774.91228016791,136.7512,136.8583,Patagonia,32741.878886743154,32716.256361629446,35714.462109356784,35844.21601506806
Corrientes,2018-04-01,21081.310426637367,136.7512,133.8357,NEA,15415.813847803433,15751.634598718701,16804.3794936305,17009.2543565741
Córdoba,2018-04-01,25445.185327196945,136.7512,136.6295,Pampeana,18606.919227909475,18623.492969817606,20346.297986992387,20362.035313324206
Entre Ríos,2018-04-01,22832.458032582846,136.7512,136.6295,Pampeana,16696.349306318953,16711.221246204404,18202.826242271676,18216.665457572035
Formosa,2018-04-01,23293.373932667393,136.7512,133.8357,NEA,17033.396367028145,17404.454814871813,18244.72638759371,18468.019082326588
Jujuy,2018-04-01,22593.603462009316,136.7512,137.0205,NOA,16521.68570514139,16489.21399499295,18211.879854472438,18169.99423050798
La Pampa,2018-04-01,25099.21645208332,136.7512,136.6295,Pampeana,18353.927754991048,18370.276149794387,20218.449894861853,20233.784819111468
La Rioja,2018-04-01,20482.31554638892,136.7512,137.0205,NOA,14977.79584119841,14948.358491166593,16928.58784287245,16892.390809765868
Mendoza,2018-04-01,22766.746592496296,136.7512,138.0246,Cuyo,16648.2974866007,16494.70209839137,18423.102933301117,18346.80592249749
Misiones,2018-04-01,19317.64599181467,136.7512,133.8357,NEA,14126.125395473435,14433.851350435398,15928.190621797141,16123.992369459516
Neuquén,2018-04-01,44361.22597098579,136.7512,136.8583,Patagonia,32439.36870095896,32413.982908589234,34888.08496704025,35013.51250440844
Río Negro,2018-04-01,28031.89705025033,136.7512,136.8583,Patagonia,20498.46513248171,20482.423828332172,21997.61893199723,22076.839364125597
Salta,2018-04-01,22798.55702206936,136.7512,137.0205,NOA,16671.559022567522,16638.79275150022,17631.766526016105,17593.0706903967
San Juan,2018-04-01,23448.38532157483,136.7512,138.0246,Cuyo,17146.749221633763,16988.555171741005,18980.975061430647,18901.824933616757
San Luis,2018-04-01,26347.10875926196,136.7512,138.0246,Cuyo,19266.455255428806,19088.705027409578,21331.277204822378,21242.43734666606
Santa Cruz,2018-04-01,50000.87796776804,136.7512,136.8583,Patagonia,36563.39247316882,36534.77937967083,41863.09274157919,42014.032289068404
Santa Fe,2018-04-01,26526.67032008421,136.7512,136.6295,Pampeana,19397.760546221318,19415.038714248538,21385.94555704973,21402.548741333572
Santiago del Estero,2018-04-01,19123.292639831183,136.7512,137.0205,NOA,13984.003533300753,13956.519382013044,15488.105947178816,15454.066573567097
Tierra del Fuego,2018-04-01,44611.804454828314,136.7512,136.8583,Patagonia,32622.60547244069,32597.07628607714,37206.001988422664,37345.63164987042
Tucumán,2018-04-01,19800.007033257425,136.7512,137.0205,NOA,14478.854323221605,14450.397592518948,16540.382641113167,16506.843360800493
Buenos Aires,2018-05-01,28496.821174437147,139.5893,139.58,GBA,20414.760425360073,20416.12062934313,22535.473852869116,22504.412638736503
C.A.B.A.,2018-05-01,34288.86053346359,139.5893,139.58,GBA,24564.103791238715,24565.740459566976,27117.198587968403,27079.707879652953
Catamarca,2018-05-01,22747.93021703191,139.5893,140.178,NOA,16296.328025881572,16227.888981888676,18771.15464727259,18739.27580444001
Chaco,2018-05-01,22084.05067166174,139.5893,137.2536,NEA,15820.733159104413,16089.96097126905,17289.020464895522,17520.47852283633
Chubut,2018-05-01,47007.183050330255,139.5893,139.5783,Patagonia,33675.34836146485,33678.002275661944,35862.31432833341,35991.31735324269
Corrientes,2018-05-01,21234.16788919883,139.5893,137.2536,NEA,15211.887937828205,15470.754784718818,16798.155711707834,17023.483885884834
Córdoba,2018-05-01,25900.157065881733,139.5893,139.6555,Pampeana,18554.543267916473,18545.747976901544,20329.37302960993,20341.123610812545
Entre Ríos,2018-05-01,23172.279745145155,139.5893,139.6555,Pampeana,16600.326633305816,16592.457687055045,18189.2801963979,18199.555884661866
Formosa,2018-05-01,23581.02647361838,139.5893,137.2536,NEA,16893.147593417532,17180.625115565916,18256.64939465333,18502.6725003883
Jujuy,2018-05-01,23070.633357895404,139.5893,140.178,NOA,16527.508453653256,16458.098530365252,18181.299639237328,18147.57666689888
La Pampa,2018-05-01,25897.67448780677,139.5893,139.6555,Pampeana,18552.764780543184,18543.970332573204,20229.899921788226,20241.307544644726
La Rioja,2018-05-01,21449.164955427288,139.5893,140.178,NOA,15365.909102937894,15301.377502480622,16997.371416172577,16967.800304276996
Mendoza,2018-05-01,24042.13311395321,139.5893,140.5213,Cuyo,17223.47852876489,17109.244729413414,18420.51553246125,18344.762064669507
Misiones,2018-05-01,19578.179072089926,139.5893,137.2536,NEA,14025.558600902737,14264.237201858405,15904.817478857627,16119.461955952671
Neuquén,2018-05-01,48493.31789258356,139.5893,139.5783,Patagonia,34739.9964700615,34742.7342879112,35140.10069530785,35264.789990439094
Río Negro,2018-05-01,29151.653120290543,139.5893,139.5783,Patagonia,20883.873706860442,20885.51954013664,22014.615829147137,22093.34328864466
Salta,2018-05-01,22747.463152503457,139.5893,140.178,NOA,16295.993426790918,16227.555788000584,17630.318543083475,17599.386668595627
San Juan,2018-05-01,24324.8057108261,139.5893,140.5213,Cuyo,17425.981583707417,17310.40469368423,18959.61541034213,18881.14638142522
San Luis,2018-05-01,27392.55749941582,139.5893,140.5213,Cuyo,19623.67996645575,19493.526959554045,21337.911559448494,21249.62392829361
Santa Cruz,2018-05-01,57685.55358298178,139.5893,139.5783,Patagonia,41325.19726295768,41328.45405265846,42127.31607659967,42277.36443937544
Santa Fe,2018-05-01,27339.05590675534,139.5893,139.6555,Pampeana,19585.35210560934,19576.068186899436,21361.429214419328,21373.810322687856
Santiago del Estero,2018-05-01,19803.7072566968,139.5893,140.178,NOA,14187.124125342558,14127.543021513222,15461.76603025801,15434.734324597339
Tierra del Fuego,2018-05-01,46700.338444618836,139.5893,139.5783,Patagonia,33455.52878667551,33458.16537715306,37185.362128230314,37324.18455494916
Tucumán,2018-05-01,19873.98144195782,139.5893,140.178,NOA,14237.46765830749,14177.675128734769,16513.30514052935,16486.804775938825
Buenos Aires,2018-06-01,41801.78012719697,144.8053,145.0582,GBA,28867.57606744848,28817.24723400468,22451.888969308526,22419.89205778424
C.A.B.A.,2018-06-01,49867.62642744348,144.8053,145.0582,GBA,34437.70803102061,34377.668017005235,27036.270609897456,26997.639067595162
Catamarca,2018-06-01,33580.05256042156,144.8053,144.9444,NOA,23189.795235686513,23167.540491679265,18612.67138833526,18594.611082532032
Chaco,2018-06-01,31882.59912224411,144.8053,141.5055,NEA,22017.563668073002,22530.996408085983,17203.40149542453,17479.23423429006
Chubut,2018-06-01,66500.59713603587,144.8053,144.143,Patagonia,45924.14582617892,46135.155460921356,35611.14597953547,35752.52703513791
Corrientes,2018-06-01,30766.86219736973,144.8053,141.5055,NEA,21247.05532005371,21742.52039487492,16709.60931728708,16977.764173179785
Córdoba,2018-06-01,37361.39919179593,144.8053,144.8408,Pampeana,25801.12688678932,25794.80311610812,20217.52149991765,20219.772913067765
Entre Ríos,2018-06-01,34077.49572892956,144.8053,144.8408,Pampeana,23533.320761691433,23527.552822774775,18122.52792651781,18124.27927536178
Formosa,2018-06-01,33957.70647000215,144.8053,141.5055,NEA,23450.596400823833,23997.446367810542,18224.841777797108,18518.078606092266
Jujuy,2018-06-01,33039.324667910376,144.8053,144.9444,NOA,22816.378038587245,22794.481654972788,17999.233528966997,17979.30247562553
La Pampa,2018-06-01,37374.47765661088,144.8053,144.8408,Pampeana,25810.158645167605,25803.83266083236,20161.69559923942,20163.774014271487
La Rioja,2018-06-01,32131.408133431378,144.8053,144.9444,NOA,22189.386806581926,22168.09213286707,17039.813187007006,17022.009668712453
Mendoza,2018-06-01,33838.24019140166,144.8053,145.6472,Cuyo,23368.09508450427,23233.017999248637,18318.315228443957,18241.916741888235
Misiones,2018-06-01,27553.39364244988,144.8053,141.5055,NEA,19027.890306811893,19471.606151315587,15808.013228247164,16061.025802945862
Neuquén,2018-06-01,65778.4982820098,144.8053,144.143,Patagonia,45425.47702467368,45634.19540457032,34987.3184141334,35124.37344833634
Río Negro,2018-06-01,40468.73048206605,144.8053,144.143,Patagonia,27946.995366927906,28075.4046204575,21911.32763735148,21997.650975202905
Salta,2018-06-01,32923.88651317624,144.8053,144.9444,NOA,22736.658473948293,22714.83859547264,17561.311226677524,17543.28040459859
San Juan,2018-06-01,34629.58433330462,144.8053,145.6472,Cuyo,23914.58346711386,23776.34745694021,18851.004393541145,18771.89607810511
San Luis,2018-06-01,39292.356337335295,144.8053,145.6472,Cuyo,27134.612018576183,26977.762934910726,21209.754965146436,21120.7674498504
Santa Cruz,2018-06-01,77709.08847604415,144.8053,144.143,Patagonia,53664.53332581346,53911.10804967577,41896.239551710496,42060.8319188818
Santa Fe,2018-06-01,39239.41910971167,144.8053,144.8408,Pampeana,27098.05449780614,27091.412854466194,21238.763888711677,21241.147748511587
Santiago del Estero,2018-06-01,28230.23993648792,144.8053,144.9444,NOA,19495.308484211506,19476.599259086877,15365.189863035192,15349.500414599066
Tierra del Fuego,2018-06-01,67213.87382794372,144.8053,144.143,Patagonia,46416.722197284034,46629.99509372201,36991.38415032962,37142.793819799524
Tucumán,2018-06-01,28936.408236889027,144.8053,144.9444,NOA,19982.975924837716,19963.79869583718,16442.61004410748,16427.523555975986
Buenos Aires,2018-07-01,30539.513703934448,149.2966,149.1178,GBA,20455.598924512982,20480.126251818663,22359.749983605525,22331.92153701841
C.A.B.A.,2018-07-01,35596.920523845794,149.2966,149.1178,GBA,23843.088539086482,23871.677642672974,26926.10860007094,26892.33909805643
Catamarca,2018-07-01,23561.420586870987,149.2966,149.9066,NOA,15781.618996595358,15717.400425912527,18452.756511686497,18435.8044553212
Chaco,2018-07-01,22585.09230390261,149.2966,146.3416,NEA,15127.66687513487,15433.132003410248,17095.381001980317,17391.70634266068
Chubut,2018-07-01,49002.611131943304,149.2966,148.7858,Patagonia,32822.322231010825,32935.0053109526,35475.62608854733,35616.09986517701
Corrientes,2018-07-01,22568.535948554945,149.2966,146.3416,NEA,15116.577302199074,15421.818504481942,16644.586446321628,16933.374505944106
Córdoba,2018-07-01,27295.618607772692,149.2966,149.6247,Pampeana,18282.813277578116,18242.722363201192,20130.12155773017,20126.097440736492
Entre Ríos,2018-07-01,24194.64126797729,149.2966,149.6247,Pampeana,16205.755032584324,16170.218732587127,18043.552981189165,18039.739004722698
Formosa,2018-07-01,24105.782329890502,149.2966,146.3416,NEA,16146.236638939201,16472.269217973906,18143.728287991093,18458.961456476645
Jujuy,2018-07-01,24341.92916247264,149.2966,149.9066,NOA,16304.40958633528,16238.063675963995,17886.1273164684,17867.11303289873
La Pampa,2018-07-01,26601.04371432332,149.2966,149.6247,Pampeana,17817.581722774208,17778.51097734754,20080.288021878554,20076.25746096128
La Rioja,2018-07-01,23402.982579514308,149.2966,149.9066,NOA,15675.49601230993,15611.70927731955,17002.708190882655,16985.47234837912
Mendoza,2018-07-01,24432.52722123397,149.2966,150.9503,Cuyo,16365.092856256584,16185.808985629024,18184.563662434277,18096.287685024476
Misiones,2018-07-01,20400.18002370086,149.2966,146.3416,NEA,13664.195985508619,13940.110005426252,15717.807861217258,15989.357261933586
Neuquén,2018-07-01,48104.36606000989,149.2966,148.7858,Patagonia,32220.670839128208,32331.288375644646,34891.73522285509,35028.03395503055
Río Negro,2018-07-01,29707.12428524733,149.2966,148.7858,Patagonia,19898.05815085362,19966.370638358858,21816.954657868424,21902.684150932695
Salta,2018-07-01,23234.887855298923,149.2966,149.9066,NOA,15562.904885509062,15499.576306379387,17467.666591205492,17450.448142984358
San Juan,2018-07-01,24237.385835587014,149.2966,150.9503,Cuyo,16234.38566959128,16056.533730364905,18744.45739566191,18653.512998147256
San Luis,2018-07-01,28262.290264808496,149.2966,150.9503,Cuyo,18930.297317426182,18722.910961295536,21121.04686081037,21018.18506848664
Santa Cruz,2018-07-01,59374.651300983896,149.2966,148.7858,Patagonia,39769.593748942636,39906.12766875864,41661.31206532953,41824.55142549747
Santa Fe,2018-07-01,27956.289003791822,149.2966,149.6247,Pampeana,18725.33534172367,18684.274056216538,21120.00483261415,21115.907995932426
Santiago del Estero,2018-07-01,20202.67099999963,149.2966,149.9066,NOA,13531.902936838233,13476.838911695435,15257.150820435736,15242.284287181677
Tierra del Fuego,2018-07-01,46162.203019538465,149.2966,148.7858,Patagonia,30919.795239502084,31025.946709658092,36585.90475233861,36735.463183170694
Tucumán,2018-07-01,20982.07756790406,149.2966,149.9066,NOA,14053.95539342762,13996.767032208096,16341.92291266354,16327.640636908012
Buenos Aires,2018-08-01,30837.825680437876,155.1034,155.1747,GBA,19882.108116545398,19872.97264337413,22260.598886928055,22235.36914513911
C.A.B.A.,2018-08-01,36444.32905908028,155.1034,155.1747,GBA,23496.795724065545,23485.999366572178,26801.265909175017,26770.582239387277
Catamarca,2018-08-01,23237.57105659191,155.1034,155.8659,NOA,14981.986891707023,14908.694625695493,18203.192510119174,18184.748422055487
Chaco,2018-08-01,23112.65852978038,155.1034,152.1739,NEA,14901.451889372109,15188.319764283086,16978.48745488474,17290.41335894231
Chubut,2018-08-01,50344.31124579875,155.1034,154.2103,Patagonia,32458.54781120127,32646.529606517044,35403.75403725093,35558.007336275805
Corrientes,2018-08-01,22658.486490640986,155.1034,152.1739,NEA,14608.63300910295,14889.863827266689,16552.458891275455,16856.678301862743
Córdoba,2018-08-01,27314.153132568255,155.1034,155.2167,Pampeana,17610.286513750347,17597.431933914493,20001.02367421516,19991.88582281987
Entre Ríos,2018-08-01,24635.910096575284,155.1034,155.2167,Pampeana,15883.539688088906,15871.945542312964,17949.921246823862,17941.552701743807
Formosa,2018-08-01,24635.221806355137,155.1034,152.1739,NEA,15883.095925914673,16188.861431792926,18057.370765496347,18389.46592064793
Jujuy,2018-08-01,25600.794744870465,155.1034,155.8659,NOA,16505.630917742918,16424.88494588647,17835.9764300757,17814.625770389914
La Pampa,2018-08-01,27328.878415381067,155.1034,155.2167,Pampeana,17619.78036289409,17606.91885304936,19967.520700943332,19958.415172671106
La Rioja,2018-08-01,23589.226073431844,155.1034,155.8659,NOA,15208.709849965795,15134.308449399028,16906.46160465687,16887.22713149368
Mendoza,2018-08-01,25124.3556710937,155.1034,156.0822,Cuyo,16198.455785684711,16096.874384839335,18067.432556951582,17973.046183505205
Misiones,2018-08-01,21060.990533473865,155.1034,152.1739,NEA,13578.677536065532,13840.080679718312,15610.275718941142,15896.034645425147
Neuquén,2018-08-01,49795.96925537908,155.1034,154.2103,Patagonia,32105.0146259715,32290.94895436886,34867.99691719648,35017.957242382756
Río Negro,2018-08-01,30834.484071022736,155.1034,154.2103,Patagonia,19879.95367672323,19995.087274340778,21719.62523652483,21813.75810062368
Salta,2018-08-01,23795.509597734836,155.1034,155.8659,NOA,15341.707272525835,15266.655245140106,17365.772478434057,17346.552729168736
San Juan,2018-08-01,25135.33510414357,155.1034,156.0822,Cuyo,16205.534568644898,16103.908776365,18627.186035808973,18530.12871495751
San Luis,2018-08-01,28627.6034666618,155.1034,156.0822,Cuyo,18457.108913577522,18341.363375619898,21003.58160164267,20893.731723064375
Santa Cruz,2018-08-01,62157.49335588082,155.1034,154.2103,Patagonia,40074.87479699402,40306.96610789346,41606.2816752833,41786.55678167855
Santa Fe,2018-08-01,28483.388498900003,155.1034,155.2167,Pampeana,18364.12902547591,18350.72418038781,20979.647517097514,20970.203526811645
Santiago del Estero,2018-08-01,20914.648568712375,155.1034,155.8659,NOA,13484.326306652449,13418.360634822866,15148.742666439975,15132.17520323354
Tierra del Fuego,2018-08-01,47700.02508109644,155.1034,154.2103,Patagonia,30753.694039651255,30931.802273321853,36177.53530158146,36339.918427647564
Tucumán,2018-08-01,21786.150393666707,155.1034,155.8659,NOA,14046.21071728067,13977.496292432603,16223.877166261624,16207.838859769787
Buenos Aires,2018-09-01,31687.80092133641,165.2383,165.4903,GBA,19177.03154857948,19147.8297648481,22104.0915266009,22082.28410648515
C.A.B.A.,2018-09-01,37833.815277102,165.2383,165.4903,GBA,22896.516895357796,22861.651273278254,26630.680431301713,26604.028536247017
Catamarca,2018-09-01,23842.33442137157,165.2383,165.1776,NOA,14429.060587873133,14434.363025841018,17957.255181361597,17941.788677620123
Chaco,2018-09-01,23607.665827112585,165.2383,163.3,NEA,14287.042306240493,14456.623286658043,16832.928652343115,17142.86448201584
Chubut,2018-09-01,52393.211167304624,165.2383,164.3327,Patagonia,31707.667754573016,31882.401474146427,35274.43394361506,35424.800069876954
Corrientes,2018-09-01,23108.452835634613,165.2383,163.3,NEA,13984.925308257596,14150.920291264305,16434.775910235006,16737.346537224326
Córdoba,2018-09-01,27539.811153276412,165.2383,165.0633,Pampeana,16666.723848693924,16684.39389814478,19831.011878006382,19819.66240356501
Entre Ríos,2018-09-01,24827.114711668102,165.2383,165.0633,Pampeana,15025.036393903894,15040.965927415786,17844.310863102226,17834.061164103605
Formosa,2018-09-01,25020.715492394076,165.2383,163.3,NEA,15142.200986329484,15321.93232847157,17934.72997033542,18265.09758521237
Jujuy,2018-09-01,25519.23484547996,165.2383,165.1776,NOA,15443.898203673094,15449.573577458421,17711.016274095105,17692.610536513388
La Pampa,2018-09-01,28558.078950036062,165.2383,165.0633,Pampeana,17282.965843897004,17301.28923269804,19847.53529102352,19836.269448313185
La Rioja,2018-09-01,24006.060193881694,165.2383,165.1776,NOA,14528.145226549592,14533.484076461755,16758.264164502936,16741.853647923126
Mendoza,2018-09-01,25418.62796076572,165.2383,166.7562,Cuyo,15383.01226820036,15242.988243175196,17907.55820958207,17801.574289661126
Misiones,2018-09-01,21654.40023091282,165.2383,163.3,NEA,13104.952199891199,13260.502284698603,15451.604916975795,15735.234902909733
Neuquén,2018-09-01,51553.70858667151,165.2383,164.3327,Patagonia,31199.612067342445,31371.546007989593,34766.17743560123,34912.48212819484
Río Negro,2018-09-01,31549.072163425753,165.2383,164.3327,Patagonia,19093.074767427257,19198.29234438779,21562.83503145863,21654.101902654773
Salta,2018-09-01,24062.83182336842,165.2383,165.1776,NOA,14562.502654268665,14567.854129959762,17233.71682771773,17217.298839552685
San Juan,2018-09-01,25333.660402447094,165.2383,166.7562,Cuyo,15331.59104302519,15192.03508022316,18478.59695364195,18369.980323429256
San Luis,2018-09-01,28729.541248222828,165.2383,166.7562,Cuyo,17386.732524010975,17228.46961505649,20815.71160922839,20692.753894987618
Santa Cruz,2018-09-01,68025.44720279866,165.2383,164.3327,Patagonia,41168.087061412916,41394.9549924018,41750.29830834294,41927.602639894925
Santa Fe,2018-09-01,29003.03934458252,165.2383,165.0633,Pampeana,17552.249898832484,17570.858782408035,20796.520630326922,20784.737863202474
Santiago del Estero,2018-09-01,21001.23735270226,165.2383,165.1776,NOA,12709.666798013694,12714.337387576923,15009.692591048155,14995.612072899798
Tierra del Fuego,2018-09-01,46942.556385419884,165.2383,164.3327,Patagonia,28409.004683187784,28565.56022350992,35628.206099651135,35784.22126286688
Tucumán,2018-09-01,22438.33093172359,165.2383,165.1776,NOA,13579.376531786875,13584.366725102913,16108.171737814302,16094.733026408761
Buenos Aires,2018-10-01,33376.758383557215,174.1473,173.8549,GBA,19165.820189895116,19198.054460102772,21914.570278571915,21897.62747034818
C.A.B.A.,2018-10-01,39173.03652207759,174.1473,173.8549,GBA,22494.19687935305,22532.029020796996,26431.06813782286,26410.097827874237
Catamarca,2018-10-01,25106.586133100907,174.1473,173.9582,NOA,14416.867865939297,14432.539617621305,17640.62913430304,17634.579106522873
Chaco,2018-10-01,24921.21456846268,174.1473,171.25,NEA,14310.422595390617,14552.534054576749,16656.830979966915,16970.108603025485
Chubut,2018-10-01,54281.10565148288,174.1473,173.8678,Patagonia,31169.651008934896,31219.757569534373,35075.666142173715,35215.000214291525
Corrientes,2018-10-01,24141.6142144069,174.1473,171.25,NEA,13862.755388344753,14097.29297191644,16259.450876986626,16565.200502769614
Córdoba,2018-10-01,29017.92029337101,174.1473,174.6171,Pampeana,16662.85971322611,16618.028986491594,19629.288046635083,19613.125343515556
Entre Ríos,2018-10-01,24802.101628392287,174.1473,174.6171,Pampeana,14242.024784990801,14203.707213321199,17652.38707911812,17638.010218176107
Formosa,2018-10-01,26459.613478244097,174.1473,171.25,NEA,15193.812064984124,15450.869184376113,17744.48596019709,18078.36136745673
Jujuy,2018-10-01,26281.617340179695,174.1473,173.9582,NOA,15091.601960053182,15108.007176539937,17448.74769125175,17439.82954469529
La Pampa,2018-10-01,29683.61316652939,174.1473,174.6171,Pampeana,17045.118222636465,16999.259045379513,19659.715152207846,19643.538215702953
La Rioja,2018-10-01,25478.3348985909,174.1473,173.9582,NOA,14630.335870031231,14646.239670559306,16548.860466739672,16541.407941568934
Mendoza,2018-10-01,26595.465720572905,174.1473,176.6713,Cuyo,15271.822026854798,15053.642397250092,17726.77919297881,17605.574058771752
Misiones,2018-10-01,23331.10523263047,174.1473,171.25,NEA,13397.339627218147,13624.00305555064,15285.328466077255,15572.06961911636
Neuquén,2018-10-01,53148.482914300126,174.1473,173.8678,Patagonia,30519.268983383678,30568.33002677904,34544.24896688498,34679.603281013784
Río Negro,2018-10-01,32958.29584758476,174.1473,173.8678,Patagonia,18925.527899418918,18955.951503144785,21360.48375164644,21444.608065472697
Salta,2018-10-01,25778.534374708703,174.1473,173.9582,NOA,14802.718373875854,14818.809561554846,17061.651604503455,17054.08448243102
San Juan,2018-10-01,26276.234601942335,174.1473,176.6713,Cuyo,15088.511048946688,14872.950276554446,18268.039657334597,18144.44959008754
San Luis,2018-10-01,30572.38219803453,174.1473,176.6713,Cuyo,17555.472980651743,17304.668159477253,20590.8366333736,20450.416377083344
Santa Cruz,2018-10-01,68547.65556186273,174.1473,173.8678,Patagonia,39361.88247642239,39425.15840302962,41505.43445037525,41668.84062710296
Santa Fe,2018-10-01,30723.626465894708,174.1473,174.6171,Pampeana,17642.321451951713,17594.85552439865,20587.51234278964,20570.636517976305
Santiago del Estero,2018-10-01,21780.17043198129,174.1473,173.9582,NOA,12506.751716495914,12520.347090267254,14835.308091736031,14828.860611097869
Tierra del Fuego,2018-10-01,49415.13912120491,174.1473,173.8678,Patagonia,28375.483927229943,28421.098743530958,35127.896768689505,35272.131965630644
Tucumán,2018-10-01,23697.063280145157,174.1473,173.9582,NOA,13607.48244741386,13622.27436254523,15932.351051031526,15927.142841544332
Buenos Aires,2018-11-01,34207.107647657096,179.6388,178.877,GBA,19042.159960797497,19123.256566052143,21740.853418367486,21729.213831139932
C.A.B.A.,2018-11-01,41385.56124421652,179.6388,178.877,GBA,23038.2084740137,23136.323420124732,26274.798226311195,26260.288574016784
Catamarca,2018-11-01,26044.647625989648,179.6388,179.6479,NOA,14498.342020760352,14497.607612440584,17392.09962458963,17392.12671879316
Chaco,2018-11-01,26431.87151539494,179.6388,176.4283,NEA,14713.898954677354,14981.650628269355,16525.79201048647,16846.664638453636
Chubut,2018-11-01,55499.74788223509,179.6388,181.1502,Patagonia,30895.189615069292,30637.420153129882,34893.371332808114,34998.48826341152
Corrientes,2018-11-01,25468.085015782523,179.6388,176.4283,NEA,14177.385406595078,14435.37403907566,16112.031433610131,16424.869681016233
Córdoba,2018-11-01,30617.76818147733,179.6388,180.3503,Pampeana,17044.072985055194,16976.832409747767,19471.845644423574,19452.766466731373
Entre Ríos,2018-11-01,26758.781055216183,179.6388,180.3503,Pampeana,14895.88054207453,14837.114801148755,17500.19475025874,17483.293852265622
Formosa,2018-11-01,28247.99310819693,179.6388,176.4283,NEA,15724.884105325202,16011.03287182211,17624.32699492279,17966.5348771905
Jujuy,2018-11-01,26998.40732345039,179.6388,179.6479,NOA,15029.273922699545,15028.512620214537,17212.07354621899,17209.36676053892
La Pampa,2018-11-01,31817.733712678673,179.6388,180.3503,Pampeana,17712.060931535212,17642.185076863567,19553.107698496293,19533.80290733984
La Rioja,2018-11-01,27114.42064383497,179.6388,179.6479,NOA,15093.855360776717,15093.090786942108,16396.147723539474,16394.575169131906
Mendoza,2018-11-01,28030.633211425586,179.6388,183.1394,Cuyo,15603.885803860627,15305.626867525822,17585.663472581557,17445.217663667772
Misiones,2018-11-01,24753.028620870064,179.6388,176.4283,NEA,13779.333095561797,14030.078292921296,15138.438609570076,15432.030218750955
Neuquén,2018-11-01,55815.72123749308,179.6388,181.1502,Patagonia,31071.083328041088,30811.846322826626,34394.38828243275,34495.48528314719
Río Negro,2018-11-01,34050.79372981014,179.6388,181.1502,Patagonia,18955.144283868594,18796.994830704098,21218.012203116505,21281.00175718943
Salta,2018-11-01,26610.95586569694,179.6388,179.6479,NOA,14813.590307715782,14812.839930607004,16908.41222210954,16906.63005831214
San Juan,2018-11-01,28443.9444842279,179.6388,183.1394,Cuyo,15833.96486963167,15531.308109684702,18096.51793889157,17953.513816970182
San Luis,2018-11-01,31833.29178940284,179.6388,183.1394,Cuyo,17720.72168674186,17382.000699687145,20397.224450551657,20235.083218312386
Santa Cruz,2018-11-01,66734.47463127818,179.6388,181.1502,Patagonia,37149.25429878076,36839.30496973129,41453.12180373728,41576.155289902104
Santa Fe,2018-11-01,32314.74352579384,179.6388,180.3503,Pampeana,17988.73268235695,17917.765329912865,20421.86435297467,20401.90952282778
Santiago del Estero,2018-11-01,23112.342096885994,179.6388,179.6479,NOA,12866.007842896965,12865.35611988005,14689.193607355777,14687.825392453946
Tierra del Fuego,2018-11-01,51765.93616242112,179.6388,181.1502,Patagonia,28816.678892544995,28576.251178536437,34651.40948924848,34762.3137695629
Tucumán,2018-11-01,25841.965440799017,179.6388,179.6479,NOA,14385.51439933857,14384.785706261537,15803.720840871547,15804.045380660564
Buenos Aires,2018-12-01,49839.30503754633,184.2552,183.9381,GBA,27049.062950487325,27095.694169694223,21504.871952696983,21501.96942759331
C.A.B.A.,2018-12-01,60379.6641073988,184.2552,183.9381,GBA,32769.58485155306,32826.077961770185,26038.8974203749,26034.87521882448
Catamarca,2018-12-01,39093.96782327612,184.2552,183.718,NOA,21217.29417855025,21279.334536232775,16955.57090581354,16952.209330353828
Chaco,2018-12-01,37779.3060203124,184.2552,180.7718,NEA,20503.793662437965,20898.893533345574,16298.243565987596,16612.139345551008
Chubut,2018-12-01,81828.17922046117,184.2552,185.9051,Patagonia,44410.24145883599,44016.10242024623,34615.395402025024,34644.71207734359
Corrientes,2018-12-01,37078.89845479401,184.2552,180.7718,NEA,20123.66459931335,20511.43953580924,15883.285079776419,16189.164199935905
Córdoba,2018-12-01,45602.81475458656,184.2552,184.508,Pampeana,24749.811541050978,24715.901074526068,19255.10581466627,19236.386965441827
Entre Ríos,2018-12-01,41043.3488568343,184.2552,184.508,Pampeana,22275.273021784084,22244.75299544426,17284.431236867775,17267.8835694547
Formosa,2018-12-01,40919.68523319717,184.2552,180.7718,NEA,22208.15761682556,22636.099896774365,17426.42915740006,17762.08109841671
Jujuy,2018-12-01,38457.48186851367,184.2552,183.718,NOA,20871.85700512858,20932.887288405964,17057.516035417255,17052.54281069342
La Pampa,2018-12-01,45859.24605407435,184.2552,184.508,Pampeana,24888.983352477622,24854.882202438024,19375.207066304833,19356.208631489455
La Rioja,2018-12-01,39449.882398842485,184.2552,183.718,NOA,21410.458103132223,21473.063281138748,16127.913095021057,16123.589789171749
Mendoza,2018-12-01,39959.36232362268,184.2552,187.7085,Cuyo,21686.965862359746,21287.987663650118,17368.894714834845,17207.03399916421
Misiones,2018-12-01,35247.88580279515,184.2552,180.7718,NEA,19129.927298005783,19498.553315724657,14923.53462482021,15210.563238752435
Neuquén,2018-12-01,80079.52400339194,184.2552,185.9051,Patagonia,43461.20163956944,43075.485289748336,34183.235543901916,34210.809418825665
Río Negro,2018-12-01,48258.08526026415,184.2552,185.9051,Patagonia,26190.894618042887,25958.451521913146,20983.711822228433,21001.23860130052
Salta,2018-12-01,38298.16296052693,184.2552,183.718,NOA,20785.39056728219,20846.168018662807,16717.53295473718,16713.350249438692
San Juan,2018-12-01,40555.980287000595,184.2552,187.7085,Cuyo,22010.765659259872,21605.83046958481,17838.975932916477,17674.456622641777
San Luis,2018-12-01,48412.44049707288,184.2552,187.7085,Cuyo,26274.667144847404,25791.288352457603,20117.603725832858,19929.616805194153
Santa Cruz,2018-12-01,89799.53827332704,184.2552,185.9051,Patagonia,48736.50147910455,48303.967063478645,41140.64478680222,41180.41374785942
Santa Fe,2018-12-01,47553.688292300256,184.2552,184.508,Pampeana,25808.600404384924,25773.239259165053,20190.175786040127,20170.60463470592
Santiago del Estero,2018-12-01,33131.146615690704,184.2552,183.718,NOA,17981.118913165385,18033.696543447404,14471.453848916392,14467.80471171673
Tierra del Fuego,2018-12-01,87149.31888800472,184.2552,185.9051,Patagonia,47298.15977405507,46878.390581003274,33878.01131575489,33903.03277193212
Tucumán,2018-12-01,38620.48986928195,184.2552,183.718,NOA,20960.325607788516,21021.614577385968,15622.40438038182,15620.35153583537
Buenos Aires,2019-01-01,37751.134879954334,189.6101,189.1236,GBA,19909.87551821044,19961.09151896132,21359.494580797083,21361.229445088808
C.A.B.A.,2019-01-01,47467.11584948517,189.6101,189.1236,GBA,25034.065089088173,25098.46251313171,25860.18410099005,25861.99197510779
Catamarca,2019-01-01,30507.07422341889,189.6101,189.6231,NOA,16089.371939268474,16088.268899421479,16686.067434850927,16678.28078468147
Chaco,2019-01-01,28705.401270311195,189.6101,186.9737,NEA,15139.173108558665,15352.64118446134,16165.162352668609,16471.44556374857
Chubut,2019-01-01,60786.64156154869,189.6101,191.5466,Patagonia,32058.75718727467,31734.649198445022,34449.6553668493,34443.932662982224
Corrientes,2019-01-01,28244.866283600142,189.6101,186.9737,NEA,14896.287847324664,15106.331149033334,15761.16698901024,16059.716459707155
Córdoba,2019-01-01,33986.36173835381,189.6101,189.805,Pampeana,17924.341445077982,17905.93595445526,19075.843259302543,19059.802278170304
Entre Ríos,2019-01-01,31767.369377093342,189.6101,189.805,Pampeana,16754.04916567912,16736.845381888434,17149.16698348397,17135.041044118796
Formosa,2019-01-01,30298.00750935716,189.6101,186.9737,NEA,15979.110558644905,16204.422070781697,17244.091021067383,17570.945390703444
Jujuy,2019-01-01,29256.65471616362,189.6101,189.6231,NOA,15429.903109678029,15428.845281067348,16940.930792643612,16932.095634059096
La Pampa,2019-01-01,35287.56407275984,189.6101,189.805,Pampeana,18610.593039484625,18591.482875983158,19279.498822171943,19263.053154784768
La Rioja,2019-01-01,28974.78904875515,189.6101,189.6231,NOA,15281.247701865645,15280.200064630919,16010.901971841118,16002.749770446306
Mendoza,2019-01-01,30499.40057008544,189.6101,193.2068,Cuyo,16085.324869342636,15785.883607660517,17234.51182203955,17052.62285466326
Misiones,2019-01-01,27104.595338657276,189.6101,186.9737,NEA,14294.911156450673,14496.474819002498,14799.358142484529,15079.225730222975
Neuquén,2019-01-01,59029.26762073359,189.6101,191.5466,Patagonia,31131.921569965732,30817.18371442437,34065.64680996999,34059.31703295964
Río Negro,2019-01-01,34093.57990111056,189.6101,191.5466,Patagonia,17980.888096736708,17799.104709303407,20878.75382373891,20876.5940042774
Salta,2019-01-01,28953.48706230663,189.6101,189.6231,NOA,15270.013075414565,15268.966208392667,16607.778857841473,16599.78936859008
San Juan,2019-01-01,32820.314043031554,189.6101,193.2068,Cuyo,17309.37014591077,16987.142296767794,17637.66810810633,17451.78580161816
San Luis,2019-01-01,35788.28273439659,189.6101,193.2068,Cuyo,18874.671093151996,18523.30390772819,19959.573909158786,19748.08679777541
Santa Cruz,2019-01-01,67893.98213269826,189.6101,191.5466,Patagonia,35807.15485762534,35445.151275302334,40978.21490127062,40978.91179914908
Santa Fe,2019-01-01,36908.58339646901,189.6101,189.805,Pampeana,19465.51549546623,19445.52746053529,20061.504416773012,20044.675216443306
Santiago del Estero,2019-01-01,25038.05197206609,189.6101,189.6231,NOA,13205.02018197664,13204.114884771996,14353.821724063117,14346.81946296269
Tierra del Fuego,2019-01-01,54268.48480783289,189.6101,191.5466,Patagonia,28621.093922651216,28331.740061078028,33544.39714052542,33537.611060510106
Tucumán,2019-01-01,30029.473434777272,189.6101,189.6231,NOA,15837.486207104617,15836.400435799897,15512.866547736066,15506.87700686106
Buenos Aires,2019-02-01,36532.7472134772,196.7501,196.3597,GBA,18568.095880752895,18605.012746239277,21199.9472360765,21207.780804441943
C.A.B.A.,2019-02-01,46700.61344290027,196.7501,196.3597,GBA,23736.004933618977,23783.196573889792,25718.20944361727,25727.703683555083
Catamarca,2019-02-01,26828.28607086598,196.7501,197.617,NOA,13635.716612528267,13575.899882533375,16464.49072522225,16443.05525126438
Chaco,2019-02-01,27742.57878956381,196.7501,195.4282,NEA,14100.414073265432,14195.790980812293,16030.271846844584,16316.026995018292
Chubut,2019-02-01,63971.1026508426,196.7501,197.2864,Patagonia,32513.885711286854,32425.5005164282,34343.25945684646,34311.53977927295
Corrientes,2019-02-01,27349.10132334233,196.7501,195.4282,NEA,13900.42562791192,13994.449789407225,15641.261881202949,15919.858615694528
Córdoba,2019-02-01,32452.72574655075,196.7501,196.6309,Pampeana,16494.38843820194,16504.387533470453,18907.4492358089,18895.005408268662
Entre Ríos,2019-02-01,29699.52276182027,196.7501,196.6309,Pampeana,15095.048369388513,15104.199167994588,17004.197882922606,16993.347553524025
Formosa,2019-02-01,29434.96722932692,196.7501,195.4282,NEA,14960.585651202677,15061.780863420387,17105.47719562761,17410.649165835668
Jujuy,2019-02-01,28692.252910392504,196.7501,197.617,NOA,14583.094448436113,14519.121791340069,16829.65995965553,16807.029730334
La Pampa,2019-02-01,35381.82659325806,196.7501,196.6309,Pampeana,17983.13017033184,17994.031758618847,19168.59101462384,19155.936967670328
La Rioja,2019-02-01,23405.34882276439,196.7501,197.617,NOA,11895.978107642328,11843.793207448949,15846.778550496101,15826.905140493362
Mendoza,2019-02-01,29066.71949029241,196.7501,200.5139,Cuyo,14773.420440595663,14496.111985399719,17097.619554813486,16900.073934767177
Misiones,2019-02-01,26091.60031320865,196.7501,195.4282,NEA,13261.289480009746,13350.990447237735,14664.52059330041,14924.908401293422
Neuquén,2019-02-01,59830.41261794087,196.7501,197.2864,Patagonia,30409.342926860456,30326.678685373587,33945.732256546915,33914.953211254084
Río Negro,2019-02-01,36224.96909445794,196.7501,197.2864,Patagonia,18411.664895955804,18361.614938717492,20745.686183132955,20728.323224806474
Salta,2019-02-01,28558.258596673382,196.7501,197.617,NOA,14514.990638720581,14451.316737261157,16477.056486516864,16455.208922620102
San Juan,2019-02-01,30877.60800988208,196.7501,200.5139,Cuyo,15693.820745139177,15399.235668889827,17461.37468812384,17259.028484214967
San Luis,2019-02-01,33755.25673869769,196.7501,200.5139,Cuyo,17156.411477654998,16834.372449340266,19792.38775365526,19562.76327108482
Santa Cruz,2019-02-01,74561.8080144937,196.7501,197.2864,Patagonia,37896.70654017136,37793.68877656732,40759.230060681395,40728.99766108902
Santa Fe,2019-02-01,34706.99574448114,196.7501,196.6309,Pampeana,17640.14134909265,17650.835013459808,19907.217703359667,19894.189301942974
Santiago del Estero,2019-02-01,25145.680188705268,196.7501,197.617,NOA,12780.517107084197,12724.451939208302,14258.23425777728,14239.154408944267
Tierra del Fuego,2019-02-01,52253.79282433066,196.7501,197.2864,Patagonia,26558.458076682382,26486.262015187396,32955.60933756362,32924.26730736868
Tucumán,2019-02-01,28229.070761387455,196.7501,197.617,NOA,14347.67797393112,14284.738034373286,15418.28472369323,15398.817831724573
Buenos Aires,2019-03-01,39741.14478349083,205.9571,205.7679,GBA,19295.836260799377,19313.578446147738,21040.516426159338,21055.089609972612
C.A.B.A.,2019-03-01,51438.93651800985,205.9571,205.7679,GBA,24975.558753745245,24998.523344996887,25563.597594440176,25581.661215986496
Catamarca,2019-03-01,27836.96974216937,205.9571,207.2604,NOA,13515.906828251793,13430.915766914168,16236.349251107593,16209.280718906883
Chaco,2019-03-01,29261.99083106096,205.9571,205.486,NEA,14207.808728643471,14240.38174428475,15916.47887408796,16177.86403600677
Chubut,2019-03-01,62557.11217978496,205.9571,205.753,Patagonia,30373.855613516098,30403.98544846732,34229.29095550749,34202.563816339985
Corrientes,2019-03-01,28676.545218937787,205.9571,205.486,NEA,13923.552632532594,13955.47395877957,15539.080352272278,15793.989487112238
Córdoba,2019-03-01,34140.381808001664,205.9571,205.5131,Pampeana,16576.45296423462,16612.265499377736,18747.861675790373,18735.161976346386
Entre Ríos,2019-03-01,31272.31380874484,205.9571,205.5131,Pampeana,15183.896942006291,15216.700934755418,16865.87505348472,16854.80687107523
Formosa,2019-03-01,30837.72947678688,205.9571,205.486,NEA,14972.889731301751,15007.216782061494,16965.676136728092,17244.75091214357
Jujuy,2019-03-01,32008.360340036208,205.9571,207.2604,NOA,15541.275508363737,15443.548473338953,16722.20973829103,16692.936584212224
La Pampa,2019-03-01,35453.99585336393,205.9571,205.5131,Pampeana,17214.262510670393,17251.452999037007,19074.27727811694,19061.507680384584
La Rioja,2019-03-01,25733.201861053585,205.9571,207.2604,NOA,12494.447562649497,12415.879666860425,15729.3137954701,15704.133050606257
Mendoza,2019-03-01,30962.378686014985,205.9571,209.4128,Cuyo,15033.411660008314,14785.3324562849,16970.105222752776,16756.435118205678
Misiones,2019-03-01,26770.003420874924,205.9571,205.486,NEA,12997.854126356859,13027.653183611013,14532.337900688035,14769.845065625033
Neuquén,2019-03-01,65184.53100921906,205.9571,205.753,Patagonia,31649.567317280667,31680.962614989363,33864.37712443645,33838.76521610127
Río Negro,2019-03-01,38625.51146769199,205.9571,205.753,Patagonia,18754.153883353374,18772.75736815113,20618.22453988754,20603.997759828984
Salta,2019-03-01,30830.11625842629,205.9571,207.2604,NOA,14969.193224426977,14875.063571442635,16360.60182692052,16332.369737031151
San Juan,2019-03-01,31298.919645708906,205.9571,209.4128,Cuyo,15196.815087078283,14946.039423430137,17282.672759140238,17064.190929519187
San Luis,2019-03-01,36093.2453632317,205.9571,209.4128,Cuyo,17524.64244409719,17235.453307167325,19658.78940188505,19410.318812475336
Santa Cruz,2019-03-01,76678.32668406748,205.9571,205.753,Patagonia,37230.24196984104,37267.17310759381,40728.95169093625,40704.73615389683
Santa Fe,2019-03-01,36730.096171768666,205.9571,205.5131,Pampeana,17833.857716858834,17872.386807346425,19758.50420964835,19745.24884745372
Santiago del Estero,2019-03-01,26159.997232131005,205.9571,207.2604,NOA,12701.67293680626,12621.801961267567,14119.451740232045,14094.997261295912
Tierra del Fuego,2019-03-01,57469.53217732023,205.9571,205.753,Patagonia,27903.642155245063,27931.3216221976,32512.57226392917,32486.134180414647
Tucumán,2019-03-01,29180.325295746057,205.9571,207.2604,NOA,14168.157007331167,14079.0644502018,15307.123682647485,15281.614919450185
Buenos Aires,2019-04-01,39905.08670431673,213.0517,212.4469,GBA,18730.236231072893,18783.558011115594,20879.846839538495,20901.211870141815
C.A.B.A.,2019-04-01,49364.60135216532,213.0517,212.4469,GBA,23170.24522787911,23236.206954380283,25371.339765835037,25397.796379015515
Catamarca,2019-04-01,30127.368092160264,213.0517,214.7732,NOA,14140.871953690237,14027.526754809383,16016.096761394356,15982.331718415837
Chaco,2019-04-01,29242.54318399911,213.0517,212.6973,NEA,13725.562003963878,13748.431777930004,15737.960918738523,15972.446361448872
Chubut,2019-04-01,65228.89032162351,213.0517,213.0509,Patagonia,30616.460850405565,30616.575814335214,34052.17278581269,34027.5904373988
Corrientes,2019-04-01,29998.735879108743,213.0517,212.6973,NEA,14080.49589799506,14103.957069087734,15427.803856454913,15656.683026309656
Córdoba,2019-04-01,35252.109588357656,213.0517,213.0489,Pampeana,16546.27003133871,16546.48749106785,18576.140909409478,18562.07818645057
Entre Ríos,2019-04-01,31719.55498930298,213.0517,213.0489,Pampeana,14888.196146429706,14888.39181488521,16715.19562349395,16702.904418465296
Formosa,2019-04-01,31445.600500695455,213.0517,212.6973,NEA,14759.610226388924,14784.202949776727,16776.19395834149,17026.396590052314
Jujuy,2019-04-01,32146.103140725652,213.0517,214.7732,NOA,15088.404899245419,14967.46481438357,16602.76967113303,16566.124152494776
La Pampa,2019-04-01,36012.605026837555,213.0517,213.0489,Pampeana,16903.22350248205,16903.44565348028,18953.385257074526,18939.27180569174
La Rioja,2019-04-01,27327.616325871375,213.0517,214.7732,NOA,12826.753471514838,12723.941500090037,15550.060264663134,15518.764968016543
Mendoza,2019-04-01,31852.051022311953,213.0517,216.4238,Cuyo,14950.385761912226,14717.443748012905,16828.612579028737,16608.33025567414
Misiones,2019-04-01,26427.934119963607,213.0517,212.6973,NEA,12404.469957274974,12425.138504326856,14388.866614171497,14602.45232844932
Neuquén,2019-04-01,64903.466144349535,213.0517,213.0509,Patagonia,30463.716621059364,30463.831011438833,33699.73945111148,33676.2525580054
Río Negro,2019-04-01,39320.26215604475,213.0517,213.0509,Patagonia,18455.73734264723,18455.80664340998,20447.997224067996,20435.1129944188
Salta,2019-04-01,31434.739060696586,213.0517,214.7732,NOA,14754.512196193027,14636.24840561885,16200.847924722646,16165.491041541038
San Juan,2019-04-01,31660.300181009137,213.0517,216.4238,Cuyo,14860.383738317572,14628.844046269003,17092.142302197222,16867.54833572985
San Luis,2019-04-01,37106.483621788546,213.0517,216.4238,Cuyo,17416.656906182183,17145.287912784337,19504.63953944783,19248.367386256567
Santa Cruz,2019-04-01,75308.3551678026,213.0517,213.0509,Patagonia,35347.45564940462,35347.58837808364,40627.62362228923,40605.803570431235
Santa Fe,2019-04-01,38041.08675055176,213.0517,213.0489,Pampeana,17855.331241455362,17855.56590555115,19629.968434251183,19615.29278006227
Santiago del Estero,2019-04-01,25741.99662910661,213.0517,214.7732,NOA,12082.511723260883,11985.665171030001,13960.99408939539,13930.759410380659
Tierra del Fuego,2019-04-01,56076.256926647504,213.0517,213.0509,Patagonia,26320.49259717125,26320.591429863707,31987.39619099005,31963.093775730194
Tucumán,2019-04-01,28054.81102168207,213.0517,214.7732,NOA,13168.076585017661,13062.5287613548,15197.892204463824,15165.95918351984
Buenos Aires,2019-05-01,41614.49825375878,219.5691,218.8793,GBA,18952.80267294386,19012.532593881093,20758.017026837144,20784.246200519978
C.A.B.A.,2019-05-01,49952.01409713902,219.5691,218.8793,GBA,22750.019969630983,22821.716853598773,25220.166114034393,25252.461078518165
Catamarca,2019-05-01,29808.379294579656,219.5691,223.0958,NOA,13575.853476003525,13361.246287280916,15789.39054890452,15743.444827198524
Chaco,2019-05-01,30443.01364389476,219.5691,218.6002,NEA,13864.889751743192,13926.342996893305,15574.973968125087,15792.144863584228
Chubut,2019-05-01,71074.78060308659,219.5691,220.3443,Patagonia,32370.11974958525,32256.237444348044,33943.40373482272,33909.11003478931
Corrientes,2019-05-01,31021.00325025154,219.5691,218.6002,NEA,14128.1278878729,14190.747881407035,15337.490518958637,15550.015784367008
Córdoba,2019-05-01,36499.40787112955,219.5691,219.3378,Pampeana,16623.19874296044,16640.728534310798,18415.195532329806,18403.326566234675
Entre Ríos,2019-05-01,33856.55152670815,219.5691,219.3378,Pampeana,15419.542880445451,15435.803371196462,16616.796977422255,16606.516558810414
Formosa,2019-05-01,32788.80206982785,219.5691,218.6002,NEA,14933.249746812211,14999.438275824017,16612.869137791044,16844.631020073823
Jujuy,2019-05-01,33442.03177107723,219.5691,223.0958,NOA,15230.755042980652,14989.987158466107,16494.706886910317,16443.781538169846
La Pampa,2019-05-01,38165.08648318647,219.5691,219.3378,Pampeana,17381.811230809104,17400.141007699753,18855.805794596687,18843.95269528562
La Rioja,2019-05-01,29608.634222676937,219.5691,223.0958,NOA,13484.882081621203,13271.712969350807,15393.308012886744,15349.62625692239
Mendoza,2019-05-01,34997.458006731045,219.5691,222.662,Cuyo,15939.154465146072,15717.750674444243,16721.585573727167,16492.37241776004
Misiones,2019-05-01,27534.511775553245,219.5691,218.6002,NEA,12540.248958324848,12595.83100818446,14265.090810623338,14463.418478976493
Neuquén,2019-05-01,72166.24582941254,219.5691,220.3443,Patagonia,32867.2139337514,32751.58278630876,33543.674239752305,33510.323266205196
Río Negro,2019-05-01,42445.96100252456,219.5691,220.3443,Patagonia,19331.481981082292,19263.471304918963,20318.631246919816,20299.94230815066
Salta,2019-05-01,32840.48380846589,219.5691,223.0958,NOA,14956.787548186832,14720.35054378697,16089.247434838971,16039.890604523236
San Juan,2019-05-01,34416.69495121706,219.5691,222.662,Cuyo,15674.653196290854,15456.923476487707,16946.19826991251,16713.09156763014
San Luis,2019-05-01,38900.457253044005,219.5691,222.662,Cuyo,17716.726649170585,17470.631384360153,19345.726763007402,19079.79275499041
Santa Cruz,2019-05-01,81654.74942739536,219.5691,220.3443,Patagonia,37188.634205539565,37057.79973768115,40282.91003417106,40249.91571084979
Santa Fe,2019-05-01,38931.887407482376,219.5691,219.3378,Pampeana,17731.041119849004,17749.739172856833,19475.442518771157,19463.09869555872
Santiago del Estero,2019-05-01,27440.182063897744,219.5691,223.0958,NOA,12497.287671123919,12299.730458349168,13820.17438487717,13778.441696783653
Tierra del Fuego,2019-05-01,59354.85648394683,219.5691,220.3443,Patagonia,27032.426914327578,26937.323308997253,31452.137701627722,31419.690270050545
Tucumán,2019-05-01,28259.163012683268,219.5691,223.0958,NOA,12870.282299596469,12666.82878507048,15083.960091237905,15040.055321547816
Buenos Aires,2019-06-01,59922.845547342265,225.537,224.6105,GBA,26568.964536790976,26678.559349336858,20566.46606594902,20606.022210130992
C.A.B.A.,2019-06-01,72299.56580138925,225.537,224.6105,GBA,32056.631861463644,32188.862854314135,25021.74309990465,25070.060648293907
Catamarca,2019-06-01,44409.08193428481,225.537,229.3958,NOA,19690.37538598315,19359.152144147716,15497.772228095906,15426.079131570896
Chaco,2019-06-01,44685.82979348197,225.537,224.9806,NEA,19813.081575742326,19862.081349895045,15391.267127097532,15569.73527540165
Chubut,2019-06-01,102214.90292576767,225.537,226.4422,Patagonia,45320.68038759391,45139.51150702813,33893.11494827397,33826.13970529821
Corrientes,2019-06-01,44210.80187282351,225.537,224.9806,NEA,19602.46073718437,19650.93962449363,15200.440970386193,15375.717386835233
Córdoba,2019-06-01,52597.68435365672,225.537,225.5013,Pampeana,23321.088936031214,23324.780989580424,18208.525703099964,18197.491389024035
Entre Ríos,2019-06-01,48950.005236164776,225.537,225.5013,Pampeana,21703.758246391844,21707.194253942118,16464.33343448062,16454.820011407694
Formosa,2019-06-01,47632.38629499857,225.537,224.9806,NEA,21119.54415240008,21171.77494192769,16418.614783755733,16609.15840125025
Jujuy,2019-06-01,47859.104519085085,225.537,229.3958,NOA,21220.06789089377,20863.11280288701,16361.681041269194,16282.834133829365
La Pampa,2019-06-01,55830.125048885326,225.537,225.5013,Pampeana,24754.308627358405,24758.227579568425,18767.818293112585,18756.818938513625
La Rioja,2019-06-01,43400.05841456571,225.537,229.3958,NOA,19242.988252289295,18919.290769301664,15147.774800029025,15078.892809958608
Mendoza,2019-06-01,49131.33902472135,225.537,228.5075,Cuyo,21784.159151146527,21500.97437708668,16589.59091261402,16348.035449246547
Misiones,2019-06-01,38981.24487494147,225.537,224.9806,NEA,17283.747178929163,17326.491650809654,14119.745549966445,14284.658937267664
Neuquén,2019-06-01,100622.32198536514,225.537,226.4422,Patagonia,44614.55192955708,44436.205789099884,33476.09714849259,33410.490798249324
Río Negro,2019-06-01,59291.88706811504,225.537,226.4422,Patagonia,26289.206235834932,26184.11544672991,20180.48215266207,20142.334877006695
Salta,2019-06-01,47456.35614579621,225.537,229.3958,NOA,21041.494808300286,20687.543601842848,15947.98379603497,15870.949355054086
San Juan,2019-06-01,48458.95036226843,225.537,228.5075,Cuyo,21486.031277470407,21206.7220385626,16743.818920775557,16498.956116098674
San Luis,2019-06-01,55810.461896542256,225.537,228.5075,Cuyo,24745.590256384654,24423.908141545577,19146.641616158107,18866.97152220998
Santa Cruz,2019-06-01,116135.97857160772,225.537,226.4422,Patagonia,51493.09362614901,51287.25059710943,40101.95672586568,40031.260923135924
Santa Fe,2019-06-01,56453.106260426146,225.537,225.5013,Pampeana,25030.52991767477,25034.492599566453,19303.148803760207,19291.688674317076
Santiago del Estero,2019-06-01,39795.90622628179,225.537,229.3958,NOA,17644.956803664936,17348.140735916608,13665.97841149829,13601.07015318613
Tierra del Fuego,2019-06-01,88412.83208061392,225.537,226.4422,Patagonia,39201.03223888494,39044.3265789742,30850.830205094462,30787.551227154894
Tucumán,2019-06-01,40722.50482276922,225.537,229.3958,NOA,18055.79786144589,17752.07079762106,14923.361919288587,14855.744663363139
Buenos Aires,2019-07-01,43988.42528377936,230.494,229.4286,GBA,19084.412298705978,19173.03478458194,20452.200513798438,20497.0979211946
C.A.B.A.,2019-07-01,52803.58519778383,230.494,229.4286,GBA,22908.876238767094,23015.258428018056,24943.892074878033,24998.692380406
Catamarca,2019-07-01,32478.829595030573,230.494,233.932,NOA,14090.965315813242,13883.876338008728,15356.884421364062,15273.285457578912
Chaco,2019-07-01,32408.61798435759,230.494,229.1739,NEA,14060.503954271082,14141.496036135697,15302.336883692216,15462.098944795436
Chubut,2019-07-01,74972.80594325355,230.494,232.2018,Patagonia,32527.009789084987,32287.779829119994,33868.50557811348,33772.204248478825
Corrientes,2019-07-01,31938.837588833987,230.494,229.1739,NEA,13856.689366679388,13936.507424638663,15095.450309092885,15251.94146351496
Córdoba,2019-07-01,38624.058730714256,230.494,230.5038,Pampeana,16757.077724675808,16756.365287997098,18081.38107369144,18073.628299423694
Entre Ríos,2019-07-01,35643.982263558064,230.494,230.5038,Pampeana,15464.169246730095,15463.51177878979,16402.53461899277,16395.927765257915
Formosa,2019-07-01,35334.21284982319,230.494,229.1739,NEA,15329.77554722604,15418.078956557963,16350.576359446302,16521.309212798922
Jujuy,2019-07-01,35729.066872602045,230.494,233.932,NOA,15501.083270107702,15273.270383103656,16294.737181583561,16202.43469275767
La Pampa,2019-07-01,39757.53215173554,230.494,230.5038,Pampeana,17248.83604420746,17248.10270014444,18720.42281989869,18712.6182487467
La Rioja,2019-07-01,33691.89310110709,230.494,233.932,NOA,14617.253855244428,14402.43023661025,15059.587953606899,14978.119556566166
Mendoza,2019-07-01,36758.91290344852,230.494,234.9103,Cuyo,15947.882766340348,15648.063496342442,16554.823405121002,16303.22332513933
Misiones,2019-07-01,29174.28422817651,230.494,229.1739,NEA,12657.28575502031,12730.194942869372,14035.83636409242,14183.832682054592
Neuquén,2019-07-01,74894.1167249406,230.494,232.2018,Patagonia,32492.87041091768,32253.891539574885,33498.78044614171,33404.041061910175
Río Negro,2019-07-01,43909.36857481498,230.494,232.2018,Patagonia,19050.113484435595,18910.003529178062,20109.820097127234,20054.304284574962
Salta,2019-07-01,35004.330584370495,230.494,233.932,NOA,15186.655871463248,14963.463991403696,15916.629711531154,15826.273328806112
San Juan,2019-07-01,36086.63900764855,230.494,234.9103,Cuyo,15656.216217189405,15361.880261380004,16695.638133075397,16441.068327016597
San Luis,2019-07-01,41112.120959867934,230.494,234.9103,Cuyo,17836.52544529052,17501.199802591855,19055.493960146803,18765.162258984674
Santa Cruz,2019-07-01,91571.37625088576,230.494,232.2018,Patagonia,39728.31234257107,39436.11817431465,40098.516608668055,39992.09346526559
Santa Fe,2019-07-01,41064.83977947144,230.494,230.5038,Pampeana,17816.01246864189,17815.25501075099,19227.37189767006,19219.27042052828
Santiago del Estero,2019-07-01,29281.478437667192,230.494,233.932,NOA,12703.792045635546,12517.089768679443,13596.969170564733,13521.091057934798
Tierra del Fuego,2019-07-01,63743.425263304576,230.494,232.2018,Patagonia,27655.134304278887,27451.73606031675,30578.7751271592,30489.70033970978
Tucumán,2019-07-01,30992.527800113017,230.494,233.932,NOA,13446.132133640362,13248.519997312473,14872.70998097298,14793.390743788505
Buenos Aires,2019-08-01,45841.19350998995,239.6077,238.3069,GBA,19131.76976782881,19236.200676518365,20389.672318072055,20444.033590623287
C.A.B.A.,2019-08-01,53813.73642672274,239.6077,238.3069,GBA,22459.101450714123,22581.694624336407,24857.417552098745,24923.33365188635
Catamarca,2019-08-01,34032.00422528961,239.6077,243.6348,NOA,14203.218104130048,13968.449591474457,15291.987022399315,15194.931704727158
Chaco,2019-08-01,33436.66694344561,239.6077,239.3993,NEA,13954.754769335716,13966.902552950494,15223.445457022515,15360.314177184388
Chubut,2019-08-01,76583.81982884732,239.6077,242.0023,Patagonia,31962.16975867108,31645.905773972943,33827.14074040263,33688.81892910015
Corrientes,2019-08-01,33303.83462734713,239.6077,239.3993,NEA,13899.31735388601,13911.416878556925,15036.340671158141,15170.404217789146
Córdoba,2019-08-01,39516.30053786958,239.6077,239.3972,Pampeana,16492.08290796564,16506.58426158267,17988.197439876047,17982.724326729374
Entre Ríos,2019-08-01,36447.01886790139,239.6077,239.3972,Pampeana,15211.12170765021,15224.496722560409,16346.499787289546,16341.973696945202
Formosa,2019-08-01,35685.34124110867,239.6077,239.3993,NEA,14893.236419826519,14906.201163123145,16268.08806727229,16414.42085707644
Jujuy,2019-08-01,36323.001300145945,239.6077,243.6348,NOA,15159.36311735639,14908.790246773427,16182.548198218017,16076.093467831583
La Pampa,2019-08-01,41534.77620844602,239.6077,239.3972,Pampeana,17334.491424293134,17349.733500828755,18696.648741681944,18691.18613606165
La Rioja,2019-08-01,34471.21846929879,239.6077,243.6348,NOA,14386.523667352421,14148.725251605594,14991.072438389117,14895.987623416713
Mendoza,2019-08-01,37126.41453596073,239.6077,245.1846,Cuyo,15494.666713949815,15142.22937980637,16496.17431580976,16223.669574719917
Misiones,2019-08-01,30208.98528518866,239.6077,239.3993,NEA,12607.685514776304,12618.660658234447,13954.920362318317,14082.04768026427
Neuquén,2019-08-01,74934.6259666023,239.6077,242.0023,Patagonia,31273.880583387887,30964.42718379218,33429.51927592641,33293.49758102879
Río Negro,2019-08-01,45558.713459511986,239.6077,242.0023,Patagonia,19013.877041310436,18825.73573040917,20037.64704417617,19956.85832258066
Salta,2019-08-01,35768.373551588746,239.6077,243.6348,NOA,14927.889859795301,14681.143068062833,15882.144927136942,15777.480647383007
San Juan,2019-08-01,36784.798406321635,239.6077,245.1846,Cuyo,15352.093612317816,15002.899205872489,16624.518053381475,16349.317529475557
San Luis,2019-08-01,41979.511726012395,239.6077,245.1846,Cuyo,17520.10128473016,17121.593985108524,18977.40999107619,18663.51480977539
Santa Cruz,2019-08-01,96824.86555521516,239.6077,242.0023,Patagonia,40409.74708042152,40009.89476348579,40126.42263228701,39967.33751989829
Santa Fe,2019-08-01,42117.3734233577,239.6077,239.3972,Pampeana,17577.63770670045,17593.093579773573,19161.83095443877,19156.13453714376
Santiago del Estero,2019-08-01,30044.777724605756,239.6077,243.6348,NOA,12539.15367686671,12331.890897608124,13518.204784749254,13430.551913166903
Tierra del Fuego,2019-08-01,64813.289828862144,239.6077,242.0023,Patagonia,27049.752503305255,26782.096628363506,30270.113332463698,30143.891535963252
Tucumán,2019-08-01,31358.32202528679,239.6077,243.6348,NOA,13087.359890891148,12871.03567523473,14792.80574544052,14701.185692355348
Buenos Aires,2019-09-01,47579.92270006253,253.7102,252.1482,GBA,18753.649912404995,18869.82445246983,20354.390515057512,20420.86648125843
C.A.B.A.,2019-09-01,56224.19907426153,253.7102,252.1482,GBA,22160.795692984175,22298.07671609852,24796.107451900945,24876.369105454705
Catamarca,2019-09-01,34634.96641489103,253.7102,257.8353,NOA,13651.389031616005,13432.980827253301,15227.181059377886,15111.483188178183
Chaco,2019-09-01,34554.78824913145,253.7102,254.215,NEA,13619.786768183327,13592.74167501188,15167.840828851085,15288.32404288054
Chubut,2019-09-01,76120.17133644265,253.7102,254.7349,Patagonia,30002.802936753294,29882.113262235624,33685.06867225099,33522.12824477425
Corrientes,2019-09-01,33985.440343171504,253.7102,254.215,NEA,13395.378011278817,13368.77853123203,14987.211729743241,15105.225737786457
Córdoba,2019-09-01,40246.87823649246,253.7102,253.889,Pampeana,15863.326833723067,15852.155168791267,17921.247688628475,17913.37109928325
Entre Ríos,2019-09-01,36463.28975714388,253.7102,253.889,Pampeana,14372.023575380052,14361.902152966013,16292.082052412557,16285.385049074388
Formosa,2019-09-01,36393.52949397428,253.7102,254.215,NEA,14344.52753337244,14316.043307426502,16201.61527952587,16330.59677198935
Jujuy,2019-09-01,37957.03497476581,253.7102,257.8353,NOA,14960.783986913342,14721.426808030477,16142.288680154705,16015.414570379255
La Pampa,2019-09-01,42850.25459140318,253.7102,253.889,Pampeana,16889.448903277513,16877.554597246504,18663.855663296985,18655.87491644069
La Rioja,2019-09-01,35879.6025886658,253.7102,257.8353,NOA,14141.962991107888,13915.706107218755,14958.890585435644,14844.506125979797
Mendoza,2019-09-01,38039.93172103411,253.7102,259.466,Cuyo,14993.45778018941,14660.854108451247,16463.71144180885,16175.158396826255
Misiones,2019-09-01,31608.88623451445,253.7102,254.215,NEA,12458.658041542853,12433.91862577521,13901.062515789288,14013.16570868732
Neuquén,2019-09-01,78439.74310753215,253.7102,254.7349,Patagonia,30917.063290136604,30792.695899749953,33405.97354449259,33245.260072008816
Río Negro,2019-09-01,47024.8904714326,253.7102,254.7349,Patagonia,18534.883686754652,18460.32501688328,19991.131120786784,19895.361045288617
Salta,2019-09-01,36791.85779482708,253.7102,257.8353,NOA,14501.528828887087,14269.51926087199,15877.06377502181,15752.61940829236
San Juan,2019-09-01,37687.526418554145,253.7102,259.466,Cuyo,14854.5570570494,14525.034655235808,16584.765221216825,16293.73416072661
San Luis,2019-09-01,43106.32108888103,253.7102,259.466,Cuyo,16990.377639086262,16613.475788304066,18944.380417332464,18612.26532421269
Santa Cruz,2019-09-01,91255.2148118287,253.7102,254.7349,Patagonia,35968.287759746636,35823.60124656209,39693.10602381482,39503.058041078315
Santa Fe,2019-09-01,43126.26911057245,253.7102,253.889,Pampeana,16998.240161638143,16986.26923993259,19115.663476339243,19107.418741937472
Santiago del Estero,2019-09-01,30509.40849286644,253.7102,257.8353,NOA,12025.298349402761,11832.90592594049,13461.174080698343,13357.099291363867
Tierra del Fuego,2019-09-01,64846.72663727811,253.7102,254.7349,Patagonia,25559.369168948713,25456.553710260396,30032.643706277107,29884.807659859125
Tucumán,2019-09-01,32384.1879442591,253.7102,257.8353,NOA,12764.24359141221,12560.02880298357,14724.878000409299,14615.824198845403
Buenos Aires,2019-10-01,50177.32354894574,262.0661,260.2101,GBA,19146.819656928437,19283.388134797893,20352.80713731029,20427.977620816357
C.A.B.A.,2019-10-01,60282.71253038982,262.0661,260.2101,GBA,23002.86551003347,23166.937997560362,24838.496504457646,24929.278186851654
Catamarca,2019-10-01,36953.582348028336,262.0661,265.2024,NOA,14100.86323566014,13934.105554108233,15200.847340187956,15069.947016218759
Chaco,2019-10-01,36460.0268500908,262.0661,262.608,NEA,13912.530789022618,13883.821837145402,15134.683178320418,15232.59802476126
Chubut,2019-10-01,82297.25654529175,262.0661,262.9941,Patagonia,31403.243893541265,31292.434524307482,33704.53474596819,33528.184657672005
Corrientes,2019-10-01,36525.00580028736,262.0661,262.608,NEA,13937.325659552062,13908.565542667153,14993.425919010519,15089.498452015683
Córdoba,2019-10-01,43372.67715507527,262.0661,262.6467,Pampeana,16550.28145764571,16513.69583363327,17911.86616733011,17904.676669878387
Entre Ríos,2019-10-01,38177.625637016645,262.0661,262.6467,Pampeana,14567.937492493933,14535.733986764975,16319.241444704487,16313.05394686137
Formosa,2019-10-01,38806.04170533771,262.0661,262.608,NEA,14807.730456300036,14777.174231302059,16169.441812135528,16274.455525899846
Jujuy,2019-10-01,40589.83816868208,262.0661,265.2024,NOA,15488.397075654606,15305.230333014362,16175.354939788158,16031.84983341879
La Pampa,2019-10-01,45861.97330210182,262.0661,262.6467,Pampeana,17500.15484723198,17461.46945767901,18701.77538201328,18694.39245079898
La Rioja,2019-10-01,38531.7233083257,262.0661,265.2024,NOA,14703.055186582966,14529.175945740199,14964.95052848162,14834.750815578205
Mendoza,2019-10-01,40635.60927702392,262.0661,269.1257,Cuyo,15505.862557966833,15099.118841873487,16483.214819401517,16178.94810054487
Misiones,2019-10-01,34657.818253148434,262.0661,262.608,NEA,13224.838410289783,13197.54853361224,13886.687414378592,13977.62783185912
Neuquén,2019-10-01,81061.17465147607,262.0661,262.9941,Patagonia,30931.575908320865,30822.43086497989,33440.33245490402,33266.43514185889
Río Negro,2019-10-01,50706.01585184971,262.0661,262.9941,Patagonia,19348.559715220592,19280.286459601077,20026.383772103592,19922.388958326643
Salta,2019-10-01,39155.73314334756,262.0661,265.2024,NOA,14941.166806140725,14764.471642544546,15888.601144377217,15748.091248374834
San Juan,2019-10-01,40909.737773534966,262.0661,269.1257,Cuyo,15610.465364858317,15200.977748886475,16628.26141420946,16321.069783420946
San Luis,2019-10-01,47723.85522597516,262.0661,269.1257,Cuyo,18210.61756021674,17732.923769812827,18998.975798962878,18647.953291740654
Santa Cruz,2019-10-01,102833.43664783084,262.0661,262.9941,Patagonia,39239.50356334941,39101.04319748269,39682.90778105874,39476.04844061607
Santa Fe,2019-10-01,46933.93417207169,262.0661,262.6467,Pampeana,17909.197020168456,17869.607412570458,19137.903107023973,19130.314732618455
Santiago del Estero,2019-10-01,32792.344296578056,262.0661,265.2024,NOA,12513.005038262505,12365.025466050854,13461.69519084556,13344.155822679168
Tierra del Fuego,2019-10-01,69360.27543819591,262.0661,262.9941,Patagonia,26466.710283472723,26373.319948316675,29873.579235964007,29714.1594269246
Tucumán,2019-10-01,36263.373942937935,262.0661,265.2024,NOA,13837.491359217363,13673.848329780549,14744.045409726257,14620.122029448346
Buenos Aires,2019-11-01,49908.24020382342,273.2158,270.8019,GBA,18266.967065529672,18429.796911994865,20288.207729371305,20370.189316311582
C.A.B.A.,2019-11-01,60723.66310296244,273.2158,270.8019,GBA,22225.531284414166,22423.647361027543,24770.77340532435,24869.88851526022
Catamarca,2019-11-01,37751.33620845113,273.2158,275.4348,NOA,13817.40595106547,13706.088050039838,15144.102667713383,15003.987052685365
Chaco,2019-11-01,37639.318231766025,273.2158,273.8915,NEA,13776.406134552257,13742.419254254339,15056.558776643327,15129.328743593343
Chubut,2019-11-01,83592.0828585771,273.2158,274.9526,Patagonia,30595.62545745052,30402.361301030465,33679.57106616662,33508.596419997055
Corrientes,2019-11-01,37375.81509723512,273.2158,273.8915,NEA,13679.961077373682,13646.212130436732,14951.973891575402,15023.734959629106
Córdoba,2019-11-01,43459.094925695535,273.2158,274.4483,Pampeana,15906.508673984277,15835.07528583545,17817.069141407534,17809.530242885696
Entre Ríos,2019-11-01,38947.540254221814,273.2158,274.4483,Pampeana,14255.229841839971,14191.212062243349,16265.853886351606,16259.228718619252
Formosa,2019-11-01,41047.13996582985,273.2158,273.8915,NEA,15023.70652276693,14986.642508376437,16111.01034692234,16189.089662279373
Jujuy,2019-11-01,40933.955280355614,273.2158,275.4348,NOA,14982.279677952598,14861.57714288667,16171.438752725911,16017.938543641469
La Pampa,2019-11-01,46037.07402655672,273.2158,274.4483,Pampeana,16850.077494257916,16774.406701209926,18629.943428906838,18622.077586161176
La Rioja,2019-11-01,38917.72702293346,273.2158,275.4348,NOA,14244.31786995242,14129.560615773118,14894.155737579596,14754.456634647455
Mendoza,2019-11-01,41744.70094285448,273.2158,281.2769,Cuyo,15279.021543722754,14841.140862564424,16456.14279772336,16140.240933464755
Misiones,2019-11-01,35191.72884803811,273.2158,273.8915,NEA,12880.561390680228,12848.784590992458,13811.789772305126,13879.186690031716
Neuquén,2019-11-01,82776.18007593993,273.2158,274.9526,Patagonia,30296.996028758196,30105.618232357112,33375.82517996378,33207.58280098643
Río Negro,2019-11-01,49294.21773818467,273.2158,274.9526,Patagonia,18042.228062280687,17928.260266745856,19950.307420304598,19849.994411330124
Salta,2019-11-01,39995.89045289999,273.2158,275.4348,NOA,14638.937591786416,14521.001141794715,15874.046751383103,15723.771349307142
San Juan,2019-11-01,41679.64211772174,273.2158,281.2769,Cuyo,15255.209295261015,14818.01104808882,16580.031783011906,16261.62836162129
San Luis,2019-11-01,46074.57395956691,273.2158,281.2769,Cuyo,16863.8028838621,16380.504036971008,18927.5658987229,18564.49523651431
Santa Cruz,2019-11-01,93651.99029796198,273.2158,274.9526,Patagonia,34277.66267469231,34061.140101225436,39443.60847905137,39244.53470157392
Santa Fe,2019-11-01,46775.505261192586,273.2158,274.4483,Pampeana,17120.351480841367,17043.466933915268,19065.538006897674,19057.45653295199
Santiago del Estero,2019-11-01,33524.3068217083,273.2158,275.4348,NOA,12270.266515226534,12171.41291576384,13412.050080206356,13286.32722233615
Tierra del Fuego,2019-11-01,72002.82349603769,273.2158,274.9526,Patagonia,26353.82854726472,26187.358656014778,29668.34170719065,29515.085050047797
Tucumán,2019-11-01,37683.70346576385,273.2158,275.4348,NOA,13792.651620354258,13681.533148957158,14694.640178144233,14561.517649672982
Buenos Aires,2019-12-01,73711.02392654814,283.4442,281.1775,GBA,26005.47971224958,26215.121738598617,20201.24245951816,20296.808280386947
C.A.B.A.,2019-12-01,89397.71344349912,283.4442,281.1775,GBA,31539.792821126382,31794.049468218156,24668.29073612213,24783.886140797553
Catamarca,2019-12-01,56567.74881496249,283.4442,285.5958,NOA,19957.278651305085,19806.92601745631,15039.101373776286,14881.286342787325
Chaco,2019-12-01,54665.14464103563,283.4442,284.8112,NEA,19286.033949904646,19193.467335917838,14955.078800598883,14987.2098938077
Chubut,2019-12-01,123823.48662647395,283.4442,286.376,Patagonia,43685.31323854005,43238.08092384626,33619.16038114196,33443.76129529706
Corrientes,2019-12-01,54061.887676751285,283.4442,284.8112,NEA,19073.20300671218,18981.65791118864,14864.435425525304,14896.253157577388
Córdoba,2019-12-01,65956.11008608007,283.4442,284.3991,Pampeana,23269.521862179598,23191.391986149065,17693.71166816825,17682.48781885428
Entre Ríos,2019-12-01,60193.31935032002,283.4442,284.3991,Pampeana,21236.39127218691,21165.087846733702,16179.280407218508,16169.256622893372
Formosa,2019-12-01,59720.30542333101,283.4442,284.8112,NEA,21069.510479780853,20968.383765572074,16016.123085501948,16050.113318012516
Jujuy,2019-12-01,56828.14808020757,283.4442,285.5958,NOA,20049.148326269355,19898.1035716238,16102.879696154308,15931.706567242954
La Pampa,2019-12-01,67163.9314630504,283.4442,284.3991,Pampeana,23695.645020448606,23616.08439093176,18530.49856790442,18518.84443520232
La Rioja,2019-12-01,57677.32040188309,283.4442,285.5958,NOA,20348.738976448654,20195.437188461136,14805.679143689298,14647.987793590988
Mendoza,2019-12-01,59516.844772969445,283.4442,290.4687,Cuyo,20997.728926176453,20489.93394915509,16398.706386374753,16073.736457256835
Misiones,2019-12-01,50516.66612189541,283.4442,284.8112,NEA,17822.43775737708,17736.895923297754,13702.832310586069,13732.381907329474
Neuquén,2019-12-01,118460.46512537848,283.4442,286.376,Patagonia,41793.22248448847,41365.36061868959,33236.826917040366,33065.07241173153
Río Negro,2019-12-01,70931.44577357471,283.4442,286.376,Patagonia,25024.835849022384,24768.64184623527,19853.135856219556,19750.843605023634
Salta,2019-12-01,57309.923195964184,283.4442,285.5958,NOA,20219.12009346608,20066.794818398655,15826.85754523176,15658.823582618463
San Juan,2019-12-01,60358.38023469812,283.4442,290.4687,Cuyo,21294.62526828847,20779.650349486234,16520.353417097624,16192.780018279742
San Luis,2019-12-01,70487.11172579677,283.4442,290.4687,Cuyo,24868.073407674867,24266.68061853025,18810.349753958522,18437.444592020365
Santa Cruz,2019-12-01,132103.30988045997,283.4442,286.376,Patagonia,46606.46077092421,46129.32294621755,39266.105086703006,39063.31435846882
Santa Fe,2019-12-01,70527.98830431985,283.4442,284.3991,Pampeana,24882.49479238589,24798.949189473475,18988.362539231086,18976.265693811027
Santiago del Estero,2019-12-01,48609.73305513027,283.4442,285.5958,NOA,17149.665809048223,17020.464956112894,13342.762321529926,13201.89125672494
Tierra del Fuego,2019-12-01,116123.89847627773,283.4442,286.376,Patagonia,40968.87446498384,40549.4519360134,29140.901264768047,28987.67349629864
Tucumán,2019-12-01,56222.41330425208,283.4442,285.5958,NOA,19835.44320337198,19686.008444190033,14600.899977776187,14450.21713857332
Buenos Aires,2020-01-01,57424.862487358645,289.8299,286.4913,GBA,19813.298244024732,20044.190691779695,20193.194353336017,20303.733211455146
C.A.B.A.,2020-01-01,71102.33673053447,289.8299,286.4913,GBA,24532.436691498864,24818.323184869652,24626.488369656352,24760.541196775714
Catamarca,2020-01-01,46515.28049200378,289.8299,292.5465,NOA,16049.165559524321,15900.132283928806,15035.75084213094,14865.60829149627
Chaco,2020-01-01,41926.88126284448,289.8299,293.6216,NEA,14466.030338086057,14279.222394689108,14898.983569726166,14897.758327993346
Chubut,2020-01-01,94621.24684460014,289.8299,293.5954,Patagonia,32647.165404466596,32228.450052214765,33668.194399241285,33484.91136644454
Corrientes,2020-01-01,42065.12509396366,289.8299,293.6216,NEA,14513.728602177918,14326.304704409913,14832.555488429742,14831.250953858771
Córdoba,2020-01-01,50225.02507449154,289.8299,291.529,Pampeana,17329.138599741276,17228.1402791803,17644.11143105686,17626.0048459147
Entre Ríos,2020-01-01,46960.044548909726,289.8299,291.529,Pampeana,16202.62248612366,16108.189768053857,16133.32818392222,16116.868655073824
Formosa,2020-01-01,44875.03168134465,289.8299,293.6216,NEA,15483.230571222863,15283.286952099112,15974.799753216777,15973.3520581223
Jujuy,2020-01-01,44024.92986971064,289.8299,292.5465,NOA,15189.919973650281,15048.865691338178,16082.88110148533,15900.04160143219
La Pampa,2020-01-01,51891.60276606233,289.8299,291.529,Pampeana,17904.157840879194,17799.808172107176,18471.628968020632,18452.871543212656
La Rioja,2020-01-01,42472.80196080729,289.8299,292.5465,NOA,14654.38933692048,14518.308016266574,14753.440946610535,14584.496789560626
Mendoza,2020-01-01,45785.02705794297,289.8299,297.7698,Cuyo,15797.206243366529,15375.980726703305,16374.696500876746,16039.577883843735
Misiones,2020-01-01,39307.84545789465,289.8299,293.6216,NEA,13562.384508256273,13387.245849043342,13641.788423236536,13639.946159832878
Neuquén,2020-01-01,88834.07326935184,289.8299,293.5954,Patagonia,30650.417113400596,30257.311003289506,33196.70154565994,33018.416352470296
Río Negro,2020-01-01,50439.76917483633,289.8299,293.5954,Patagonia,17403.23174897977,17180.02706269796,19804.99782723981,19699.253801139846
Salta,2020-01-01,43698.671453771065,289.8299,292.5465,NOA,15077.351044102443,14937.342081949731,15810.80237595575,15631.188238748218
San Juan,2020-01-01,53244.57816060896,289.8299,297.7698,Cuyo,18370.97489272465,17881.120973520137,16608.820479332113,16267.278241342436
San Luis,2020-01-01,55409.92250211006,289.8299,297.7698,Cuyo,19118.083573195883,18608.30833150644,18830.63412729551,18444.528294001884
Santa Cruz,2020-01-01,105355.99018640508,289.8299,293.5954,Patagonia,36350.97351460462,35884.75506986999,39311.42330811795,39099.94800801613
Santa Fe,2020-01-01,54801.90256409901,289.8299,291.529,Pampeana,18908.298475795287,18798.09643778115,18941.92778759184,18922.313108581515
Santiago del Estero,2020-01-01,36957.772429091136,289.8299,292.5465,NOA,12751.538895431815,12633.127529842654,13304.972214317857,13154.308977147495
Tierra del Fuego,2020-01-01,76282.63599671918,289.8299,293.5954,Patagonia,26319.795161478913,25982.231328119986,28949.12636800369,28791.881101885472
Tucumán,2020-01-01,43193.07553188451,289.8299,292.5465,NOA,14902.905301311048,14764.516250197667,14523.018235626723,14360.8934564398
Buenos Aires,2020-02-01,57557.5294029413,295.666,291.737,GBA,19467.07751413463,19729.25251268824,20268.109489451163,20397.41985865923
C.A.B.A.,2020-02-01,72151.10557591854,295.666,291.737,GBA,24402.909220511843,24731.55807316814,24682.063726897424,24839.571321715575
Catamarca,2020-02-01,41856.98003048674,295.666,297.8973,NOA,14156.845910752923,14050.808795677822,15079.178283649662,14905.184034258305
Chaco,2020-02-01,42534.00166727393,295.666,300.1475,NEA,14385.827814924249,14171.03313113517,14922.768048197735,14895.695173853586
Chubut,2020-02-01,99559.177197047,295.666,298.8202,Patagonia,33672.852880292965,33317.41870096031,33764.77499665847,33559.23788182221
Corrientes,2020-02-01,42835.19750742337,295.666,300.1475,NEA,14487.698114569605,14271.38240612478,14881.494862317883,14854.328671918567
Córdoba,2020-02-01,49589.76041631449,295.666,298.0896,Pampeana,16772.222851567138,16635.857277917272,17667.26429883729,17636.960657951935
Entre Ríos,2020-02-01,46961.44160495591,295.666,298.0896,Pampeana,15883.274236792837,15754.1362076892,16199.01367287258,16171.030075048375
Formosa,2020-02-01,46234.00201584218,295.666,300.1475,NEA,15637.239999134898,15403.760489706621,16031.187615544462,16001.850360312821
Jujuy,2020-02-01,44120.13814448612,295.666,297.8973,NOA,14922.290065305486,14810.519647034775,16111.14740289111,15924.324756073416
La Pampa,2020-02-01,55068.57384865867,295.666,298.0896,Pampeana,18625.26426733499,18473.832649196305,18525.140142770895,18492.85495076078
La Rioja,2020-02-01,35714.26610067312,295.666,297.8973,NOA,12079.260415696468,11988.784759268756,14768.714472281714,14596.579418878942
Mendoza,2020-02-01,45560.89031650383,295.666,304.603,Cuyo,15409.580511964117,14957.466051386175,16427.70984015745,16078.024056009272
Misiones,2020-02-01,39689.37036474871,295.666,300.1475,NEA,13423.718102436098,13223.288671319506,13655.324141772064,13629.304345173026
Neuquén,2020-02-01,90271.15963318944,295.666,298.8202,Patagonia,30531.46443391849,30209.18921585269,33206.87833791477,33008.62556334356
Río Negro,2020-02-01,56702.532263681875,295.666,298.8202,Patagonia,19177.900828530124,18975.468279481065,19868.850821621007,19750.40824620348
Salta,2020-02-01,45977.32180950216,295.666,297.8973,NOA,15550.425753891946,15433.950495523848,15897.088635553364,15713.074385270109
San Juan,2020-02-01,51880.2869829767,295.666,304.603,Cuyo,17546.923549876108,17032.09980958057,16763.24571306019,16403.350253066666
San Luis,2020-02-01,53534.65678279789,295.666,304.603,Cuyo,18106.463638970286,17575.223088018793,18909.805140738452,18506.265847225095
Santa Cruz,2020-02-01,116299.1197251843,295.666,298.8202,Patagonia,39334.62749358543,38919.43038830183,39431.25005423579,39193.75980899401
Santa Fe,2020-02-01,54485.98301901396,295.666,298.0896,Pampeana,18428.220701404272,18278.391134415277,19007.601066951145,18974.60945199447
Santiago del Estero,2020-02-01,37594.59013444739,295.666,297.8973,NOA,12715.222627710791,12619.983509232005,13299.531007703406,13145.603274649471
Tierra del Fuego,2020-02-01,78899.70737867734,295.666,298.8202,Patagonia,26685.417795308673,26403.739566025768,28959.706344555878,28785.004231122002
Tucumán,2020-02-01,43254.778147261066,295.666,297.8973,NOA,14629.608459295647,14520.030274615136,14546.512442740433,14380.501143126621
Buenos Aires,2020-03-01,59337.31169825181,305.5515,302.2274,GBA,19419.741581452494,19633.332946732102,20278.43493283892,20424.066067041258
C.A.B.A.,2020-03-01,76960.18297782358,305.5515,302.2274,GBA,25187.303278767602,25464.33016259399,24699.709103982623,24878.388556515336
Catamarca,2020-03-01,43518.63766446995,305.5515,309.1808,NOA,14242.65227448399,14075.465767754646,15139.740404169012,14958.896534328345
Chaco,2020-03-01,43108.04319763246,305.5515,310.58,NEA,14108.2741199544,13879.851631667352,14914.473497473646,14865.650997802137
Chubut,2020-03-01,91895.0084937588,305.5515,306.5854,Patagonia,30075.129231490864,29973.706671537133,33739.881131489696,33523.381317078034
Corrientes,2020-03-01,43209.068532286314,305.5515,310.58,NEA,14141.337395590046,13912.379590535875,14899.64359257267,14850.737474564925
Córdoba,2020-03-01,50450.04635548044,305.5515,307.1512,Pampeana,16511.143409697037,16425.150334910115,17661.82183595916,17621.367727579633
Entre Ríos,2020-03-01,47416.912246814856,305.5515,307.1512,Pampeana,15518.468162262288,15437.64512292801,16226.894607893913,16189.442090729424
Formosa,2020-03-01,46334.31522954888,305.5515,310.58,NEA,15164.158981235203,14918.641003782886,16047.126719705582,15994.46904545627
Jujuy,2020-03-01,45626.61648284183,305.5515,309.1808,NOA,14932.545408169111,14757.260632885947,16060.41989454156,15867.134102702332
La Pampa,2020-03-01,52668.45698973251,305.5515,307.1512,Pampeana,17237.178344643216,17147.40394624293,18527.049795601964,18484.18419636127
La Rioja,2020-03-01,36460.763045541375,305.5515,309.1808,NOA,11932.771740783919,11792.699626089776,14721.908153792914,14544.647748814721
Mendoza,2020-03-01,46501.29950346776,305.5515,314.1219,Cuyo,15218.809105328484,14803.584055574527,16443.159627267465,16079.545022616741
Misiones,2020-03-01,39135.82159556736,305.5515,310.58,NEA,12808.257068143132,12600.882734099865,13639.52438692092,13593.740141047097
Neuquén,2020-03-01,94500.15565885762,305.5515,306.5854,Patagonia,30927.734165552327,30823.436360262956,33146.72557527075,32937.16504211635
Río Negro,2020-03-01,56203.78908525174,305.5515,306.5854,Patagonia,18394.21147834383,18332.180555646726,19838.855621203544,19713.69351182811
Salta,2020-03-01,45538.15270498936,305.5515,309.1808,NOA,14903.593242052279,14728.648320008671,15891.621970355473,15700.873114317279
San Juan,2020-03-01,47314.16698522893,305.5515,314.1219,Cuyo,15484.841993977752,15062.358589206588,16787.247955301813,16413.04351688137
San Luis,2020-03-01,55299.67637518433,305.5515,314.1219,Cuyo,18098.31611861972,17604.52753379638,18957.611280281995,18537.022032777517
Santa Cruz,2020-03-01,113505.62930213124,305.5515,306.5854,Patagonia,37147.78991500001,37022.51617400282,39424.3790496657,39173.371731194755
Santa Fe,2020-03-01,54903.08214023678,305.5515,307.1512,Pampeana,17968.519918978236,17874.936559009628,19018.82291712776,18974.821931299735
Santiago del Estero,2020-03-01,39089.13504435667,305.5515,309.1808,NOA,12792.977630401641,12642.808041235636,13307.13973216969,13147.353781313475
Tierra del Fuego,2020-03-01,78922.500068623907,305.5515,306.5854,Patagonia,25829.52466887707,25742.419589655576,28786.86322069188,28602.595728410168
Tucumán,2020-03-01,42547.55251402531,305.5515,309.1808,NOA,13924.838370626656,13761.382503061415,14526.235889681724,14354.02764753159
Buenos Aires,2020-04-01,56652.33873433023,310.1243,306.4483,GBA,18267.623251170655,18486.752491147847,20239.883851180402,20399.332273710614
C.A.B.A.,2020-04-01,70750.10894256945,310.1243,306.4483,GBA,22813.46832304642,23087.127238940287,24669.977695246565,24865.965246895335
Catamarca,2020-04-01,40838.20859302882,310.1243,317.1934,NOA,13168.335597381056,12874.860760983307,15058.695707809913,14862.84103484284
Chaco,2020-04-01,42654.93614460089,310.1243,317.2318,NEA,13754.141853637682,13445.98370800181,14916.85515161313,14840.446991974786
Chubut,2020-04-01,85442.32797966246,310.1243,308.4722,Patagonia,27550.99422382008,27698.550462460622,33484.42557927424,33280.21253775515
Corrientes,2020-04-01,42305.95773623584,310.1243,317.2318,NEA,13641.613293842449,13335.976322750694,14863.07004222662,14786.739079036839
Córdoba,2020-04-01,49424.53698967072,310.1243,311.6597,Pampeana,15937.008802493296,15858.494694588591,17611.050066888707,17564.034994539692
Entre Ríos,2020-04-01,46803.779666219954,310.1243,311.6597,Pampeana,15091.942058787381,15017.591195210658,16243.87343392372,16200.208705756546
Formosa,2020-04-01,45566.772232184514,310.1243,317.2318,NEA,14693.067338542807,14363.872799695526,16041.58147905174,15959.441532949502
Jujuy,2020-04-01,45313.58081275098,310.1243,317.1934,NOA,14611.425422887203,14285.789304806147,16020.671604845042,15810.327810237546
La Pampa,2020-04-01,50447.68393031399,310.1243,311.6597,Pampeana,16266.923917382159,16186.784473678821,18474.02483017697,18424.46243137782
La Rioja,2020-04-01,39604.19591486511,310.1243,317.1934,NOA,12770.42654021794,12485.819665499064,14717.214242851507,14524.804262598807
Mendoza,2020-04-01,45038.03015359964,310.1243,318.1874,Cuyo,14522.573740142145,14154.561165401157,16407.50862545329,16032.63814073243
Misiones,2020-04-01,36905.94293309538,310.1243,317.2318,NEA,11900.37121666873,11633.746343555526,13597.516158537066,13527.790794316152
Neuquén,2020-04-01,78837.95748520053,310.1243,308.4722,Patagonia,25421.406025003693,25557.55672154591,32726.53302559944,32528.308851291942
Río Negro,2020-04-01,53880.78965381246,310.1243,308.4722,Patagonia,17373.933501441992,17466.983946628727,19748.705301103106,19631.29162042967
Salta,2020-04-01,45051.79011509741,310.1243,317.1934,NOA,14527.010658338419,14203.255841734855,15872.663508867588,15664.79040066028
San Juan,2020-04-01,46594.729179310496,310.1243,318.1874,Cuyo,15024.533446527892,14643.800847962708,16800.927097652675,16414.28991702251
San Luis,2020-04-01,53641.09334216403,310.1243,318.1874,Cuyo,17296.643101544778,16858.333592770807,18947.610129895547,18513.10917277639
Santa Cruz,2020-04-01,94436.5596863013,310.1243,308.4722,Patagonia,30451.196402958845,30614.28539955993,39016.35744579522,38778.92981631778
Santa Fe,2020-04-01,53614.82358821099,310.1243,311.6597,Pampeana,17288.172383850924,17203.00173176416,18971.559678994057,18920.441583484153
Santiago del Estero,2020-04-01,36607.86303385278,310.1243,317.1934,NOA,11804.254949983855,11541.180564870765,13283.951667729936,13110.313397466873
Tierra del Fuego,2020-04-01,72070.12716089142,310.1243,308.4722,Patagonia,23239.109982962127,23363.572847372125,28530.08133617445,28356.177513202536
Tucumán,2020-04-01,39471.40385001711,310.1243,317.1934,NOA,12727.607559297066,12443.954965650959,14489.530137538342,14302.479831222936
Buenos Aires,2020-05-01,56716.03276797447,314.9087,311.0922,GBA,18010.309898702217,18231.261589964157,20161.342786660265,20334.226356717532
C.A.B.A.,2020-05-01,68611.84819409528,314.9087,311.0922,GBA,21787.854128544328,22055.148986086853,24589.79720848934,24802.08459126934
Catamarca,2020-05-01,41657.16440878208,314.9087,322.5045,NOA,13228.330753892185,12916.769970273926,15029.735480967302,14825.801341758925
Chaco,2020-05-01,42894.68368142912,314.9087,322.4571,NEA,13621.307916049673,13302.446645283704,14896.556665305336,14788.455629340653
Chubut,2020-05-01,82474.08023810833,314.9087,313.3862,Patagonia,26189.83859071163,26317.07466318183,32969.40214936811,32785.2823059913
Corrientes,2020-05-01,42637.42759394288,314.9087,322.4571,NEA,13539.615639054393,13222.666703242965,14814.027354825077,14706.065647523166
Córdoba,2020-05-01,49545.957561067014,314.9087,316.5258,Pampeana,15733.435615169417,15653.054999329284,17536.90313957279,17481.728866624566
Entre Ríos,2020-05-01,46800.993988345166,314.9087,316.5258,Pampeana,14861.765962117008,14785.838623058584,16197.392024063016,16146.044976745055
Formosa,2020-05-01,46095.068891656185,314.9087,322.4571,NEA,14637.597783629408,14294.94617785007,16016.943815453173,15900.733858118341
Jujuy,2020-05-01,46695.41828747452,314.9087,322.5045,NOA,14828.240149438398,14478.997436461977,15987.128697049853,15767.74533340387
La Pampa,2020-05-01,52437.37620058573,314.9087,316.5258,Pampeana,16651.612419912733,16566.54092670668,18413.174929268942,18354.995757961726
La Rioja,2020-05-01,40284.377665849446,314.9087,322.5045,NOA,12792.39908768778,12491.105601890655,14659.50732669039,14459.753648643795
Mendoza,2020-05-01,45859.92599601538,314.9087,322.4709,Cuyo,14562.927602830718,14221.415326472987,16292.823053593678,15907.94352840149
Misiones,2020-05-01,37423.18623745895,314.9087,322.4571,NEA,11883.821005090982,11605.632574832107,13542.81382910091,13445.274258203457
Neuquén,2020-05-01,75814.88200741807,314.9087,313.3862,Patagonia,24075.194495235624,24192.157155426143,31993.86473905646,31815.023382051724
Río Negro,2020-05-01,53879.550859424635,314.9087,313.3862,Patagonia,17109.57838237706,17192.700527152963,19563.546667877672,19458.727388949173
Salta,2020-05-01,45743.94856275206,314.9087,322.5045,NOA,14526.098695511448,14183.972181086487,15836.77277114464,15620.092203768572
San Juan,2020-05-01,47729.79623267801,314.9087,322.4709,Cuyo,15156.709304213573,14801.272373004203,16757.765106646235,16359.652325065552
San Luis,2020-05-01,54100.60780831917,314.9087,322.4709,Cuyo,17179.775537582533,16776.896088397178,18902.864203929876,18455.297898112807
Santa Cruz,2020-05-01,97516.45191382057,314.9087,313.3862,Patagonia,30966.57917479592,31117.02171755507,38497.85285989992,38283.86498130727
Santa Fe,2020-05-01,54724.56792424779,314.9087,316.5258,Pampeana,17377.915543218653,17289.13343691029,18942.132547608195,18882.057772155276
Santiago del Estero,2020-05-01,38347.50406219065,314.9087,322.5045,NOA,12177.340309172356,11890.533019598379,13257.289387567307,13076.213610904308
Tierra del Fuego,2020-05-01,73233.65703044565,314.9087,313.3862,Patagonia,23255.520419234417,23368.500920093375,28215.339128250023,28058.775647460545
Tucumán,2020-05-01,41915.273305622315,314.9087,322.5045,NOA,13310.293842508103,12996.80262000137,14526.19776611431,14329.97765080051
Buenos Aires,2020-06-01,84975.81812662011,321.9738,317.4661,GBA,26392.153065442006,26766.895150890163,20146.608497381185,20341.587673513644
C.A.B.A.,2020-06-01,101912.84529978098,321.9738,317.4661,GBA,31652.527410547373,32101.961532201698,24556.121837579652,24794.84281442664
Catamarca,2020-06-01,62529.71720672544,321.9738,329.6326,NOA,19420.74703181608,18969.518550873137,15007.266451453379,14793.33187565271
Chaco,2020-06-01,63296.46112697155,321.9738,329.8942,NEA,19658.88563820148,19186.89723158866,14883.7070038436,14732.190286148454
Chubut,2020-06-01,124201.42326602156,321.9738,319.4097,Patagonia,38575.00929144594,38884.67484425851,32407.26289135577,32264.04591742716
Corrientes,2020-06-01,64073.6471254283,321.9738,329.8942,NEA,19900.26738990201,19422.483670652076,14838.84457588488,14687.027651369704
Córdoba,2020-06-01,73836.44462577047,321.9738,324.5236,Pampeana,22932.4387965016,22752.257347622937,17504.515627945322,17434.01856312811
Entre Ríos,2020-06-01,70616.2576982299,321.9738,324.5236,Pampeana,21932.29936666583,21759.976068991564,16216.437117419182,16150.44346133251
Formosa,2020-06-01,68126.16182865405,321.9738,329.8942,NEA,21158.914740470824,20650.912270859582,16020.224697792402,15857.328635529331
Jujuy,2020-06-01,67234.91863578053,321.9738,329.6326,NOA,20882.108617465314,20396.926346417353,15958.965424264148,15728.896462031398
La Pampa,2020-06-01,77339.26508197733,321.9738,324.5236,Pampeana,24020.359756594273,23831.630452138867,18352.01252337193,18277.77933067593
La Rioja,2020-06-01,61631.28291240536,321.9738,329.6326,NOA,19141.707465764408,18696.96228844033,14651.067261146647,14441.226275238683
Mendoza,2020-06-01,66474.601662625,321.9738,329.9792,Cuyo,20645.96611979764,20145.088436672675,16197.973634314603,15794.95303336699
Misiones,2020-06-01,53759.2856657402,321.9738,329.8942,NEA,16696.78888957431,16295.917195797987,13493.90063832134,13359.393053619151
Neuquén,2020-06-01,113395.3876960378,321.9738,319.4097,Patagonia,35218.824542878276,35501.54791668437,31210.887456833225,31070.468559350433
Río Negro,2020-06-01,78337.01945134223,321.9738,319.4097,Patagonia,24330.246576380512,24525.560573564995,19400.300029589802,19320.514482852097
Salta,2020-06-01,68460.11339798554,321.9738,329.6326,NOA,21262.63484730296,20768.611295723036,15855.201107728197,15626.847844925256
San Juan,2020-06-01,70503.52310624813,321.9738,329.9792,Cuyo,21897.285774882344,21366.05068023928,16792.036314763896,16372.929711871942
San Luis,2020-06-01,81740.03427467475,321.9738,329.9792,Cuyo,25387.169476111023,24771.268696534433,18956.329138907073,18484.244611028545
Santa Cruz,2020-06-01,138208.52371007387,321.9738,319.4097,Patagonia,42925.394460690244,43269.98325663682,37783.87792944502,37615.75936960122
Santa Fe,2020-06-01,82229.62914144361,321.9738,324.5236,Pampeana,25539.22994400278,25338.566791889287,18984.52421646886,18907.39728818218
Santiago del Estero,2020-06-01,57523.06998120731,321.9738,329.6326,NOA,17865.761121310898,17450.66173103246,13275.689747371136,13084.757027163962
Tierra del Fuego,2020-06-01,110749.21024737216,321.9738,319.4097,Patagonia,34396.96343223336,34673.08921656799,27815.00006102906,27694.505867260028
Tucumán,2020-06-01,58909.11719578875,321.9738,329.6326,NOA,18296.24559383054,17871.144175603004,14546.235077146364,14339.900432299006
Buenos Aires,2020-07-01,60277.62291223166,328.2014,322.6791,GBA,18366.04685788411,18680.361669606635,20086.744710646028,20300.531580599032
C.A.B.A.,2020-07-01,73241.2071278242,328.2014,322.6791,GBA,22315.933791819352,22697.846599864755,24506.709967000676,24768.391828747197
Catamarca,2020-07-01,44877.31080394686,328.2014,335.8753,NOA,13673.710960387998,13361.301293648821,14972.495255167942,14749.783955289384
Chaco,2020-07-01,44915.36814321706,328.2014,337.1583,NEA,13685.306687667106,13321.744754086452,14852.440564959934,14663.877679311017
Chubut,2020-07-01,88187.50485221345,328.2014,328.1311,Patagonia,26869.935610333607,26875.69232304205,31935.84004312649,31813.038625254
Corrientes,2020-07-01,45408.99035438197,328.2014,337.1583,NEA,13835.708913606697,13468.151415635315,14837.096204795489,14647.997983952759
Córdoba,2020-07-01,52297.06497771113,328.2014,331.4429,Pampeana,15934.44299070971,15778.604694115074,17435.96273344815,17352.53851363794
Entre Ríos,2020-07-01,49539.31580737206,328.2014,331.4429,Pampeana,15094.181745529442,14946.561174601135,16185.604825652461,16107.364244316788
Formosa,2020-07-01,48063.0722197867,328.2014,337.1583,NEA,14644.38366801199,14255.343030198781,15963.108707857897,15760.4339749994
Jujuy,2020-07-01,47651.0020115425,328.2014,335.8753,NOA,14518.829600221847,14187.11111282744,15877.11095177366,15638.38318950838
La Pampa,2020-07-01,54511.013726462224,328.2014,331.4429,Pampeana,16609.013162790357,16446.57759344437,18298.693949920507,18210.98557178426
La Rioja,2020-07-01,46642.037849308246,328.2014,335.8753,NOA,14211.40733991636,13886.712672622323,14617.246718202641,14398.249811573023
Mendoza,2020-07-01,48342.85545111286,328.2014,337.4552,Cuyo,14729.63108966411,14325.710627992356,16096.45266125825,15684.756961004483
Misiones,2020-07-01,39414.83388036168,328.2014,337.1583,NEA,12009.343616560343,11690.305082319397,13439.905460116343,13272.735565239986
Neuquén,2020-07-01,80925.731565045,328.2014,328.1311,Patagonia,24657.33892818404,24662.62160613395,30557.926499938756,30437.862731563688
Río Negro,2020-07-01,54950.962344932916,328.2014,328.1311,Patagonia,16743.061530186318,16746.648624568934,19208.04570006903,19140.234907468002
Salta,2020-07-01,49399.45017024929,328.2014,335.8753,NOA,15051.565950129796,14707.675786296073,15843.943614283742,15605.532161166288
San Juan,2020-07-01,51897.97971039998,328.2014,337.4552,Cuyo,15812.845317052268,15379.220622589304,16805.088739752468,16374.374741972719
San Luis,2020-07-01,57863.60986368517,328.2014,337.4552,Cuyo,17630.51890201723,17147.04940498329,18939.16192696763,18454.7320778945
Santa Cruz,2020-07-01,100144.91383699792,328.2014,328.1311,Patagonia,30513.25004616005,30519.787315800888,37015.956071410765,36872.73179805841
Santa Fe,2020-07-01,58050.03704879245,328.2014,331.4429,Pampeana,17687.321580222528,17514.340192169588,18973.799975767248,18882.321053300395
Santiago del Estero,2020-07-01,40591.127499949005,328.2014,335.8753,NOA,12367.749650046895,12085.17789189887,13247.686214405416,13048.76437076558
Tierra del Fuego,2020-07-01,85613.04703798254,328.2014,328.1311,Patagonia,26085.521584607057,26091.110241602375,27684.199001056404,27581.120382367164
Tucumán,2020-07-01,43386.76886488219,328.2014,335.8753,NOA,13219.55630441619,12917.522921418216,14527.35375804435,14312.31734264115
Buenos Aires,2020-08-01,62343.895241251426,337.0632,331.6957,GBA,18496.203454204264,18795.50902868244,20033.780851177315,20263.807276612708
C.A.B.A.,2020-08-01,73742.45086319996,337.0632,331.6957,GBA,21877.929973725986,22231.95864860472,24458.279010584996,24739.24716410289
Catamarca,2020-08-01,45523.66595824506,337.0632,344.455,NOA,13505.973348097643,13216.143170586887,14914.391525498575,14687.091753548753
Chaco,2020-08-01,45977.47214398504,337.0632,345.0561,NEA,13640.60868821783,13324.63681818262,14826.261724866778,14610.355534747028
Chubut,2020-08-01,94547.0370690656,337.0632,337.675,Patagonia,28050.240153498096,27999.418692253086,31609.845909362077,31509.164701777343
Corrientes,2020-08-01,45785.265623482475,337.0632,345.0561,NEA,13583.584806493996,13268.933841042797,14810.785159179488,14594.45773082658
Córdoba,2020-08-01,53538.32616376704,337.0632,340.159,Pampeana,15883.764873699365,15739.206125302297,17385.26956392596,17288.590335614575
Entre Ríos,2020-08-01,49627.185314396585,337.0632,340.159,Pampeana,14723.406564227893,14589.408280949961,16144.961897033934,16054.440207515918
Formosa,2020-08-01,50125.85726247652,337.0632,345.0561,NEA,14871.352690675378,14526.87179344939,15961.285063761969,15728.823194193254
Jujuy,2020-08-01,47450.22879252643,337.0632,344.455,NOA,14077.54652318213,13775.450724340317,15786.959568925806,15543.93822930562
La Pampa,2020-08-01,55160.81194675018,337.0632,340.159,Pampeana,16365.124388171174,16216.184768520068,18217.91336357701,18116.523177425202
La Rioja,2020-08-01,45631.52332082993,337.0632,344.455,NOA,13537.972499172241,13247.455638858468,14546.534120854294,14323.144010510763
Mendoza,2020-08-01,48895.93649072378,337.0632,346.538,Cuyo,14506.459468350084,14109.833983783534,16014.102057458273,15598.724011335913
Misiones,2020-08-01,40230.39692481193,337.0632,345.0561,NEA,11935.564880655002,11659.088746673926,13383.895407272901,13192.77123927661
Neuquén,2020-08-01,81537.56476065255,337.0632,337.675,Patagonia,24190.58644214276,24146.75790646407,29967.651988168327,29869.723625119677
Río Negro,2020-08-01,56060.623102171965,337.0632,337.675,Patagonia,16632.08060155246,16601.94657649277,19009.562663422534,18954.919144641637
Salta,2020-08-01,48788.585746119265,337.0632,344.455,NOA,14474.610620832907,14163.994061958532,15806.17034437021,15562.436410657596
San Juan,2020-08-01,51216.70347067069,337.0632,346.538,Cuyo,15194.985234422116,14779.534559174084,16791.996374927825,16355.761021414517
San Luis,2020-08-01,58774.15396525233,337.0632,346.538,Cuyo,17437.131661140204,16960.377784038785,18932.24779166847,18441.29739447202
Santa Cruz,2020-08-01,113637.26175184752,337.0632,337.675,Patagonia,33713.933099741385,33652.85015232028,36457.97157302075,36342.97808046128
Santa Fe,2020-08-01,58639.17417680864,337.0632,340.159,Pampeana,17397.085821533958,17238.754281617905,18958.75398533671,18852.792778454088
Santiago del Estero,2020-08-01,40878.01710577737,337.0632,344.455,NOA,12127.701008528184,11867.4477379563,13213.39849204387,13010.06077412793
Tierra del Fuego,2020-08-01,77810.92350703308,337.0632,337.675,Patagonia,23084.965521906004,23043.140151634878,27353.8000859398,27269.54067597311
Tucumán,2020-08-01,43289.56675953099,337.0632,344.455,NOA,12843.160202457875,12567.553601930875,14507.003784008244,14287.027169865829
Buenos Aires,2020-09-01,64672.54999768535,346.6207,340.902,GBA,18658.017249888813,18971.009262980373,20025.8114626343,20272.239344155252
C.A.B.A.,2020-09-01,76850.06921500091,346.6207,340.902,GBA,22171.229016328485,22543.155867375644,24459.148454197024,24759.670426709316
Catamarca,2020-09-01,46330.12107174292,346.6207,352.4418,NOA,13366.230312195123,13145.467158476356,14890.628298880169,14663.132281150674
Chaco,2020-09-01,46208.339874059624,346.6207,356.7869,NEA,13331.096461942298,12951.243410018591,14802.204199346692,14556.897345997588
Chubut,2020-09-01,96063.3231419124,346.6207,345.3481,Patagonia,27714.24878603973,27816.37517099773,31419.13306346928,31337.019860840854
Corrientes,2020-09-01,46243.282091220906,346.6207,356.7869,NEA,13341.177284340176,12961.036991890933,14806.2684319346,14560.479269214822
Córdoba,2020-09-01,55090.3220755655,346.6207,350.037,Pampeana,15893.546483393951,15738.428244889968,17387.7878680652,17279.113091956136
Entre Ríos,2020-09-01,49905.078917439474,346.6207,350.037,Pampeana,14397.604908604557,14257.086798663991,16147.093674802643,16045.705594657415
Formosa,2020-09-01,49282.35401393729,346.6207,356.7869,NEA,14217.948903206672,13812.82609141123,15950.736844581488,15686.888426191981
Jujuy,2020-09-01,53599.859369334896,346.6207,352.4418,NOA,15463.548302030114,15208.144825425048,15828.856595185536,15584.4980640885
La Pampa,2020-09-01,56519.333393198496,346.6207,350.037,Pampeana,16305.815951903187,16146.674035372977,18169.277284295815,18055.61646393574
La Rioja,2020-09-01,47231.932308708616,346.6207,352.4418,NOA,13626.402666865719,13401.342380134425,14503.57076050078,14280.280366587069
Mendoza,2020-09-01,50445.12536841255,346.6207,358.8958,Cuyo,14553.40819760982,14055.646616207978,15977.431258909974,15548.290053648974
Misiones,2020-09-01,42747.77413846852,346.6207,356.7869,NEA,12332.723965553276,11981.318299093526,13373.400900940436,13155.054545386469
Neuquén,2020-09-01,86863.75662343547,346.6207,345.3481,Patagonia,25060.17575506468,25152.521940452392,29479.578026912335,29399.70912851155
Río Negro,2020-09-01,58052.97759385378,346.6207,345.3481,Patagonia,16748.27198544512,16809.988991934162,18860.67835498007,18817.39114256254
Salta,2020-09-01,49758.2540326186,346.6207,352.4418,NOA,14355.245959810998,14118.147743150388,15793.980105280534,15549.822117514128
San Juan,2020-09-01,52104.20637168012,346.6207,358.8958,Cuyo,15032.05272266778,14517.920346707908,16806.787680396024,16355.168162370526
San Luis,2020-09-01,59017.48773797631,346.6207,358.8958,Cuyo,17026.5329618157,16444.184562197806,18935.260735229254,18427.1897922965
Santa Cruz,2020-09-01,115961.80306974456,346.6207,345.3481,Patagonia,33454.95611478038,33578.23687744179,36248.52726927357,36155.86438303459
Santa Fe,2020-09-01,60610.6715276571,346.6207,350.037,Pampeana,17486.166154432525,17315.504226026707,18999.41448473624,18880.229027295267
Santiago del Estero,2020-09-01,41485.62655680146,346.6207,352.4418,NOA,11968.59465023337,11770.915526138346,13208.673183779756,13004.89490747775
Tierra del Fuego,2020-09-01,87787.14015834947,346.6207,345.3481,Patagonia,25326.571713215475,25419.89956173191,27334.40029796203,27266.486163595735
Tucumán,2020-09-01,45589.48807387926,346.6207,352.4418,NOA,13152.557846048796,12935.323810592065,14539.36330522796,14318.301753833204
Buenos Aires,2020-10-01,68309.59121517012,359.657,353.0444,GBA,18992.98254035654,19348.725320432815,20012.991702919975,20277.684109624828
C.A.B.A.,2020-10-01,80753.21393805713,359.657,353.0444,GBA,22452.84088396921,22873.387579028906,24413.313068691667,24735.207891831695
Catamarca,2020-10-01,50323.95292889897,359.657,366.7812,NOA,13992.20727773934,13720.42867216176,14881.573635720102,14645.325874321801
Chaco,2020-10-01,49871.17295213241,359.657,370.1522,NEA,13866.315114715524,13473.153192695441,14798.352893154433,14522.674958960091
Chubut,2020-10-01,101723.42290794187,359.657,357.3048,Patagonia,28283.454209967236,28469.649136519263,31159.15058983811,31101.787745191836
Corrientes,2020-10-01,49971.383158462195,359.657,370.1522,NEA,13894.177830116527,13500.225895851003,14802.67277948164,14526.450965313477
Córdoba,2020-10-01,57951.761170545375,359.657,364.09,Pampeana,16113.063605197556,15916.878016574301,17351.353047027853,17229.37827386789
Entre Ríos,2020-10-01,52854.75221621898,359.657,364.09,Pampeana,14695.877521143473,14516.946968117494,16157.75534385677,16044.140009770126
Formosa,2020-10-01,53454.498406539344,359.657,370.1522,NEA,14862.632565622065,14441.221315593788,15955.312020358324,15658.892349882959
Jujuy,2020-10-01,55071.61040399552,359.657,366.7812,NOA,15312.25873651716,15014.840020152482,15814.178400257417,15560.29887135001
La Pampa,2020-10-01,59664.79053671928,359.657,364.09,Pampeana,16589.358899373372,16387.37414834774,18093.377621974265,17966.108521491467
La Rioja,2020-10-01,51100.217824151805,359.657,366.7812,NOA,14208.042057891771,13932.071170537585,14462.31966644318,14230.521635320183
Mendoza,2020-10-01,53458.78171538045,359.657,372.0342,Cuyo,14863.823508337236,14369.319195756856,15923.928004774174,15487.473416472589
Misiones,2020-10-01,46967.29700135256,359.657,370.1522,NEA,13058.913631975069,12688.644563331669,13359.573836080877,13112.645881196422
Neuquén,2020-10-01,92681.14119687043,359.657,357.3048,Patagonia,25769.31387318207,25938.95777411063,29049.3895239841,28992.753037605777
Río Negro,2020-10-01,63106.57774469215,359.657,357.3048,Patagonia,17546.322675408002,17661.833186873544,18710.491934995687,18682.520036501915
Salta,2020-10-01,53453.50946389979,359.657,366.7812,NOA,14862.35759734964,14573.677566870872,15787.412671214612,15533.922611207989
San Juan,2020-10-01,55215.00409243985,359.657,372.0342,Cuyo,15352.128303477994,14841.378586280467,16785.259591947663,16325.201565486692
San Luis,2020-10-01,64175.03537413916,359.657,372.0342,Cuyo,17843.399509571387,17249.767729455827,18904.65923100881,18386.926788933415
Santa Cruz,2020-10-01,123526.84943828812,359.657,357.3048,Patagonia,34345.73758839342,34571.841586871524,35840.71343802723,35778.43091548366
Santa Fe,2020-10-01,63856.27837653487,359.657,364.09,Pampeana,17754.771456286093,17538.597153597977,18986.545687746042,18852.64483904756
Santiago del Estero,2020-10-01,43951.92100163565,359.657,366.7812,NOA,12220.510375617785,11983.144447325994,13184.298628559362,12973.071489250678
Tierra del Fuego,2020-10-01,91375.8332413996,359.657,357.3048,Patagonia,25406.38253708383,25573.637197541037,27246.039652429623,27199.84593436443
Tucumán,2020-10-01,49971.827019534496,359.657,366.7812,NOA,13894.301242443356,13624.424321512251,14544.09746216346,14314.183086477513
Buenos Aires,2020-11-01,68416.50625040536,371.0211,363.5381,GBA,18440.058058801875,18819.624751960073,20027.415952359326,20310.169762955262
C.A.B.A.,2020-11-01,82137.47170686052,371.0211,363.5381,GBA,22138.22117040258,22593.910158759296,24406.03722585737,24749.39645830934
Catamarca,2020-11-01,51340.594123502015,371.0211,378.17,NOA,13837.648080797027,13576.06212113653,14883.260479864397,14634.490380246525
Chaco,2020-11-01,51353.474284093965,371.0211,383.7668,NEA,13841.119624758257,13381.427023935881,14803.745684004933,14492.59227310022
Chubut,2020-11-01,106273.81108128656,371.0211,367.7392,Patagonia,28643.60304071293,28899.233772544936,30996.482055109976,30976.52711781804
Corrientes,2020-11-01,52310.22269895369,371.0211,383.7668,NEA,14098.988628666586,13630.731657598753,14837.591742089382,14525.160925910312
Córdoba,2020-11-01,58995.9001445309,371.0211,376.3817,Pampeana,15900.955537173195,15674.48686918915,17350.890285626927,17215.99590581403
Entre Ríos,2020-11-01,54858.49134377459,371.0211,376.3817,Pampeana,14785.814430439292,14575.228111189941,16201.970726240048,16076.141347182342
Formosa,2020-11-01,56511.835865564586,371.0211,383.7668,NEA,15231.434510211035,14725.566637229846,15972.622685978666,15637.136027287408
Jujuy,2020-11-01,55767.95976939784,371.0211,378.17,NOA,15030.940226687335,14746.796353332587,15818.233445985312,15550.733805553838
La Pampa,2020-11-01,61981.82683076795,371.0211,376.3817,Pampeana,16705.741757212178,16467.81095647529,18081.34964388712,17940.558876096915
La Rioja,2020-11-01,52827.10368703655,371.0211,378.17,NOA,14238.301726515434,13969.14183754305,14461.818321156765,14217.153403801012
Mendoza,2020-11-01,54691.29649962582,371.0211,383.7513,Cuyo,14740.750997618687,14251.755368548802,15879.072125932169,15438.357958637953
Misiones,2020-11-01,47685.45719619382,371.0211,383.7668,NEA,12852.49200010291,12425.633795365784,13357.234720199434,13077.3833148942
Neuquén,2020-11-01,101438.5499092182,371.0211,367.7392,Patagonia,27340.37226163639,27584.37226959166,28803.004210057283,28782.64920737532
Río Negro,2020-11-01,64451.805874739795,371.0211,367.7392,Patagonia,17371.466440787277,17526.49863673489,18654.59513320457,18649.039900667667
Salta,2020-11-01,54327.795794351136,371.0211,378.17,NOA,14642.77794291245,14365.971863011642,15787.732700475113,15521.003504642733
San Juan,2020-11-01,56581.81378956569,371.0211,383.7513,Cuyo,15250.295411653324,14744.396641670188,16784.85010164702,16319.067031618473
San Luis,2020-11-01,64965.910252539536,371.0211,383.7513,Cuyo,17510.031168723162,16929.17007774033,18958.511588080564,18432.648958997524
Santa Cruz,2020-11-01,121671.133504109,371.0211,367.7392,Patagonia,32793.588694580714,33086.256103268024,35717.04060635127,35697.190582320545
Santa Fe,2020-11-01,64630.98046888586,371.0211,376.3817,Pampeana,17419.75873309789,17171.658576622045,19011.496292100754,18863.32747593979
Santiago del Estero,2020-11-01,45274.60723849348,371.0211,378.17,NOA,12202.704169248995,11972.025078269953,13178.668433061233,12956.455836126188
Tierra del Fuego,2020-11-01,95248.44929457732,371.0211,367.7392,Patagonia,25671.97641713027,25901.08677415335,27189.21864158509,27175.989944209316
Tucumán,2020-11-01,51109.181510446826,371.0211,378.17,NOA,13775.276260688901,13514.869373680309,14542.64951552468,14300.294438537774
Buenos Aires,2020-12-01,102559.21828075955,385.8826,377.0507,GBA,26577.829184513514,27200.378697283828,20075.111741714652,20392.274509512365
C.A.B.A.,2020-12-01,121928.6557195981,385.8826,377.0507,GBA,31597.344819278736,32337.469661135252,24410.833225703398,24794.681474385765
Catamarca,2020-12-01,78967.1600345609,385.8826,394.4702,NOA,20464.03751673719,20018.536263210986,14925.490385317073,14652.124567392748
Chaco,2020-12-01,75014.36891863676,385.8826,405.0619,NEA,19439.686816310645,18519.23592878934,14816.550089538767,14436.406322506178
Chubut,2020-12-01,157577.98566131227,385.8826,378.8585,Patagonia,40835.73233447485,41592.83364668135,30759.01697977121,30839.423178054298
Corrientes,2020-12-01,76952.17244239857,385.8826,405.0619,NEA,19941.861188454357,18997.632816712354,14909.97992390123,14526.492168037288
Córdoba,2020-12-01,89387.18361198893,385.8826,392.1591,Pampeana,23164.346775933645,22793.601783559,17342.12569510643,17182.846722264858
Entre Ríos,2020-12-01,83299.56875580059,385.8826,392.1591,Pampeana,21586.76466775143,21241.26885129035,16231.168509203757,16082.489764228729
Formosa,2020-12-01,82260.17356857628,385.8826,405.0619,NEA,21317.40938010065,20308.050095201816,15993.280927671982,15582.108221423221
Jujuy,2020-12-01,79158.84533707642,385.8826,394.4702,NOA,20513.71202979259,20067.129364163993,15856.94708794558,15564.81928826552
La Pampa,2020-12-01,91333.7232205064,385.8826,392.1591,Pampeana,23668.785071031034,23289.966551969956,18079.11131476899,17913.382389516766
La Rioja,2020-12-01,80329.32884675129,385.8826,394.4702,NOA,20817.038354865257,20363.852287638278,14500.843269358149,14231.187995399107
Mendoza,2020-12-01,78802.07197700304,385.8826,400.1693,Cuyo,20421.25557799264,19692.18327767848,15831.032680250184,15371.878736014902
Misiones,2020-12-01,69877.07925944547,385.8826,405.0619,NEA,18108.377848455842,17250.9631884523,13381.063061122664,13036.888920323745
Neuquén,2020-12-01,137370.51190887054,385.8826,378.8585,Patagonia,35599.04279407015,36259.05500572656,28286.82256918909,28357.1237396284
Río Negro,2020-12-01,93211.67837502618,385.8826,378.8585,Patagonia,24155.44996717296,24603.29605249089,18582.146309717118,18635.261084522303
Salta,2020-12-01,79527.5861417274,385.8826,394.4702,NOA,20609.269799085887,20160.606844757196,15820.245175943432,15528.821173505945
San Juan,2020-12-01,82707.23456103231,385.8826,400.1693,Cuyo,21433.263526531722,20668.06088348914,16796.40328983396,16309.767909452048
San Luis,2020-12-01,96728.97007349091,385.8826,400.1693,Cuyo,25066.9426591121,24172.0117144146,18975.084025700333,18424.759883654555
Santa Cruz,2020-12-01,167617.64273994463,385.8826,378.8585,Patagonia,43437.47107020234,44242.80905402535,35452.95813129111,35539.98109130453
Santa Fe,2020-12-01,96217.86749685596,385.8826,392.1591,Pampeana,24934.492381065113,24535.416237148635,19015.829424490687,18841.36639657939
Santiago del Estero,2020-12-01,66922.02543594099,385.8826,394.4702,NOA,17342.586951560133,16965.03954821961,13194.745194937226,12951.83705213508
Tierra del Fuego,2020-12-01,161893.31080006668,385.8826,378.8585,Patagonia,41954.0323404234,42731.8671219114,27271.31513120505,27357.85787636748
Tucumán,2020-12-01,76418.61973280333,385.8826,394.4702,NOA,19803.593044310193,19372.469639735355,14539.995335602864,14274.166204833218
Buenos Aires,2021-01-01,76208.85304568606,401.5071,389.4454,GBA,18980.698733767364,19568.55904465326,20005.728449193208,20352.638538918494
C.A.B.A.,2021-01-01,96490.9626699805,401.5071,389.4454,GBA,24032.193370921836,24776.505941521067,24369.14628232198,24791.19670410672
Catamarca,2021-01-01,61133.72939401772,401.5071,416.2149,NOA,15226.064344570175,14688.020393796023,14856.898617404227,14551.115243215017
Chaco,2021-01-01,54683.40505665731,401.5071,422.54,NEA,13619.536256434149,12941.592525360275,14746.008916067774,14324.937166728774
Chubut,2021-01-01,123831.92499032976,401.5071,394.4385,Patagonia,30841.777141756585,31394.48228059121,30608.56795787871,30769.925863752334
Corrientes,2021-01-01,56713.02786988907,401.5071,422.54,NEA,14125.03735796679,13421.931147320742,14877.588986883637,14451.127704946524
Córdoba,2021-01-01,67533.38591420236,401.5071,410.2886,Pampeana,16819.97302518495,16459.971326086652,17299.69523056007,17118.832642840385
Entre Ríos,2021-01-01,62007.77891040952,401.5071,410.2886,Pampeana,15443.756513996768,15113.210289150009,16167.929678193183,15999.574807653407
Formosa,2021-01-01,58315.82070138303,401.5071,422.54,NEA,14524.231502103708,13801.25448510982,15913.36433857872,15458.60551584078
Jujuy,2021-01-01,60473.075829206675,401.5071,416.2149,NOA,15061.520911885913,14529.291437958293,15846.247166131883,15521.521433817197
La Pampa,2021-01-01,68465.93969920879,401.5071,410.2886,Pampeana,17052.23636125209,16687.263477271557,18008.117858133395,17820.670331613797
La Rioja,2021-01-01,54255.339108066015,401.5071,416.2149,NOA,13512.921467158616,13035.414904191563,14405.720946877993,14107.613569392855
Mendoza,2021-01-01,60081.970419934034,401.5071,418.0148,Cuyo,14964.111573602071,14373.168227520662,15761.60812443648,15288.311027749682
Misiones,2021-01-01,52011.94164387537,401.5071,422.54,NEA,12954.17730941131,12309.353349712539,13330.379127885584,12947.064545379511
Neuquén,2021-01-01,110200.84610463728,401.5071,394.4385,Patagonia,27446.798849793016,27938.663721882443,28019.854380555127,28163.90313284448
Río Negro,2021-01-01,65649.10340073588,401.5071,394.4385,Patagonia,16350.670610989417,16643.68549234821,18494.432881551256,18590.56595365982
Salta,2021-01-01,59277.44485680305,401.5071,416.2149,NOA,14763.735151085262,14242.028542659824,15794.110518192,15470.87837856512
San Juan,2021-01-01,71726.33952210493,401.5071,418.0148,Cuyo,17864.27675179466,17158.803832329606,16754.17844475646,16249.574814352836
San Luis,2021-01-01,75380.44284157787,401.5071,418.0148,Cuyo,18774.37356439721,18032.96027833892,18946.44152496711,18376.814212557263
Santa Cruz,2021-01-01,143756.9071621956,401.5071,394.4385,Patagonia,35804.32504486113,36445.96233942569,35407.40409214582,35586.7483637675
Santa Fe,2021-01-01,74123.24957851108,401.5071,410.2886,Pampeana,18461.255001097386,18066.12457146289,18978.575801599196,18780.368741052866
Santiago del Estero,2021-01-01,49692.36437162313,401.5071,416.2149,NOA,12376.459686920389,11939.112312323065,13163.488594227942,12894.002450675114
Tierra del Fuego,2021-01-01,100706.64136063706,401.5071,394.4385,Patagonia,25082.15704296065,25531.645962713344,27168.178621328527,27320.309095916928
Tucumán,2021-01-01,57336.178187355625,401.5071,416.2149,NOA,14280.240171931113,13775.618841938533,14488.106574821202,14191.75808747829
Buenos Aires,2021-02-01,77196.65438950607,415.8595,403.4854,GBA,18563.157602388805,19132.45296843605,19930.401789881056,20302.905243564146
C.A.B.A.,2021-02-01,97947.94057724113,415.8595,403.4854,GBA,23553.132867528846,24275.460915622007,24298.331586240063,24753.18860764454
Catamarca,2021-02-01,57211.115356293456,415.8595,429.9182,NOA,13757.31836264254,13307.442056719967,14823.604655061696,14489.168014968529
Chaco,2021-02-01,57278.34308462445,415.8595,438.5825,NEA,13773.484334162007,13059.87883342916,14694.98029267092,14232.340975253273
Chubut,2021-02-01,120623.15017658068,415.8595,409.6462,Patagonia,29005.745973479185,29445.69000678651,30219.642382310893,30447.28180590452
Corrientes,2021-02-01,58642.41225930146,415.8595,438.5825,NEA,14101.496360982846,13370.896526719938,14845.405507418072,14376.08721499612
Córdoba,2021-02-01,67694.66092170526,415.8595,424.4373,Pampeana,16278.252852635387,15949.272347577667,17258.531063982427,17061.617231978755
Entre Ríos,2021-02-01,63103.934660557934,415.8595,424.4373,Pampeana,15174.340050078916,14867.669420326143,16108.851829300356,15925.702575373154
Formosa,2021-02-01,61211.6760294427,415.8595,438.5825,NEA,14719.316507003614,13956.707353677519,15836.870714234446,15338.017754505021
Jujuy,2021-02-01,59087.142249395176,415.8595,429.9182,NOA,14208.438727357478,13743.810392161851,15786.759554636215,15432.62899591112
La Pampa,2021-02-01,71937.62127306678,415.8595,424.4373,Pampeana,17298.539836908083,16948.939518997686,17897.557488931154,17693.595904097245
La Rioja,2021-02-01,50176.86177461651,415.8595,429.9182,NOA,12065.820733833545,11671.257875246154,14404.600973389415,14081.152995724306
Mendoza,2021-02-01,59814.47837167018,415.8595,435.0785,Cuyo,14383.3382119851,13747.973841886045,15676.087932771561,15187.520010291339
Misiones,2021-02-01,54006.6178700028,415.8595,438.5825,NEA,12986.74621356559,12313.901687824482,13293.964803813042,12871.282296754925
Neuquén,2021-02-01,108310.75040312308,415.8595,409.6462,Patagonia,26045.034537655887,26440.072043417727,27645.985222533243,27849.810035141567
Río Negro,2021-02-01,74497.50908734629,415.8595,409.6462,Patagonia,17914.105385916708,18185.817197217082,18389.116594666804,18524.76169680449
Salta,2021-02-01,61353.92364966272,415.8595,429.9182,NOA,14753.522199123194,14271.069159124392,15727.701888627937,15373.971600531831
San Juan,2021-02-01,68779.38976356274,415.8595,435.0785,Cuyo,16539.093074358705,15808.501170148085,16670.192571796677,16147.608261066796
San Luis,2021-02-01,74696.50319360441,415.8595,435.0785,Cuyo,17961.956668924096,17168.511703888933,18934.39927746326,18342.921597213106
Santa Cruz,2021-02-01,149236.34850529075,415.8595,409.6462,Patagonia,35886.24247018302,36430.546287330566,35120.03867352896,35379.34135535323
Santa Fe,2021-02-01,74557.060233194,415.8595,424.4373,Pampeana,17928.425401654644,17566.09521198867,18936.926193286727,18721.010747517314
Santiago del Estero,2021-02-01,52040.54240180991,415.8595,429.9182,NOA,12513.972243464415,12104.754439753866,13146.717728874077,12851.06669488527
Tierra del Fuego,2021-02-01,105978.9908783695,415.8595,409.6462,Patagonia,25484.32604722737,25870.859018921572,27068.087642321752,27275.902383658246
Tucumán,2021-02-01,57546.44318224222,415.8595,429.9182,NOA,13837.953246767771,13385.440109826059,14422.135307110546,14097.2089070792
Buenos Aires,2021-03-01,82363.22212515131,435.8657,424.4539,GBA,18896.467908612976,19404.515337272507,19886.79565047776,20283.837109442513
C.A.B.A.,2021-03-01,107480.647273708,435.8657,424.4539,GBA,24659.120291802727,25322.101475262214,24254.316337326323,24741.336217033557
Catamarca,2021-03-01,59742.545015648495,435.8657,447.9105,NOA,13706.640604123813,13338.05414600651,14778.937015865014,14427.717046489517
Chaco,2021-03-01,58434.73183889687,435.8657,453.1765,NEA,13406.591029965623,12894.47529580569,14636.506701838523,14150.226280598135
Chubut,2021-03-01,120464.41351261947,435.8657,426.2375,Patagonia,27637.965894682577,28262.27479107762,30016.54543757687,30304.662482532895
Corrientes,2021-03-01,58932.09725545536,435.8657,453.1765,NEA,13520.700815745622,13004.226224319964,14793.685792431037,14300.40776781146
Córdoba,2021-03-01,70622.20806092488,435.8657,444.913,Pampeana,16202.745033831494,15873.26242679465,17232.831199326964,17015.62657296913
Entre Ríos,2021-03-01,64401.329689720646,435.8657,444.913,Pampeana,14775.498436725038,14475.038870457965,16046.937685505585,15845.485387667317
Formosa,2021-03-01,61617.28438443431,435.8657,453.1765,NEA,14136.759186243447,13596.751902279644,15751.2540646518,15227.860329379751
Jujuy,2021-03-01,65689.4639651539,435.8657,447.9105,NOA,15071.03311069302,14665.756655660874,15798.300196513208,15425.003664475696
La Pampa,2021-03-01,70658.41005438325,435.8657,444.913,Pampeana,16211.050801745409,15881.399297027341,17812.04686035634,17588.09551666261
La Rioja,2021-03-01,52340.28786372152,435.8657,447.9105,NOA,12008.352082699215,11685.434448114414,14410.89933521569,14072.214230893025
Mendoza,2021-03-01,62864.28563129893,435.8657,453.9557,Cuyo,14422.8567724643,13848.110207956179,15609.758571699545,15107.897189656476
Misiones,2021-03-01,54555.77739159404,435.8657,453.1765,NEA,12516.648451941513,12038.527459299863,13269.66408579624,12824.419357188259
Neuquén,2021-03-01,119052.89024809102,435.8657,426.2375,Patagonia,27314.12227392314,27931.11592670542,27344.850898230812,27608.783332345105
Río Negro,2021-03-01,75646.2100620073,435.8657,426.2375,Patagonia,17355.394118419343,17747.43190404582,18302.548481339763,18476.032642504415
Salta,2021-03-01,62172.27677193004,435.8657,447.9105,NOA,14264.090239706871,13880.51335521941,15674.40997176582,15303.293686799392
San Juan,2021-03-01,65161.15902308306,435.8657,453.9557,Cuyo,14949.824916960217,14354.078828194704,16625.60781537855,16088.58494764914
San Luis,2021-03-01,77550.13863463093,435.8657,453.9557,Cuyo,17792.2095348707,17083.19526214363,18908.890395484177,18299.477241242046
Santa Cruz,2021-03-01,155766.69528931932,435.8657,426.2375,Patagonia,35737.31433542931,36544.57791473517,35002.49904189806,35339.51316708093
Santa Fe,2021-03-01,77325.16055168572,435.8657,444.913,Pampeana,17740.593157866224,17379.838429465024,18917.932296527393,18679.752570055265
Santiago del Estero,2021-03-01,54756.71128640112,435.8657,447.9105,NOA,12562.748407686386,12224.922453570774,13127.53196031447,12816.242895913198
Tierra del Fuego,2021-03-01,108988.49686636904,435.8657,426.2375,Patagonia,25005.063914496837,25569.89867535565,26999.382579456735,27261.52564079992
Tucumán,2021-03-01,59850.19496552062,435.8657,447.9105,NOA,13731.338567251476,13362.08795407132,14406.010323495948,14063.934361330026
Buenos Aires,2021-04-01,84876.27179021818,453.6503,441.8955,GBA,18709.6254075481,19207.317519689197,19923.629163509217,20343.884195154293
C.A.B.A.,2021-04-01,105129.16451408394,453.6503,441.8955,GBA,23174.0537841778,23790.503527210378,24284.36512575394,24799.950907722734
Catamarca,2021-04-01,61519.40398487895,453.6503,465.799,NOA,13560.975047272965,13207.285542665173,14811.656970022674,14455.419111629673
Chaco,2021-04-01,61178.139900267095,453.6503,471.9102,NEA,13485.748802605684,12963.93676175406,14614.140614252523,14110.055701744157
Chubut,2021-04-01,128437.40734860174,453.6503,446.4921,Patagonia,28311.985542300255,28765.885745481664,30079.961380783552,30393.607089451314
Corrientes,2021-04-01,62097.2727241219,453.6503,471.9102,NEA,13688.357028337003,13158.705347780555,14797.581103638917,14285.63518656395
Córdoba,2021-04-01,75726.53483344961,453.6503,462.5053,Pampeana,16692.71128740565,16373.11720178117,17295.806406402993,17058.511781901845
Entre Ríos,2021-04-01,66510.81796953375,453.6503,462.5053,Pampeana,14661.25294517247,14380.55260545852,16011.046926037676,15792.398838521305
Formosa,2021-04-01,64316.12528798546,453.6503,471.9102,NEA,14177.467817829165,13628.890684707696,15708.287437925663,15166.611819797432
Jujuy,2021-04-01,66245.94255952652,453.6503,465.799,NOA,14602.86536998356,14222.001884831554,15797.586858771238,15419.688046144482
La Pampa,2021-04-01,72265.55029923441,453.6503,462.5053,Pampeana,15929.792242887177,15624.804796665987,17783.95255414842,17541.263876911544
La Rioja,2021-04-01,57672.304420840745,453.6503,465.799,NOA,12712.943079909954,12381.371454391432,14406.10904685669,14063.510213300722
Mendoza,2021-04-01,65703.99763729918,453.6503,472.8822,Cuyo,14483.402223540728,13894.36896489214,15606.494278649428,15086.214506280725
Misiones,2021-04-01,55525.443263098095,453.6503,471.9102,NEA,12239.701651932797,11766.103649189634,13297.941622068245,12835.449132657768
Neuquén,2021-04-01,120115.64188050167,453.6503,446.4921,Patagonia,26477.584580127394,26902.075508279246,27432.865777824452,27720.826564572882
Río Negro,2021-04-01,79709.56133886205,453.6503,446.4921,Patagonia,17570.706189076045,17852.40127179452,18318.94620530927,18508.150752934896
Salta,2021-04-01,65187.1324779043,453.6503,465.799,NOA,14369.467512289597,13994.69137501461,15661.281376261752,15285.913314572705
San Juan,2021-04-01,69947.13855383491,453.6503,472.8822,Cuyo,15418.735213849723,14791.662395800668,16658.457962655368,16100.906743302303
San Luis,2021-04-01,80427.54754242065,453.6503,472.8822,Cuyo,17728.974838641272,17007.94564532576,18944.918040242217,18311.94491228829
Santa Cruz,2021-04-01,149049.52155385853,453.6503,446.4921,Patagonia,32855.59858636896,33382.34238721324,35202.865890515575,35570.1845827187
Santa Fe,2021-04-01,80592.91157443324,453.6503,462.5053,Pampeana,17765.42671181596,17425.294710013754,18957.70349052448,18698.276984909397
Santiago del Estero,2021-04-01,55257.96195219275,453.6503,465.799,NOA,12180.739647299417,11863.048643769685,13158.90568509077,12843.065235821441
Tierra del Fuego,2021-04-01,116517.45102177632,453.6503,446.4921,Patagonia,25684.420581618997,26096.19543588259,27203.15846267814,27489.244189842455
Tucumán,2021-04-01,57309.1564521111,453.6503,465.799,NOA,12632.89288073018,12303.409078188468,14398.117433615374,14052.222204041485
Buenos Aires,2021-05-01,85518.0329618936,468.725,456.7856,GBA,18244.820088942044,18721.700719526536,19943.171679362535,20384.754122617822
C.A.B.A.,2021-05-01,103281.8551671025,468.725,456.7856,GBA,22034.637616321404,22610.575982934337,24304.93041640203,24846.236490793355
Catamarca,2021-05-01,62298.55291309001,468.725,480.9157,NOA,13291.066811689157,12954.15244565524,14816.884974839088,14458.53431791145
Chaco,2021-05-01,62622.21646616113,468.725,486.7551,NEA,13360.118719112728,12865.240953029794,14592.37484784111,14073.62189405633
Chubut,2021-05-01,131389.50000375466,468.725,462.1838,Patagonia,28031.25500106772,28427.97605709128,30233.412748313225,30569.515538943768
Corrientes,2021-05-01,62585.95558174014,468.725,486.7551,NEA,13352.382651179292,12857.7914400363,14781.978354649325,14255.22891463006
Córdoba,2021-05-01,75310.54618066584,468.725,477.4449,Pampeana,16067.106764236138,15773.662297087234,17323.612335491885,17068.56239004834
Entre Ríos,2021-05-01,68740.10516569944,468.725,477.4449,Pampeana,14665.337920038282,14397.494907935854,15994.677922531117,15760.036862261077
Formosa,2021-05-01,65017.32438204094,468.725,486.7551,NEA,13871.102326959504,13357.297002546235,15644.412816536504,15088.474388522112
Jujuy,2021-05-01,66893.1722909334,468.725,480.9157,NOA,14271.3045583089,13909.542211022306,15751.175559510448,15372.233444024509
La Pampa,2021-05-01,75162.75409896814,468.725,477.4449,Pampeana,16035.576105172146,15742.707503833037,17732.616194586706,17472.61109167207
La Rioja,2021-05-01,59597.9535239136,468.725,480.9157,NOA,12714.908213539622,12392.598853377754,14399.651474011012,14055.301317591315
Mendoza,2021-05-01,67961.22744222153,468.725,490.0755,Cuyo,14499.168476659346,13867.501526238615,15601.181018135147,15056.721689594528
Misiones,2021-05-01,59427.60364080996,468.725,486.7551,NEA,12678.56496683769,12208.932919410594,13364.170285547138,12885.724161372642
Neuquén,2021-05-01,124270.37555874676,468.725,462.1838,Patagonia,26512.42744866324,26887.652825293044,27635.96852394342,27945.45120372846
Río Negro,2021-05-01,81884.3538842881,468.725,462.1838,Patagonia,17469.59387365472,17716.837735179834,18348.947496249075,18551.828853603805
Salta,2021-05-01,66814.93323373773,468.725,480.9157,NOA,14254.612669206406,13893.273443503242,15638.65754073633,15261.688419774102
San Juan,2021-05-01,71545.05989111298,468.725,490.0755,Cuyo,15263.760177313558,14598.783226485099,16667.378868747033,16084.032647759044
San Luis,2021-05-01,81323.32399861414,468.725,490.0755,Cuyo,17349.901114430453,16594.03989765131,18959.09517164621,18296.706896392803
Santa Cruz,2021-05-01,162707.93243055476,468.725,462.1838,Patagonia,34712.87693862174,35204.16172755401,35515.05737083439,35910.77958355195
Santa Fe,2021-05-01,81213.34116344468,468.725,477.4449,Pampeana,17326.4368581673,17009.992391466465,18953.413600103533,18675.015231122412
Santiago del Estero,2021-05-01,55788.41852800696,468.725,480.9157,NOA,11902.164068058446,11600.456905026589,13135.974331664609,12818.892226273792
Tierra del Fuego,2021-05-01,114486.10116648958,468.725,462.1838,Patagonia,24425.004249077727,24770.686719545247,27300.615448498414,27606.093006463445
Tucumán,2021-05-01,58278.12936151218,468.725,480.9157,NOA,12433.330708093696,12118.159037334855,14325.037172414173,13979.001905485942
Buenos Aires,2021-06-01,126984.55299867089,483.6049,470.784,GBA,26257.912812436534,26972.996745571407,19931.98499161208,20401.929255507926
C.A.B.A.,2021-06-01,150951.35871482285,483.6049,470.784,GBA,31213.777758418673,32063.825175626796,24268.367945391303,24843.05846107878
Catamarca,2021-06-01,93061.82772272054,483.6049,496.7202,NOA,19243.359139396754,18735.261364993923,14802.10265047081,14439.012885754848
Chaco,2021-06-01,91098.30175948006,483.6049,500.6446,NEA,18837.340514845913,18196.20180852446,14523.912754228148,13991.063942134313
Chubut,2021-06-01,197494.1421111296,483.6049,478.1109,Patagonia,40837.91171494118,41307.182520024035,30421.987950271163,30771.391178590893
Corrientes,2021-06-01,91455.37992660022,483.6049,500.6446,NEA,18911.17727024689,18267.525491456458,14699.554178011398,14158.982399697092
Córdoba,2021-06-01,108851.76754229792,483.6049,492.929,Pampeana,22508.40873247933,22082.646292325655,17288.276496823364,17012.76146877357
Entre Ríos,2021-06-01,101511.01865969128,483.6049,492.929,Pampeana,20990.485964821964,20593.436105339977,15916.193472377461,15662.825198623445
Formosa,2021-06-01,95155.83733708617,483.6049,500.6446,NEA,19676.359221564166,19006.664076090336,15520.866523294282,14951.453705624675
Jujuy,2021-06-01,99959.70698636417,483.6049,496.7202,NOA,20669.70516352588,20123.946436316495,15733.47527168216,15349.48511818277
La Pampa,2021-06-01,108411.91420965116,483.6049,492.929,Pampeana,22417.455697750614,21993.41369845377,17599.040856349737,17319.426362198315
La Rioja,2021-06-01,89570.66553438736,483.6049,496.7202,NOA,18521.455331488032,18032.41855966143,14347.963796154647,13999.922673526406
Mendoza,2021-06-01,97797.64009565144,483.6049,507.4581,Cuyo,20222.63217259615,19272.062086633643,15565.90318920169,14983.96949375794
Misiones,2021-06-01,78361.83654165869,483.6049,500.6446,NEA,16203.689528716252,15652.18850690863,13323.0786721423,12832.080103965196
Neuquén,2021-06-01,187328.0357555473,483.6049,478.1109,Patagonia,38735.76048454995,39180.875348281596,27929.046519082727,28252.061823028227
Río Negro,2021-06-01,119183.47372902358,483.6049,478.1109,Patagonia,24644.80275717297,24927.997610810293,18375.160511315113,18585.365273374246
Salta,2021-06-01,99251.28958232104,483.6049,496.7202,NOA,20523.21835083165,19981.32743188641,15577.039499363722,15196.081431121049
San Juan,2021-06-01,103236.17995908846,483.6049,507.4581,Cuyo,21347.21545606516,20343.78404031554,16621.539675512267,15998.843761098733
San Luis,2021-06-01,121041.54687127953,483.6049,507.4581,Cuyo,25029.01580841706,23852.520409326313,18929.249032671716,18220.14453912546
Santa Cruz,2021-06-01,231418.3954426162,483.6049,478.1109,Patagonia,47852.78135986964,48402.66043769682,35925.672945766004,36338.502681973616
Santa Fe,2021-06-01,119805.89637477808,483.6049,492.929,Pampeana,24773.507541957926,24304.89915886022,18889.60339993313,18588.876261703324
Santiago del Estero,2021-06-01,81505.5679881009,483.6049,496.7202,NOA,16853.751479379323,16408.748423780813,13051.640194836978,12732.066117336155
Tierra del Fuego,2021-06-01,171994.21445626987,483.6049,478.1109,Patagonia,35565.0272477119,35973.707032462524,27397.954099788294,27714.477824454654
Tucumán,2021-06-01,84305.92820383457,483.6049,496.7202,NOA,17432.811000019763,16972.51857360232,14253.084289596609,13904.116438652552
Buenos Aires,2021-07-01,93700.26116469296,498.0987,485.3036,GBA,18811.585166693458,19307.555345703793,19969.11318401286,20454.19539518269
C.A.B.A.,2021-07-01,112952.2298884661,498.0987,485.3036,GBA,22676.676307018286,23274.550176109573,24298.42982165788,24891.117092432516
Catamarca,2021-07-01,68516.37251589652,498.0987,510.3946,NOA,13755.581477304904,13424.196203466203,14808.92519354722,14444.25412823963
Chaco,2021-07-01,66974.31840592672,498.0987,515.5473,NEA,13445.99341574807,12990.91633414174,14503.969981568227,13963.494907138922
Chubut,2021-07-01,148593.10665798705,498.0987,494.1249,Patagonia,29832.060725713007,30071.97302908375,30668.83170988611,31037.74790409437
Corrientes,2021-07-01,66961.41429744466,498.0987,515.5473,NEA,13443.402742758544,12988.413341985239,14666.861997107386,14119.00422689292
Córdoba,2021-07-01,79672.27995051235,498.0987,507.0547,Pampeana,15995.279640463297,15712.758396778958,17293.346217636165,17007.274277328892
Entre Ríos,2021-07-01,73915.92203315395,498.0987,507.0547,Pampeana,14839.613521005767,14577.504563739169,15894.979453667154,15632.070481051614
Formosa,2021-07-01,71038.98926278685,498.0987,515.5473,NEA,14262.030650308234,13779.334944201406,15489.00377181897,14911.786365124894
Jujuy,2021-07-01,75096.00808134497,498.0987,510.3946,NOA,15076.531635466017,14713.32339357528,15779.950441285842,15393.336141578424
La Pampa,2021-07-01,79724.16431704597,498.0987,507.0547,Pampeana,16005.696123488371,15722.990895665884,17548.764436407902,17259.127470716776
La Rioja,2021-07-01,67596.12752042935,498.0987,510.3946,NOA,13570.829942023409,13243.895511517823,14294.582346330235,13946.354576767699
Mendoza,2021-07-01,73368.0422860636,498.0987,523.5377,Cuyo,14729.619307591769,14013.898576179634,15565.902207362327,14957.98515610688
Misiones,2021-07-01,62633.56459048977,498.0987,515.5473,NEA,12574.528821394188,12148.946292704815,13370.177439211786,12870.300204830646
Neuquén,2021-07-01,138401.08196866995,498.0987,494.1249,Patagonia,27785.874961863978,28009.3316423985,28189.75785522272,28530.954326050272
Río Negro,2021-07-01,89062.50731301784,498.0987,494.1249,Patagonia,17880.493828435574,18024.290480608815,18469.946536169216,18691.835428044236
Salta,2021-07-01,73023.2947702517,498.0987,510.3946,NOA,14660.406616249289,14307.223228900088,15544.442888207013,15162.710384671384
San Juan,2021-07-01,77634.94048710316,498.0987,523.5377,Cuyo,15586.25639599203,14828.91117241474,16602.657265423917,15952.984640250852
San Luis,2021-07-01,90662.22861636573,498.0987,523.5377,Cuyo,18201.659353129355,17317.230185403216,18976.844070264393,18234.326270827118
Santa Cruz,2021-07-01,180385.24287184252,498.0987,494.1249,Patagonia,36214.75881624315,36506.00139192389,36400.79867660627,36837.35385498386
Santa Fe,2021-07-01,88205.05638451893,498.0987,507.0547,Pampeana,17708.349044982235,17395.5702184634,18891.355688663105,18578.978763894473
Santiago del Estero,2021-07-01,60728.214668629065,498.0987,510.3946,NOA,12192.004249083378,11898.287064288897,13036.994744756685,12716.491881701992
Tierra del Fuego,2021-07-01,125516.6980229154,498.0987,494.1249,Patagonia,25199.161937767636,25401.816023219108,27324.090795885008,27657.036639589383
Tucumán,2021-07-01,65292.267596516926,498.0987,510.3946,NOA,13108.299137604039,12792.507521928508,14243.81285902893,13893.698488695076
Buenos Aires,2021-08-01,95877.70205959896,510.3942,497.9371,GBA,18785.02970049404,19254.982619210132,19993.182037870338,20492.48486106
C.A.B.A.,2021-08-01,114581.698472302,510.3942,497.9371,GBA,22449.64744354501,23011.279631965965,24346.072944142797,24956.06050771262
Catamarca,2021-08-01,71692.79882382526,510.3942,522.5566,NOA,14046.554373820325,13719.623639587608,14853.973612357442,14486.21083398969
Chaco,2021-08-01,70199.07266574017,510.3942,529.6604,NEA,13753.893101790765,13253.600357085441,14513.410349365971,13957.57520204749
Chubut,2021-08-01,151625.14805888655,510.3942,510.9537,Patagonia,29707.45906965372,29674.92907065484,30806.933286232415,31177.37376896118
Corrientes,2021-08-01,70902.5870272107,510.3942,529.6604,NEA,13891.7305539935,13386.424023244084,14692.540809399012,14128.795075409693
Córdoba,2021-08-01,82172.3811515426,510.3942,518.532,Pampeana,16099.787409720293,15847.11862557038,17311.348095637906,17016.266985684564
Entre Ríos,2021-08-01,76220.08956960894,510.3942,518.532,Pampeana,14933.57282853311,14699.206523340688,15912.493309025922,15641.220334584175
Formosa,2021-08-01,73714.82736821003,510.3942,529.6604,NEA,14442.724342911817,13917.375618077172,15453.284742838674,14860.995017177209
Jujuy,2021-08-01,76087.79617174719,510.3942,522.5566,NOA,14907.65298111679,14560.680349601782,15849.125979447062,15458.771943683545
La Pampa,2021-08-01,83808.55246589052,510.3942,518.532,Pampeana,16420.357532646438,16162.65774646319,17553.367198447508,17254.666885545368
La Rioja,2021-08-01,71300.5535551091,510.3942,522.5566,NOA,13969.702938456021,13644.560905959104,14330.559882937216,13979.446682359418
Mendoza,2021-08-01,76338.86874657997,510.3942,532.8443,Cuyo,14956.844875310097,14326.674555133644,15603.434324608996,14976.05520371939
Misiones,2021-08-01,65168.750071972245,510.3942,529.6604,NEA,12768.317130557565,12303.874345141197,13439.573460037,12924.032338036253
Neuquén,2021-08-01,140975.08345059145,510.3942,510.9537,Patagonia,27620.823953444506,27590.578843169442,28475.610981164533,28817.939404109056
Río Negro,2021-08-01,92558.1781586019,510.3942,510.9537,Patagonia,18134.64536991249,18114.78773098265,18595.160266865885,18817.905524251724
Salta,2021-08-01,75954.96731755095,510.3942,522.5566,NOA,14881.628223351861,14535.261312851268,15578.36102175026,15193.64932224578
San Juan,2021-08-01,79332.20942078042,510.3942,532.8443,Cuyo,15543.321107641978,14888.441036299051,16631.685254858905,15962.060180011265
San Luis,2021-08-01,90955.21428209242,510.3942,532.8443,Cuyo,17820.58148037192,17069.75457597884,19008.798221867037,18243.44100348879
Santa Cruz,2021-08-01,188719.69829547967,510.3942,510.9537,Patagonia,36975.28269237379,36934.79434545237,36672.57780932563,37110.84920441154
Santa Fe,2021-08-01,90656.29006607302,510.3942,518.532,Pampeana,17762.014158090555,17483.25851944972,18921.766383376154,18599.354117047125
Santiago del Estero,2021-08-01,62387.52194097734,510.3942,522.5566,NOA,12223.399470640015,11938.90230091388,13044.969616599337,12722.446428615123
Tierra del Fuego,2021-08-01,125856.80135284892,510.3942,510.9537,Patagonia,24658.74442790473,24631.742827745238,27455.239038051568,27789.420195931914
Tucumán,2021-08-01,66373.94876752465,510.3942,522.5566,NOA,13004.448084936044,12701.772165450526,14257.25351590211,13904.883368988381
Buenos Aires,2021-09-01,99563.40456453909,528.4968,517.0425,GBA,18838.97964274128,19256.328940955354,20008.26223727471,20516.261500891247
C.A.B.A.,2021-09-01,119538.40454339488,528.4968,517.0425,GBA,22618.56732971607,23119.647716269916,24383.3511369251,25004.101495120474
Catamarca,2021-09-01,73468.78007557218,528.4968,539.5962,NOA,13901.461669317992,13615.511020198472,14898.576225451015,14525.381155799867
Chaco,2021-09-01,71780.2525905853,528.4968,544.6525,NEA,13581.96541409244,13179.091731073535,14534.316095378483,13976.562562135401
Chubut,2021-09-01,153377.7350870712,528.4968,530.0859,Patagonia,29021.506863820407,28934.505725783536,30915.871459380804,31270.551315193334
Corrientes,2021-09-01,70916.81645649225,528.4968,544.6525,NEA,13418.58956506307,13020.562001733626,14698.991832792586,14133.755492896584
Córdoba,2021-09-01,84127.23071582745,528.4968,536.214,Pampeana,15918.21004702913,15689.114927217013,17313.403392607506,17012.157542545152
Entre Ríos,2021-09-01,77394.30393338432,528.4968,536.214,Pampeana,14644.233216432782,14433.473190439696,15933.045668011608,15655.919200565484
Formosa,2021-09-01,75584.90334034519,528.4968,544.6525,NEA,14301.865846745937,13877.63818955117,15460.277821466945,14866.396025355538
Jujuy,2021-09-01,80988.83135784765,528.4968,539.5962,NOA,15324.374974048595,15009.155245690696,15837.52820211527,15442.189478705683
La Pampa,2021-09-01,86464.34533598059,528.4968,536.214,Pampeana,16360.429303636385,16124.969757593157,17557.91831109194,17252.858195730383
La Rioja,2021-09-01,73700.08788465968,528.4968,539.5962,NOA,13945.228785616047,13658.377854525233,14357.128726166411,14000.866305225318
Mendoza,2021-09-01,78722.41340561652,528.4968,548.1352,Cuyo,14895.53265140234,14361.860614975376,15631.944695758371,15001.573036950007
Misiones,2021-09-01,67975.33762052614,528.4968,544.6525,NEA,12862.014986756049,12480.496760875263,13483.681045137231,12965.63054318473
Neuquén,2021-09-01,150172.50048603598,528.4968,530.0859,Patagonia,28415.025499877385,28329.84248138575,28755.18179323226,29082.716115853502
Río Negro,2021-09-01,95762.04624258175,528.4968,530.0859,Patagonia,18119.70218979221,18065.382656392434,18709.446117228144,18922.52166295658
Salta,2021-09-01,78375.05119174553,528.4968,539.5962,NOA,14829.806195940171,14524.759661344084,15617.907708094357,15227.53364876192
San Juan,2021-09-01,80812.94167367223,528.4968,548.1352,Cuyo,15291.093848377557,14743.249781016113,16653.272015334718,15980.837632870283
San Luis,2021-09-01,92352.45582931692,528.4968,548.1352,Cuyo,17474.553456012774,16848.4811464976,19046.133263050124,18277.132385513774
Santa Cruz,2021-09-01,185848.5387377536,528.4968,530.0859,Patagonia,35165.49934413105,35060.07964704468,36815.12307843819,37234.33610187844
Santa Fe,2021-09-01,93497.83258049413,528.4968,536.214,Pampeana,17691.276953899083,17436.663828339824,18938.85894999837,18609.450750573218
Santiago del Estero,2021-09-01,64438.03155166176,528.4968,539.5962,NOA,12192.700419692563,11941.898692329889,13063.645097387604,12736.695025797751
Tierra del Fuego,2021-09-01,128986.08395040288,528.4968,530.0859,Patagonia,24406.218533471325,24333.05318070201,27378.542939739556,27698.849664179423
Tucumán,2021-09-01,68923.73255488326,528.4968,539.5962,NOA,13041.466392016613,12773.205696200837,14247.995894732761,13891.373526122445
Buenos Aires,2021-10-01,104138.32555674671,547.0802,536.5423,GBA,19035.294195758997,19409.15479669482,20011.78820855825,20521.297290579747
C.A.B.A.,2021-10-01,125092.58333730028,547.0802,536.5423,GBA,22865.492726167075,23314.579919849803,24417.73879044159,25040.867523522218
Catamarca,2021-10-01,77201.4994638997,547.0802,556.8596,NOA,14111.550639906125,13863.727852388593,14908.521505631581,14537.322754152103
Chaco,2021-10-01,75251.42401149061,547.0802,563.832,NEA,13755.09916306432,13346.426597193953,14525.04809940755,13966.002012510278
Chubut,2021-10-01,157477.6405707888,547.0802,545.2786,Patagonia,28785.11058722081,28880.216566501746,30957.676157485268,31304.765267691873
Corrientes,2021-10-01,74946.28294133363,547.0802,563.832,NEA,13699.322867348084,13292.30744997333,14682.75391922855,14116.428955740112
Córdoba,2021-10-01,88298.21153766684,547.0802,554.4476,Pampeana,16139.90262079798,15925.438497283934,17315.639977240873,17012.870915937623
Entre Ríos,2021-10-01,81055.78879356426,547.0802,554.4476,Pampeana,14816.070622472585,14619.197340481636,15943.061759789034,15664.440064929162
Formosa,2021-10-01,79328.2731174238,547.0802,563.832,NEA,14500.300525850469,14069.48756321454,15430.083484819312,14835.418212657267
Jujuy,2021-10-01,84649.04217758909,547.0802,556.8596,NOA,15472.87622136372,15201.146245407117,15850.91299251915,15457.714997476902
La Pampa,2021-10-01,89852.11070001396,547.0802,554.4476,Pampeana,16423.9376054944,16205.699276182992,17544.133203268695,17237.718623049986
La Rioja,2021-10-01,78132.88666855541,547.0802,556.8596,NOA,14281.79756250645,14030.984949986569,14363.275018217633,14009.1091201794
Mendoza,2021-10-01,81833.36585978832,547.0802,565.1606,Cuyo,14958.202811907344,14479.665755147884,15639.809637722548,15010.768583565925
Misiones,2021-10-01,71696.08360508323,547.0802,563.832,NEA,13105.223622621188,12715.859263944441,13487.540211024409,12967.898434902461
Neuquén,2021-10-01,152428.24715184135,547.0802,545.2786,Patagonia,27862.13925341136,27954.195736242236,28929.583908251367,29250.652612697802
Río Negro,2021-10-01,98508.75723312258,547.0802,545.2786,Patagonia,18006.273528656784,18065.76624006931,18747.775354998874,18956.182750722895
Salta,2021-10-01,80810.26473530177,547.0802,556.8596,NOA,14771.191634298182,14511.784430995132,15610.310544506734,15222.375887438942
San Juan,2021-10-01,85724.27219494231,547.0802,565.1606,Cuyo,15669.415964047377,15168.126050354946,16679.7126537155,16008.066588209824
San Luis,2021-10-01,97796.43181813022,547.0802,565.1606,Cuyo,17876.068594354216,17304.184300556375,19048.855686782026,18281.667099772152
Santa Cruz,2021-10-01,183273.76377969357,547.0802,545.2786,Patagonia,33500.34670962202,33611.0318247761,36744.67383854057,37154.26862170383
Santa Fe,2021-10-01,97645.2095238974,547.0802,554.4476,Pampeana,17848.426889493974,17611.26020274908,18946.663569432356,18615.506004669143
Santiago del Estero,2021-10-01,66967.00795349412,547.0802,556.8596,NOA,12240.802711100516,12025.83343332756,13065.336125344498,12740.252441297882
Tierra del Fuego,2021-10-01,144072.40956358478,547.0802,545.2786,Patagonia,26334.787763034517,26421.79787792603,27455.910041902112,27769.52972087817
Tucumán,2021-10-01,73062.76083972673,547.0802,556.8596,NOA,13355.036581423847,13120.499465166216,14203.057172981136,13849.379788093609
Buenos Aires,2021-11-01,105976.191337898,560.9184,548.7073,GBA,18893.33481267471,19313.79286149428,20049.561271380986,20562.477966374263
C.A.B.A.,2021-11-01,130460.8365963684,560.9184,548.7073,GBA,23258.434131661288,23776.034435184003,24511.08987054648,25139.37787989094
Catamarca,2021-11-01,80433.86460875136,560.9184,571.6452,NOA,14339.673044911944,14070.592145049299,14950.356919307824,14578.533589478166
Chaco,2021-11-01,78602.30320823408,560.9184,580.5865,NEA,14013.144016711536,13538.43108791439,14539.383465403656,13979.085684508487
Chubut,2021-11-01,160254.52062983584,560.9184,557.2236,Patagonia,28570.02384479379,28759.463997906016,30951.544557825342,31293.117786471965
Corrientes,2021-11-01,79408.21543010802,560.9184,580.5865,NEA,14156.821282758421,13677.241105349163,14687.573307069535,14120.304743052646
Córdoba,2021-11-01,92226.87991436636,560.9184,570.0207,Pampeana,16442.120621175265,16179.566797199883,17360.73706757438,17054.960909938516
Entre Ríos,2021-11-01,85460.76965851398,560.9184,570.0207,Pampeana,15235.864906288325,14992.573016824472,15980.565966109787,15699.218807065374
Formosa,2021-11-01,85326.95118339287,560.9184,580.5865,NEA,15212.007875547115,14696.681921366218,15428.464598597318,14833.011153001964
Jujuy,2021-11-01,85304.16392679761,560.9184,571.6452,NOA,15207.94538506806,14922.571540318646,15865.66342238421,15472.362929725741
La Pampa,2021-11-01,92915.94478247146,560.9184,570.0207,Pampeana,16564.966451888806,16300.450980547103,17532.401927825078,17223.771958389305
La Rioja,2021-11-01,82178.88916751654,560.9184,571.6452,NOA,14650.774367094487,14375.85571741292,14397.647738265889,14043.00194350189
Mendoza,2021-11-01,84538.13266049253,560.9184,580.1379,Cuyo,15071.378057930087,14572.075477311952,15667.361892748497,15037.461925962854
Misiones,2021-11-01,75331.60194880767,560.9184,580.5865,NEA,13430.046500312286,12975.086735362891,13535.669752708523,13013.68617990222
Neuquén,2021-11-01,154930.941975925,560.9184,557.2236,Patagonia,27620.941294834505,27804.088336517874,28952.964661017875,29268.962284941652
Río Negro,2021-11-01,100801.5178747503,560.9184,557.2236,Patagonia,17970.798938802916,18089.95847892126,18797.719729833512,19003.13773757176
Salta,2021-11-01,82888.9396825952,560.9184,571.6452,NOA,14777.361499033583,14500.067468876709,15621.525840850163,15233.55052126103
San Juan,2021-11-01,88718.95856333028,560.9184,580.1379,Cuyo,15816.731731982813,15292.73618622922,16726.915680409624,16053.76155025641
San Luis,2021-11-01,99876.72821007832,560.9184,580.1379,Cuyo,17805.928315077257,17216.03229336996,19073.513782311536,18305.572284407954
Santa Cruz,2021-11-01,177227.36774258915,560.9184,557.2236,Patagonia,31595.92691959992,31805.431023127727,36644.8686906255,37047.533198358804
Santa Fe,2021-11-01,100349.8861952526,560.9184,570.0207,Pampeana,17890.282471613093,17604.603867061775,18985.87388097529,18651.584778872453
Santiago del Estero,2021-11-01,70393.93322302513,560.9184,571.6452,NOA,12549.763606083367,12314.269974282146,13094.257745080697,12768.772849298897
Tierra del Fuego,2021-11-01,143162.5943595465,560.9184,557.2236,Patagonia,25522.89145079685,25692.12688758094,27443.48629470766,27752.11639699714
Tucumán,2021-11-01,78300.38095854645,560.9184,571.6452,NOA,13959.317604583206,13697.373993264782,14218.393951638995,13864.588506392314
Buenos Aires,2021-12-01,156880.39567905522,582.4575,570.9981,GBA,26934.2219267595,27474.766672438174,20079.260666568152,20585.34363097046
C.A.B.A.,2021-12-01,189954.0883578636,582.4575,570.9981,GBA,32612.523378592192,33267.02634524766,24595.6880838226,25216.84093690031
Catamarca,2021-12-01,121482.70208346203,582.4575,594.7475,NOA,20856.92124892581,20425.929000704004,14983.097230323543,14612.48298426925
Chaco,2021-12-01,114152.3711501357,582.4575,606.2078,NEA,19598.403514442805,18830.56785975629,14552.60985691467,14005.030012089066
Chubut,2021-12-01,249453.59722168188,582.4575,574.4506,Patagonia,42827.776656954695,43424.72568079516,31117.548251365326,31445.77545598145
Corrientes,2021-12-01,116569.07367842272,582.4575,606.2078,NEA,20013.318341410784,19229.22695458929,14693.528069815904,14139.604254542392
Córdoba,2021-12-01,136417.7838362588,582.4575,590.0958,Pampeana,23421.070865472386,23117.90455655824,17382.130741702607,17081.986141021785
Entre Ríos,2021-12-01,128802.43481645314,582.4575,590.0958,Pampeana,22113.61941711681,21827.37698123815,16024.470528556902,15748.06115122769
Formosa,2021-12-01,121767.3889339784,582.4575,606.2078,NEA,20905.79809410616,20086.740707390833,15394.163658097777,14814.568704017716
Jujuy,2021-12-01,123779.43907352908,582.4575,594.7475,NOA,21251.239630965192,20812.099096428166,15927.12405581526,15534.443740747754
La Pampa,2021-12-01,137963.3144154365,582.4575,590.0958,Pampeana,23686.417363573564,23379.816364637147,17533.871285536956,17231.25944277824
La Rioja,2021-12-01,123625.54103445698,582.4575,594.7475,NOA,21224.81743894739,20786.222898701886,14431.629328606066,14078.199494423858
Mendoza,2021-12-01,121343.6638020268,582.4575,602.829,Cuyo,20833.050274402303,20129.035564318707,15701.678117449303,15073.866283182873
Misiones,2021-12-01,110005.5149094386,582.4575,606.2078,NEA,18886.444918202375,18146.50271894202,13600.5086751874,13088.314474109698
Neuquén,2021-12-01,234346.08414888597,582.4575,574.4506,Patagonia,40234.02293710459,40794.81928452785,29339.213006270747,29646.942641508427
Río Negro,2021-12-01,146692.06788354265,582.4575,574.4506,Patagonia,25185.025153516377,25536.063132938263,18883.517662028797,19080.86832760904
Salta,2021-12-01,120913.77920693264,582.4575,594.7475,NOA,20759.24495897686,20330.271116218675,15634.023770841077,15247.689210549486
San Juan,2021-12-01,132517.32242780805,582.4575,602.829,Cuyo,22751.414897706367,21982.572574943817,16836.761628007513,16163.304191210966
San Luis,2021-12-01,149640.93392619127,582.4575,602.829,Cuyo,25691.305189853556,24823.114668702285,19125.543993206655,18359.83086393193
Santa Cruz,2021-12-01,282409.02343591716,582.4575,574.4506,Patagonia,48485.773371605166,49161.585597772406,37065.56054907574,37457.43124367105
Santa Fe,2021-12-01,149693.65953019695,582.4575,590.0958,Pampeana,25700.357456157224,25367.687675492172,19049.6959705663,18720.94073206775
Santiago del Estero,2021-12-01,101030.44566604302,582.4575,594.7475,NOA,17345.54807278523,16987.115652616114,13094.504505182787,12770.612524665274
Tierra del Fuego,2021-12-01,247667.66953056777,582.4575,574.4506,Patagonia,42521.157257064726,43113.83250893423,27490.746704427773,27783.946845915707
Tucumán,2021-12-01,116299.41483267264,582.4575,594.7475,NOA,19967.02159945964,19554.418443570197,14232.01299790145,13879.750906711884
Buenos Aires,2022-01-01,118975.10763963366,605.0317,593.4219,GBA,19664.276704779873,20048.99172740906,20136.22549748586,20625.379687866774
C.A.B.A.,2022-01-01,152143.29991322814,605.0317,593.4219,GBA,25146.335293378535,25638.302178134665,24688.533244027327,25288.657289951443
Catamarca,2022-01-01,86430.70445372189,605.0317,618.7562,NOA,14285.318348397595,13968.458732813002,14904.701730642493,14552.519512520666
Chaco,2022-01-01,85653.43039287302,605.0317,626.964,NEA,14156.8500283329,13661.618592594314,14597.3860045729,14065.03218435857
Chubut,2022-01-01,179851.33307869438,605.0317,595.088,Patagonia,29725.93553010435,30222.64489935848,31024.561450394307,31348.12234087872
Corrientes,2022-01-01,88537.35902328251,605.0317,626.964,NEA,14633.507471308116,14121.601722472502,14735.900579261015,14197.910135805037
Córdoba,2022-01-01,106359.9239720716,605.0317,612.8039,Pampeana,17579.231629032263,17356.274000878846,17445.402292023216,17156.678030587802
Entre Ríos,2022-01-01,97225.57349128944,605.0317,612.8039,Pampeana,16069.500737116658,15865.691045910353,16076.61588048356,15810.76788095772
Formosa,2022-01-01,89251.30588799101,605.0317,626.964,NEA,14751.509034649094,14235.475384231151,15413.10345247656,14850.753778944494
Jujuy,2022-01-01,92288.31436569404,605.0317,618.7562,NOA,15253.46760602693,14915.133677156533,15943.119613660345,15566.597260680941
La Pampa,2022-01-01,102984.98285498456,605.0317,612.8039,Pampeana,17021.419349595162,16805.536461988013,17531.303201232215,17241.115524837944
La Rioja,2022-01-01,84014.16944696264,605.0317,618.7562,NOA,13885.912002125284,13577.911533971317,14462.711873186621,14123.407546905502
Mendoza,2022-01-01,91981.37414600702,605.0317,627.2454,Cuyo,15202.736343567953,14664.336182618,15721.56351494646,15098.130279440986
Misiones,2022-01-01,82877.8476051843,605.0317,626.964,NEA,13698.100050821187,13218.916493639872,13662.502236971557,13164.111402770308
Neuquén,2022-01-01,172049.0985132097,605.0317,595.088,Patagonia,28436.377550665475,28911.53888386419,29421.67789801012,29728.01557167357
Río Negro,2022-01-01,103692.02845210052,605.0317,595.088,Patagonia,17138.280267315004,17424.654580851995,18949.15180005593,19145.949084984357
Salta,2022-01-01,89597.7678738614,605.0317,618.7562,NOA,14808.772478179475,14480.302237595584,15637.77688143226,15267.545351794133
San Juan,2022-01-01,114301.99140465536,605.0317,627.2454,Cuyo,18891.901268091468,18222.85048318495,16922.39700436558,16251.974745448912
San Luis,2022-01-01,112533.80285651388,605.0317,627.2454,Cuyo,18599.654010940896,17940.95307139979,19110.98403041863,18352.163596687
Santa Cruz,2022-01-01,211414.87411780583,605.0317,595.088,Patagonia,34942.776406228935,35526.65725368447,36993.76482918973,37380.822486525954
Santa Fe,2022-01-01,113345.211874114,605.0317,612.8039,Pampeana,18733.76417700329,18496.16359721503,19072.40506855846,18756.777317547094
Santiago del Estero,2022-01-01,78123.54294834367,605.0317,618.7562,NOA,12912.305743375706,12625.900629091662,13139.15834322073,12827.84488439599
Tierra del Fuego,2022-01-01,155108.38676702252,605.0317,595.088,Patagonia,25636.406615888478,26064.781472155802,27536.934168838423,27828.374805035914
Tucumán,2022-01-01,88356.96537171183,605.0317,618.7562,NOA,14603.691901054412,14279.770509242868,14258.967308661724,13921.763545653914
Buenos Aires,2022-02-01,117398.80679681394,633.4341,620.5007,GBA,18533.704894765524,18920.011983356977,20133.77110518392,20607.67627244352
C.A.B.A.,2022-02-01,154133.4951606421,633.4341,620.5007,GBA,24332.996149187755,24840.180705781975,24753.521850832236,25335.717272464775
Catamarca,2022-02-01,87900.22052202094,633.4341,648.7805,NOA,13876.774319857574,13548.529976166199,14914.656393743746,14572.610172474519
Chaco,2022-02-01,86304.77953740508,633.4341,658.0826,NEA,13624.902659551339,13114.581594682048,14585.004198355344,14069.59074779631
Chubut,2022-02-01,186897.03850096877,633.4341,623.903,Patagonia,29505.364251935407,29956.10511585435,31066.19630693233,31390.65693330104
Corrientes,2022-02-01,88380.6218883685,633.4341,658.0826,NEA,13952.615100508248,13430.019558087162,14723.493807554798,14202.83705508564
Córdoba,2022-02-01,102846.81658789195,633.4341,641.3956,Pampeana,16236.387745448494,16034.849099041523,17441.913533090978,17163.809426543125
Entre Ríos,2022-02-01,95580.13218176048,633.4341,641.3956,Pampeana,15089.199047187463,14901.900197282375,16069.520796909272,15813.620445704071
Formosa,2022-02-01,91279.89391594307,633.4341,658.0826,NEA,14410.322070747861,13870.583102477269,15387.353916121914,14843.576758011139
Jujuy,2022-02-01,89975.3557397066,633.4341,648.7805,NOA,14204.375125953373,13868.38163904535,15942.780980210004,15576.978197921233
La Pampa,2022-02-01,107469.79637098683,633.4341,641.3956,Pampeana,16966.215802241597,16755.617963544937,17503.609531676673,17225.00539521688
La Rioja,2022-02-01,75565.92061681036,633.4341,648.7805,NOA,11929.5630937473,11647.378522753128,14451.3570698461,14121.417600864417
Mendoza,2022-02-01,91985.0455498841,633.4341,661.1462,Cuyo,14521.644090503514,13912.96592945465,15733.089004822994,15111.879620071702
Misiones,2022-02-01,83030.09310193418,633.4341,658.0826,NEA,13107.929159786974,12616.971350091035,13672.600815823338,13189.367207959189
Neuquén,2022-02-01,178266.83563842988,633.4341,623.903,Patagonia,28142.917414523454,28572.844759270254,29596.501471082414,29905.74663132795
Río Negro,2022-02-01,115801.06596869984,633.4341,623.903,Patagonia,18281.47015904257,18560.748380549514,18979.76553114975,19177.19335026206
Salta,2022-02-01,93659.45025709365,633.4341,648.7805,NOA,14785.98172360687,14436.23078330709,15640.4818418059,15281.308820476024
San Juan,2022-02-01,107798.8148172036,633.4341,661.1462,Cuyo,17018.15781897495,16304.837692057157,16962.319066416934,16293.336122274666
San Luis,2022-02-01,109303.02998915596,633.4341,661.1462,Cuyo,17255.627694997154,16532.353961825076,19052.123282591383,18299.15045151501
Santa Cruz,2022-02-01,246421.56642444868,633.4341,623.903,Patagonia,38902.47879368173,39496.775368037765,37245.117856147954,37636.34157658489
Santa Fe,2022-02-01,113810.55196713858,633.4341,641.3956,Pampeana,17967.228472091825,17744.205287210978,19075.638657761556,18771.61982381562
Santiago del Estero,2022-02-01,79182.89420944787,633.4341,648.7805,NOA,12500.57333658669,12204.881960762981,13138.041767647586,12836.188844480082
Tierra del Fuego,2022-02-01,158077.02877029584,633.4341,623.903,Patagonia,24955.560297479384,25336.795747142718,27492.870356359424,27783.869532387675
Tucumán,2022-02-01,88017.04085206972,633.4341,648.7805,NOA,13895.216700848554,13566.536116925483,14263.739263168456,13936.854879578865
Buenos Aires,2022-03-01,132065.4518296194,676.0566,661.8688,GBA,19534.673846778416,19953.418536969773,20186.954933364374,20653.418205751626
C.A.B.A.,2022-03-01,172849.71088859392,676.0566,661.8688,GBA,25567.343161592376,26115.40397259909,24829.207089981373,25401.825813909512
Catamarca,2022-03-01,99604.7402587083,676.0566,692.6827,NOA,14733.19545415403,14379.562281360328,15000.202631246264,14659.402517087337
Chaco,2022-03-01,90881.66929004269,676.0566,705.7838,NEA,13442.908373358487,12876.700951487222,14588.030643638082,14068.109552436437
Chubut,2022-03-01,196640.43200721568,676.0566,670.3019,Patagonia,29086.38596342609,29336.099451189933,31186.89797932762,31480.142321643732
Corrientes,2022-03-01,93188.15873887704,676.0566,705.7838,NEA,13784.076472129263,13203.49924989452,14745.441778920102,14219.443140550185
Córdoba,2022-03-01,111771.90059934798,676.0566,683.9059,Pampeana,16532.92055714684,16343.16952074079,17469.428160033924,17202.968351038635
Entre Ríos,2022-03-01,102727.38460678938,676.0566,683.9059,Pampeana,15195.086418324941,15020.68992339288,16104.486462042596,15859.09136678198
Formosa,2022-03-01,95621.80255063264,676.0566,705.7838,NEA,14144.05281312728,13548.31359838985,15387.961718362234,14839.54023268699
Jujuy,2022-03-01,102354.6363833843,676.0566,692.6827,NOA,15139.950764978008,14776.5544575293,15948.524118067086,15586.211348076935
La Pampa,2022-03-01,108485.54167308482,676.0566,683.9059,Pampeana,16046.813487670239,15862.641581697839,17489.923088837077,17223.442252272755
La Rioja,2022-03-01,82800.89830717487,676.0566,692.6827,NOA,12247.62812864705,11953.654726352323,14471.296740341753,14143.769290717577
Mendoza,2022-03-01,100520.19916704104,676.0566,706.0617,Cuyo,14868.607031872929,14236.744347843969,15770.234859773713,15144.265798395685
Misiones,2022-03-01,88187.56291455994,676.0566,705.7838,NEA,13044.405293071606,12494.982587381566,13716.580552584179,13227.40513529933
Neuquén,2022-03-01,205303.36003912927,676.0566,670.3019,Patagonia,30367.776904940984,30628.491436340737,29850.972690333903,30130.52792379756
Río Negro,2022-03-01,122426.70793388998,676.0566,670.3019,Patagonia,18108.94353133894,18264.413085191907,19042.561315559717,19220.275115357566
Salta,2022-03-01,100890.76365969126,676.0566,692.6827,NOA,14923.419675170877,14565.22065004529,15695.425961427902,15338.367761711515
San Juan,2022-03-01,104422.81658903054,676.0566,706.0617,Cuyo,15445.868968519875,14789.474714324619,17003.656070713572,16329.619112785493
San Luis,2022-03-01,117842.09901976028,676.0566,706.0617,Cuyo,17430.803725569767,16690.056834942367,19022.006131816306,18266.388915914908
Santa Cruz,2022-03-01,244555.91226830575,676.0566,670.3019,Patagonia,36173.88133897454,36484.4426471573,37281.49843977672,37631.330304286734
Santa Fe,2022-03-01,122612.85500161148,676.0566,683.9059,Pampeana,18136.47777443656,17928.322449274303,19108.629042475754,18817.326825466393
Santiago del Estero,2022-03-01,84467.89890764904,676.0566,692.6827,NOA,12494.205205251903,12194.313342551943,13132.32983411138,12833.638085228513
Tierra del Fuego,2022-03-01,167731.18978374652,676.0566,670.3019,Patagonia,24810.228874882152,25023.2305448853,27476.6341030582,27738.31385484848
Tucumán,2022-03-01,97789.14972046764,676.0566,692.6827,NOA,14464.63945777138,14117.452293881115,14324.84767071178,13999.801907896348
Buenos Aires,2022-04-01,135107.7466687056,716.9399,702.829,GBA,18845.058932932257,19223.4166018627,20198.24106047972,20654.75979593275
C.A.B.A.,2022-04-01,168637.32120032876,716.9399,702.829,GBA,23521.82117361982,23994.075543315485,24858.187705768207,25418.79014858494
Catamarca,2022-04-01,98565.08284272006,716.9399,736.7727,NOA,13748.02585861382,13377.949921694988,15015.790198858003,14673.624548673155
Chaco,2022-04-01,93626.69972872418,716.9399,748.3056,NEA,13059.211759413054,12511.826682671383,14552.485890038697,14030.43371251288
Chubut,2022-04-01,216965.4150013304,716.9399,709.7623,Patagonia,30262.706121019408,30568.743225912454,31349.458027554218,31630.380445012965
Corrientes,2022-04-01,96477.5302600216,716.9399,748.3056,NEA,13456.850464037725,12892.798110828195,14726.149565228496,14197.28420413749
Córdoba,2022-04-01,116304.93654474606,716.9399,723.9509,Pampeana,16222.410908466116,16065.307266659389,17430.23646178896,17177.317523111822
Entre Ríos,2022-04-01,107223.72343610284,716.9399,723.9509,Pampeana,14955.747815974932,14810.91099356363,16129.027701276134,15894.95456579074
Formosa,2022-04-01,98453.33237239778,716.9399,748.3056,NEA,13732.43871242175,13156.834904402396,15350.875959578283,14800.202250994882
Jujuy,2022-04-01,108055.552016431,716.9399,736.7727,NOA,15071.772685050868,14666.063497796673,15987.599727656028,15623.216482490696
La Pampa,2022-04-01,113655.45029227456,716.9399,723.9509,Pampeana,15852.856047246718,15699.331307174913,17483.51173920037,17229.652794815163
La Rioja,2022-04-01,90833.41806834342,716.9399,736.7727,NOA,12669.600069454,12328.553713831066,14467.684822803758,14139.367812337547
Mendoza,2022-04-01,105648.5858203916,716.9399,747.3483,Cuyo,14736.044934922942,14136.458973733075,15791.288419055565,15164.439965799096
Misiones,2022-04-01,89338.4216487874,716.9399,748.3056,NEA,12461.075419123332,11938.761603386021,13735.028366516724,13241.793298149028
Neuquén,2022-04-01,216759.3702418251,716.9399,709.7623,Patagonia,30233.966646552257,30539.7131182968,30164.00452920264,30433.664391299022
Río Negro,2022-04-01,131167.23007659966,716.9399,709.7623,Patagonia,18295.428958075798,18480.444801956888,19102.954879643028,19272.61207620443
Salta,2022-04-01,104984.09395731312,716.9399,736.7727,NOA,14643.360476563394,14249.18349408347,15718.250375117384,15359.575438300586
San Juan,2022-04-01,109464.09190263224,716.9399,747.3483,Cuyo,15268.238230656747,14646.9981804511,16991.11465544749,16317.563761506362
San Luis,2022-04-01,123928.7364354265,716.9399,747.3483,Cuyo,17285.79151968338,16582.460471968225,18985.074188569815,18230.931818135112
Santa Cruz,2022-04-01,250811.6463016974,716.9399,709.7623,Patagonia,34983.636187872566,35337.41455437932,37458.834906568685,37794.252984883904
Santa Fe,2022-04-01,126629.3429326814,716.9399,723.9509,Pampeana,17662.476719831244,17491.426964547096,19100.049876477027,18822.837846677503
Santiago del Estero,2022-04-01,85326.89178720838,716.9399,736.7727,NOA,11901.540392326942,11581.169034521554,13109.06322953034,12810.148117791168
Tierra del Fuego,2022-04-01,171938.44211818895,716.9399,709.7623,Patagonia,23982.26714933692,24224.792175942417,27334.78798370136,27582.363583186798
Tucumán,2022-04-01,90611.11461664263,716.9399,736.7727,NOA,12638.592804870064,12298.38111762863,14325.322664390105,13999.382911183027
Buenos Aires,2022-05-01,141003.62315043432,753.147,736.3637,GBA,18721.925885708144,19148.638526102564,20237.999876876893,20690.33794648075
C.A.B.A.,2022-05-01,172997.43681796384,753.147,736.3637,GBA,22969.94302811587,23493.477043743987,24936.129823417745,25492.365236985745
Catamarca,2022-05-01,105237.54648498572,753.147,777.6674,NOA,13973.041980514523,13532.46214062538,15072.621462926783,14721.817023254
Chaco,2022-05-01,104361.61363288145,753.147,787.698,NEA,13856.738941120582,13248.937236463906,14593.870908539351,14062.408402799058
Chubut,2022-05-01,226177.26736536305,753.147,744.3162,Patagonia,30030.959077758132,30387.25576110839,31516.100033945084,31793.653753681057
Corrientes,2022-05-01,104201.99084526618,753.147,787.698,NEA,13835.54483324851,13228.672771197362,14766.41308040093,14228.190981734244
Córdoba,2022-05-01,123159.7685829419,753.147,762.1563,Pampeana,16352.686604732131,16159.38470664638,17454.034781830294,17209.461057241748
Entre Ríos,2022-05-01,114778.24894479048,753.147,762.1563,Pampeana,15239.820240244,15059.673316981107,16176.901227959945,15950.136099877844
Formosa,2022-05-01,108631.8316419152,753.147,787.698,NEA,14423.722280234162,13791.050839524183,15396.92762235117,14836.348404076376
Jujuy,2022-05-01,113776.391337867,753.147,777.6674,NOA,15106.797389867714,14630.46944463237,16057.22413028593,15683.293751958201
La Pampa,2022-05-01,120465.56201172675,753.147,762.1563,Pampeana,15994.960082391186,15805.88679929914,17480.12707063529,17234.917736104006
La Rioja,2022-05-01,101438.13669761996,753.147,777.6674,NOA,13468.570770064804,13043.897262199747,14530.490035847522,14193.64267973938
Mendoza,2022-05-01,114213.79034996404,753.147,786.3491,Cuyo,15164.873570493413,14524.565533293551,15846.763843541738,15219.19529972034
Misiones,2022-05-01,96671.04610307596,753.147,787.698,NEA,12835.614574986816,12272.602711074036,13748.115833862485,13247.099114120982
Neuquén,2022-05-01,230559.34459049607,753.147,744.3162,Patagonia,30612.79465901027,30975.994421523552,30505.70179673156,30774.35952431823
Río Negro,2022-05-01,138239.5862587739,753.147,744.3162,Patagonia,18354.927558467854,18572.696155044578,19176.73268671079,19343.93361119316
Salta,2022-05-01,113078.9713699452,753.147,777.6674,NOA,15014.196613668406,14540.788436026145,15781.549037155884,15413.535021010828
San Juan,2022-05-01,121421.89932096828,753.147,786.3491,Cuyo,16121.938920419023,15441.220613207071,17062.62955070628,16387.766877066526
San Luis,2022-05-01,131732.6843301256,753.147,786.3491,Cuyo,17490.96581811062,16752.442945521983,18996.829580543163,18244.132072124336
Santa Cruz,2022-05-01,262584.21870928217,753.147,744.3162,Patagonia,34864.93589024216,35278.584385141985,37471.50648587039,37800.454873016235
Santa Fe,2022-05-01,133071.6901997113,753.147,762.1563,Pampeana,17668.753935116423,17459.895063481243,19128.57629955612,18860.32973601207
Santiago del Estero,2022-05-01,92638.00926827214,753.147,777.6674,NOA,12300.12325193782,11912.291716005086,13142.226494853621,12836.134352039377
Tierra del Fuego,2022-05-01,182232.22223076777,753.147,744.3162,Patagonia,24196.102783489514,24483.172908337583,27315.712861569013,27558.40409891949
Tucumán,2022-05-01,101119.16547194132,753.147,777.6674,NOA,13426.218981412834,13002.880855226966,14408.063353833366,14073.109729340704
Buenos Aires,2022-06-01,209743.2142093992,793.0278,776.6701,GBA,26448.40624873418,27005.444681004094,20253.874329901697,20693.041941100142
C.A.B.A.,2022-06-01,251270.48185562264,793.0278,776.6701,GBA,31684.95251435355,32352.27954000323,24975.394386412318,25516.40310068378
Catamarca,2022-06-01,157752.20034838052,793.0278,818.411,NOA,19892.392214797583,19275.42522624702,15126.70755254352,14766.830678358425
Chaco,2022-06-01,150562.2965049105,793.0278,826.4822,NEA,18985.75264384307,18217.24611914334,14606.23858595578,14064.16209535063
Chubut,2022-06-01,340676.56676279777,793.0278,782.142,Patagonia,42958.968999926336,43556.86905482608,31692.854807693846,31981.12763158123
Corrientes,2022-06-01,152653.00206172658,793.0278,826.4822,NEA,19249.388490759917,18470.210497180287,14794.597348777015,14245.081398877897
Córdoba,2022-06-01,178928.39474809103,793.0278,801.4471,Pampeana,22562.688817225706,22325.665006223247,17458.558122225826,17229.712616733214
Entre Ríos,2022-06-01,168794.49774872174,793.0278,801.4471,Pampeana,21284.814699903553,21061.215113102506,16201.428622550076,15989.117683858056
Formosa,2022-06-01,155940.2822485251,793.0278,826.4822,NEA,19663.911183003307,18867.954113049873,15395.890285804433,14824.789240489672
Jujuy,2022-06-01,169427.60197543987,793.0278,818.411,NOA,21364.648499767587,20702.019153633064,16115.136074972737,15731.466478401248
La Pampa,2022-06-01,177612.42684724403,793.0278,801.4471,Pampeana,22396.746601726198,22161.466034033194,17478.401312633254,17248.922097402294
La Rioja,2022-06-01,152209.7342110579,793.0278,818.411,NOA,19193.49286507458,18598.20239599149,14586.493163646403,14240.791332766885
Mendoza,2022-06-01,163714.92820436,793.0278,827.9972,Cuyo,20644.28614032951,19772.40118739049,15881.901674186183,15260.89022478341
Misiones,2022-06-01,137957.2599977105,793.0278,826.4822,NEA,17396.270344836652,16692.102987542923,13847.497568539186,13333.75865417384
Neuquén,2022-06-01,345899.8766882013,793.0278,782.142,Patagonia,43617.62307553421,44224.69023376845,30912.52367931358,31194.67743144214
Río Negro,2022-06-01,201374.96698796932,793.0278,782.142,Patagonia,25393.178774813357,25746.59933720083,19239.09735484749,19412.150421725702
Salta,2022-06-01,165351.25457965405,793.0278,818.411,NOA,20850.62523402762,20203.938434314063,15808.832944088883,15432.0859378798
San Juan,2022-06-01,177028.23012311145,793.0278,827.9972,Cuyo,22323.079988256584,21380.293329870132,17143.951595055565,16474.142651196078
San Luis,2022-06-01,191761.7773838695,793.0278,827.9972,Cuyo,24180.96533108543,23159.71326761365,18926.158707432194,18186.39814364828
Santa Cruz,2022-06-01,409142.39392413915,793.0278,782.142,Patagonia,51592.440255453745,52310.500385369814,37783.14472716906,38126.10820198899
Santa Fe,2022-06-01,195211.46624916475,793.0278,801.4471,Pampeana,24615.967592707944,24357.37383654701,19115.447970451954,18864.702625819304
Santiago del Estero,2022-06-01,134516.85363522853,793.0278,818.411,NOA,16962.438597389464,16436.344774841557,13151.2837546878,12838.434047961106
Tierra del Fuego,2022-06-01,281163.61182315403,793.0278,782.142,Patagonia,35454.445836974955,35947.898440839905,27306.4977440076,27556.25338295094
Tucumán,2022-06-01,143584.91320677957,793.0278,818.411,NOA,18105.91169777145,17544.352801560533,14464.155078646007,14120.762581670555
Buenos Aires,2022-07-01,154519.68237234346,851.761,833.8894,GBA,18141.201859716923,18529.9971881575,20198.00905432032,20628.245427971284
C.A.B.A.,2022-07-01,187877.4124419232,851.761,833.8894,GBA,22057.52698725619,22530.255504137982,24923.79860976548,25454.378544686148
Catamarca,2022-07-01,117224.68801159936,851.761,873.5624,NOA,13762.626841520023,13419.154488746235,15127.294666228112,14766.410535465095
Chaco,2022-07-01,110161.84232675546,851.761,887.9574,NEA,12933.421737641835,12406.208037317496,14563.524279446927,14015.43640394861
Chubut,2022-07-01,255311.89890956297,851.761,845.0397,Patagonia,29974.593684092484,30213.006431480433,31704.73255422547,31992.880415114287
Corrientes,2022-07-01,112143.50574819,851.761,887.9574,NEA,13166.076604609745,12629.379038700505,14771.486837264616,14215.16187360417
Córdoba,2022-07-01,132323.6997262744,851.761,861.702,Pampeana,15535.30858143005,15356.085946913714,17420.22720063972,17199.989912577777
Entre Ríos,2022-07-01,123173.80388881042,851.761,861.702,Pampeana,14461.07580516253,14294.24602575025,16169.883812896474,15965.512805692311
Formosa,2022-07-01,115425.05246795868,851.761,887.9574,NEA,13551.342743792997,12998.94031717723,15336.66629359483,14759.756354904324
Jujuy,2022-07-01,126024.81262411762,851.761,873.5624,NOA,14795.795137851772,14426.538118412333,16091.741366838218,15707.567705471003
La Pampa,2022-07-01,132128.90917677892,851.761,861.702,Pampeana,15512.439425704972,15333.480620536906,17437.29658781797,17216.46290780821
La Rioja,2022-07-01,114792.22414064484,851.761,873.5624,NOA,13477.046277141693,13140.701126862243,14578.677858239593,14232.191800712253
Mendoza,2022-07-01,122588.44216942746,851.761,888.7017,Cuyo,14392.35209987631,13794.104610065162,15853.796073543228,15242.574060940538
Misiones,2022-07-01,104299.73333811812,851.761,887.9574,NEA,12245.18771558197,11746.028957934031,13820.052476388166,13300.182209609608
Neuquén,2022-07-01,252122.13117339375,851.761,845.0397,Patagonia,29600.102748704598,29835.53685979413,31063.709328216966,31346.86119955844
Río Negro,2022-07-01,148836.02815667426,851.761,845.0397,Patagonia,17473.9191107217,17612.903648985277,19205.216128371332,19377.868185757077
Salta,2022-07-01,123770.18746365324,851.761,873.5624,NOA,14531.093518446283,14168.442627985505,15798.056852605298,15420.520887803585
San Juan,2022-07-01,130702.25115427756,851.761,888.7017,Cuyo,15344.944315867664,14707.100386358838,17123.8422550452,16463.991752358084
San Luis,2022-07-01,142775.55929838977,851.761,888.7017,Cuyo,16762.396881095727,16065.633642693581,18806.220168096057,18082.09843175581
Santa Cruz,2022-07-01,310943.0967074579,851.761,845.0397,Patagonia,36505.90913501063,36796.270838808865,37807.40725373302,38150.297322562736
Santa Fe,2022-07-01,144438.1401674619,851.761,861.702,Pampeana,16957.59023569545,16761.959490341433,19052.88473634472,18811.90173180914
Santiago del Estero,2022-07-01,100447.0719062766,851.761,873.5624,NOA,11792.870524275777,11498.557161603636,13118.022610953833,12805.123222737333
Tierra del Fuego,2022-07-01,209965.64694655832,851.761,845.0397,Patagonia,24650.770221524384,24846.838195478664,27260.798434320663,27510.005230639235
Tucumán,2022-07-01,106612.16194613471,851.761,873.5624,NOA,12516.675680869954,12204.298393123914,14414.853123918167,14071.745154270173
Buenos Aires,2022-08-01,165442.5454888767,911.1316,891.851,GBA,18157.91983165513,18550.46924753986,20145.749898583745,20569.535980332097
C.A.B.A.,2022-08-01,198283.42586573673,911.1316,891.851,GBA,21762.32564711143,22232.797391687258,24866.521793396012,25389.50502466292
Catamarca,2022-08-01,128981.29611192536,911.1316,940.0434,NOA,14156.16537851671,13720.780988614499,15136.428916619478,14766.506981217335
Chaco,2022-08-01,120165.27657081035,911.1316,955.6421,NEA,13188.575236640934,12574.297069039796,14516.414457351108,13958.827796611473
Chubut,2022-08-01,270832.75295951,911.1316,899.4604,Patagonia,29724.877609283885,30110.58107277541,31706.18409919465,32029.18474862433
Corrientes,2022-08-01,121753.71365893768,911.1316,955.6421,NEA,13362.911972204418,12740.51380312124,14727.418622115525,14161.336021927265
Córdoba,2022-08-01,141288.82753303053,911.1316,921.3802,Pampeana,15506.961621463961,15334.476205699943,17370.82505161836,17157.269710921908
Entre Ríos,2022-08-01,135801.36564353653,911.1316,921.3802,Pampeana,14904.6927626631,14738.906440960696,16167.47714074064,15968.821132160647
Formosa,2022-08-01,125111.79661820256,911.1316,955.6421,NEA,13731.473764953662,13091.909263750787,15277.395412098316,14690.967492043792
Jujuy,2022-08-01,134855.0549726513,911.1316,940.0434,NOA,14800.831731953022,14345.620103566634,16082.83959607457,15689.646018301406
La Pampa,2022-08-01,143512.44421564956,911.1316,921.3802,Pampeana,15751.011622870898,15575.811615622908,17381.517762003343,17167.55906357152
La Rioja,2022-08-01,125033.56923963835,911.1316,940.0434,NOA,13722.888026234448,13300.829434006806,14558.109948887794,14203.547511382894
Mendoza,2022-08-01,132855.07024734313,911.1316,946.058,Cuyo,14581.326149520344,14043.015359242578,15822.502846394083,15218.935794616284
Misiones,2022-08-01,114195.47465373237,911.1316,955.6421,NEA,12533.367809187208,11949.606934827627,13800.47336627397,13270.65992541681
Neuquén,2022-08-01,270939.7783966142,911.1316,899.4604,Patagonia,29736.624039448765,30122.479922030387,31240.026002050654,31557.852956130184
Río Negro,2022-08-01,164312.61701820395,911.1316,899.4604,Patagonia,18033.906080988076,18267.910073440024,19196.821187627633,19390.628380961858
Salta,2022-08-01,133996.54273546668,911.1316,940.0434,NOA,14706.606898000977,14254.293231085572,15783.47174215939,15397.106880989777
San Juan,2022-08-01,138672.74901582277,911.1316,946.058,Cuyo,15219.837509293142,14657.954270861066,17096.885288516132,16444.78452190492
San Luis,2022-08-01,150680.7204870148,911.1316,946.058,Cuyo,16537.75596050173,15927.218044455498,18699.31804144021,17986.887054128867
Santa Cruz,2022-08-01,333095.6219199639,911.1316,899.4604,Patagonia,36558.453457213414,37032.82789547643,37772.67148413632,38158.46678506474
Santa Fe,2022-08-01,155359.610951952,911.1316,921.3802,Pampeana,17051.28117079377,16861.618141126975,18993.656987403323,18760.09836694891
Santiago del Estero,2022-08-01,108471.78741315105,911.1316,940.0434,NOA,11905.172360738123,11539.019093496221,13091.503685128675,12771.799622119195
Tierra del Fuego,2022-08-01,214707.51511995855,911.1316,899.4604,Patagonia,23564.929053054304,23870.702381111892,27169.647153083126,27446.585193419793
Tucumán,2022-08-01,115514.35163744952,911.1316,940.0434,NOA,12678.119344938701,12288.193463987887,14387.659062251721,14037.28026248162
Buenos Aires,2022-09-01,180694.5821364303,967.3076,945.6836,GBA,18680.15739113704,19107.2978463865,20132.514710950058,20557.11672245136
C.A.B.A.,2022-09-01,212139.4260947496,967.3076,945.6836,GBA,21930.916917715687,22432.389236183182,24809.21759239598,25332.23348465569
Catamarca,2022-09-01,138277.77954307428,967.3076,997.7785,NOA,14295.119726452504,13858.56475591269,15169.23375471402,14786.76145919352
Chaco,2022-09-01,127650.91718127404,967.3076,1021.0723,NEA,13196.517548427619,12501.65313281675,14484.29380187904,13902.374580090074
Chubut,2022-09-01,286862.38593596313,967.3076,954.6011,Patagonia,29655.756445619074,30050.498154251356,31759.038231011204,32122.184117663317
Corrientes,2022-09-01,127865.82545846904,967.3076,1021.0723,NEA,13218.734708428741,12522.70044525437,14710.76405072933,14119.847558887326
Córdoba,2022-09-01,150660.05600394652,967.3076,979.0952,Pampeana,15575.196142772631,15387.682015389975,17342.240559596987,17132.15030160299
Entre Ríos,2022-09-01,142990.2480522808,967.3076,979.0952,Pampeana,14782.293455802559,14604.325304861144,16178.982160688121,15983.058808362433
Formosa,2022-09-01,130316.37440038093,967.3076,1021.0723,NEA,13472.071800157564,12762.698038168397,15208.245908215951,14598.055812761893
Jujuy,2022-09-01,151274.8435087775,967.3076,997.7785,NOA,15638.752709973282,15161.164878655683,16109.03774073496,15702.313487715155
La Pampa,2022-09-01,153937.22635081605,967.3076,979.0952,Pampeana,15913.989133427262,15722.396182803885,17344.314414485918,17134.011265672416
La Rioja,2022-09-01,132707.49676968338,967.3076,997.7785,NOA,13719.265388763966,13300.296285165834,14539.279665816788,14173.707380602944
Mendoza,2022-09-01,139343.78083439535,967.3076,1003.4171,Cuyo,14405.322653765497,13886.925071776766,15781.652013257679,15179.357832683065
Misiones,2022-09-01,120075.73975452191,967.3076,1021.0723,NEA,12413.397739718153,11759.768603508479,13763.088595687479,13210.599245636246
Neuquén,2022-09-01,302570.7179859126,967.3076,954.6011,Patagonia,31279.679595809295,31696.03701335695,31478.747176711648,31838.369167127785
Río Negro,2022-09-01,175831.20295966216,967.3076,954.6011,Patagonia,18177.382557488658,18419.337978938238,19201.627884935668,19420.124657840675
Salta,2022-09-01,142993.64173339712,967.3076,997.7785,NOA,14782.644293645282,14331.200936219522,15779.541583634817,15380.976987229396
San Juan,2022-09-01,146382.32305519417,967.3076,1003.4171,Cuyo,15132.965258951152,14588.382344211013,17083.70790606393,16431.87890217116
San Luis,2022-09-01,160999.34578306007,967.3076,1003.4171,Cuyo,16644.06914440247,16045.106843710362,18630.111015472685,17919.939195563264
Santa Cruz,2022-09-01,332626.01762361947,967.3076,954.6011,Patagonia,34386.788403566716,34844.503910965475,37707.778905755964,38140.50214039147
Santa Fe,2022-09-01,164724.1751957019,967.3076,979.0952,Pampeana,17029.141009095958,16824.12243423335,18938.478992003063,18709.05325077337
Santiago del Estero,2022-09-01,116239.73685509375,967.3076,997.7785,NOA,12016.832789806856,11649.853835805618,13076.848049304866,12747.462550742173
Tierra del Fuego,2022-09-01,222753.34615526532,967.3076,954.6011,Patagonia,23028.18112410833,23334.704533156866,27054.810702302875,27363.38947279103
Tucumán,2022-09-01,125354.69014536924,967.3076,997.7785,NOA,12959.134213911815,12563.378560007983,14380.798047409655,14019.794667798882
Buenos Aires,2022-10-01,185485.00511559108,1028.706,1007.6275,GBA,18030.90534278901,18408.092783850287,20048.815639869226,20473.69488804765
C.A.B.A.,2022-10-01,225537.2741762556,1028.706,1007.6275,GBA,21924.366551401043,22383.001076911416,24730.79041116548,25254.60191441083
Catamarca,2022-10-01,145069.82911712962,1028.706,1060.4604,NOA,14102.166130763271,13679.891216789389,15168.451712285449,14771.441739560252
Chaco,2022-10-01,134864.29445318243,1028.706,1084.624,NEA,13110.09116824267,12434.19788361519,14430.543135643902,13826.355520625177
Chubut,2022-10-01,293251.01905666513,1028.706,1017.5863,Patagonia,28506.786103771647,28818.29472907262,31735.84452405711,32117.023964544223
Corrientes,2022-10-01,136341.19651727294,1028.706,1084.624,NEA,13253.660085318152,12570.36507741604,14673.62548556017,14059.685694507552
Córdoba,2022-10-01,158782.5336589718,1028.706,1039.2079,Pampeana,15435.171337483385,15279.188472198084,17283.512952654102,17078.296132845833
Entre Ríos,2022-10-01,149463.21352259672,1028.706,1039.2079,Pampeana,14529.244849606861,14382.41698534015,16155.080012949311,15963.327112100644
Formosa,2022-10-01,141627.59244563337,1028.706,1084.624,NEA,13767.548011349538,13057.759412075831,15147.183198674207,14513.745133500335
Jujuy,2022-10-01,156428.9092870224,1028.706,1060.4604,NOA,15206.376679733801,14751.037312380773,16086.829445599134,15664.80440996296
La Pampa,2022-10-01,159201.00224341085,1028.706,1039.2079,Pampeana,15475.850461007409,15319.456505614597,17265.307152445333,17060.15770145838
La Rioja,2022-10-01,140413.9770663131,1028.706,1060.4604,NOA,13649.573062304791,13240.85058398344,14486.594290799983,14107.862850102683
Mendoza,2022-10-01,147648.8990710239,1028.706,1063.4948,Cuyo,14352.876241707923,13883.368218727905,15731.208132407728,15129.666371314734
Misiones,2022-10-01,129834.57261895202,1028.706,1084.624,NEA,12621.154403585868,11970.468348381744,13722.749494101203,13148.48333600602
Neuquén,2022-10-01,308191.77468765294,1028.706,1017.5863,Patagonia,29959.16954772821,30286.549129803825,31653.49970123805,32032.731949924582
Río Negro,2022-10-01,183077.91537897155,1028.706,1017.5863,Patagonia,17796.9133434598,17991.389563614557,19184.18120283592,19413.926601469444
Salta,2022-10-01,150490.09645301403,1028.706,1060.4604,NOA,14629.067629917006,14191.015190478971,15767.697916603052,15354.246217186383
San Juan,2022-10-01,157124.32006296745,1028.706,1063.4948,Cuyo,15273.977216324924,14774.338347772595,17050.754677087058,16399.0632602893
San Luis,2022-10-01,168708.59386131002,1028.706,1063.4948,Cuyo,16400.078726216238,15863.603081210178,18507.111859794517,17799.890760617745
Santa Cruz,2022-10-01,327498.798375147,1028.706,1017.5863,Patagonia,31835.995743696163,32183.88439144149,37569.08299192881,38021.57318761359
Santa Fe,2022-10-01,174171.61125710965,1028.706,1039.2079,Pampeana,16931.135937489395,16760.035336250774,18862.038079336016,18638.117845231845
Santiago del Estero,2022-10-01,121580.39209587948,1028.706,1060.4604,NOA,11818.769609186636,11464.868664202782,13041.678624145376,12700.715486648442
Tierra del Fuego,2022-10-01,240451.09216214292,1028.706,1017.5863,Patagonia,23374.13140023903,23629.552811603586,26808.089338736587,27130.702383930824
Tucumán,2022-10-01,136512.8647298296,1028.706,1060.4604,NOA,13270.34786710971,12872.980898657752,14373.740654550144,13999.168120589842
Buenos Aires,2022-11-01,197344.6856482835,1079.2787,1058.0026,GBA,18284.868000108174,18652.57095287701,19998.11007215535,20418.593062329543
C.A.B.A.,2022-11-01,242387.07060433,1079.2787,1058.0026,GBA,22458.24647557021,22909.874758751066,24664.10810649122,25182.42194137475
Catamarca,2022-11-01,156177.9100722383,1079.2787,1108.8388,NOA,14470.582072289417,14084.816482994489,15179.360797900239,14772.627101055685
Chaco,2022-11-01,144360.69640078713,1079.2787,1133.7592,NEA,13375.664358129845,12732.92392253903,14377.419830762095,13759.229923510564
Chubut,2022-11-01,315152.36725219403,1079.2787,1067.4854,Patagonia,29200.276745218263,29522.873779088128,31788.36559909248,32180.6414463094
Corrientes,2022-11-01,147293.17154981504,1079.2787,1133.7592,NEA,13647.371299907525,12991.574538033743,14631.171320322595,14002.546813897934
Córdoba,2022-11-01,172368.44281252404,1079.2787,1090.4933,Pampeana,15970.707363401505,15806.465093597919,17244.22851450629,17047.204324212336
Entre Ríos,2022-11-01,161782.0415284171,1079.2787,1090.4933,Pampeana,14989.829923301284,14835.674967321402,16134.57709770039,15950.252274642055
Formosa,2022-11-01,155282.11470739677,1079.2787,1133.7592,NEA,14387.582624154145,13696.216507649666,15078.48109439146,14430.373015690622
Jujuy,2022-11-01,164404.276319879,1079.2787,1108.8388,NOA,15232.791708006374,14826.706670065929,16088.89997251066,15656.815670775235
La Pampa,2022-11-01,172438.59694785313,1079.2787,1090.4933,Pampeana,15977.207457893232,15812.898341315176,17216.327236279038,17019.52831485572
La Rioja,2022-11-01,150382.2139215488,1079.2787,1108.8388,NOA,13933.584895314694,13562.134903788432,14426.828501485,14040.052782300643
Mendoza,2022-11-01,156334.92018947555,1079.2787,1115.8732,Cuyo,14485.129762078648,14010.097221572807,15682.354107753441,15082.834850003139
Misiones,2022-11-01,141140.0802680095,1079.2787,1133.7592,NEA,13077.259865131175,12448.858652525996,13693.35060783611,13104.630995769612
Neuquén,2022-11-01,338480.41544774256,1079.2787,1067.4854,Patagonia,31361.72477486515,31708.200922255473,31965.231657907272,32358.074665402717
Río Negro,2022-11-01,194300.34724530613,1079.2787,1067.4854,Patagonia,18002.796427401572,18201.686622159526,19186.847660219144,19423.237280072633
Salta,2022-11-01,160930.28336109262,1079.2787,1108.8388,NOA,14910.910718528274,14513.406580027018,15778.82701822761,15355.357809782243
San Juan,2022-11-01,167330.3017609903,1079.2787,1115.8732,Cuyo,15503.901055491067,14995.458423142549,17024.68545404608,16374.290113365409
San Luis,2022-11-01,179633.4922724913,1079.2787,1115.8732,Cuyo,16643.846698030018,16098.020122043554,18410.271725040584,17706.72307967388
Santa Cruz,2022-11-01,354714.5943527747,1079.2787,1067.4854,Patagonia,32865.8940784039,33228.98789555104,37674.91358849581,38140.202926982194
Santa Fe,2022-11-01,186716.6466997132,1079.2787,1090.4933,Pampeana,17300.132644118075,17122.218605076545,18812.858927044763,18597.919073399742
Santiago del Estero,2022-11-01,131929.07513810124,1079.2787,1108.8388,NOA,12223.819031923935,11897.949020010956,13014.516576298756,12666.022073792508
Tierra del Fuego,2022-11-01,268252.9043400405,1079.2787,1067.4854,Patagonia,24854.831688982697,25129.42138038052,26752.41769191874,27083.810258330792
Tucumán,2022-11-01,146875.6550794248,1079.2787,1108.8388,NOA,13608.686531053081,13245.897877980531,14344.521398422632,13961.545110982821
Buenos Aires,2022-12-01,311308.81949632725,1134.5875,1114.5359,GBA,27438.061806280013,27931.69959768252,20040.096728782057,20456.670806099904
C.A.B.A.,2022-12-01,370940.04210231546,1134.5875,1114.5359,GBA,32693.824152153575,33282.018291408596,24670.883170954672,25183.671270221494
Catamarca,2022-12-01,245659.6471216757,1134.5875,1160.5028,NOA,21651.890852109307,21168.38038836922,15245.608264832197,14834.498050027787
Chaco,2022-12-01,222838.98958481377,1134.5875,1188.0619,NEA,19640.52923065112,18756.51340934456,14380.930307112787,13753.058719309585
Chubut,2022-12-01,501852.5671800409,1134.5875,1115.8852,Patagonia,44232.16077914139,44973.494332574795,31905.397609274707,32309.705500624368
Corrientes,2022-12-01,227770.68838781147,1134.5875,1188.0619,NEA,20075.198112777678,19171.617942449924,14636.327967936504,13997.746062886321
Córdoba,2022-12-01,272318.91078004194,1134.5875,1145.8755,Pampeana,24001.578616020528,23765.139474580083,17292.6041603853,17101.140567380826
Entre Ríos,2022-12-01,259857.79267610837,1134.5875,1145.8755,Pampeana,22903.28358774518,22677.663731889574,16200.382445252755,16021.109503863005
Formosa,2022-12-01,238747.45828628776,1134.5875,1188.0619,NEA,21042.666016176605,20095.540332224085,15089.886754563997,14431.106317760059
Jujuy,2022-12-01,249819.91434477209,1134.5875,1160.5028,NOA,22018.567483316365,21526.868728345344,16152.843960206592,15716.379806768333
La Pampa,2022-12-01,274744.29457909457,1134.5875,1145.8755,Pampeana,24215.346509554754,23976.80154424233,17260.404665110804,17069.27707982282
La Rioja,2022-12-01,242331.0336228762,1134.5875,1160.5028,NOA,21358.51431669009,20881.555272669415,14437.969907963557,14047.997146797938
Mendoza,2022-12-01,241559.54387669652,1134.5875,1171.7081,Cuyo,21290.516939125147,20616.017238141183,15720.476329813679,15123.416656155012
Misiones,2022-12-01,217375.1367812087,1134.5875,1188.0619,NEA,19158.957487299012,18296.61710229145,13716.059988594163,13117.140527715399
Neuquén,2022-12-01,516859.42526791454,1134.5875,1115.8852,Patagonia,45554.83162540699,46318.333218140586,32408.63238193247,32818.367493203776
Río Negro,2022-12-01,297517.4278951231,1134.5875,1115.8852,Patagonia,26222.519452675362,26662.010383785277,19273.30551848239,19517.066217643216
Salta,2022-12-01,248024.45876831684,1134.5875,1160.5028,NOA,21860.320051852927,21372.1551355427,15870.583275967283,15442.181478059245
San Juan,2022-12-01,260039.6603093914,1134.5875,1171.7081,Cuyo,22919.31299343518,22193.211799883553,17038.67696202348,16391.843382110386
San Luis,2022-12-01,284893.9892445803,1134.5875,1171.7081,Cuyo,25109.917855130636,24314.416640508018,18361.82278048034,17664.331577324356
Santa Cruz,2022-12-01,539917.5109455793,1134.5875,1115.8852,Patagonia,47587.11963119453,48384.68248755153,37600.02577679492,38075.46100113046
Santa Fe,2022-12-01,294355.93571570946,1134.5875,1145.8755,Pampeana,25943.872615881053,25688.29996938668,18833.15185702175,18624.636764557617
Santiago del Estero,2022-12-01,205112.8077904016,1134.5875,1160.5028,NOA,18078.183286031406,17674.47763076501,13075.569510735939,12723.30223863825
Tierra del Fuego,2022-12-01,497110.63915986865,1134.5875,1115.8852,Patagonia,43814.21786859705,44548.54667486124,26860.172742879768,27203.36977215804
Tucumán,2022-12-01,228779.735767922,1134.5875,1160.5028,NOA,20164.13328790613,19713.84608188123,14360.947372459841,13974.83074750874
Buenos Aires,2023-01-01,234028.97637115215,1202.979,1180.967,GBA,19454.1198450806,19816.72446149233,20022.58365714045,20437.31520060684
C.A.B.A.,2023-01-01,297045.90817283344,1202.979,1180.967,GBA,24692.52648407274,25152.769567044073,24633.065770179186,25143.210219297278
Catamarca,2023-01-01,176113.02585642043,1202.979,1233.9904,NOA,14639.742327706503,14271.831114441446,15275.143596441272,14859.779081830156
Chaco,2023-01-01,159141.95616249918,1202.979,1255.1401,NEA,13228.988715721485,12679.218532058625,14303.608531061836,13671.192047598279
Chubut,2023-01-01,385194.46208314697,1202.979,1181.5995,Patagonia,32020.048735941935,32599.40970550063,32096.57370976117,32507.76923446955
Corrientes,2023-01-01,161846.7404542577,1202.979,1255.1401,NEA,13453.829240099594,12894.715136123665,14538.021448669126,13895.505514023918
Córdoba,2023-01-01,205446.1560149328,1202.979,1215.4751,Pampeana,17078.11657684239,16902.539263447914,17250.844572702812,17063.32933926158
Entre Ríos,2023-01-01,187562.7439231979,1202.979,1215.4751,Pampeana,15591.522705150954,15431.228819347916,16160.550942588947,15984.904318316136
Formosa,2023-01-01,165846.92869994536,1202.979,1255.1401,NEA,13786.352770908334,13213.419657291273,15009.457065918934,14345.935007181737
Jujuy,2023-01-01,184860.95106798608,1202.979,1233.9904,NOA,15366.930849830802,14980.744669325313,16162.29923052358,15721.847389449063
La Pampa,2023-01-01,200998.20724405136,1202.979,1215.4751,Pampeana,16708.372070007154,16536.596039199103,17234.3173918118,17046.865377923743
La Rioja,2023-01-01,159044.0143181305,1202.979,1233.9904,NOA,13220.847106901325,12888.594134778563,14382.547833361561,13990.55403019854
Mendoza,2023-01-01,181534.93891524692,1202.979,1246.1488,Cuyo,15090.449535299198,14567.677545028886,15711.119095791282,15115.361769689252
Misiones,2023-01-01,158837.70776552547,1202.979,1255.1401,NEA,13203.697468162409,12654.97833791825,13674.859773372598,13070.145681405264
Neuquén,2023-01-01,387987.4260009107,1202.979,1181.5995,Patagonia,32252.21936550103,32835.781159429294,32726.619199835433,33145.3876828342
Río Negro,2023-01-01,209521.44816749924,1202.979,1181.5995,Patagonia,17416.883267912344,17732.01902738612,19296.522435198836,19542.679921521063
Salta,2023-01-01,180975.66785679336,1202.979,1233.9904,NOA,15043.959026449618,14665.889447502457,15890.182154989794,15457.647078884816
San Juan,2023-01-01,210295.09006822415,1202.979,1246.1488,Cuyo,17481.193775471074,16875.60025481902,16921.118004305114,16279.57252974656
San Luis,2023-01-01,214202.6765254431,1202.979,1246.1488,Cuyo,17806.019600129603,17189.17327733599,18295.686579579396,17601.683261152375
Santa Cruz,2023-01-01,407342.8774967433,1202.979,1181.5995,Patagonia,33861.17941350125,34473.853238490985,37509.89269406761,37987.72733319767
Santa Fe,2023-01-01,222865.01777228576,1202.979,1215.4751,Pampeana,18526.09378653208,18335.63005710983,18815.845991149148,18611.25896954885
Santiago del Estero,2023-01-01,146731.23892135415,1202.979,1233.9904,NOA,12197.323388135133,11890.792580019599,13015.987647799224,12662.043234548912
Tierra del Fuego,2023-01-01,291837.03732638527,1202.979,1181.5995,Patagonia,24259.528830211104,24698.473325893017,26745.43292740665,27089.510759969475
Tucumán,2023-01-01,176937.15300783928,1202.979,1233.9904,NOA,14708.24952121685,14338.6166543791,14369.660507473378,13979.73459293676
Buenos Aires,2023-02-01,237651.4541132385,1282.7091,1259.9952,GBA,18527.307096615943,18861.298369488908,20022.050507294654,20432.42239945117
C.A.B.A.,2023-02-01,306675.0832335324,1282.7091,1259.9952,GBA,23908.389145561716,24339.38504158844,24597.68185321035,25101.47724728115
Catamarca,2023-02-01,181899.57176152137,1282.7091,1323.9654,NOA,14180.890410890617,13738.997390832219,15300.48660402736,14875.651366385659
Chaco,2023-02-01,167444.93872869824,1282.7091,1352.5571,NEA,13054.007235833771,12379.879468947984,14256.033912418705,13609.966870453773
Chubut,2023-02-01,403473.7666606773,1282.7091,1249.6345,Patagonia,31454.814397175265,32287.342151699348,32259.02788853116,32702.03898745663
Corrientes,2023-02-01,168347.77694578827,1282.7091,1352.5571,NEA,13124.392502227378,12446.629938639062,14469.002898812387,13813.556379069909
Córdoba,2023-02-01,205186.7667562475,1282.7091,1292.6662,Pampeana,15996.360106609322,15873.143952881845,17230.842269466215,17049.85391041494
Entre Ríos,2023-02-01,189571.92195201735,1282.7091,1292.6662,Pampeana,14779.026823152446,14665.187497902969,16134.703257252695,15965.178260034518
Formosa,2023-02-01,177485.22346860997,1282.7091,1352.5571,NEA,13836.747822917136,13122.198202841859,14961.65921193304,14283.569598878787
Jujuy,2023-02-01,189228.463845938,1282.7091,1323.9654,NOA,14752.250829587005,14292.553555095776,16207.955539159717,15757.195049119933
La Pampa,2023-02-01,216886.2144181126,1282.7091,1292.6662,Pampeana,16908.44903323073,16778.20727563795,17229.50349439423,17048.74782059816
La Rioja,2023-02-01,149761.79039990308,1282.7091,1323.9654,NOA,11675.429011917284,11311.609079807,14361.36999320906,13962.573243286362
Mendoza,2023-02-01,187195.5421116764,1282.7091,1329.9144,Cuyo,14593.764253459834,14075.758718882691,15717.129109370975,15128.927835474922
Misiones,2023-02-01,167026.62389500285,1282.7091,1352.5571,NEA,13021.395411867183,12348.951766620637,13667.648627712615,13047.810716116064
Neuquén,2023-02-01,421044.4237170204,1282.7091,1249.6345,Patagonia,32824.622801617326,33693.40584923195,33116.76131542659,33572.10110699768
Río Negro,2023-02-01,240341.234481099,1282.7091,1249.6345,Patagonia,18737.002371083126,19232.922465016694,19334.48345286888,19598.694428559993
Salta,2023-02-01,195110.4976939246,1282.7091,1323.9654,NOA,15210.814181791071,14736.82754050254,15925.584859838478,15482.696808651104
San Juan,2023-02-01,209810.104208715,1282.7091,1329.9144,Cuyo,16356.795489227838,15776.211176352026,16866.00447682619,16235.520320104464
San Luis,2023-02-01,217642.11621804372,1282.7091,1329.9144,Cuyo,16967.379136707124,16365.122162602625,18271.66586638856,17587.747277883835
Santa Cruz,2023-02-01,473547.0216057788,1282.7091,1249.6345,Patagonia,36917.725274247976,37894.84218031583,37344.496567448135,37854.23290088751
Santa Fe,2023-02-01,230378.72244576988,1282.7091,1292.6662,Pampeana,17960.324943961954,17821.980836643666,18815.270697138327,18617.74026533491
Santiago del Estero,2023-02-01,157617.95764081736,1282.7091,1323.9654,NOA,12287.895801223938,11904.990692416686,12998.264519852328,12637.052295520054
Tierra del Fuego,2023-02-01,304287.4684791673,1282.7091,1249.6345,Patagonia,23722.250701984365,24350.11745267655,26642.657127782066,27007.28756876396
Tucumán,2023-02-01,176376.37039293168,1282.7091,1323.9654,NOA,13750.301638378622,13321.826264714446,14357.584252267548,13959.342105252508
Buenos Aires,2023-03-01,263990.0816394838,1381.1601,1358.4995,GBA,19113.648130979444,19432.475436279794,19986.96503097807,20389.01047439367
C.A.B.A.,2023-03-01,346217.1532851769,1381.1601,1358.4995,GBA,25067.126778798265,25485.261738055622,24555.997154644174,25048.965394402527
Catamarca,2023-03-01,206279.7830278014,1381.1601,1421.13,NOA,14935.25500974155,14515.194459887653,15317.324900326319,14886.954047929603
Chaco,2023-03-01,181657.568346643,1381.1601,1437.0683,NEA,13152.535201867113,12640.844443276845,14231.836148127757,13590.312161436243
Chubut,2023-03-01,411524.20561131905,1381.1601,1336.6514,Patagonia,29795.546918226137,30787.698693265804,32318.124634764496,32823.00559096295
Corrientes,2023-03-01,183782.37450883051,1381.1601,1437.0683,NEA,13306.37733517139,12788.701449251266,14429.19463739923,13778.989895682971
Córdoba,2023-03-01,221038.79548750023,1381.1601,1393.7727,Pampeana,16003.850349246279,15859.027478978476,17186.753085474502,17009.50874026808
Entre Ríos,2023-03-01,207595.2221496174,1381.1601,1393.7727,Pampeana,15030.49662016861,14894.481872805904,16120.987440739667,15954.660922485604
Formosa,2023-03-01,190808.32601618723,1381.1601,1437.0683,NEA,13815.07661683734,13277.61011889186,14934.24452890888,14261.010975587287
Jujuy,2023-03-01,215166.3761812769,1381.1601,1421.13,NOA,15578.670147021834,15140.513266293505,16244.515487663368,15787.524949850284
La Pampa,2023-03-01,224145.38975971588,1381.1601,1393.7727,Pampeana,16228.776791315928,16081.918505055803,17244.66710303137,17067.02089754466
La Rioja,2023-03-01,163179.46904541046,1381.1601,1421.13,NOA,11814.667180539784,11482.374522064163,14325.28991420012,13923.299892929017
Mendoza,2023-03-01,207698.7463951015,1381.1601,1434.4221,Cuyo,15037.992076016497,14479.611433419876,15731.244529716272,15149.166759272914
Misiones,2023-03-01,180239.8590183552,1381.1601,1437.0683,NEA,13049.888931656451,12542.191558908871,13668.105597594686,13051.744797076672
Neuquén,2023-03-01,466246.55148083734,1381.1601,1336.6514,Patagonia,33757.60358852224,34881.68654002363,33399.2468723917,33926.53403230458
Río Negro,2023-03-01,253265.2282789189,1381.1601,1336.6514,Patagonia,18337.13761923175,18947.739723230672,19353.49962685995,19655.638315063225
Salta,2023-03-01,213588.36921532976,1381.1601,1421.13,NOA,15464.417862587383,15029.474377103415,15970.668042123187,15521.384619239281
San Juan,2023-03-01,220679.5535378027,1381.1601,1434.4221,Cuyo,15977.840189403292,15384.561736590835,16910.335411899807,16285.110905293317
San Luis,2023-03-01,232275.72252936807,1381.1601,1434.4221,Cuyo,16817.436481792956,16192.982702188434,18220.55192940716,17546.324433487676
Santa Cruz,2023-03-01,500151.2169697316,1381.1601,1336.6514,Patagonia,36212.39977680586,37418.224151018854,37347.70643726741,37932.048026209304
Santa Fe,2023-03-01,248751.87301265495,1381.1601,1393.7727,Pampeana,18010.357598127466,17847.377338690516,18804.7606824459,18610.994839452927
Santiago del Estero,2023-03-01,171858.20341830252,1381.1601,1421.13,NOA,12443.032738804322,12093.06702541657,12994.000147648363,12628.61510242544
Tierra del Fuego,2023-03-01,354127.39410188515,1381.1601,1336.6514,Patagonia,25639.851173074367,26493.623850009448,26711.792319298085,27129.820344190975
Tucumán,2023-03-01,190389.33580915895,1381.1601,1421.13,NOA,13784.740509746765,13397.038681131138,14300.926006598831,13899.307637523343
Buenos Aires,2023-04-01,278194.4514648536,1497.2147,1475.1378,GBA,18580.798830311618,18858.87891048915,19964.943355759686,20358.632333445876
C.A.B.A.,2023-04-01,351686.4240593857,1497.2147,1475.1378,GBA,23489.378247447457,23840.92008620386,24553.293577463144,25036.202439643224
Catamarca,2023-04-01,213501.40844510772,1497.2147,1530.4512,NOA,14259.9059737463,13950.226472108861,15359.981576587359,14934.643760464092
Chaco,2023-04-01,199114.43354312397,1497.2147,1556.9071,NEA,13298.990020811576,12789.101773838915,14251.817669910968,13613.418419033536
Chubut,2023-04-01,450078.29311075766,1497.2147,1445.0457,Patagonia,30061.038881782126,31146.301678262334,32301.319031494724,32871.13546199211
Corrientes,2023-04-01,198734.55426315012,1497.2147,1556.9071,NEA,13273.617622318972,12764.702162585689,14413.925233922668,13768.31523332943
Córdoba,2023-04-01,243515.48498561647,1497.2147,1512.803,Pampeana,16264.566797642077,16096.972638579937,17190.266076239164,17012.14752126146
Entre Ríos,2023-04-01,222234.1052145121,1497.2147,1512.803,Pampeana,14843.168799672625,14690.221080637206,16111.605856047809,15944.603429741735
Formosa,2023-04-01,208427.4397658585,1497.2147,1556.9071,NEA,13921.012114418761,13387.2753079396,14949.958979075296,14280.214342548721
Jujuy,2023-04-01,238820.26297517927,1497.2147,1530.4512,NOA,15950.969688928333,15604.565697696162,16317.781904653157,15865.733466508575
La Pampa,2023-04-01,243805.0758124615,1497.2147,1512.803,Pampeana,16283.908768225527,16116.115304666997,17280.588163112938,17101.752897335668
La Rioja,2023-04-01,189161.9025276602,1497.2147,1530.4512,NOA,12634.25362626083,12359.878088740117,14322.344377267356,13925.910257504771
Mendoza,2023-04-01,222551.51119728235,1497.2147,1538.063,Cuyo,14864.368563659062,14469.596576816577,15741.938165444282,15176.92822619654
Misiones,2023-04-01,187525.29512756757,1497.2147,1556.9071,NEA,12524.94349190985,12044.73247810146,13673.427936993561,13060.575703302959
Neuquén,2023-04-01,486359.0855588413,1497.2147,1445.0457,Patagonia,32484.257973077696,33657.003758347666,33586.77114960215,34186.30825230882
Río Negro,2023-04-01,279693.18877699476,1497.2147,1445.0457,Patagonia,18680.900526624187,19355.317882126135,19385.622257572315,19728.544405077326
Salta,2023-04-01,231416.2777766923,1497.2147,1530.4512,NOA,15456.452423068802,15120.787763549226,16038.42570433197,15594.018308361428
San Juan,2023-04-01,233606.58750924055,1497.2147,1538.063,Cuyo,15602.744717189895,15188.362733466738,16938.210952444235,16330.22461804462
San Luis,2023-04-01,251699.38398945815,1497.2147,1538.063,Cuyo,16811.17504319575,16364.699234651516,18181.000556366525,17528.17766371128
Santa Cruz,2023-04-01,493882.17430048226,1497.2147,1445.0457,Patagonia,32986.73024653593,34177.61627196166,37181.29760882269,37835.39816934116
Santa Fe,2023-04-01,261411.49695013932,1497.2147,1512.803,Pampeana,17459.853750443363,17279.943056044925,18787.87543499691,18593.37118041108
Santiago del Estero,2023-04-01,180570.72165980475,1497.2147,1530.4512,NOA,12060.442744771659,11798.528542419695,13007.242010352089,12646.728394750284
Tierra del Fuego,2023-04-01,359110.94681667245,1497.2147,1445.0457,Patagonia,23985.26723099048,24851.182686933185,26712.04232610255,27182.019553440205
Tucumán,2023-04-01,189636.95437088577,1497.2147,1530.4512,NOA,12665.982665738306,12390.91807506739,14303.208495004517,13907.01905064324
Buenos Aires,2023-05-01,296429.8846046629,1613.5895,1592.4496,GBA,18370.836238378033,18614.710607146557,19935.685885148843,20314.13834019954
C.A.B.A.,2023-05-01,358882.97222005733,1613.5895,1592.4496,GBA,22241.280835061043,22536.535675606774,24492.57172804191,24956.457325631793
Catamarca,2023-05-01,231805.79204525665,1613.5895,1652.2346,NOA,14365.846582743421,14029.835233159783,15392.715293439767,14976.091518175292
Chaco,2023-05-01,211872.29161439315,1613.5895,1670.3598,NEA,13130.495185695812,12684.230763599146,14191.297356958905,13566.359546294807
Chubut,2023-05-01,474698.6984478008,1613.5895,1550.099,Patagonia,29418.80189774418,30623.76651090033,32250.305933160227,32890.844691141436
Corrientes,2023-05-01,211926.3386112233,1613.5895,1670.3598,NEA,13133.844674325366,12687.466413596838,14355.450220679073,13723.214703529386
Córdoba,2023-05-01,256729.96574970844,1613.5895,1628.9716,Pampeana,15910.488122890512,15760.24810682448,17153.416202752363,16978.88613794297
Entre Ríos,2023-05-01,241429.2049503777,1613.5895,1628.9716,Pampeana,14962.244421544494,14820.958508446538,16088.474537822849,15924.71052903052
Formosa,2023-05-01,227888.1044572848,1613.5895,1670.3598,NEA,14123.05325842073,13643.054894956453,14924.90322725751,14267.881347168077
Jujuy,2023-05-01,254245.0863216867,1613.5895,1652.2346,NOA,15756.491122536847,15387.953158812112,16371.923049042252,15928.857109356886
La Pampa,2023-05-01,262279.4434464591,1613.5895,1628.9716,Pampeana,16254.40940502272,16100.921799155924,17302.208939998898,17126.33914732373
La Rioja,2023-05-01,204276.80944087348,1613.5895,1652.2346,NOA,12659.775577423718,12363.668539617405,14254.9447778806,13869.224530622909
Mendoza,2023-05-01,240870.63698248484,1613.5895,1652.9055,Cuyo,14927.627936503355,14572.559470731076,15722.16769594511,15180.927720983
Misiones,2023-05-01,202889.68309569047,1613.5895,1670.3598,NEA,12573.810321379166,12146.465874938469,13651.610915859592,13050.064300291662
Neuquén,2023-05-01,524166.4959567983,1613.5895,1550.099,Patagonia,32484.500919025457,33815.03348862223,33742.74667127008,34422.89484123371
Río Negro,2023-05-01,303355.32429289905,1613.5895,1550.099,Patagonia,18800.030881020175,19570.061285950065,19422.714201118342,19811.65816598612
Salta,2023-05-01,250351.44681251817,1613.5895,1652.2346,NOA,15515.188144972322,15152.294160436912,16080.174998607297,15644.977118728992
San Juan,2023-05-01,251136.0343893246,1613.5895,1652.9055,Cuyo,15563.811885818828,15193.61115256284,16891.700366227553,16309.590496324266
San Luis,2023-05-01,270646.2403045898,1613.5895,1652.9055,Cuyo,16772.930184820227,16373.96937118243,18121.164253592327,17496.638199182988
Santa Cruz,2023-05-01,549986.2324269927,1613.5895,1550.099,Patagonia,34084.643735410566,35480.716549523146,37116.27326258672,37852.24251637293
Santa Fe,2023-05-01,278594.8902596856,1613.5895,1628.9716,Pampeana,17265.536882812237,17102.501373239753,18754.27401397156,18563.588372890954
Santiago del Estero,2023-05-01,194457.90709590935,1613.5895,1652.2346,NOA,12051.262548244726,11769.38838442854,12986.503618377665,12634.819783785573
Tierra del Fuego,2023-05-01,406119.14065351215,1613.5895,1550.099,Patagonia,25168.677699843247,26199.561489525,26793.090235798692,27325.05193520582
Tucumán,2023-05-01,206861.4170950036,1613.5895,1652.2346,NOA,12819.953098046533,12520.099572724332,14252.686338057327,13866.787277101354
Buenos Aires,2023-06-01,453974.900461097,1709.6115,1685.1612,GBA,26554.27273746679,26939.55334724636,19944.508092543227,20308.64739571973
C.A.B.A.,2023-06-01,542123.9880145517,1709.6115,1685.1612,GBA,31710.36156545225,32170.452774164973,24494.6891489668,24941.30509514527
Catamarca,2023-06-01,347911.3629950078,1709.6115,1761.6308,NOA,20350.317191654816,19749.39147266316,15430.87570817787,15015.588705376636
Chaco,2023-06-01,319681.2933076844,1709.6115,1780.7632,NEA,18699.060769518946,17951.926079092627,14167.406367431893,13544.249542957246
Chubut,2023-06-01,745769.61747281,1709.6115,1655.1801,Patagonia,43622.16898241559,45056.705156907694,32305.572598367664,33015.83103298157
Corrientes,2023-06-01,323313.6398656281,1709.6115,1780.7632,NEA,18911.526967713315,18155.903034475785,14327.295093758523,13697.022414970677
Córdoba,2023-06-01,384560.0397277165,1709.6115,1724.8611,Pampeana,22494.001691478825,22295.130879101886,17147.692275606787,16976.34162734952
Entre Ríos,2023-06-01,363725.95854427904,1709.6115,1724.8611,Pampeana,21275.357503402323,21087.26079707398,16087.686438114413,15926.88100269481
Formosa,2023-06-01,339564.35870904685,1709.6115,1780.7632,NEA,19862.07736137987,19068.473489852375,14941.417075455556,14284.591295234952
Jujuy,2023-06-01,399808.6422440104,1709.6115,1761.6308,NOA,23385.935473878737,22695.370803235866,16540.36363021818,16094.969746823786
La Pampa,2023-06-01,393305.30068845,1709.6115,1724.8611,Pampeana,23005.53667827164,22802.14335452576,17352.941446377685,17179.728924031446
La Rioja,2023-06-01,316622.3689138555,1709.6115,1761.6308,NOA,18520.135651512377,17973.253471377517,14198.831676750417,13817.145453571744
Mendoza,2023-06-01,354745.78504695423,1709.6115,1740.5995,Cuyo,20750.08181958031,20380.666836165023,15730.984002549343,15231.616525047544
Misiones,2023-06-01,297730.0372845052,1709.6115,1780.7632,NEA,17415.069873155695,16719.237980912072,13653.177543219512,13052.325549739091
Neuquén,2023-06-01,795956.6097880473,1709.6115,1655.1801,Patagonia,46557.74775661297,48088.821862228,33987.757061359975,34744.90581027201
Río Negro,2023-06-01,448642.54784867854,1709.6115,1655.1801,Patagonia,26242.36838888125,27105.361395335683,19493.480002290667,19924.888337497356
Salta,2023-06-01,377638.31897188525,1709.6115,1761.6308,NOA,22089.130716065334,21436.859469752984,16183.383788777106,15747.720538348902
San Juan,2023-06-01,374772.0824460387,1709.6115,1740.5995,Cuyo,21921.476455091622,21531.207060902794,16858.23340513047,16322.166640576988
San Luis,2023-06-01,413991.48637308256,1709.6115,1740.5995,Cuyo,24215.53004136218,23784.419470020675,18124.044646115388,17548.697049383572
Santa Cruz,2023-06-01,879459.8169633859,1709.6115,1655.1801,Patagonia,51442.08593375664,53133.78386819572,37103.74373577863,37920.849473275084
Santa Fe,2023-06-01,421725.55974938447,1709.6115,1724.8611,Pampeana,24667.91781345554,24449.827278810128,18758.603199033863,18571.292826412882
Santiago del Estero,2023-06-01,292219.7959906811,1709.6115,1761.6308,NOA,17092.760313713443,16588.02718428181,12997.363761404664,12647.45998457226
Tierra del Fuego,2023-06-01,620381.7402168163,1709.6115,1655.1801,Patagonia,36287.87828210189,37481.22275133783,26862.542939559273,27452.82896108065
Tucumán,2023-06-01,310450.91788887256,1709.6115,1761.6308,NOA,18159.1500694089,17622.92745386108,14257.122869027115,13873.335164793065
Buenos Aires,2023-07-01,342265.98921623296,1818.0838,1789.4275,GBA,18825.644297376883,19127.122457670564,20001.544962348224,20358.40783484582
C.A.B.A.,2023-07-01,415577.38247260783,1818.0838,1789.4275,GBA,22857.98831014323,23224.041346889317,24561.394259207387,24999.120582041214
Catamarca,2023-07-01,272851.9665368071,1818.0838,1868.6534,NOA,15007.667222864373,14601.528915785402,15534.6290732899,15114.119907629902
Chaco,2023-07-01,242630.42759639068,1818.0838,1892.223,NEA,13345.392967936388,12822.507051039474,14201.737303289774,13578.941127434078
Chubut,2023-07-01,581969.9322468165,1818.0838,1784.2535,Patagonia,32010.071936553002,32616.998215041553,32475.19578607271,33216.163681611666
Corrientes,2023-07-01,241677.95540730737,1818.0838,1892.223,NEA,13293.004173256884,12772.170902018808,14337.872391145784,13708.92173691387
Córdoba,2023-07-01,291129.5642055817,1818.0838,1835.8968,Pampeana,16012.9892915597,15857.621419982956,17187.499001450928,17018.13625010529
Entre Ríos,2023-07-01,275418.5657597487,1818.0838,1835.8968,Pampeana,15148.837790631469,15001.854448449862,16144.999936903492,15985.848371253112
Formosa,2023-07-01,258359.6695306546,1818.0838,1892.223,NEA,14210.54791482409,13653.764357089762,14996.350839708148,14339.159965227662
Jujuy,2023-07-01,308830.9060018991,1818.0838,1868.6534,NOA,16986.61557855029,16526.922863378466,16722.932000276393,16270.001808904297
La Pampa,2023-07-01,298410.1780173985,1818.0838,1835.8968,Pampeana,16413.444639757447,16254.191304075399,17428.02521421539,17256.45481432632
La Rioja,2023-07-01,245718.4165834493,1818.0838,1868.6534,NOA,13515.241518759987,13149.491317300968,14202.01461355194,13817.877969441639
Mendoza,2023-07-01,277748.6114437453,1818.0838,1850.3918,Cuyo,15276.997212325708,15010.25952686049,15804.704428586794,15332.96276811382
Misiones,2023-07-01,228892.91060632968,1818.0838,1892.223,NEA,12589.788798862279,12096.508213161434,13681.894300159538,13081.532154341374
Neuquén,2023-07-01,640029.2374190257,1818.0838,1784.2535,Patagonia,35203.50587904835,35870.9811929205,34454.707322221955,35247.859504699205
Río Negro,2023-07-01,352743.4918617119,1818.0838,1784.2535,Patagonia,19401.93801087232,19769.80803802329,19654.148243969885,20104.63036991719
Salta,2023-07-01,288694.7770623043,1818.0838,1868.6534,NOA,15879.068779024612,15449.348555612525,16295.715060491968,15854.462698984487
San Juan,2023-07-01,283115.13325585634,1818.0838,1850.3918,Cuyo,15572.171824855175,15300.280365264067,16877.16903087943,16371.598305485757
San Luis,2023-07-01,308097.9797657827,1818.0838,1850.3918,Cuyo,16946.30246228379,16650.418563559495,18139.370111214394,17597.4291261224
Santa Cruz,2023-07-01,709218.4815666626,1818.0838,1784.2535,Patagonia,39009.11946779695,39748.75103603061,37312.34459684416,38166.88948971023
Santa Fe,2023-07-01,321746.1952866464,1818.0838,1835.8968,Pampeana,17696.994785754454,17525.28765705384,18820.22024487211,18634.90350697225
Santiago del Estero,2023-07-01,223182.91479211228,1818.0838,1868.6534,NOA,12275.722097744465,11943.515838309677,13037.601392527053,12684.539874297763
Tierra del Fuego,2023-07-01,448674.7619223124,1818.0838,1784.2535,Patagonia,24678.44232055268,25146.35739385196,26864.848947811628,27477.788894278423
Tucumán,2023-07-01,235622.50209520772,1818.0838,1868.6534,NOA,12959.93628540157,12609.213784386538,14294.061252738082,13907.07811406495
Buenos Aires,2023-08-01,379807.7037366755,2044.2832,2008.8079,GBA,18579.016045168082,18907.119179323992,20036.6363134743,20388.1286624945
C.A.B.A.,2023-08-01,453937.4630631649,2044.2832,2008.8079,GBA,22205.21418280818,22597.355529275093,24598.301637182118,25029.5004268402
Catamarca,2023-08-01,309095.30088829616,2044.2832,2124.297,NOA,15119.984397870909,14550.474857719808,15614.947324902749,15183.261063388676
Chaco,2023-08-01,279826.26504562143,2044.2832,2160.5496,NEA,13688.233853588457,12951.624209211464,14243.375521368733,13610.385055781717
Chubut,2023-08-01,609965.5457142147,2044.2832,2000.9692,Patagonia,29837.62453823495,30483.504979197813,32484.5913634853,33247.24067381353
Corrientes,2023-08-01,278089.22900841845,2044.2832,2160.5496,NEA,13603.263432797297,12871.22633094924,14357.901679528524,13719.814447566203
Córdoba,2023-08-01,329505.20974737743,2044.2832,2060.6329,Pampeana,16118.37389982843,15990.485726369672,17238.450024647966,17072.8037101611
Entre Ríos,2023-08-01,314929.8361633553,2044.2832,2060.6329,Pampeana,15405.39178541189,15283.160632995587,16186.72485546589,16031.202887256019
Formosa,2023-08-01,293102.7523632533,2044.2832,2160.5496,NEA,14337.678476409399,13566.120044791074,15046.867898996126,14378.677530314353
Jujuy,2023-08-01,330249.13141313684,2044.2832,2124.297,NOA,16154.76424270066,15546.27867069138,16835.75970950536,16370.056689498026
La Pampa,2023-08-01,336924.9437907152,2044.2832,2060.6329,Pampeana,16481.324299427553,16350.556365023345,17488.884603928447,17321.016876776357
La Rioja,2023-08-01,285442.4579223258,2044.2832,2124.297,NOA,13962.960607528636,13437.031541367605,14222.020661993123,13829.228145055038
Mendoza,2023-08-01,315468.8177434574,2044.2832,2078.4831,Cuyo,15431.757094293851,15177.838960704437,15875.573673984585,15427.531401568976
Misiones,2023-08-01,260255.7601445935,2044.2832,2160.5496,NEA,12730.905392393455,12045.812794327589,13698.355765426724,13089.549309299704
Neuquén,2023-08-01,664035.120310118,2044.2832,2000.9692,Patagonia,32482.540594674843,33185.674237770276,34683.533701824126,35503.12569767753
Río Negro,2023-08-01,393180.6023970577,2044.2832,2000.9692,Patagonia,19233.176812149006,19649.50796829145,19754.08747156663,20219.763527821477
Salta,2023-08-01,328799.02241340297,2044.2832,2124.297,NOA,16083.829403548538,15478.015664165745,16410.48360262093,15956.439568407835
San Juan,2023-08-01,322347.99598280067,2044.2832,2078.4831,Cuyo,15768.265178855878,15508.810053966792,16922.871336676326,16442.502954077903
San Luis,2023-08-01,347446.85916106525,2044.2832,2078.4831,Cuyo,16996.0237975377,16716.366813906992,18177.559097634057,17663.19152357669
Santa Cruz,2023-08-01,742638.1943239378,2044.2832,2000.9692,Patagonia,36327.559426401276,37113.924308477,37293.103427609814,38173.64752412694
Santa Fe,2023-08-01,362850.4163970523,2044.2832,2060.6329,Pampeana,17749.518090108664,17608.68791316747,18878.40665481502,18697.159321308958
Santiago del Estero,2023-08-01,257230.89211790927,2044.2832,2124.297,NOA,12582.938220981774,12108.989097000525,13094.08188088069,12732.037374589789
Tierra del Fuego,2023-08-01,516767.3731989545,2044.2832,2000.9692,Patagonia,25278.658710248877,25825.85345136519,27007.65975257784,27640.718150132867
Tucumán,2023-08-01,269982.17681633204,2044.2832,2124.297,NOA,13206.691558993982,12709.248133209812,14338.108937242689,13942.166003166778
Buenos Aires,2023-09-01,428046.7646712563,2304.9242,2253.4785,GBA,18570.969260995927,18994.934483344583,20027.53730262921,20378.76504890767
C.A.B.A.,2023-09-01,508066.96124511294,2304.9242,2253.4785,GBA,22042.675470417333,22545.897875001374,24607.614849907255,25038.95948007505
Catamarca,2023-09-01,341123.8284356732,2304.9242,2404.2327,NOA,14799.785105109888,14188.469711591279,15657.002773124197,15210.75314302856
Chaco,2023-09-01,306608.4521418006,2304.9242,2440.4173,NEA,13302.322572768364,12563.77145588177,14252.192606730463,13615.561582703802
Chubut,2023-09-01,671137.8926168636,2304.9242,2280.9069,Patagonia,29117.568925557884,29424.168632961897,32439.7424034802,33195.04654703941
Corrientes,2023-09-01,304388.88233293983,2304.9242,2440.4173,NEA,13206.02570500756,12472.821034867267,14356.842595910093,13715.657830033944
Córdoba,2023-09-01,367642.7257204527,2304.9242,2330.0573,Pampeana,15950.317399611351,15778.269732699395,17269.710129384526,17105.352686603554
Entre Ríos,2023-09-01,340020.6111046807,2304.9242,2330.0573,Pampeana,14751.92160786375,14592.800404723124,16184.193868137658,16030.242478911185
Formosa,2023-09-01,327115.23819293315,2304.9242,2440.4173,NEA,14192.017168848031,13404.069795478548,15106.863346387,14432.125176756865
Jujuy,2023-09-01,380701.23911376303,2304.9242,2404.2327,NOA,16516.865895796618,15834.625288715315,16908.93580832397,16426.17839033633
La Pampa,2023-09-01,373152.5794503145,2304.9242,2330.0573,Pampeana,16189.36446805125,16014.738326405728,17511.832548480445,17345.378722076508
La Rioja,2023-09-01,319562.70281753293,2304.9242,2404.2327,NOA,13864.34759188753,13291.671093964113,14234.110845586754,13828.509379121562
Mendoza,2023-09-01,340285.2809129036,2304.9242,2362.3625,Cuyo,14763.404406657,14404.448128215021,15905.413820058879,15470.65832293883
Misiones,2023-09-01,284044.0424001645,2304.9242,2440.4173,NEA,12323.357201948962,11639.15869634937,13690.852387279292,13079.498483703112
Neuquén,2023-09-01,728614.6359124616,2304.9242,2280.9069,Patagonia,31611.218968175246,31944.076100276674,34711.161982854625,35523.79562158751
Río Negro,2023-09-01,431256.93623382866,2304.9242,2280.9069,Patagonia,18710.243756989003,18907.257294623847,19798.492571524992,20260.42347079528
Salta,2023-09-01,355767.4981555244,2304.9242,2404.2327,NOA,15435.10620243062,14797.548430130095,16464.855428353043,15995.30185956705
San Juan,2023-09-01,346308.37307974696,2304.9242,2362.3625,Cuyo,15024.718516979732,14659.408667372045,16913.850774845374,16448.42181434132
San Luis,2023-09-01,383869.87727181986,2304.9242,2362.3625,Cuyo,16654.338449473515,16249.406146254853,18178.414873056645,17680.216465455396
Santa Cruz,2023-09-01,810310.959000582,2304.9242,2280.9069,Patagonia,35155.64455441016,35525.823478397215,37357.174773513434,38230.42415474626
Santa Fe,2023-09-01,397759.4632629568,2304.9242,2330.0573,Pampeana,17256.9433416924,17070.801789421952,18897.39018253139,18717.71593424134
Santiago del Estero,2023-09-01,289208.972399635,2304.9242,2404.2327,NOA,12547.439625113702,12029.158924576435,13138.29911715626,12763.646131987358
Tierra del Fuego,2023-09-01,563904.3003721402,2304.9242,2280.9069,Patagonia,24465.1993489478,24722.81092981657,27127.411271314464,27756.393683187842
Tucumán,2023-09-01,304293.17911911063,2304.9242,2404.2327,NOA,13201.873585218578,12656.561035839444,14358.337218184919,13949.931209486067
Buenos Aires,2023-10-01,463663.67574480886,2496.273,2447.565,GBA,18574.23750306192,18943.87588255302,20072.81498265195,20423.41364046623
C.A.B.A.,2023-10-01,564301.8732594182,2496.273,2447.565,GBA,22605.775620672022,23055.644007796247,24664.39893901317,25095.013057648786
Catamarca,2023-10-01,361661.7973599757,2496.273,2589.8147,NOA,14488.070710213813,13964.775061319086,15689.16148807841,15234.493463406034
Chaco,2023-10-01,333267.8632940218,2496.273,2620.9032,NEA,13350.617632527443,12715.763912761899,14272.236478754194,13639.025418466028
Chubut,2023-10-01,727821.3544592065,2496.273,2467.3877,Patagonia,29156.320420851665,29497.648645132114,32493.870263236866,33251.659373377704
Corrientes,2023-10-01,329630.77922782744,2496.273,2620.9032,NEA,13204.917059465348,12576.991749555169,14352.780677089026,13716.210052712204
Córdoba,2023-10-01,395614.6927094499,2496.273,2523.5826,Pampeana,15848.214226146334,15676.708688253353,17304.13037010644,17138.479371274825
Entre Ríos,2023-10-01,369350.5641033579,2496.273,2523.5826,Pampeana,14796.080561034705,14635.960958969914,16206.43017742331,16051.371143380331
Formosa,2023-10-01,347921.64438837563,2496.273,2620.9032,NEA,13937.644015232934,13274.875790467027,15121.038013377281,14450.218208289465
Jujuy,2023-10-01,418618.62360731314,2496.273,2589.8147,NOA,16769.74528055678,16164.03766676099,17039.21652505922,16543.928419868014
La Pampa,2023-10-01,395621.07050948706,2496.273,2523.5826,Pampeana,15848.46971903662,15676.961416261433,17542.884153316212,17375.170797963747
La Rioja,2023-10-01,343739.73763258837,2496.273,2589.8147,NOA,13770.11799721378,13272.754133050074,14244.15625682917,13831.168008210447
Mendoza,2023-10-01,365419.15472548,2496.273,2536.7667,Cuyo,14638.589398093878,14404.917674356098,15929.223249757708,15514.120777574513
Misiones,2023-10-01,321351.6895669955,2496.273,2620.9032,NEA,12873.259037252556,12261.104857554275,13711.861106751516,13103.718192800823
Neuquén,2023-10-01,796245.3317187078,2496.273,2467.3877,Patagonia,31897.365861775044,32270.78305199899,34872.67834235853,35689.1484484371
Río Negro,2023-10-01,473956.4916933398,2496.273,2467.3877,Patagonia,18986.564838594968,19208.837415106664,19897.63019611959,20361.877458419618
Salta,2023-10-01,395860.3338406373,2496.273,2589.8147,NOA,15858.054541335712,15285.276349718662,16567.271004304603,16086.49028950369
San Juan,2023-10-01,381170.3124903346,2496.273,2536.7667,Cuyo,15269.57638408678,15025.832390906684,16913.48403882553,16469.379651269162
San Luis,2023-10-01,415461.37500580575,2496.273,2536.7667,Cuyo,16643.26678235136,16377.594952102048,18198.68054440124,17723.049121363052
Santa Cruz,2023-10-01,840370.945268273,2496.273,2467.3877,Patagonia,33665.02563094153,34059.13652192855,37509.59393078388,38386.69516562018
Santa Fe,2023-10-01,433350.0691077238,2496.273,2523.5826,Pampeana,17359.88287770303,17172.018427600655,18933.11909421586,18752.0478585205
Santiago del Estero,2023-10-01,303371.5141704761,2496.273,2589.8147,NOA,12152.978226759496,11714.023948141004,13166.149835287333,12784.409072315542
Tierra del Fuego,2023-10-01,614765.3121828637,2496.273,2467.3877,Patagonia,24627.32690626641,24915.63495201276,27231.84423015008,27863.567194888605
Tucumán,2023-10-01,341434.23408925295,2496.273,2589.8147,NOA,13677.760168429211,13183.732183204189,14392.288243294877,13975.827149864936
Buenos Aires,2023-11-01,506779.7548181324,2816.0628,2763.435,GBA,17996.03882477807,18338.761534761354,20048.745884707776,20397.26285562326
C.A.B.A.,2023-11-01,622483.3501710624,2816.0628,2763.435,GBA,22104.739644693374,22525.70985643094,24634.9400364401,25062.999315788777
Catamarca,2023-11-01,405108.2582692361,2816.0628,2895.7169,NOA,14385.625855688875,13989.912420970299,15682.081803361698,15226.584791570684
Chaco,2023-11-01,377565.79076843266,2816.0628,2957.0559,NEA,13407.577088424045,12768.300753747424,14274.895872945377,13641.973487733394
Chubut,2023-11-01,789873.7239690048,2816.0628,2762.3076,Patagonia,28048.867517052702,28594.705526966107,32397.919494223068,33174.3120190342
Corrientes,2023-11-01,375363.6283346715,2816.0628,2957.0559,NEA,13329.377041402324,12693.829302809985,14326.281155546925,13691.397949776892
Córdoba,2023-11-01,439053.195638647,2816.0628,2851.9487,Pampeana,15591.02998834568,15394.848990048347,17272.490588851786,17104.178029312363
Entre Ríos,2023-11-01,408740.0765494061,2816.0628,2851.9487,Pampeana,14514.59379916549,14331.957533086275,16166.827167078662,16009.394690527404
Formosa,2023-11-01,401602.3968788021,2816.0628,2957.0559,NEA,14261.13071337763,13581.156747114659,15110.500354145905,14440.629894911548
Jujuy,2023-11-01,430463.59771979303,2816.0628,2895.7169,NOA,15286.008455485902,14865.527694361042,17043.651254015847,16547.16350522594
La Pampa,2023-11-01,440153.10559749434,2816.0628,2851.9487,Pampeana,15630.088419814158,15433.41595160861,17513.957566809622,17343.5472654882
La Rioja,2023-11-01,390404.7489919269,2816.0628,2895.7169,NOA,13863.49583510449,13482.144922106403,14238.315501811652,13824.502176403612
Mendoza,2023-11-01,406305.14178478817,2816.0628,2860.4043,Cuyo,14428.127873596717,14204.46549408376,15924.473092384213,15530.318133617093
Misiones,2023-11-01,356161.2107187364,2816.0628,2957.0559,NEA,12647.488213641273,12044.453089937746,13676.04680246069,13070.017729251802
Neuquén,2023-11-01,870212.4853417891,2816.0628,2762.3076,Patagonia,30901.74286389455,31503.098544919078,34834.34651644431,35672.056583659076
Río Negro,2023-11-01,510334.1410038597,2816.0628,2762.3076,Patagonia,18122.2571103123,18474.920787382973,19907.585253028818,20384.64697218824
Salta,2023-11-01,433113.4379913504,2816.0628,2895.7169,NOA,15380.10579846978,14957.036649243937,16606.370594299726,16123.459461938433
San Juan,2023-11-01,438342.9024310257,2816.0628,2860.4043,Cuyo,15565.807070461131,15324.508581917098,16918.64287340637,16496.80049783371
San Luis,2023-11-01,459021.60669462546,2816.0628,2860.4043,Cuyo,16300.119681088981,16047.438003593597,18170.036626322817,17718.833944825557
Santa Cruz,2023-11-01,890707.3930802672,2816.0628,2762.3076,Patagonia,31629.528754836974,32245.047332175,37406.563487153304,38304.700118672175
Santa Fe,2023-11-01,480669.5126672627,2816.0628,2851.9487,Pampeana,17068.849198507312,16854.072889433904,18913.845473748297,18729.702382216943
Santiago del Estero,2023-11-01,338965.5625928067,2816.0628,2895.7169,NOA,12036.86091776102,11705.756270331769,13150.569992440423,12768.393009842277
Tierra del Fuego,2023-11-01,704363.5210823435,2816.0628,2762.3076,Patagonia,25012.3513254869,25499.09796730616,27244.97086652543,27894.37357713241
Tucumán,2023-11-01,384005.84808987234,2816.0628,2895.7169,NOA,13636.267205755223,13261.166797412838,14394.586632853388,13977.099559817629
Buenos Aires,2023-12-01,816768.5709215484,3533.1922,3456.6426,GBA,23117.01500194494,23628.956343983853,19688.658651013186,20038.70091781504
C.A.B.A.,2023-12-01,996492.589974982,3533.1922,3456.6426,GBA,28203.747024432523,28828.33735761348,24260.766942463346,24691.859237972516
Catamarca,2023-12-01,647074.3318106811,3533.1922,3626.27,NOA,18314.15601479821,17844.074815462754,15403.937233585773,14949.559327161813
Chaco,2023-12-01,594292.0510369127,3533.1922,3795.525,NEA,16820.25820833955,15657.703507075112,14039.873287752745,13383.739329210941
Chubut,2023-12-01,1273870.334461562,3533.1922,3433.7881,Patagonia,36054.37412834666,37098.105572139466,31716.437273323507,32518.029622331258
Corrientes,2023-12-01,602551.7858002977,3533.1922,3795.525,NEA,17054.03362433263,15875.321221709717,14074.517448176504,13416.706556381874
Córdoba,2023-12-01,723300.4975199783,3533.1922,3584.8439,Pampeana,20471.586502426286,20176.624636848996,16978.324579385597,16805.135126168105
Entre Ríos,2023-12-01,661523.1773819844,3533.1922,3584.8439,Pampeana,18723.10194112804,18453.332860099836,15818.478696527232,15657.367117878259
Formosa,2023-12-01,617324.8714769837,3533.1922,3795.525,NEA,17472.15652397805,16264.54499646251,14812.957896462693,14121.380283598084
Jujuy,2023-12-01,693743.7055318705,3533.1922,3626.27,NOA,19635.04010712665,19131.054927842397,16845.023972666706,16347.512355184026
La Pampa,2023-12-01,710154.9954197999,3533.1922,3584.8439,Pampeana,20099.529128921997,19809.927997696075,17170.972785090227,16996.30780327601
La Rioja,2023-12-01,634743.3839443132,3533.1922,3626.27,NOA,17965.152983874275,17504.029869378537,13955.535390743667,13543.041726129371
Mendoza,2023-12-01,642206.3409442052,3533.1922,3599.7071,Cuyo,18176.37718503412,17840.516550477263,15664.961446209962,15299.0264096451
Misiones,2023-12-01,550497.1158672284,3533.1922,3795.525,NEA,15580.729400094011,14503.846394562766,13377.86112852694,12753.953503607745
Neuquén,2023-12-01,1382092.5177276777,3533.1922,3433.7881,Patagonia,39117.38845477123,40249.790536803295,34297.89291889133,35166.34469354763
Río Negro,2023-12-01,801631.7975445507,3533.1922,3433.7881,Patagonia,22688.598643021764,23345.406711163996,19613.09185222435,20108.263332803133
Salta,2023-12-01,677118.3499021281,3533.1922,3626.27,NOA,19164.49237893506,18672.585050261787,16381.718288223237,15898.495288165024
San Juan,2023-12-01,694304.920847812,3533.1922,3599.7071,Cuyo,19650.924193928993,19287.817079556607,16646.277140114187,16254.684271139795
San Luis,2023-12-01,743610.4018505311,3533.1922,3599.7071,Cuyo,21046.418076280454,20657.52521505239,17831.41164475197,17414.092992704253
Santa Cruz,2023-12-01,1417625.4200454054,3533.1922,3433.7881,Patagonia,40123.07680418307,41284.592373227846,36784.55991823568,37713.02594247853
Santa Fe,2023-12-01,773059.9489423089,3533.1922,3584.8439,Pampeana,21879.929117422733,21564.675352874052,18575.183515543435,18386.066997507558
Santiago del Estero,2023-12-01,523300.6346930701,3533.1922,3626.27,NOA,14810.986922621138,14430.823813259081,12878.303628822901,12498.088525050116
Tierra del Fuego,2023-12-01,1238242.1742067651,3533.1922,3433.7881,Patagonia,35045.98969189294,36060.529600145244,26514.28518513342,27187.038820906077
Tucumán,2023-12-01,606209.3853829269,3533.1922,3626.27,NOA,17157.55472863681,16717.160757001737,14144.038419580946,13727.375782744337
Buenos Aires,2024-01-01,727150.5720633948,4261.5324,4132.479,GBA,17063.12433676193,17595.98952743365,19489.409025319965,19853.63967331015
C.A.B.A.,2024-01-01,934550.3063683308,4261.5324,4132.479,GBA,21929.9120280848,22614.762382781155,24030.549071131016,24480.35863928394
Catamarca,2024-01-01,664589.882051737,4261.5324,4413.6008,NOA,15595.091616615118,15057.770563475904,15483.549674328158,15015.054281248018
Chaco,2024-01-01,517684.620681212,4261.5324,4535.8005,NEA,12147.851338199658,11413.30225350987,13949.778506292594,13278.246305998544
Chubut,2024-01-01,1132455.91931264,4261.5324,4264.4518,Patagonia,26573.913161205583,26555.72093258599,31262.59264209548,32014.38889125504
Corrientes,2024-01-01,516518.2248303284,4261.5324,4535.8005,NEA,12120.480999518586,11387.586928268303,13963.405094794754,13291.112539060594
Córdoba,2024-01-01,636132.2731417135,4261.5324,4344.9628,Pampeana,14927.312840369663,14640.683992546803,16799.090934679538,16616.647186926344
Entre Ríos,2024-01-01,590138.3219925616,4261.5324,4344.9628,Pampeana,13848.030863089567,13582.125996396599,15673.187709688784,15503.27521596565
Formosa,2024-01-01,538728.4907595826,4261.5324,4535.8005,NEA,12641.661266252078,11877.25277510734,14717.566937741338,14010.03304341609
Jujuy,2024-01-01,644671.4616010134,4261.5324,4413.6008,NOA,15127.69119392389,14606.474187720227,16825.087334674463,16316.323148383603
La Pampa,2024-01-01,607158.3001695698,4261.5324,4344.9628,Pampeana,14247.417200666356,13973.843462355298,16965.893212645162,16782.745088539028
La Rioja,2024-01-01,487540.8676648729,4261.5324,4413.6008,NOA,11440.505947223888,11046.329057781411,13807.173627437214,13389.51963637961
Mendoza,2024-01-01,558602.5119290617,4261.5324,4402.1802,Cuyo,13108.019827071166,12689.224124197865,15499.758970524292,15142.488624575848
Misiones,2024-01-01,482938.8690845852,4261.5324,4535.8005,NEA,11332.516657261252,10647.26874748096,13221.929394285178,12586.644371071305
Neuquén,2024-01-01,1190052.228280213,4261.5324,4264.4518,Patagonia,27925.45301967464,27906.335540718574,33937.32905673913,34755.55755865507
Río Negro,2024-01-01,656748.395173035,4261.5324,4264.4518,Patagonia,15411.085345098749,15400.535074004942,19445.942025323217,19913.973003354702
Salta,2024-01-01,596765.6799274434,4261.5324,4413.6008,NOA,14003.546703703189,13521.061531605745,16295.017261327703,15803.092961840297
San Juan,2024-01-01,702917.7326608603,4261.5324,4402.1802,Cuyo,16494.48289213665,15967.491123168023,16564.051233169652,16179.008510168878
San Luis,2024-01-01,676482.7582169501,4261.5324,4402.1802,Cuyo,15874.166725024785,15366.99379586847,17670.423905159903,17262.24470258196
Santa Cruz,2024-01-01,1317569.6534258462,4261.5324,4264.4518,Patagonia,30917.74342548343,30896.57745518067,36539.27358590086,37414.919627202675
Santa Fe,2024-01-01,695627.087260433,4261.5324,4344.9628,Pampeana,16323.402522070066,16009.96646646625,18391.625910171602,18192.26169828726
Santiago del Estero,2024-01-01,444446.3380698006,4261.5324,4413.6008,NOA,10429.261034594048,10069.92608098586,12730.965099361145,12346.349650130638
Tierra del Fuego,2024-01-01,978618.7451185632,4261.5324,4264.4518,Patagonia,22964.010437150806,22948.289510941668,26406.325319045063,27041.19016966013
Tucumán,2024-01-01,546615.1405592082,4261.5324,4413.6008,NOA,12826.727319008725,12384.788868064557,13987.244902730268,13564.556800551458
Buenos Aires,2024-02-01,803750.2358818168,4825.7881,4751.2725,GBA,16655.315551087228,16916.52574929804,19333.40972985924,19691.575288294243
C.A.B.A.,2024-02-01,1093743.3278489227,4825.7881,4751.2725,GBA,22664.553544092058,23020.00838404707,23926.89610434188,24370.410584488825
Catamarca,2024-02-01,633749.9209362231,4825.7881,4929.6047,NOA,13132.568355751533,12855.998797149456,15396.189503066567,14941.471065107788
Chaco,2024-02-01,598548.6023067168,4825.7881,5030.0152,NEA,12403.126492576765,11899.53863969868,13895.53844435451,13238.217903561103
Chubut,2024-02-01,1316163.350493912,4825.7881,4746.7686,Patagonia,27273.54212867142,27727.565032218165,30914.153286386823,31634.407464631604
Corrientes,2024-02-01,578841.0784407582,4825.7881,5030.0152,NEA,11994.747105467772,11507.740144418614,13869.26797839812,13212.871722875556
Córdoba,2024-02-01,694372.5128393719,4825.7881,4861.5493,Pampeana,14388.789943747674,14282.947060505425,16665.126754441066,16484.13077922831
Entre Ríos,2024-02-01,665725.2545740344,4825.7881,4861.5493,Pampeana,13795.161345232595,13693.685150411502,15591.19891986213,15422.316687008028
Formosa,2024-02-01,599819.8630003972,4825.7881,5030.0152,NEA,12429.469561674232,11924.812135764465,14600.293749304428,13910.25087115964
Jujuy,2024-02-01,668042.4081548284,4825.7881,4929.6047,NOA,13843.177410852923,13551.642551680226,16749.331216446622,16254.580564765642
La Pampa,2024-02-01,725113.0878832168,4825.7881,4861.5493,Pampeana,15025.796260785193,14915.267605806584,16809.005481608034,16627.50011605308
La Rioja,2024-02-01,493330.05777552247,4825.7881,4929.6047,NOA,10222.787398715715,10007.497310596173,13686.120159670418,13280.84365561204
Mendoza,2024-02-01,625465.3591533161,4825.7881,4998.0445,Cuyo,12960.895633882394,12514.201487267994,15363.686585559506,15012.358855274622
Misiones,2024-02-01,543487.4776988715,4825.7881,5030.0152,NEA,11262.149651760954,10804.88738282285,13075.325580942992,12457.972339088155
Neuquén,2024-02-01,1446741.749378556,4825.7881,4746.7686,Patagonia,29979.38822424789,30478.455372325414,33700.22617529168,34487.64501891286
Río Negro,2024-02-01,827531.427567917,4825.7881,4746.7686,Patagonia,17148.10949879704,17433.574233383042,19313.53428596604,19764.02731738523
Salta,2024-02-01,689212.8522407816,4825.7881,4929.6047,NOA,14281.871436517937,13981.097759030894,16217.605365888274,15740.115480050994
San Juan,2024-02-01,729231.8641256018,4825.7881,4998.0445,Cuyo,15111.145558289263,14590.343565880652,16460.247072258102,16080.186209296266
San Luis,2024-02-01,745420.0418604845,4825.7881,4998.0445,Cuyo,15446.597041019777,14914.23379404654,17543.692063852624,17141.33733853562
Santa Cruz,2024-02-01,1660175.0369720785,4825.7881,4746.7686,Patagonia,34402.15364972363,34974.84661401186,36329.642617190504,37171.58666334401
Santa Fe,2024-02-01,767243.2652270753,4825.7881,4861.5493,Pampeana,15898.817961507166,15781.867422944273,18219.833661633704,18022.252247145643
Santiago del Estero,2024-02-01,515700.3869707837,4825.7881,4929.6047,NOA,10686.345448337936,10461.292909972755,12597.502569953976,12226.041501593643
Tierra del Fuego,2024-02-01,1120561.15066629,4825.7881,4746.7686,Patagonia,23220.272574054587,23606.820662509013,26364.49380838425,26979.248770479502
Tucumán,2024-02-01,598517.7245627501,4825.7881,4929.6047,NOA,12402.486643844766,12141.292476509325,13874.926986519115,13466.178984867698
Buenos Aires,2024-03-01,915713.08584183,5357.0929,5296.8225,GBA,17093.470338022886,17287.970020551566,19165.061580446192,19512.866503650224
C.A.B.A.,2024-03-01,1179142.9462419553,5357.0929,5296.8225,GBA,22010.873588583003,22261.32641299487,23672.208338490607,24101.74930740043
Catamarca,2024-03-01,730594.8802634398,5357.0929,5361.7677,NOA,13637.898276198268,13626.007711289689,15288.07644193796,14867.37216939129
Chaco,2024-03-01,647511.9787761032,5357.0929,5550.383,NEA,12087.002985819105,11666.077436027446,13806.744093017176,13156.987319623651
Chubut,2024-03-01,1382762.570196096,5357.0929,5243.3122,Patagonia,25811.808680713682,26371.928991680026,30582.175099927452,31266.426656166124
Corrientes,2024-03-01,635425.4487737145,5357.0929,5550.383,NEA,11861.385655151034,11448.317148090762,13748.85200506309,13101.173031112181
Córdoba,2024-03-01,765537.4792897776,5357.0929,5409.8995,Pampeana,14290.166207305789,14150.678386720077,16522.319742612694,16341.768354873444
Entre Ríos,2024-03-01,730526.2813005517,5357.0929,5409.8995,Pampeana,13636.617750283029,13503.509285164202,15475.042347371666,15306.402304704552
Formosa,2024-03-01,658511.5720158647,5357.0929,5550.383,NEA,12292.33064104348,11864.254629200626,14473.398251321607,13792.471247018704
Jujuy,2024-03-01,748725.8911377178,5357.0929,5361.7677,NOA,13976.346968664999,13964.161318248043,16615.804284916885,16156.551235761852
La Pampa,2024-03-01,769547.2832371308,5357.0929,5409.8995,Pampeana,14365.016578994382,14224.798136030637,16653.692130581236,16472.740085300982
La Rioja,2024-03-01,594377.9503128517,5357.0929,5361.7677,NOA,11095.158538558324,11085.484929025397,13626.161106171963,13247.769522858809
Mendoza,2024-03-01,711749.4317048657,5357.0929,5463.2378,Cuyo,13286.113289259287,13027.978238561494,15217.696686663072,14891.389422369759
Misiones,2024-03-01,578207.8449804028,5357.0929,5550.383,NEA,10793.313757549415,10417.440471772901,12887.277649767406,12280.909748493492
Neuquén,2024-03-01,1627214.3673408618,5357.0929,5243.3122,Patagonia,30374.951446909985,31034.092674108968,33418.33849682399,34167.012196753305
Río Negro,2024-03-01,891922.679234786,5357.0929,5243.3122,Patagonia,16649.378606721304,17010.672742980783,19172.88770159017,19602.605069031073
Salta,2024-03-01,778025.3360895037,5357.0929,5361.7677,NOA,14523.275041384923,14510.61253715829,16139.176797454737,15696.8769933889
San Juan,2024-03-01,763642.8368234377,5357.0929,5463.2378,Cuyo,14254.799218125147,13977.843630080275,16316.660324651592,15962.959700420384
San Luis,2024-03-01,784763.4860686432,5357.0929,5463.2378,Cuyo,14649.055013935696,14364.439455090956,17362.993608197852,16988.95873461083
Santa Cruz,2024-03-01,1649110.435331961,5357.0929,5243.3122,Patagonia,30783.68186095785,31451.692602472933,35877.2494575365,36674.37570096518
Santa Fe,2024-03-01,843708.5595138905,5357.0929,5409.8995,Pampeana,15749.373312415222,15595.642017266502,18031.418304491017,17834.607637026977
Santiago del Estero,2024-03-01,541516.3637209537,5357.0929,5361.7677,NOA,10108.39972032133,10099.586442750096,12402.949818413728,12059.918119704771
Tierra del Fuego,2024-03-01,1170744.7116833238,5357.0929,5243.3122,Patagonia,21854.105081569967,22328.342601520537,26049.014967425548,26632.14199977209
Tucumán,2024-03-01,640407.9091919725,5357.0929,5361.7677,NOA,11954.392450277883,11943.96969477011,13722.397981563374,13345.089902670947
Buenos Aires,2024-04-01,1017386.9586415456,5830.2271,5785.5699,GBA,17450.21147875261,17584.90479289768,19070.845967816276,19406.701993850937
C.A.B.A.,2024-04-01,1282816.6429039584,5830.2271,5785.5699,GBA,22002.858909286027,22172.69283884995,23548.331726977154,23962.73037012094
Catamarca,2024-04-01,798330.5870336153,5830.2271,5849.8004,NOA,13692.958667658337,13647.14233726018,15240.830833097296,14842.1151581539
Chaco,2024-04-01,738012.3898879653,5830.2271,5899.3335,NEA,12658.381521501371,12510.097791351605,13753.360051407992,13133.73698774971
Chubut,2024-04-01,1716310.401350864,5830.2271,5686.5426,Patagonia,29438.139748464753,30181.966830792124,30530.26683881767,31186.06541887694
Corrientes,2024-04-01,716179.2945519525,5830.2271,5899.3335,NEA,12283.900477083518,12140.003519922251,13666.375576293469,13049.114810890229
Córdoba,2024-04-01,882734.4190683984,5830.2271,5884.0007,Pampeana,15140.65239531404,15002.282699735208,16428.660209085356,16250.544193303049
Entre Ríos,2024-04-01,816797.6325208112,5830.2271,5884.0007,Pampeana,14009.705256949788,13881.671232989678,15405.587052144761,15239.023150733925
Formosa,2024-04-01,732594.1212154658,5830.2271,5899.3335,NEA,12565.447428548123,12418.2523536848,14360.434527499054,13711.719334164136
Jujuy,2024-04-01,855734.2028282733,5830.2271,5849.8004,NOA,14677.544942087647,14628.434208255607,16509.685556013494,16075.20694497514
La Pampa,2024-04-01,863243.5468348344,5830.2271,5884.0007,Pampeana,14806.345139365743,14671.030661754245,16530.561828176254,16352.316365058254
La Rioja,2024-04-01,682984.0205210554,5830.2271,5849.8004,NOA,11714.535451304382,11675.33888029847,13549.517924925593,13190.724588822006
Mendoza,2024-04-01,802578.5047263772,5830.2271,5908.4647,Cuyo,13765.818911691744,13583.537271981624,15126.150882332462,14817.551146966845
Misiones,2024-04-01,633097.0269673425,5830.2271,5899.3335,NEA,10858.87421036039,10731.670399161914,12748.438542971617,12171.487908581863
Neuquén,2024-04-01,1881752.66219627,5830.2271,5686.5426,Patagonia,32275.803839549746,33091.331491938,33400.967319029995,34119.87284121917
Río Negro,2024-04-01,1061839.2188211377,5830.2271,5686.5426,Patagonia,18212.656224337086,18672.843826425178,19133.867343066246,19545.732231055994
Salta,2024-04-01,870210.7545476328,5830.2271,5849.8004,NOA,14925.846620067901,14875.905074430108,16094.959647204661,15676.470102628973
San Juan,2024-04-01,871368.0178051051,5830.2271,5908.4647,Cuyo,14945.695988499403,14747.790873746018,16261.906263927383,15926.245378776992
San Luis,2024-04-01,930820.6844904572,5830.2271,5908.4647,Cuyo,15965.427564398946,15754.019559268198,17292.51465163145,16938.06876166222
Santa Cruz,2024-04-01,1925699.7231450728,5830.2271,5686.5426,Patagonia,33029.58341271256,33864.1571619471,35880.82055471789,36648.254108463974
Santa Fe,2024-04-01,972472.5549214752,5830.2271,5884.0007,Pampeana,16679.840051538908,16527.403793841753,17966.417162915644,17771.89603184338
Santiago del Estero,2024-04-01,595490.327632107,5830.2271,5849.8004,NOA,10213.844459542699,10179.669166696815,12249.066627977982,11925.013171727864
Tierra del Fuego,2024-04-01,1460825.5694667336,5830.2271,5686.5426,Patagonia,25056.066331734037,25689.169539796178,26138.248225820844,26701.974237510676
Tucumán,2024-04-01,655603.4699575298,5830.2271,5849.8004,NOA,11244.904507365241,11207.279310889477,13603.974801698952,13246.453338989453
Buenos Aires,2024-05-01,1065949.45980417,6073.7165,6034.3831,GBA,17550.201096876517,17664.597062194644,19002.45970602448,19327.52586510494
C.A.B.A.,2024-05-01,1268861.1060794056,6073.7165,6034.3831,GBA,20891.0163337292,21027.188447472046,23435.8096851995,23836.951434443043
Catamarca,2024-05-01,854948.9057576654,6073.7165,6093.7424,NOA,14076.206977353411,14029.948259015106,15216.694199314796,14842.124576975177
Chaco,2024-05-01,766620.0055783038,6073.7165,6119.4234,NEA,12621.926057600873,12527.650980618597,13710.979290733414,13120.68867250133
Chubut,2024-05-01,1709678.6761546456,6073.7165,5943.593,Patagonia,28148.806026008053,28765.069818115837,30424.433849506328,31031.174027811565
Corrientes,2024-05-01,741329.3179061908,6073.7165,6119.4234,NEA,12205.530467320803,12114.365512054464,13589.01605904309,13001.356402428364
Córdoba,2024-05-01,900858.158588395,6073.7165,6120.295,Pampeana,14832.074539343334,14719.195048415068,16338.792410456424,16163.789771768932
Entre Ríos,2024-05-01,845493.3136608369,6073.7165,6120.295,Pampeana,13920.526479311915,13814.584324135305,15318.77722362538,15155.158635374655
Formosa,2024-05-01,764657.8769247284,6073.7165,6119.4234,NEA,12589.620818237538,12495.587033979842,14232.64849081712,13616.097012416085
Jujuy,2024-05-01,875848.3940481205,6073.7165,6093.7424,NOA,14420.304175345038,14372.914648445272,16398.336643747512,15990.620402444569
La Pampa,2024-05-01,923699.1419708524,6073.7165,6120.295,Pampeana,15208.137257819859,15092.395741885846,16443.37248257602,16268.272526952413
La Rioja,2024-05-01,746191.8381076272,6073.7165,6093.7424,NOA,12285.588866514056,12245.214666567252,13518.335699016454,13180.853432734493
Mendoza,2024-05-01,854203.9822576743,6073.7165,6160.5766,Cuyo,14063.94227089253,13865.649885072029,15054.177076864893,14758.64201482859
Misiones,2024-05-01,685369.3432926738,6073.7165,6119.4234,NEA,11284.183963684736,11199.900684967703,12640.969679830414,12092.607476084298
Neuquén,2024-05-01,1947589.5675547891,6073.7165,5943.593,Patagonia,32065.86226990985,32767.882450140667,33366.080764937025,34032.610254679035
Río Negro,2024-05-01,1101121.6585162098,6073.7165,5943.593,Patagonia,18129.28967817661,18526.195493470193,19077.972242829284,19458.743415016004
Salta,2024-05-01,923027.7935271286,6073.7165,6093.7424,NOA,15197.083919328941,15147.141656777756,16068.45096173438,15676.040727324043
San Juan,2024-05-01,907565.4416676122,6073.7165,6160.5766,Cuyo,14942.505822713525,14731.826265541638,16210.130758668609,15887.763304858558
San Luis,2024-05-01,963759.0517552752,6073.7165,6160.5766,Cuyo,15867.6989904826,15643.974814878125,17217.078718769983,16877.235881970195
Santa Cruz,2024-05-01,1989745.640639802,6073.7165,5943.593,Patagonia,32759.936039816836,33477.1516259576,35770.42824675174,36481.29036483351
Santa Fe,2024-05-01,993648.3890437088,6073.7165,6120.295,Pampeana,16359.808513349424,16235.302204284415,17890.939798793745,17699.629434430433
Santiago del Estero,2024-05-01,673593.534197817,6073.7165,6093.7424,NOA,11090.302522315898,11053.856398619952,12168.986625817246,11865.385506243816
Tierra del Fuego,2024-05-01,1418420.8725029088,6073.7165,5943.593,Patagonia,23353.42574028453,23864.703934184407,25986.97722919095,26507.402774565628
Tucumán,2024-05-01,689945.7124104954,6073.7165,6093.7424,NOA,11359.53106159129,11322.20017062906,13482.272965327682,13146.628388814846
Buenos Aires,2024-06-01,1602935.3628685195,6351.7145,6297.096,GBA,25236.2627896534,25455.152071185188,18892.6255437067,19203.82575876651
C.A.B.A.,2024-06-01,1913242.5966337444,6351.7145,6297.096,GBA,30121.67182000615,30382.935191614426,23303.41887307899,23687.991635897164
Catamarca,2024-06-01,1299869.7619501173,6351.7145,6383.7684,NOA,20464.864438571938,20362.10715210341,15226.239803224556,14893.18421692853
Chaco,2024-06-01,1165079.968248734,6351.7145,6387.565,NEA,18342.76348927103,18239.813892284998,13681.287850712753,13144.679323600694
Chubut,2024-06-01,2700141.858381659,6351.7145,6238.0032,Patagonia,42510.44121050559,43285.35545447715,30331.789868513828,30883.56155260902
Corrientes,2024-06-01,1133265.5092106902,6351.7145,6387.565,NEA,17841.883623873367,17741.745237984902,13499.879113723095,12966.84325272079
Córdoba,2024-06-01,1356905.201969937,6351.7145,6410.2558,Pampeana,21362.8178969621,21167.723165898264,16244.527094246698,16069.839129001964
Entre Ríos,2024-06-01,1289507.371729594,6351.7145,6410.2558,Pampeana,20301.721239668346,20116.316914055038,15237.640868314214,15074.246645123078
Formosa,2024-06-01,1181417.3267449068,6351.7145,6387.565,NEA,18599.97527824821,18495.58206836106,14127.473317222817,13568.356060625143
Jujuy,2024-06-01,1330236.1985782587,6351.7145,6383.7684,NOA,20942.946956735206,20837.789143137754,16194.754267318884,15835.821930769727
La Pampa,2024-06-01,1390232.7525521435,6351.7145,6410.2558,Pampeana,21887.519543772687,21687.6330044761,16350.204388034437,16175.396664448275
La Rioja,2024-06-01,1153275.1745416736,6351.7145,6383.7684,NOA,18156.911406230138,18065.742713060732,13488.0670119096,13188.560869541428
Mendoza,2024-06-01,1263442.434088543,6351.7145,6472.5963,Cuyo,19891.36057813277,19519.870783360042,14982.616973410932,14686.909010428177
Misiones,2024-06-01,1033865.3813605182,6351.7145,6387.565,NEA,16276.949811905402,16185.5946884379,12546.12634139289,12048.13720171145
Neuquén,2024-06-01,2952613.2400284,6351.7145,6238.0032,Patagonia,46485.29526993696,47332.66632547415,33360.04305771403,33969.59729328288
Río Negro,2024-06-01,1624986.6885086717,6351.7145,6238.0032,Patagonia,25583.434024131147,26049.78927405282,19023.061045766775,19370.779071575766
Salta,2024-06-01,1369916.258674699,6351.7145,6383.7684,NOA,21567.661120075518,21459.366518915365,16024.99516206856,15677.916314754242
San Juan,2024-06-01,1355000.2683335578,6351.7145,6472.5963,Cuyo,21332.82703958998,20934.416508156977,16161.076640710138,15838.030758796407
San Luis,2024-06-01,1444999.5106771232,6351.7145,6472.5963,Cuyo,22749.75537198851,22324.882376444875,17094.93082965551,16755.60779083888
Santa Cruz,2024-06-01,3215022.8550724443,6351.7145,6238.0032,Patagonia,50616.614696275225,51539.29473893897,35701.63897696162,36348.416270728776
Santa Fe,2024-06-01,1500177.6545682957,6351.7145,6410.2558,Pampeana,23618.46796748021,23402.773639209463,17803.485644962464,17612.37496446371
Santiago del Estero,2024-06-01,1009013.0287590264,6351.7145,6383.7684,NOA,15885.679823282775,15805.915339269302,12068.396584948023,11800.20951915944
Tierra del Fuego,2024-06-01,2155409.9349311367,6351.7145,6238.0032,Patagonia,33934.30128087679,34552.88280280357,25790.845812422194,26263.374445521105
Tucumán,2024-06-01,1033708.5015403224,6351.7145,6383.7684,NOA,16274.479930423862,16192.763220237162,13325.217120412262,13027.448036012855
Buenos Aires,2024-07-01,1203432.94536429,6607.7479,6551.322,GBA,18212.45246605564,18369.314550014333,18841.52622442993,19140.67509979516
C.A.B.A.,2024-07-01,1422008.6564399872,6607.7479,6551.322,GBA,21520.322475377536,21705.674922404778,23191.94672018185,23561.46110052345
Catamarca,2024-07-01,979000.8209352008,6607.7479,6612.6868,NOA,14815.952965384784,14804.88718950368,15210.263615101258,14910.130739738388
Chaco,2024-07-01,867865.890559555,6607.7479,6681.8247,NEA,13134.064793233942,12988.456440043316,13663.67716948755,13158.508439351015
Chubut,2024-07-01,2005624.2713395215,6607.7479,6497.5651,Patagonia,30352.614865036263,30867.320919024292,30193.668445887433,30737.755111274248
Corrientes,2024-07-01,832175.5223265827,6607.7479,6681.8247,NEA,12593.935708815143,12454.315395711932,13441.623408352949,12940.355293861883
Córdoba,2024-07-01,1029969.437896671,6607.7479,6662.3273,Pampeana,15587.299235442546,15459.604302188382,16209.052922903602,16036.671035852416
Entre Ríos,2024-07-01,961196.035235291,6607.7479,6662.3273,Pampeana,14546.499802683013,14427.331350642155,15187.446035985176,15026.369720305767
Formosa,2024-07-01,889128.487214722,6607.7479,6681.8247,NEA,13455.847599977626,13306.671861875126,14064.581624318944,13539.431686023923
Jujuy,2024-07-01,1029848.5342466444,6607.7479,6612.6868,NOA,15585.469509916447,15573.828995600463,16077.99209493273,15756.397441788227
La Pampa,2024-07-01,1035537.398163447,6607.7479,6662.3273,Pampeana,15671.563350100674,15543.178104796007,16288.380947229705,16116.145564508326
La Rioja,2024-07-01,884958.910699574,6607.7479,6612.6868,NOA,13392.746274408773,13382.743466688518,13477.859074880333,13207.998548657057
Mendoza,2024-07-01,956760.1767880603,6607.7479,6769.7854,Cuyo,14479.368633117198,14132.799199041972,14916.147925143556,14613.7873164433
Misiones,2024-07-01,788603.7052947578,6607.7479,6681.8247,NEA,11934.530754340036,11802.220810952402,12491.52150434937,12023.613251527364
Neuquén,2024-07-01,2157378.1919974727,6607.7479,6497.5651,Patagonia,32649.220651978452,33202.871518708955,33147.185955458204,33747.25482043192
Río Negro,2024-07-01,1244838.000208168,6607.7479,6497.5651,Patagonia,18839.066184836865,19158.53063493228,18976.15506026382,19319.839287984847
Salta,2024-07-01,1036691.0466253672,6607.7479,6612.6868,NOA,15689.022376676434,15677.30452053721,16009.15796187288,15696.912645164633
San Juan,2024-07-01,1010722.6199935497,6607.7479,6769.7854,Cuyo,15296.022718928936,14929.90634523732,16138.064215216285,15807.16625712751
San Luis,2024-07-01,1095953.168716337,6607.7479,6769.7854,Cuyo,16585.88047398626,16188.890843073654,17064.89566396405,16717.147147465057
Santa Cruz,2024-07-01,2370314.6950759008,6607.7479,6497.5651,Patagonia,35871.748301352425,36480.04534923245,35440.19137975791,36076.02413016227
Santa Fe,2024-07-01,1125253.4476233616,6607.7479,6662.3273,Pampeana,17029.303548692613,16889.79536660352,17747.844708540644,17559.41727359285
Santiago del Estero,2024-07-01,746806.0233154072,6607.7479,6612.6868,NOA,11301.975114931476,11293.533867586277,11987.25100304694,11746.04435493249
Tierra del Fuego,2024-07-01,1655835.351417526,6607.7479,6497.5651,Patagonia,25058.99705128771,25483.9363043477,25822.558706650114,26291.506021395748
Tucumán,2024-07-01,801073.6246869442,6607.7479,6612.6868,NOA,12123.247387917812,12114.192746690258,13255.493045621948,12986.196282871497
Buenos Aires,2024-08-01,1237895.0087018153,6883.4412,6822.4011,GBA,17983.665040994543,18144.56509603071,18791.9136407488,19077.128926187386
C.A.B.A.,2024-08-01,1474324.1565871043,6883.4412,6822.4011,GBA,21418.417238562368,21610.048060456375,23126.380308161366,23479.185478121894
Catamarca,2024-08-01,1015060.9377299856,6883.4412,6946.3272,NOA,14746.416919054753,14612.915696369524,15179.132991866578,14915.334142959196
Chaco,2024-08-01,900892.7205454516,6883.4412,6973.5358,NEA,13087.824743028988,12918.736583319063,13613.643076940927,13155.76780385998
Chubut,2024-08-01,2058785.7260247008,6883.4412,6797.2162,Patagonia,29909.251291704226,30288.660319863015,30199.63734200987,30721.51805632968
Corrientes,2024-08-01,870592.3082647894,6883.4412,6973.5358,NEA,12647.63194700914,12484.230858394523,13361.987451203935,12908.105671148991
Córdoba,2024-08-01,1049452.9683953845,6883.4412,6922.6205,Pampeana,15246.051181426295,15159.764548632767,16136.359363036758,15967.444271041008
Entre Ríos,2024-08-01,989422.2454337402,6883.4412,6922.6205,Pampeana,14373.947807293542,14292.596935419764,15101.492371141981,14943.822745507783
Formosa,2024-08-01,910282.2466120304,6883.4412,6973.5358,NEA,13224.23218508833,13053.38170934794,13971.794433375522,13496.703491403661
Jujuy,2024-08-01,1025422.6652186402,6883.4412,6946.3272,NOA,14896.948131388703,14762.084130137726,15973.174085656734,15691.04789674209
La Pampa,2024-08-01,1069184.3568244248,6883.4412,6922.6205,Pampeana,15532.701242867082,15444.792283852981,16209.329025849667,16040.665224410795
La Rioja,2024-08-01,924338.0213398496,6883.4412,6946.3272,NOA,13428.429102290429,13306.859794048423,13433.314782777148,13197.150903047124
Mendoza,2024-08-01,996539.3629794584,6883.4412,7075.603,Cuyo,14477.342567834507,14084.161632294214,14836.613381271944,14522.64753907578
Misiones,2024-08-01,823735.4424752512,6883.4412,6973.5358,NEA,11966.91332926983,11812.30678525019,12427.855499089068,12004.154417437581
Neuquén,2024-08-01,2236146.6541686123,6883.4412,6797.2162,Patagonia,32485.88299364876,32897.97747155096,33147.46448870603,33723.28008991364
Río Negro,2024-08-01,1297475.876977996,6883.4412,6797.2162,Patagonia,18849.233098381024,19088.3420329928,18944.159750783154,19273.075460043292
Salta,2024-08-01,1063978.8819482508,6883.4412,6946.3272,NOA,15457.078095593388,15317.143165214717,15956.92868620995,15683.50660358538
San Juan,2024-08-01,1021883.8196104234,6883.4412,7075.603,Cuyo,14845.53713643146,14442.356638867719,16061.170211680917,15718.295139202588
San Luis,2024-08-01,1131284.0145353468,6883.4412,7075.603,Cuyo,16434.861309418124,15988.517367853265,17018.132123287418,16656.49302696058
Santa Cruz,2024-08-01,2493067.2354000006,6883.4412,6797.2162,Patagonia,36218.326894402766,36677.76869301289,35431.088668758035,36039.67782887359
Santa Fe,2024-08-01,1170823.4684640018,6883.4412,6922.6205,Pampeana,17009.275367442693,16913.009581617276,17686.15781498515,17501.444079297
Santiago del Estero,2024-08-01,771940.7821645224,6883.4412,6946.3272,NOA,11214.46032203373,11112.93435996684,11873.211178134605,11663.039793513015
Tierra del Fuego,2024-08-01,1679499.6752149314,6883.4412,6797.2162,Patagonia,24399.128668592846,24708.639916660755,25749.26453651211,26198.404893503714
Tucumán,2024-08-01,838887.5203917881,6883.4412,6946.3272,NOA,12187.03691972829,12076.706095730535,13170.521825683141,12933.484446414892
Buenos Aires,2024-09-01,1303347.596015269,7122.2421,7076.041,GBA,18299.68116381875,18419.16399318869,18769.30629931737,19029.148052007728
C.A.B.A.,2024-09-01,1536617.8792086344,7122.2421,7076.041,GBA,21574.917808657956,21715.785411766756,23087.400503014753,23410.009439519006
Catamarca,2024-09-01,1052065.136322476,7122.2421,7183.8907,NOA,14771.544150717313,14644.782058313835,15176.77957900053,14953.360171852742
Chaco,2024-09-01,927792.1334767408,7122.2421,7201.2697,NEA,13026.686266066983,12883.729843873794,13590.673384715812,13182.431002859317
Chubut,2024-09-01,2085736.3176270311,7122.2421,7050.5061,Patagonia,29284.82756331789,29582.788640194656,30213.575561823207,30734.736390265745
Corrientes,2024-09-01,907351.6381825682,7122.2421,7201.2697,NEA,12739.691033285266,12599.884131302128,13323.126228560412,12918.694262518562
Córdoba,2024-09-01,1091703.922794593,7122.2421,7145.0798,Pampeana,15328.0934215167,15279.100490866358,16084.507364862204,15925.846834221587
Entre Ríos,2024-09-01,1018274.8623436908,7122.2421,7145.0798,Pampeana,14297.111050798045,14251.41343199121,15063.591491386505,14915.373831113457
Formosa,2024-09-01,941122.8372100992,7122.2421,7201.2697,NEA,13213.856310923484,13068.845862141496,13890.281028548476,13468.768163625575
Jujuy,2024-09-01,1094780.8020285068,7122.2421,7183.8907,NOA,15371.294413433472,15239.385560647614,15877.709795459805,15641.44458606978
La Pampa,2024-09-01,1103306.826079868,7122.2421,7145.0798,Pampeana,15491.004245416874,15441.490605603425,16151.132340630136,15992.894581010603
La Rioja,2024-09-01,961453.6778853516,7122.2421,7183.8907,NOA,13499.311935568036,13383.467511349409,13402.895144750524,13204.8006044959
Mendoza,2024-09-01,1045486.9477165344,7122.2421,7290.1216,Cuyo,14679.18294600705,14341.14552652365,14829.59492621778,14517.372322268167
Misiones,2024-09-01,858886.2989511966,7122.2421,7201.2697,NEA,12059.212350436621,11926.873103380598,12405.843428129707,12028.130618023517
Neuquén,2024-09-01,2302708.2394364607,7122.2421,7050.5061,Patagonia,32331.226699475163,32660.183634710433,33207.46513298102,33782.95571778312
Río Negro,2024-09-01,1355153.282504405,7122.2421,7050.5061,Patagonia,19027.060067284216,19220.652578463905,18970.561109974424,19299.191733696633
Salta,2024-09-01,1100665.886219479,7122.2421,7183.8907,NOA,15453.924070054833,15321.306130388079,15958.4968418453,15727.15307860688
San Juan,2024-09-01,1057941.9700126008,7122.2421,7290.1216,Cuyo,14854.05796599642,14511.993462668726,16046.948499098975,15706.010538810646
San Luis,2024-09-01,1170935.6421368662,7122.2421,7290.1216,Cuyo,16440.548154588374,16061.949393777822,17000.316265380323,16640.87163092083
Santa Cruz,2024-09-01,2443859.7808825704,7122.2421,7050.5061,Patagonia,34313.068084031715,34662.189440309405,35360.873962893165,35967.708325699605
Santa Fe,2024-09-01,1201094.7042411305,7122.2421,7145.0798,Pampeana,16863.997142713393,16810.095028485623,17653.412298403564,17479.71851588564
Santiago del Estero,2024-09-01,801025.344915654,7122.2421,7183.8907,NOA,11246.81432712957,11150.299724293605,11764.825736635927,11589.80152682278
Tierra del Fuego,2024-09-01,1739109.3011802377,7122.2421,7050.5061,Patagonia,24418.00316195707,24666.446302063872,25745.33152092955,26193.70784119099
Tucumán,2024-09-01,883904.8699017336,7122.2421,7183.8907,NOA,12410.48615718544,12303.985497743355,13104.572873347046,12904.10315157355
Buenos Aires,2024-10-01,1345280.9991260176,7313.9542,7275.6042,GBA,18393.347324023678,18490.299391575172,18754.232117730848,18991.350011092905
C.A.B.A.,2024-10-01,1611982.831557038,7313.9542,7275.6042,GBA,22039.826713121038,22155.999519009543,23040.23809405217,23335.03906545345
Catamarca,2024-10-01,1138133.8135780285,7313.9542,7367.1801,NOA,15561.128528505531,15448.703549110038,15266.201063858172,15077.020879168656
Chaco,2024-10-01,986743.0844509456,7313.9542,7385.7948,NEA,13491.23958762205,13360.01217432883,13602.391880973697,13236.118357989895
Chubut,2024-10-01,2156694.9443367333,7313.9542,7278.5056,Patagonia,29487.400185480154,29631.013052139893,30241.165542208913,30745.850090849726
Corrientes,2024-10-01,969990.3821374656,7313.9542,7385.7948,NEA,13262.188354111728,13133.188890347532,13327.89883644761,12965.04402425126
Córdoba,2024-10-01,1165635.4780534364,7313.9542,7328.3831,Pampeana,15937.144890153078,15905.766144423267,16091.918253529431,15944.93495556908
Entre Ríos,2024-10-01,1084029.1497770466,7313.9542,7328.3831,Pampeana,14821.38279970425,14792.200885036245,15065.700011275634,14928.393824952318
Formosa,2024-10-01,1012599.2450011276,7313.9542,7385.7948,NEA,13844.75780558111,13710.091769691837,13882.540511077492,13505.036161894308
Jujuy,2024-10-01,1129819.5179460042,7313.9542,7367.1801,NOA,15447.45136558285,15335.84767319594,15767.518635878643,15572.428753272692
La Pampa,2024-10-01,1172060.8399214493,7313.9542,7328.3831,Pampeana,16024.99561620784,15993.4439006259,16165.842832061071,16019.268121374309
La Rioja,2024-10-01,1028833.191563738,7313.9542,7367.1801,NOA,14066.716353839596,13965.08810153478,13427.611674469343,13262.495101869625
Mendoza,2024-10-01,1096182.2002933528,7313.9542,7453.7437,Cuyo,14987.545318418219,14706.464890835363,14858.674586244808,14542.501256974772
Misiones,2024-10-01,941293.497959142,7313.9542,7385.7948,NEA,12869.830357416538,12744.64730538062,12405.557704810039,12068.425822009045
Neuquén,2024-10-01,2445336.6999279805,7313.9542,7278.5056,Patagonia,33433.853057597495,33596.68638474332,33335.5057326329,33893.447662178485
Río Negro,2024-10-01,1447019.0698414664,7313.9542,7278.5056,Patagonia,19784.360556174473,19880.716583380334,19037.044086439382,19355.181664386102
Salta,2024-10-01,1174638.3705500255,7313.9542,7367.1801,NOA,16060.236890053611,15944.205986630157,15975.345370905126,15782.063881682836
San Juan,2024-10-01,1120145.8608316921,7313.9542,7453.7437,Cuyo,15315.18834000481,15027.963207692426,16050.749495425476,15706.188106876123
San Luis,2024-10-01,1225882.6716271448,7313.9542,7453.7437,Cuyo,16760.8743246867,16446.536411322337,17010.116893908267,16646.616752522517
Santa Cruz,2024-10-01,2408794.981213023,7313.9542,7278.5056,Patagonia,32934.23660231593,33094.63664097508,35299.97487717437,35887.33333562015
Santa Fe,2024-10-01,1276253.0453421234,7313.9542,7328.3831,Pampeana,17449.562992096988,17415.206436766704,17660.885641269728,17499.984183316144
Santiago del Estero,2024-10-01,845325.0707704492,7313.9542,7367.1801,NOA,11557.702545778167,11474.201245201666,11715.219429887482,11569.816301577835
Tierra del Fuego,2024-10-01,1835066.3865442777,7313.9542,7278.5056,Patagonia,25089.93543525714,25212.131272445233,25783.882231678777,26218.415867893695
Tucumán,2024-10-01,981199.3260539044,7313.9542,7367.1801,NOA,13415.442580347362,13318.519606353922,13082.713074340225,12915.335436836029
Buenos Aires,2024-11-01,1362317.6246470285,7491.4314,7464.8667,GBA,18185.01100666861,18249.72473583525,18769.97979955506,18983.930277849064
C.A.B.A.,2024-11-01,1659656.0396212833,7491.4314,7464.8667,GBA,22154.05776286336,22232.895861640547,23044.347937233,23310.637899220917
Catamarca,2024-11-01,1141417.6761751715,7491.4314,7509.1195,NOA,15236.309527911735,15200.419652066685,15337.091369876744,15177.89648176002
Chaco,2024-11-01,1014546.7280391228,7491.4314,7516.9946,NEA,13542.762041966009,13496.706889201741,13613.65729376886,13296.818869277755
Chubut,2024-11-01,2277964.195435403,7491.4314,7517.8953,Patagonia,30407.596009427554,30300.557596690698,30437.72624990682,30888.00442999344
Corrientes,2024-11-01,1004341.1376691172,7491.4314,7516.9946,NEA,13406.53186344491,13360.939991484327,13334.328404951159,13020.636581640789
Córdoba,2024-11-01,1183015.5163966608,7491.4314,7497.9411,Pampeana,15791.581784979848,15777.871559922774,16108.630903248946,15976.853503058615
Entre Ríos,2024-11-01,1106707.014580255,7491.4314,7497.9411,Pampeana,14772.971352047018,14760.14548287469,15087.231474015762,14964.076154101353
Formosa,2024-11-01,1063738.7260709554,7491.4314,7516.9946,NEA,14199.405551133463,14151.11733711975,13877.396747557144,13552.532877728067
Jujuy,2024-11-01,1153275.2047261628,7491.4314,7509.1195,NOA,15394.590741712762,15358.328026690251,15776.567159730883,15613.49544763346
La Pampa,2024-11-01,1213200.117506961,7491.4314,7497.9411,Pampeana,16194.503463075975,16180.443422087714,16212.877418999555,16081.5204105809
La Rioja,2024-11-01,1062635.4437348242,7491.4314,7509.1195,NOA,14184.678294388761,14151.265587594182,13454.376879409698,13318.255157326941
Mendoza,2024-11-01,1110616.736159877,7491.4314,7613.0943,Cuyo,14825.16059827868,14588.243523528627,14891.760646634972,14574.48275942851
Misiones,2024-11-01,961856.9158122884,7491.4314,7516.9946,NEA,12839.427666817966,12795.764357902937,12421.55265924143,12131.035094339479
Neuquén,2024-11-01,2622249.5506852614,7491.4314,7517.8953,Patagonia,35003.3179331424,34880.10202383719,33677.303655070216,34174.864618755
Río Negro,2024-11-01,1465946.138589247,7491.4314,7517.8953,Patagonia,19568.304911518604,19499.422113383873,19157.54806987324,19440.55677488618
Salta,2024-11-01,1198017.2676143248,7491.4314,7509.1195,NOA,15991.833918606326,15954.16436793055,16026.322714249838,15865.157858240054
San Juan,2024-11-01,1167934.3067915875,7491.4314,7613.0943,Cuyo,15590.268994408563,15341.124919358841,16052.787989087763,15707.572801662935
San Luis,2024-11-01,1232019.5137061374,7491.4314,7613.0943,Cuyo,16445.715750746076,16182.901001320022,17022.249899713024,16657.905335666386
Santa Cruz,2024-11-01,2497840.7837762386,7491.4314,7517.8953,Patagonia,33342.63707969399,33225.2669676876,35442.73390424578,35969.0183052462
Santa Fe,2024-11-01,1293367.8958178463,7491.4314,7497.9411,Pampeana,17264.62977179296,17249.640648922228,17677.20068904353,17532.948163273504
Santiago del Estero,2024-11-01,873410.8498083118,7491.4314,7509.1195,NOA,11658.797940915694,11631.335069422079,11683.714181817038,11563.61453483536
Tierra del Fuego,2024-11-01,1889536.515678704,7491.4314,7517.8953,Patagonia,25222.63656687431,25133.84983798197,25801.406001794392,26187.978523783346
Tucumán,2024-11-01,1024145.8777671212,7491.4314,7509.1195,NOA,13670.897096743369,13638.694626808394,13085.598898589238,12946.796089285657
Buenos Aires,2024-12-01,2059470.404083297,7694.0075,7678.7745,GBA,26767.200370980885,26820.30061025098,19074.16191364139,19249.875633371325
C.A.B.A.,2024-12-01,2481082.220701693,7694.0075,7678.7745,GBA,32246.943100870296,32310.91394468861,23381.280943602815,23600.852614810512
Catamarca,2024-12-01,1731868.8203580396,7694.0075,7713.1412,NOA,22509.32066752001,22453.482640224964,15686.688424270227,15562.013800490206
Chaco,2024-12-01,1508523.5664020518,7694.0075,7737.2547,NEA,19606.47382267371,19496.88390640742,13845.841928296708,13616.750569222113
Chubut,2024-12-01,3284441.519172991,7694.0075,7717.0881,Patagonia,42688.306700675705,42560.63267144755,30990.553964267572,31343.21502160245
Corrientes,2024-12-01,1475671.9906838764,7694.0075,7737.2547,NEA,19179.49768938848,19072.29434600203,13511.45041037248,13287.051008665147
Córdoba,2024-12-01,1826425.8226534135,7694.0075,7687.276,Pampeana,23738.29012583382,23759.076981929797,16380.856205199574,16275.391198482015
Entre Ríos,2024-12-01,1691806.6209782318,7694.0075,7687.276,Pampeana,21988.627135835675,22007.881868404773,15359.358573574731,15260.288571460096
Formosa,2024-12-01,1552792.8589053943,7694.0075,7737.2547,NEA,20181.847482022786,20069.041528455746,14103.204327394205,13869.574255394169
Jujuy,2024-12-01,1682407.8553241582,7694.0075,7713.1412,NOA,21866.470175966926,21812.226843768374,15962.519665467571,15836.926440627292
La Pampa,2024-12-01,1820347.8995144032,7694.0075,7687.276,Pampeana,23659.29458106719,23680.01226330892,16509.524540011655,16404.027432715306
La Rioja,2024-12-01,1631929.910835557,7694.0075,7713.1412,NOA,21210.401872308506,21157.786024137054,13724.814286779218,13622.73483689015
Mendoza,2024-12-01,1631801.6222663647,7694.0075,7788.672,Cuyo,21208.734489358958,20950.96086041837,15144.457088662042,14833.686451923604
Misiones,2024-12-01,1436353.8096750148,7694.0075,7737.2547,NEA,18668.474259675662,18564.12726952125,12678.864730873234,12469.391833919351
Neuquén,2024-12-01,3704000.5220048646,7694.0075,7717.0881,Patagonia,48141.36874710435,47997.38546466594,34429.302012764645,34820.49752941021
Río Negro,2024-12-01,2155790.86445449,7694.0075,7717.0881,Patagonia,28019.089719557593,27935.28901729773,19601.75565958456,19823.04696706399
Salta,2024-12-01,1752826.5158542036,7694.0075,7713.1412,NOA,22781.710517623018,22725.196783046104,16327.757559140502,16202.875502638748
San Juan,2024-12-01,1713715.1652369257,7694.0075,7788.672,Cuyo,22273.375288975556,22002.661881729335,16271.325580341643,15933.809868510663
San Luis,2024-12-01,1897325.1555345317,7694.0075,7788.672,Cuyo,24659.777827543472,24360.059783420482,17323.363212318276,16966.449883030396
Santa Cruz,2024-12-01,3660549.5314916754,7694.0075,7717.0881,Patagonia,47576.63066343093,47434.33642401563,36063.86339251644,36481.49697614518
Santa Fe,2024-12-01,1961010.4546512803,7694.0075,7687.276,Pampeana,25487.503809312384,25509.82239549198,17977.83191336767,17861.710416825
Santiago del Estero,2024-12-01,1307971.8815937317,7694.0075,7713.1412,NOA,16999.877912696757,16957.70695334518,11866.12176432334,11774.188129842536
Tierra del Fuego,2024-12-01,3170731.474325519,7694.0075,7717.0881,Patagonia,41210.40269749567,41087.148847316115,26315.107085594624,26606.863461047586
Tucumán,2024-12-01,1552012.8511254708,7694.0075,7713.1412,NOA,20171.709621097598,20121.670417824982,13336.77847296097,13230.505227687594
Buenos Aires,2025-01-01,1542074.06,7864.1257,7834.1477,GBA,19608.970136375112,19684.005447076266,19286.315730275823,19423.87696000821
C.A.B.A.,2025-01-01,1921868.95,7864.1257,7834.1477,GBA,24438.431216835714,24531.94685109141,23590.32420933206,23760.6179871697
Catamarca,2025-01-01,1269001.37,7864.1257,7912.5281,NOA,16136.585532960138,16037.875050326835,15731.81291729898,15643.68917439445
Chaco,2025-01-01,1096906.42,7864.1257,7929.1117,NEA,13948.23101568684,13833.913072507225,13995.873568087305,13818.468137471893
Chubut,2025-01-01,2462070.4,7864.1257,7910.4797,Patagonia,31307.617577882815,31124.160523413015,31385.029332324008,31723.918320838035
Corrientes,2025-01-01,1092523.13,7864.1257,7929.1117,NEA,13892.49322400836,13778.632100743389,13659.118095746628,13486.304773038071
Córdoba,2025-01-01,1362159.68,7864.1257,7867.7709,Pampeana,17321.183968359,17313.158927899134,16580.345465865354,16498.09744309471
Entre Ríos,2025-01-01,1261657.53,7864.1257,7867.7709,Pampeana,16043.20147120741,16035.768530067393,15542.289457584553,15464.758782599329
Formosa,2025-01-01,1153797.69,7864.1257,7929.1117,NEA,14671.658796094778,14551.411730017626,14272.37078821443,14092.420834970026
Jujuy,2025-01-01,1269407.08,7864.1257,7912.5281,NOA,16141.744529846466,16043.002488673628,16047.024110127786,15956.637132373407
La Pampa,2025-01-01,1368900.65,7864.1257,7867.7709,Pampeana,17406.901952241176,17398.837197966706,16772.814935976225,16689.44357734959
La Rioja,2025-01-01,1079884.73,7864.1257,7912.5281,NOA,13731.7836870283,13647.783822720325,13915.754098429585,13839.522733968393
Mendoza,2025-01-01,1222003.46,7864.1257,7941.8472,Cuyo,15538.961438523293,15386.892107418033,15347.035556283052,15058.49211719195
Misiones,2025-01-01,1054441.58,7864.1257,7929.1117,NEA,13408.249311172634,13298.356989976572,12851.842452032515,12690.315854127319
Neuquén,2025-01-01,2687300.65,7864.1257,7910.4797,Patagonia,34171.63906726465,33971.39935774059,34949.81751673047,35325.91951416205
Río Negro,2025-01-01,1493138.71,7864.1257,7910.4797,Patagonia,18986.709609689988,18875.450878155974,19899.724348300497,20112.623284076577
Salta,2025-01-01,1294537.83,7864.1257,7912.5281,NOA,16461.30643613695,16360.609575591903,16532.57087017665,16439.50450630426
San Juan,2025-01-01,1425993.93,7864.1257,7941.8472,Cuyo,18132.898486096172,17955.444043295112,16407.860213171603,16099.472611854586
San Luis,2025-01-01,1379509.52,7864.1257,7941.8472,Cuyo,17541.80404313731,17370.134242824515,17462.332988827653,17133.378253610066
Santa Cruz,2025-01-01,2829831.24,7864.1257,7910.4797,Patagonia,35984.054018872055,35773.19388102343,36486.05594196549,36887.88167829875
Santa Fe,2025-01-01,1461265.1,7864.1257,7867.7709,Pampeana,18581.40568633078,18572.79677525943,18165.99884372273,18075.27960922443
Santiago del Estero,2025-01-01,951429,7864.1257,7912.5281,NOA,12098.344257137192,12024.336444378629,12005.212032868601,11937.055660125267
Tierra del Fuego,2025-01-01,2148920.65,7864.1257,7910.4797,Patagonia,27325.614212906083,27165.490987860067,26678.57406690756,26958.29691745745
Tucumán,2025-01-01,1193709.51,7864.1257,7912.5281,NOA,15179.176370489602,15086.322537040975,13532.81589391771,13455.63303343563
Buenos Aires,2025-02-01,1484371.39,8052.9927,8009.2272,GBA,18432.54359338982,18533.26610587348,19434.41806713437,19558.605323056163
C.A.B.A.,2025-02-01,1990494.71,8052.9927,8009.2272,GBA,24717.453301553345,24852.518979608918,23761.3991891205,23913.32720346652
Catamarca,2025-02-01,1258649.23,8052.9927,8116.2881,NOA,15629.583645344666,15507.695321953886,15939.897524765074,15864.66388479482
Chaco,2025-02-01,1098996.97,8052.9927,8080.656,NEA,13647.062786981045,13600.34346221396,14099.534925954329,13960.2018726815
Chubut,2025-02-01,2532235.82,8052.9927,8164.2681,Patagonia,31444.655599898902,31016.07871010507,31732.622121592965,31997.96112732861
Corrientes,2025-02-01,1075890.01,8052.9927,8080.656,NEA,13360.126478197355,13314.38945055946,13772.899710140759,13636.858881883141
Córdoba,2025-02-01,1304719.5,8052.9927,8064.853,Pampeana,16201.672454018246,16177.846019016093,16731.4190083879,16656.005689637266
Entre Ríos,2025-02-01,1201890.98,8052.9927,8064.853,Pampeana,14924.774239519675,14902.825631167736,15636.42386544181,15565.520489329016
Formosa,2025-02-01,1130357.33,8052.9927,8080.656,NEA,14036.487702267508,13988.435221100863,14406.288966597203,14264.389425414725
Jujuy,2025-02-01,1332761.33,8052.9927,8116.2881,NOA,16549.888714042918,16420.823331788826,16272.58338539362,16195.735530715792
La Pampa,2025-02-01,1351128.51,8052.9927,8064.853,Pampeana,16777.9676492194,16753.293705415337,16918.82921834574,16842.612418983652
La Rioja,2025-02-01,977250.35,8052.9927,8116.2881,NOA,12135.244453903453,12040.606961697184,14075.12551969523,14008.94853822681
Mendoza,2025-02-01,1199782.56,8052.9927,8154.0078,Cuyo,14898.59242018188,14714.02271653456,15508.510288474676,15241.810552964165
Misiones,2025-02-01,1055359.58,8052.9927,8080.656,NEA,13105.18485879169,13060.32059773365,13005.428719285077,12878.268622036552
Neuquén,2025-02-01,2784711.75,8052.9927,8164.2681,Patagonia,34579.837008917195,34108.528969057246,35333.18824878625,35628.42564722303
Río Negro,2025-02-01,1609046.55,8052.9927,8164.2681,Patagonia,19980.72778583296,19708.39921339673,20135.775872220154,20302.19203241105
Salta,2025-02-01,1330617.29,8052.9927,8116.2881,NOA,16523.264574671724,16394.406822498084,16719.353631689464,16640.613594926526
San Juan,2025-02-01,1380211.35,8052.9927,8154.0078,Cuyo,17139.110904695095,16926.78476466505,16576.85732537209,16294.17604508662
San Luis,2025-02-01,1341224.78,8052.9927,8154.0078,Cuyo,16654.985667626395,16448.6570640759,17563.032041044873,17261.246859445844
Santa Cruz,2025-02-01,3202216.26,8052.9927,8164.2681,Patagonia,39764.30104053118,39222.33102560657,36932.90155786612,37241.838712598306
Santa Fe,2025-02-01,1429720.75,8052.9927,8064.853,Pampeana,17753.905948530166,17727.796774473136,18320.589509307978,18237.440388518502
Santiago del Estero,2025-02-01,1019712.7,8052.9927,8116.2881,NOA,12662.531036443133,12563.781465569216,12169.894165210702,12112.263039758305
Tierra del Fuego,2025-02-01,2137851.6,8052.9927,8164.2681,Patagonia,26547.293405593176,26185.465418510692,26955.825802869113,27173.18398045759
Tucumán,2025-02-01,1124371.61,8052.9927,8116.2881,NOA,13962.158564976722,13853.273764394837,13662.788554012039,13598.298140759422
Buenos Aires,2025-03-01,1601319.84,8353.3158,8317.925,GBA,19169.870723671193,19251.43398143167,19607.451432605063,19722.227319796173
C.A.B.A.,2025-03-01,2063063.1,8353.3158,8317.925,GBA,24697.535079423193,24802.617239275423,23985.287646690515,24125.1014389899
Catamarca,2025-03-01,1244966.27,8353.3158,8467.6619,NOA,14903.857340099603,14702.597773772712,16045.394113423517,15954.37972333507
Chaco,2025-03-01,1130258.66,8353.3158,8333.4503,NEA,13530.658807368445,13562.913550945395,14219.839577750106,14118.271548924662
Chubut,2025-03-01,2488358.5,8353.3158,8434.2328,Patagonia,29788.87138446268,29503.080588432418,32064.04401357205,32258.890427057977
Corrientes,2025-03-01,1131376.58,8353.3158,8333.4503,NEA,13544.04175644838,13576.328402654539,13913.121051915537,13814.19315309679
Córdoba,2025-03-01,1351363.49,8353.3158,8356.1088,Pampeana,16177.56975020626,16172.162454371108,16888.70263696294,16824.46269527485
Entre Ríos,2025-03-01,1280522.5,8353.3158,8356.1088,Pampeana,15329.511425869952,15324.387590549324,15777.498338407386,15717.26034811111
Formosa,2025-03-01,1178472.76,8353.3158,8333.4503,NEA,14107.84397735807,14141.47463026209,14557.58174462342,14454.157758836514
Jujuy,2025-03-01,1294756.59,8353.3158,8467.6619,NOA,15499.911903246852,15290.603301012765,16399.547129942108,16306.272362612852
La Pampa,2025-03-01,1371789.28,8353.3158,8356.1088,Pampeana,16422.09288914948,16416.60386231448,17090.252244191997,17025.262896173972
La Rioja,2025-03-01,1032444.38,8353.3158,8467.6619,NOA,12359.69529608829,12192.791731564059,14180.503582822726,14101.224105105033
Mendoza,2025-03-01,1277423.45,8353.3158,8441.2462,Cuyo,15292.41178694573,15133.114468335256,15675.701829948546,15417.238572111979
Misiones,2025-03-01,1087636.79,8353.3158,8333.4503,NEA,13020.419867281924,13051.458289731445,13191.020895096119,13097.770106866432
Neuquén,2025-03-01,3003650.46,8353.3158,8434.2328,Patagonia,35957.58297561311,35612.61031353083,35798.40754284485,36009.96878384153
Río Negro,2025-03-01,1657971.83,8353.3158,8434.2328,Patagonia,19848.06835628075,19657.648411127568,20402.33335135011,20522.773338089948
Salta,2025-03-01,1375679.14,8353.3158,8467.6619,NOA,16468.659547146533,16246.269114736384,16881.4690071696,16785.251643058036
San Juan,2025-03-01,1330381.17,8353.3158,8441.2462,Cuyo,15926.38422696769,15760.482972289092,16716.156076108968,16442.72932360402
San Luis,2025-03-01,1394623.41,8353.3158,8441.2462,Cuyo,16695.446974481678,16521.534580995874,17733.564704423705,17441.00478660459
Santa Cruz,2025-03-01,2955127.77,8353.3158,8434.2328,Patagonia,35376.70358398278,35037.30380788162,37315.6533681182,37540.63964638236
Santa Fe,2025-03-01,1496461.97,8353.3158,8356.1088,Pampeana,17914.586325109365,17908.598437588556,18501.02392703249,18430.186756878673
Santiago del Estero,2025-03-01,1030455.99,8353.3158,8467.6619,NOA,12335.891694648966,12169.309570567528,12355.518496404671,12284.739967076424
Tierra del Fuego,2025-03-01,2224380.53,8353.3158,8434.2328,Patagonia,26628.71347447441,26373.24084770342,27353.70983561115,27510.258834306165
Tucumán,2025-03-01,1133490.55,8353.3158,8467.6619,NOA,13569.348712998495,13386.110161058747,13797.36824257209,13718.476512950141
Buenos Aires,2025-04-01,1625910.87,8585.6078,8547.3129,GBA,18937.632697361278,19022.479801809994,19731.403200822453,19842.025237205533
C.A.B.A.,2025-04-01,2039876.58,8585.6078,8547.3129,GBA,23759.25650831616,23865.70614491017,24131.65411327636,24266.185881161582
Catamarca,2025-04-01,1270165.73,8585.6078,8710.4114,NOA,14794.127097210287,14582.155442164305,16137.158149219515,16032.297482077081
Chaco,2025-04-01,1159633,8585.6078,8555.3175,NEA,13506.708284531704,13554.52909842329,14290.533474669302,14205.307491180636
Chubut,2025-04-01,2557268.16,8585.6078,8659.3943,Patagonia,29785.52269764757,29531.720942653,32092.992592670616,32204.70326971305
Corrientes,2025-04-01,1165283.61,8585.6078,8555.3175,NEA,13572.523193989833,13620.577027094554,14020.506278324397,13937.574278694481
Córdoba,2025-04-01,1423210.48,8585.6078,8591.2047,Pampeana,16576.700370589955,16565.901170996425,17008.373301569267,16954.76423454662
Entre Ríos,2025-04-01,1300601.94,8585.6078,8591.2047,Pampeana,15148.629780177007,15138.76092371539,15872.408715342986,15822.017822338252
Formosa,2025-04-01,1217040.71,8585.6078,8555.3175,NEA,14175.358790556447,14225.54697707011,14691.74102479078,14604.765644118623
Jujuy,2025-04-01,1396987.11,8585.6078,8710.4114,NOA,16271.266316171583,16038.130070412059,16532.3572444491,16423.747017792557
La Pampa,2025-04-01,1387034.03,8585.6078,8591.2047,Pampeana,16155.338821789646,16144.814126009593,17202.66838439399,17148.07818486192
La Rioja,2025-04-01,1108947.1,8585.6078,8710.4114,NOA,12916.349381810804,12731.282703822691,14280.654743698262,14189.219423732051
Mendoza,2025-04-01,1333606.87,8585.6078,8682.2113,Cuyo,15533.051369991534,15360.22130675396,15822.971201473529,15565.295575009673
Misiones,2025-04-01,1067699.24,8585.6078,8555.3175,NEA,12435.919097073127,12479.94875701574,13322.44130232218,13243.459970020916
Neuquén,2025-04-01,3113407.43,8585.6078,8659.3943,Patagonia,36263.09869407266,35954.10166274563,36130.68211405509,36248.53296474216
Río Negro,2025-04-01,1736840.38,8585.6078,8659.3943,Patagonia,20229.672965028756,20057.296386191814,20570.41807974108,20638.14438473717
Salta,2025-04-01,1422306.13,8585.6078,8710.4114,NOA,16566.167045273134,16328.805433920144,17018.1623759367,16906.326673015537
San Juan,2025-04-01,1376833.77,8585.6078,8682.2113,Cuyo,16036.532323314372,15858.100228452167,16807.059104010215,16535.255103162868
San Luis,2025-04-01,1440131.04,8585.6078,8682.2113,Cuyo,16773.78088479653,16587.145719432097,17800.9274811235,17510.43196661825
Santa Cruz,2025-04-01,2816484.6,8585.6078,8659.3943,Patagonia,32804.720010620564,32525.19174464662,37296.914751277196,37429.05919494065
Santa Fe,2025-04-01,1509352.79,8585.6078,8591.2047,Pampeana,17580.034228910386,17568.581388824317,18576.040108480112,18516.951556460554
Santiago del Estero,2025-04-01,1059248.39,8585.6078,8710.4114,NOA,12337.488674942733,12160.715968019602,12532.488847688008,12449.827200519989
Tierra del Fuego,2025-04-01,2214660.32,8585.6078,8659.3943,Patagonia,25795.03247283203,25575.23359341657,27415.290347369315,27500.764172107865
Tucumán,2025-04-01,1079540.21,8585.6078,8710.4114,NOA,12573.835599618234,12393.67649156043,13908.11250025984,13817.34294467272
Buenos Aires,2025-05-01,1593921.6,8714.4871,8675.5948,GBA,18290.480916541837,18372.476317128134,19793.09318579456,19901.015175116656
C.A.B.A.,2025-05-01,1939263.11,8714.4871,8675.5948,GBA,22253.324696527467,22353.085346955115,24245.179810176214,24376.67728945184
Catamarca,2025-05-01,1297210.24,8714.4871,8816.9664,NOA,14885.675142028726,14712.659447131387,16204.613829609123,16089.190081086772
Chaco,2025-05-01,1160699.32,8714.4871,8664.0131,NEA,13319.192589085364,13396.786299872978,14348.639018959675,14277.735434451833
Chubut,2025-05-01,2443181.64,8714.4871,8789.6656,Patagonia,28035.862718759432,27796.07042160967,32083.580650399897,32123.953320004202
Corrientes,2025-05-01,1145331.25,8714.4871,8664.0131,NEA,13142.841762884704,13219.408105465584,14098.615552954721,14029.661161478742
Córdoba,2025-05-01,1390544.61,8714.4871,8725.94,Pampeana,15956.700538348381,15935.757179169235,17102.092134819686,17056.14441210947
Entre Ríos,2025-05-01,1298168.1,8714.4871,8725.94,Pampeana,14896.66672408064,14877.114671886353,15953.753735740382,15910.562017984172
Formosa,2025-05-01,1223750.2,8714.4871,8664.0131,NEA,14042.710557228318,14124.519271560195,14812.831836373345,14740.50999725032
Jujuy,2025-05-01,1343736.65,8714.4871,8816.9664,NOA,15419.572426700819,15240.351261858046,16615.629598728752,16496.033402243622
La Pampa,2025-05-01,1402127.51,8714.4871,8725.94,Pampeana,16089.615991284214,16068.49817899275,17276.12494551602,17229.420054620827
La Rioja,2025-05-01,1119312.95,8714.4871,8816.9664,NOA,12844.278006906452,12694.9894013433,14327.212172064295,14226.700651630055
Mendoza,2025-05-01,1334689.89,8714.4871,8823.8855,Cuyo,15315.759547110923,15125.874990104981,15927.289307825062,15670.314333762419
Misiones,2025-05-01,1073933.03,8714.4871,8664.0131,NEA,12323.536860821103,12395.330173265782,13409.054043750211,13343.079094045757
Neuquén,2025-05-01,3013276.59,8714.4871,8789.6656,Patagonia,34577.78473273545,34282.03901181406,36340.00898595722,36374.71267821494
Río Negro,2025-05-01,1735002.02,8714.4871,8789.6656,Patagonia,19909.399142951283,19739.112941907595,20718.760535138972,20739.220838773617
Salta,2025-05-01,1386723.25,8714.4871,8816.9664,NOA,15912.849879598767,15727.895367731016,17077.80953929252,16954.722815594978
San Juan,2025-05-01,1344332.62,8714.4871,8823.8855,Cuyo,15426.411268656306,15235.154853267306,16847.38455783878,16577.199152140005
San Luis,2025-05-01,1437012.19,8714.4871,8823.8855,Cuyo,16489.92274026087,16285.48092560811,17852.779460271693,17563.89080917908
Santa Cruz,2025-05-01,2800975.18,8714.4871,8789.6656,Patagonia,32141.595344148256,31866.68648691254,37245.38635997148,37294.8537666869
Santa Fe,2025-05-01,1507604.29,8714.4871,8725.94,Pampeana,17299.977298721344,17277.27087282287,18654.387507261108,18603.78227883876
Santiago del Estero,2025-05-01,1053955.12,8714.4871,8816.9664,NOA,12094.287453819285,11953.715962896265,12616.154258646624,12524.815497543015
Tierra del Fuego,2025-05-01,2167545.7,8714.4871,8789.6656,Patagonia,24872.90043725006,24660.16113286494,27541.91323878311,27567.05227199791
Tucumán,2025-05-01,1061514.06,8714.4871,8816.9664,NOA,12181.027383699955,12039.44771752788,13976.570527102229,13877.113573580957
Buenos Aires,2025-06-01,2359231.54,8855.5681,8851.2214,GBA,26641.221809360824,26654.304907569025,19910.173104103513,20000.944578148643
C.A.B.A.,2025-06-01,2862571.13,8855.5681,8851.2214,GBA,32325.098713881493,32340.973077455725,24428.79871799916,24539.847113271946
Catamarca,2025-06-01,1931114.78,8855.5681,8924.3327,NOA,21806.785947476368,21638.75826816721,16316.440622017826,16195.577674092088
Chaco,2025-06-01,1728735.6,8855.5681,8755.8305,NEA,19521.45340060114,19743.822130864686,14446.863178237185,14403.069454333476
Chubut,2025-06-01,3813054.07,8855.5681,8949.9232,Patagonia,43058.26601909368,42604.3216773078,32129.23271778224,32067.20050524009
Corrientes,2025-06-01,1690686.03,8855.5681,8755.8305,NEA,19091.785088299417,19309.259470018293,14202.77400832356,14160.287347481524
Córdoba,2025-06-01,2066989.55,8855.5681,8840.1405,Pampeana,23341.12873006984,23381.86310500382,17266.951370911996,17240.656073701597
Entre Ríos,2025-06-01,1909804.92,8855.5681,8840.1405,Pampeana,21566.1479696599,21603.78469097861,16059.122629906344,16034.517666061136
Formosa,2025-06-01,1774812.64,8855.5681,8755.8305,NEA,20041.770555634932,20270.066214735423,14932.981442822238,14888.38367611485
Jujuy,2025-06-01,1934372.09,8855.5681,8924.3327,NOA,21843.56856789346,21675.2574677096,16690.681399658606,16565.822429291275
La Pampa,2025-06-01,2083903.2,8855.5681,8840.1405,Pampeana,23532.123252487887,23573.19094645611,17413.17525457562,17386.54988311916
La Rioja,2025-06-01,1696904.64,8855.5681,8924.3327,NOA,19162.007686440804,19014.358799061803,14410.970195415184,14305.751992130145
Mendoza,2025-06-01,1928248.45,8855.5681,8909.2196,Cuyo,21774.418402360883,21643.29241586996,16084.210793177404,15847.266136471579
Misiones,2025-06-01,1527176.75,8855.5681,8755.8305,NEA,17245.38429104283,17441.826335034697,13489.756917011664,13447.765064595491
Neuquén,2025-06-01,4558699.49,8855.5681,8949.9232,Patagonia,51478.34039015521,50935.626911301326,36756.09607930874,36674.95939370054
Río Negro,2025-06-01,2530974.2,8855.5681,8949.9232,Patagonia,28580.596653082033,28279.284005476165,20968.524087551545,20925.01206639223
Salta,2025-06-01,2034499.88,8855.5681,8924.3327,NOA,22974.24464501605,22797.221354152334,17195.024833037565,17066.21071853139
San Juan,2025-06-01,1958697.45,8855.5681,8909.2196,Cuyo,22118.258567736608,21985.06196883956,16912.837185184333,16664.752940530223
San Luis,2025-06-01,2121140.55,8855.5681,8909.2196,Cuyo,23952.61970827145,23808.376549613837,17953.018154961937,17687.515323609827
Santa Cruz,2025-06-01,4216268.07,8855.5681,8949.9232,Patagonia,47611.49168961842,47109.54469419359,36994.959442750085,36925.70792962478
Santa Fe,2025-06-01,2234115.1,8855.5681,8840.1405,Pampeana,25228.365642628843,25272.393577907504,18788.545646856826,18759.58394039693
Santiago del Estero,2025-06-01,1564131.08,8855.5681,8924.3327,NOA,17662.684791504227,17526.58862662079,12764.238005998412,12668.204938155639
Tierra del Fuego,2025-06-01,3409013.67,8855.5681,8949.9232,Patagonia,38495.70836680709,38089.86506163539,27922.030495943967,27861.80079356723
Tucumán,2025-06-01,1537806.83,8855.5681,8924.3327,NOA,17365.42266554305,17231.616992495135,14067.482421695495,13963.684721269121
Buenos Aires,2025-07-01,1673727.82,9023.973,9016.5562,GBA,18547.571230543355,18562.828011874422,19938.099667810824,20017.070699970318
C.A.B.A.,2025-07-01,2124780.39,9023.973,9016.5562,GBA,23545.952431373633,23565.320759604427,24597.601214332168,24694.817599705253
Catamarca,2025-07-01,1395709.81,9023.973,9073.9428,NOA,15466.688674711238,15381.514307099224,16370.668597795031,16243.629933891716
Chaco,2025-07-01,1232457.74,9023.973,8905.132,NEA,13657.595606724444,13839.859308093355,14490.490746028061,14474.019693337645
Chubut,2025-07-01,2593182.22,9023.973,9141.623,Patagonia,28736.591078009656,28366.759600565463,31994.564068863354,31858.820395368522
Corrientes,2025-07-01,1227655.76,9023.973,8905.132,NEA,13604.382016657186,13785.935570635002,14286.977867310397,14271.25569539178
Córdoba,2025-07-01,1483770.79,9023.973,9016.3238,Pampeana,16442.544653003726,16456.494053596434,17338.221822375428,17323.73021965227
Entre Ríos,2025-07-01,1372637.19,9023.973,9016.3238,Pampeana,15211.007280274442,15223.91187858626,16114.498253038963,16100.899376723146
Formosa,2025-07-01,1287894.9,9023.973,8905.132,NEA,14271.927675315515,14462.389777040922,15000.988115767062,14984.693502378666
Jujuy,2025-07-01,1418523.32,9023.973,9073.9428,NOA,15719.498717471784,15632.932136182299,16701.850500288216,16570.74769100643
La Pampa,2025-07-01,1483876.33,9023.973,9016.3238,Pampeana,16443.714204375392,16457.664597183168,17477.521159098513,17462.75709081809
La Rioja,2025-07-01,1240321.54,9023.973,9073.9428,NOA,13744.739041218321,13669.04737376127,14440.302925982645,14329.610651052873
Mendoza,2025-07-01,1394534.33,9023.973,9074.6511,Cuyo,15453.662483254328,15367.360294436006,16165.401947355498,15950.146227754414
Misiones,2025-07-01,1121017.43,9023.973,8905.132,NEA,12422.65939847116,12588.442596920517,13530.43430402259,13513.2835467595
Neuquén,2025-07-01,3131144.24,9023.973,9141.623,Patagonia,34698.0674698384,34251.51354414856,36926.8333141304,36762.34622915384
Río Negro,2025-07-01,1852410.98,9023.973,9141.623,Patagonia,20527.665364246986,20263.480346979963,21109.24068583572,21017.09120906287
Salta,2025-07-01,1466685.12,9023.973,9073.9428,NOA,16253.208204412846,16163.702508682334,17242.040318682266,17106.74388421015
San Juan,2025-07-01,1414213.82,9023.973,9074.6511,Cuyo,15671.742590541882,15584.222516279446,16944.14717448541,16719.279288117064
San Luis,2025-07-01,1512783.76,9023.973,9074.6511,Cuyo,16764.05459103213,16670.43441482836,17967.865998049092,17727.643954589385
Santa Cruz,2025-07-01,2905541.64,9023.973,9141.623,Patagonia,32198.03117761988,31783.651983898268,36688.816349105706,36534.341815846936
Santa Fe,2025-07-01,1585097.91,9023.973,9016.3238,Pampeana,17565.410601295018,17580.3126103346,18833.22123457369,18817.127044041186
Santiago del Estero,2025-07-01,1097502.15,9023.973,9073.9428,NOA,12162.07262588219,12095.096632083683,12835.912798577638,12735.00183519709
Tierra del Fuego,2025-07-01,2332273.27,9023.973,9141.623,Patagonia,25845.30416923898,25512.682704154395,27987.556089106572,27864.196326884452
Tucumán,2025-07-01,1144508.27,9023.973,9073.9428,NOA,12682.975336916457,12613.130755023052,14114.12641744538,14005.262888630186
Buenos Aires,2025-08-01,1686922.72,9193.2441,9185.3068,GBA,18349.591304771293,18365.447738773408,19968.593523125553,20035.47758686554
C.A.B.A.,2025-08-01,2076465.84,9193.2441,9185.3068,GBA,22586.86724091227,22606.385232554236,24694.972047861327,24777.845697380075
Catamarca,2025-08-01,1440154.73,9193.2441,9252.4989,NOA,15665.35941322389,15565.035408974756,16447.247138975792,16322.973243275486
Chaco,2025-08-01,1256695.93,9193.2441,9055.1527,NEA,13669.776591703901,13878.241169803794,14538.986733417636,14553.97840887804
Chubut,2025-08-01,2676728.47,9193.2441,9320.3353,Patagonia,29116.255816594712,28719.229339313573,31928.48111260423,31728.034480322734
Corrientes,2025-08-01,1220726.94,9193.2441,9055.1527,NEA,13278.521996386453,13481.019928023963,14339.552038091839,14354.321451194233
Córdoba,2025-08-01,1484935.69,9193.2441,9182.3487,Pampeana,16152.466679308558,16171.632536673324,17413.75644719895,17408.05255198898
Entre Ríos,2025-08-01,1375035.02,9193.2441,9182.3487,Pampeana,14957.016315927041,14974.763700707641,16163.087295425088,16157.746607163803
Formosa,2025-08-01,1302690.09,9193.2441,9055.1527,NEA,14170.08050509613,14386.1747356287,15079.808809101045,15095.759587902063
Jujuy,2025-08-01,1408185.25,9193.2441,9252.4989,NOA,15317.609699931714,15219.512752387356,16736.905631000132,16608.866742860562
La Pampa,2025-08-01,1498772.94,9193.2441,9182.3487,Pampeana,16302.982099648589,16322.32655246473,17541.71123049697,17535.884946535734
La Rioja,2025-08-01,1274637.43,9193.2441,9252.4989,NOA,13864.936208971107,13776.142464604885,14476.678518206036,14368.717540265912
Mendoza,2025-08-01,1438285.81,9193.2441,9266.2277,Cuyo,15645.03013685887,15521.805167813869,16262.709244774196,16069.949855714387
Misiones,2025-08-01,1128537.12,9193.2441,9055.1527,NEA,12275.72234267118,12462.927544004862,13556.168388472703,13567.50194332239
Neuquén,2025-08-01,3190181.25,9193.2441,9320.3353,Patagonia,34701.36564741058,34228.18114708813,37111.456868610556,36873.1965354486
Río Negro,2025-08-01,1883222.41,9193.2441,9320.3353,Patagonia,20484.851587917696,20205.522112493098,21245.542226630445,21110.18954902123
Salta,2025-08-01,1479918.42,9193.2441,9252.4989,NOA,16097.891058935333,15994.79703801964,17295.44139896076,17163.215040277228
San Juan,2025-08-01,1429573.59,9193.2441,9266.2277,Cuyo,15550.262502004054,15427.78395139157,17002.87428828313,16801.398230827384
San Luis,2025-08-01,1544274.18,9193.2441,9266.2277,Cuyo,16797.92424961282,16665.61873932798,17998.121243065318,17784.069068878944
Santa Cruz,2025-08-01,3172801.5,9193.2441,9320.3353,Patagonia,34512.31649554481,34041.709851361244,36546.64881586754,36314.6702457093
Santa Fe,2025-08-01,1610800.37,9193.2441,9182.3487,Pampeana,17521.566407662343,17542.35678285666,18875.912154592,18869.572644144468
Santiago del Estero,2025-08-01,1113733.16,9193.2441,9252.4989,NOA,12114.691483064176,12037.106645859745,12910.93206199684,12812.016192354833
Tierra del Fuego,2025-08-01,2372676.63,9193.2441,9320.3353,Patagonia,25808.915810252445,25456.987904716258,28105.038350911538,27926.55865922241
Tucumán,2025-08-01,1166048.6,9193.2441,9252.4989,NOA,12683.755454725717,12602.526221321681,14155.519628695167,14049.08123242945
Buenos Aires,2025-09-01,1760752.73,9384.0922,9377.7681,GBA,18763.165285183368,18775.81863002136,20007.21719990594,20065.1988066016
C.A.B.A.,2025-09-01,2151597.49,9384.0922,9377.7681,GBA,22928.13672482886,22943.598807908253,24807.74029087557,24880.163480391864
Catamarca,2025-09-01,1452824.34,9384.0922,9455.5666,NOA,15481.778194805036,15364.751806623624,16506.433309316435,16382.970722301303
Chaco,2025-09-01,1249996.12,9384.0922,9217.6682,NEA,13320.373386783223,13560.871284128021,14563.46066014399,14610.406862232558
Chubut,2025-09-01,2723508.81,9384.0922,9543.6369,Patagonia,29022.613503307228,28537.431154783353,31906.629940936673,31640.92135653846
Corrientes,2025-09-01,1229548.81,9384.0922,9217.6682,NEA,13102.480067278115,13339.043924362562,14369.784457591244,14415.918100615936
Córdoba,2025-09-01,1503828.77,9384.0922,9366.761,Pampeana,16025.298323475554,16054.949731289182,17471.85685569552,17472.70665535755
Entre Ríos,2025-09-01,1378225.33,9384.0922,9366.761,Pampeana,14686.826393287143,14714.001243332674,16195.563573965846,16196.295591442256
Formosa,2025-09-01,1317489.14,9384.0922,9217.6682,NEA,14039.601401188278,14293.084882356688,15148.620899956444,15197.77950625333
Jujuy,2025-09-01,1465926,9384.0922,9455.5666,NOA,15621.393830721314,15503.312091313492,16757.747249107455,16630.860620416053
La Pampa,2025-09-01,1521855.91,9384.0922,9366.761,Pampeana,16217.401508480489,16247.408362399765,17602.24433575227,17603.044759602097
La Rioja,2025-09-01,1297622.01,9384.0922,9455.5666,NOA,13827.890672259167,13723.365979993205,14504.060079596964,14397.042412652894
Mendoza,2025-09-01,1434401.77,9384.0922,9465.5075,Cuyo,15285.46117652169,15153.986936252493,16313.232430650416,16137.686639858457
Misiones,2025-09-01,1161006.53,9384.0922,9217.6682,NEA,12372.070790182563,12595.447186957761,13582.239925118198,13623.216450287153
Neuquén,2025-09-01,3262450.43,9384.0922,9543.6369,Patagonia,34765.75421967828,34184.561548019505,37314.33416196082,37000.22802822436
Río Negro,2025-09-01,1911240.41,9384.0922,9543.6369,Patagonia,20366.811933071163,20026.331995090884,21357.188215446025,21177.32950040681
Salta,2025-09-01,1482731.33,9384.0922,9455.5666,NOA,15800.477002985972,15681.041578195855,17324.320810038356,17193.192994261208
San Juan,2025-09-01,1445465.51,9384.0922,9465.5075,Cuyo,15403.360060763256,15270.87174142538,17048.649462847032,16864.63808739044
San Luis,2025-09-01,1542985.27,9384.0922,9465.5075,Cuyo,16442.562979080703,16301.136204265858,17998.289145106344,17804.00130308628
Santa Cruz,2025-09-01,3182769.34,9384.0922,9543.6369,Patagonia,33916.64608751393,33349.648287645985,36513.61364949106,36205.29181632068
Santa Fe,2025-09-01,1618962.31,9384.0922,9366.761,Pampeana,17252.1995254906,17284.121053158076,18908.262353156766,18909.074812867173
Santiago del Estero,2025-09-01,1128780.34,9384.0922,9455.5666,NOA,12028.657817321959,11937.733482835392,12976.08568617954,12877.635672233315
Tierra del Fuego,2025-09-01,2356834.87,9384.0922,9543.6369,Patagonia,25115.21434113787,24695.353508262666,28163.13928250994,27928.96759307231
Tucumán,2025-09-01,1182530.74,9384.0922,9455.5666,NOA,12601.439913388747,12506.185932845103,14171.43244171211,14065.931268687928
Buenos Aires,2025-10-01,2023771.26,9603.8623,9602.5137,GBA,21072.472686327455,21075.432154811715,20230.477646764586,20280.62653687131
C.A.B.A.,2025-10-01,2553569.36,9603.8623,9602.5137,GBA,26588.983475950085,26592.717696409018,25186.836687777988,25249.889995175155
Catamarca,2025-10-01,1826195.26,9603.8623,9657.7445,NOA,19015.217034088462,18909.127902482818,16794.274018115015,16671.3394184157
Chaco,2025-10-01,1432719.75,9603.8623,9419.0224,NEA,14918.16214399492,15210.917748746408,14682.370873175063,14764.648993434022
Chubut,2025-10-01,3038755.78,9603.8623,9774.0954,Patagonia,31640.97615185507,31089.89277923356,32086.094604801252,31762.4946671296
Corrientes,2025-10-01,1400195.09,9603.8623,9419.0224,NEA,14579.499853928559,14865.609513785637,14479.560415909313,14560.286485902445
Córdoba,2025-10-01,1799839.64,9603.8623,9584.145,Pampeana,18740.789734146852,18779.34484505399,17705.493926028335,17712.171547076778
Entre Ríos,2025-10-01,1621676.07,9603.8623,9584.145,Pampeana,16885.665572277103,16920.4041675079,16367.587138346917,16373.645864981561
Formosa,2025-10-01,1547059.36,9603.8623,9419.0224,NEA,16108.720759147078,16424.840013120684,15337.284479420276,15424.008526539066
Jujuy,2025-10-01,1676022.96,9603.8623,9657.7445,NOA,17451.551340964143,17354.186166345567,16924.75558038923,16799.05549484519
La Pampa,2025-10-01,1777992.48,9603.8623,9584.145,Pampeana,18513.30667246239,18551.393786300185,17809.603590440154,17816.207250074956
La Rioja,2025-10-01,1411095.64,9603.8623,9657.7445,NOA,14693.001585414235,14611.026829297462,14556.250515561516,14450.870639966452
Mendoza,2025-10-01,1598983.11,9603.8623,9687.3328,Cuyo,16649.37563713299,16505.916984703985,16451.718290543315,16287.640981014176
Misiones,2025-10-01,1382776.42,9603.8623,9419.0224,NEA,14398.128344676494,14680.678750694977,13709.598090723195,13784.55240406335
Neuquén,2025-10-01,3596069.41,9603.8623,9774.0954,Patagonia,37443.991778182826,36791.838659565365,37648.51238867626,37266.49071779286
Río Negro,2025-10-01,1992690.28,9603.8623,9774.0954,Patagonia,20748.84268176148,20387.46501287475,21437.561725911608,21219.558536198012
Salta,2025-10-01,1659639.2,9603.8623,9657.7445,NOA,17280.95580878955,17184.542415674798,17426.047386599683,17296.554363348263
San Juan,2025-10-01,1886749.01,9603.8623,9687.3328,Cuyo,19645.731592798867,19476.454963950448,17409.528067246534,17235.345733745275
San Luis,2025-10-01,1778842.5,9603.8623,9687.3328,Cuyo,18522.15748657704,18362.562087265134,18145.06274193054,17963.67010941485
Santa Cruz,2025-10-01,3569295.9,9603.8623,9774.0954,Patagonia,37165.213208023604,36517.915509603066,36866.195033300035,36490.565055373016
Santa Fe,2025-10-01,1906037.98,9603.8623,9584.145,Pampeana,19846.577558697398,19887.407588261656,19108.013567040132,19115.09157549175
Santiago del Estero,2025-10-01,1270512.76,9603.8623,9657.7445,NOA,13229.185512166288,13155.377635016126,13115.37593337855,13017.733704717853
Tierra del Fuego,2025-10-01,2697143.09,9603.8623,9774.0954,Patagonia,28083.941707494076,27594.810359636962,28412.63980519635,28127.52418367162
Tucumán,2025-10-01,1525471.29,9603.8623,9657.7445,NOA,15883.93546625507,15795.316287358813,14377.140182204417,14272.330992105002
Buenos Aires,2025-11-01,1968018.16,9841.3581,9840.8457,GBA,19997.42454245212,19998.465782265033,20381.512108079878,20426.354957407122
C.A.B.A.,2025-11-01,2624407.97,9841.3581,9840.8457,GBA,26667.132151201775,26668.520673990453,25562.926220139525,25619.525396204313
Catamarca,2025-11-01,1603765.68,9841.3581,9879.6088,NOA,16296.182536026203,16233.088905301594,16882.59676879122,16757.39518951861
Chaco,2025-11-01,1426578.93,9841.3581,9642.9016,NEA,14495.75267462323,14794.083660461703,14761.786759229832,14872.763724372353
Chubut,2025-11-01,3128714.77,9841.3581,10001.4949,Patagonia,31791.494001219206,31282.471283367853,32201.419437450553,31844.32080768603
Corrientes,2025-11-01,1393198.1,9841.3581,9642.9016,NEA,14156.563411710425,14447.913686063126,14542.06304493144,14650.867627117344
Córdoba,2025-11-01,1719675.86,9841.3581,9821.3638,Pampeana,17473.968963694148,17509.54241202225,17845.692857587863,17856.4774514184
Entre Ríos,2025-11-01,1570378.8,9841.3581,9821.3638,Pampeana,15956.931797858266,15989.416866932474,16466.25050883119,16476.085146986377
Formosa,2025-11-01,1534376.59,9841.3581,9642.9016,NEA,15591.106170600582,15911.980165804038,15453.259531042535,15570.74709559609
Jujuy,2025-11-01,1623886.47,9841.3581,9879.6088,NOA,16500.63389116996,16436.748689887398,17016.925842843993,16888.92388344495
La Pampa,2025-11-01,1850014.15,9841.3581,9821.3638,Pampeana,18798.36229107444,18836.6319349661,18026.59182610669,18037.55629281482
La Rioja,2025-11-01,1223365.51,9841.3581,9879.6088,NOA,12430.860634976792,12382.732300088644,14410.099043943852,14303.492866007657
Mendoza,2025-11-01,1578067.67,9841.3581,9960.8437,Cuyo,16035.059937510046,15842.7108940581,16552.54323547926,16392.179928558297
Misiones,2025-11-01,1371925.23,9841.3581,9642.9016,NEA,13940.40554219849,14227.307162400166,13801.346247004905,13903.84763777145
Neuquén,2025-11-01,3777361.08,9841.3581,10001.4949,Patagonia,38382.51836400507,37767.964866932045,37930.11242458148,37507.14595471744
Río Negro,2025-11-01,2188068.16,9841.3581,10001.4949,Patagonia,22233.396425235256,21877.411145807815,21659.652685387995,21417.724288900008
Salta,2025-11-01,1699770.06,9841.3581,9879.6088,NOA,17271.702164765247,17204.831632604724,17532.703073779594,17400.776635404443
San Juan,2025-11-01,1846208.31,9841.3581,9960.8437,Cuyo,18759.690392731467,18534.657962758716,17673.646517106776,17501.47348736193
San Luis,2025-11-01,1745485.33,9841.3581,9960.8437,Cuyo,17736.22412947254,17523.468719823402,18252.605106824412,18075.384085956797
Santa Cruz,2025-11-01,4472850.03,9841.3581,10001.4949,Patagonia,45449.5201226343,44721.814835900186,37875.10195354506,37448.610711057394
Santa Fe,2025-11-01,1871731.53,9841.3581,9821.3638,Pampeana,19019.036915240387,19057.755807803394,19254.21416232742,19265.76783873185
Santiago del Estero,2025-11-01,1321253.96,9841.3581,9879.6088,NOA,13425.524674282506,13373.545316895545,13262.603161159117,13162.917892007308
Tierra del Fuego,2025-11-01,2699457.98,9841.3581,10001.4949,Patagonia,27429.730252372385,26990.544983430424,28596.56427898786,28282.248779125657
Tucumán,2025-11-01,1425808.3,9841.3581,9879.6088,NOA,14487.922149687858,14431.829527501131,14445.225603283125,14338.42556716273
Buenos Aires,2025-12-01,2053171.99,10121.3715,10115.6707,GBA,20285.511602849478,20296.943731076575,19841.37137740226,19882.74188414259
C.A.B.A.,2025-12-01,2722941.61,10121.3715,10115.6707,GBA,26902.891668387037,26918.05309557971,25117.58860076592,25170.120325445238
Catamarca,2025-12-01,1826269.65,10121.3715,10137.067,NOA,18043.69743764469,18015.759883998006,16510.46149963494,16387.58495983303
Chaco,2025-12-01,1448453.65,10121.3715,9968.3824,NEA,14310.843644065431,14530.47838533963,14320.484244345807,14458.896597616704
Chubut,2025-12-01,2958749.78,10121.3715,10258.6285,Patagonia,29232.696181540217,28841.572535743933,31080.11856085593,30701.065796377392
Corrientes,2025-12-01,1437891.46,10121.3715,9968.3824,NEA,14206.488320283472,14424.521475018855,14127.645597506022,14263.55322120208
Córdoba,2025-12-01,1749107.98,10121.3715,10107.6074,Pampeana,17281.33366115452,17304.866629465643,17307.61315219792,17318.626588713054
Entre Ríos,2025-12-01,1640336.81,10121.3715,10107.6074,Pampeana,16206.665371387664,16228.734903177978,15984.420361793855,15994.48956655081
Formosa,2025-12-01,1525717.29,10121.3715,9968.3824,NEA,15074.214892714886,15305.565424536684,15027.623481933544,15173.790753602836
Jujuy,2025-12-01,1780179.03,10121.3715,10137.067,NOA,17588.318243234135,17561.085765734806,16660.41318178293,16534.662126942152
La Pampa,2025-12-01,1801356.64,10121.3715,10107.6074,Pampeana,17797.554807666133,17821.790743475056,17538.113511656604,17549.371166162
La Rioja,2025-12-01,1308234.91,10121.3715,10137.067,NOA,12925.470723014168,12905.457860740193,13719.688114835992,13615.798852391252
Mendoza,2025-12-01,1628095.54,10121.3715,10255.4297,Cuyo,16085.720596265042,15875.449275421388,16125.625411054767,15969.22062980855
Misiones,2025-12-01,1410385.41,10121.3715,9968.3824,NEA,13934.726237447168,14148.588541306359,13406.86724515253,13535.886077086878
Neuquén,2025-12-01,3808627.11,10121.3715,10258.6285,Patagonia,37629.555539977955,37126.08473930019,37054.127990654284,36601.20422760362
Río Negro,2025-12-01,2132808.15,10121.3715,10258.6285,Patagonia,21072.3235482464,20790.382944464745,21080.755504445395,20822.31544949726
Salta,2025-12-01,1786368.91,10121.3715,10137.067,NOA,17649.47477720781,17622.147609362746,17105.016762078325,16975.5225375975
San Juan,2025-12-01,1798580.46,10121.3715,10255.4297,Cuyo,17770.12591623576,17537.836176674293,17298.375736045127,17129.404678607345
San Luis,2025-12-01,1767491.93,10121.3715,10255.4297,Cuyo,17462.96863028889,17234.694027496476,17652.871007053196,17481.603606296463
Santa Cruz,2025-12-01,3768614.78,10121.3715,10258.6285,Patagonia,37234.2303609743,36736.048878268666,37013.235261673675,36557.08674891182
Santa Fe,2025-12-01,1978080.08,10121.3715,10107.6074,Pampeana,19543.597228893337,19570.210849305444,18758.888613959163,18770.80020988297
Santiago del Estero,2025-12-01,1353059.04,10121.3715,10137.067,NOA,13368.33688991655,13347.638325760303,12959.9747425941,12862.078839708569
Tierra del Fuego,2025-12-01,2715172.59,10121.3715,10258.6285,Patagonia,26826.13309866158,26467.20845773877,27397.87514575168,27063.920413327545
Tucumán,2025-12-01,1391998.8,10121.3715,10137.067,NOA,13753.06498728952,13731.770738025114,13910.338550465785,13805.933927179409
Buenos Aires,2026-01-01,2023771.26,10413.0309,10395.7458,GBA,19434.987559673908,19467.30228821101,19826.87282934383,19864.683287570486
C.A.B.A.,2026-01-01,2553569.36,10413.0309,10395.7458,GBA,24522.825145942857,24563.599467774595,25124.621428191516,25172.75804350217
Catamarca,2026-01-01,1826195.26,10413.0309,10425.8507,NOA,17537.59570616467,17516.031185829277,16627.212347401986,16510.764637791566
Chaco,2026-01-01,1432719.75,10413.0309,10350.7115,NEA,13758.911922560415,13841.751361730061,14304.707653251939,14459.549788385273
Chubut,2026-01-01,3038755.78,10413.0309,10554.0348,Patagonia,29182.24107065696,28792.360813515603,30903.003851920443,30506.749153885943
Corrientes,2026-01-01,1400195.09,10413.0309,10350.7115,NEA,13446.566167397046,13527.525040186852,14090.485009455078,14242.627632822368
Córdoba,2026-01-01,1799839.64,10413.0309,10400.4968,Pampeana,17284.4934129601,17305.32372261294,17304.555605914677,17317.973654939204
Entre Ríos,2026-01-01,1621676.07,10413.0309,10400.4968,Pampeana,15573.525955829058,15592.294302710616,15945.280735512324,15957.533380937746
Formosa,2026-01-01,1547059.36,10413.0309,10350.7115,NEA,14856.955432639694,14946.405954798374,15043.064868312287,15206.706939001231
Jujuy,2026-01-01,1676022.96,10413.0309,10425.8507,NOA,16095.438264761127,16075.647045281397,16656.55432635915,16537.38250665947
La Pampa,2026-01-01,1777992.48,10413.0309,10400.4968,Pampeana,17074.687447628723,17095.264910806953,17510.428969605564,17524.073475565354
La Rioja,2026-01-01,1411095.64,10413.0309,10425.8507,NOA,13551.247984868649,13534.585144212739,13704.643472989354,13606.365629182286
Mendoza,2026-01-01,1598983.11,10413.0309,10561.6315,Cuyo,15355.597475467013,15139.546480105844,16110.345080800078,15948.608494199201
Misiones,2026-01-01,1382776.42,10413.0309,10350.7115,NEA,13279.288549888006,13359.24028024547,13396.120515045477,13540.959684609286
Neuquén,2026-01-01,3596069.41,10413.0309,10554.0348,Patagonia,34534.31997402409,34072.93493100857,37084.3513995509,36609.66552537595
Río Negro,2026-01-01,1992690.28,10413.0309,10554.0348,Patagonia,19136.505971570678,18880.838634339165,21093.238534602122,20822.76442917919
Salta,2026-01-01,1659639.2,10413.0309,10425.8507,NOA,15938.09925215914,15918.501499354867,17061.41616341351,16938.68019791108
San Juan,2026-01-01,1886749.01,10413.0309,10561.6315,Cuyo,18119.114675824116,17864.181400383077,17297.227085189123,17121.799458364676
San Luis,2026-01-01,1778842.5,10413.0309,10561.6315,Cuyo,17082.850488804368,16842.49729788433,17614.62487752545,17437.63386088478
Santa Cruz,2026-01-01,3569295.9,10413.0309,10554.0348,Patagonia,34277.204536097175,33819.25460393593,36870.99780477577,36394.25847582119
Santa Fe,2026-01-01,1906037.98,10413.0309,10400.4968,Pampeana,18304.353442377665,18326.41283058709,18735.80092696307,18750.268214493608
Santiago del Estero,2026-01-01,1270512.76,10413.0309,10425.8507,NOA,12201.181118169927,12186.178342262276,12968.544481013496,12875.565664532205
Tierra del Fuego,2026-01-01,2697143.09,10413.0309,10554.0348,Patagonia,25901.614197649218,25555.563735681448,27279.208477813612,26929.75980897933
Tucumán,2026-01-01,1525471.29,10413.0309,10425.8507,NOA,14649.637599750136,14631.624160894611,13866.21031957083,13768.042395833878
Buenos Aires,2026-02-01,1968018.16,10714.6255,10667.6896,GBA,18367.5869959244,18448.401048339463,19821.459779555043,19857.61119944265
C.A.B.A.,2026-02-01,2624407.97,10714.6255,10667.6896,GBA,24493.6976098698,24601.46543821448,25105.97512055122,25151.836915052634
Catamarca,2026-02-01,1603765.68,10714.6255,10795.0756,NOA,14968.004994668268,14856.456216017605,16572.080793178953,16456.494712296877
Chaco,2026-02-01,1426578.93,10714.6255,10676.7516,NEA,13314.314438708101,13361.544629360864,14276.978624229194,14439.649885647515
Chubut,2026-02-01,3128714.77,10714.6255,10868.5551,Patagonia,29200.411810940102,28786.85106909933,30715.983536173877,30320.98018380213
Corrientes,2026-02-01,1393198.1,10714.6255,10676.7516,NEA,13002.769905490399,13048.894946661494,14060.705295062833,14220.503090830873
Córdoba,2026-02-01,1719675.86,10714.6255,10714.2389,Pampeana,16049.799034039967,16050.378156118959,17291.899487583156,17307.35133303111
Entre Ríos,2026-02-01,1570378.8,10714.6255,10714.2389,Pampeana,14656.403996574587,14656.932841025227,15922.916548600233,15937.042315092536
Formosa,2026-02-01,1534376.59,10714.6255,10676.7516,NEA,14320.394025904125,14371.193107086992,15066.723728615338,15238.603429500075
Jujuy,2026-02-01,1623886.47,10714.6255,10795.0756,NOA,15155.793079282144,15042.844813425856,16540.379690129088,16422.550963462552
La Pampa,2026-02-01,1850014.15,10714.6255,10714.2389,Pampeana,17266.251162954784,17266.87417806224,17551.119262416847,17566.871848285926
La Rioja,2026-02-01,1223365.51,10714.6255,10795.0756,NOA,11417.715999499937,11332.62568351073,13644.849435122394,13547.367189333416
Mendoza,2026-02-01,1578067.67,10714.6255,10921.6567,Cuyo,14728.164507476251,14448.97704942511,16096.142754741275,15926.521355273413
Misiones,2026-02-01,1371925.23,10714.6255,10676.7516,NEA,12804.229415204478,12849.650168877208,13371.040894746544,13523.403815537915
Neuquén,2026-02-01,3777361.08,10714.6255,10868.5551,Patagonia,35254.252050153314,34754.9517414693,37140.552652987244,36663.534089743625
Río Negro,2026-02-01,2188068.16,10714.6255,10868.5551,Patagonia,20421.321865145917,20132.09796396947,21129.9547078782,20858.072658393587
Salta,2026-02-01,1699770.06,10714.6255,10795.0756,NOA,15864.017459126313,15745.791164260121,17006.478903784726,16884.628893057914
San Juan,2026-02-01,1846208.31,10714.6255,10921.6567,Cuyo,17230.73111608054,16904.104942247453,17304.862102804578,17119.90947316321
San Luis,2026-02-01,1745485.33,10714.6255,10921.6567,Cuyo,16290.679781575192,15981.87324456005,17584.26605368785,17398.73520925846
Santa Cruz,2026-02-01,4472850.03,10714.6255,10868.5551,Patagonia,41745.2763981345,41154.04475430226,37036.07908457604,36555.234619879164
Santa Fe,2026-02-01,1871731.53,10714.6255,10714.2389,Pampeana,17468.940281673866,17469.570610377188,18712.05378805838,18728.749367485612
Santiago del Estero,2026-02-01,1321253.96,10714.6255,10795.0756,NOA,12331.312559641025,12239.41368229047,12940.942941279985,12848.535015925643
Tierra del Fuego,2026-02-01,2699457.98,10714.6255,10868.5551,Patagonia,25194.14215643841,24837.32156816319,27166.44587371738,26817.414488117036
Tucumán,2026-02-01,1425808.3,10714.6255,10795.0756,NOA,13307.122120133832,13207.95104019466,13811.623949167257,13714.26550215053
Buenos Aires,2026-03-01,2053171.99,11077.0608,11031.5404,GBA,18535.350009092665,18611.834028183406,19768.583053340164,19804.311203338628
C.A.B.A.,2026-03-01,2722941.61,11077.0608,11031.5404,GBA,24581.80612315498,24683.240157467037,25096.331040862202,25141.888824901936
Catamarca,2026-03-01,1826269.65,11077.0608,11221.7466,NOA,16486.95157473542,16274.37969415563,16704.005312731937,16587.476538995452
Chaco,2026-03-01,1448453.65,11077.0608,11119.3596,NEA,13076.155093416117,13026.4125103032,14239.103314733165,14394.941465594
Chubut,2026-03-01,2958749.78,11077.0608,11137.8047,Patagonia,26710.603412053133,26564.927826396524,30459.46120513975,30076.13412029914
Corrientes,2026-03-01,1437891.46,11077.0608,11119.3596,NEA,12980.803174791638,12931.4233168608,14013.768746591437,14166.76100034806
Córdoba,2026-03-01,1749107.98,11077.0608,11065.4568,Pampeana,15790.361825945743,15806.920686726642,17259.632160561447,17276.914519060738
Entre Ríos,2026-03-01,1640336.81,11077.0608,11065.4568,Pampeana,14808.412083465319,14823.941204126342,15879.491603399847,15895.338449557288
Formosa,2026-03-01,1525717.29,11077.0608,11119.3596,NEA,13773.665393260279,13721.269433538242,15038.875513273855,15203.586329773088
Jujuy,2026-03-01,1780179.03,11077.0608,11221.7466,NOA,16070.860873129812,15863.653791647726,16587.958770952668,16470.30517101547
La Pampa,2026-03-01,1801356.64,11077.0608,11065.4568,Pampeana,16262.04525301513,16279.098753519147,17537.781959405653,17555.413089219648
La Rioja,2026-03-01,1308234.91,11077.0608,11221.7466,NOA,11810.307207124837,11658.032894808013,13599.06709437544,13502.803952937078
Mendoza,2026-03-01,1628095.54,11077.0608,11271.7383,Cuyo,14697.901992196345,14444.050213621444,16046.600271845493,15869.099334047261
Misiones,2026-03-01,1410385.41,11077.0608,11119.3596,NEA,12732.487755235577,12684.052506045402,13347.046552076015,13492.786666897411
Neuquén,2026-03-01,3808627.11,11077.0608,11137.8047,Patagonia,34383.01169205463,34195.49195363427,37009.338379357374,36545.44089308558
Río Negro,2026-03-01,2132808.15,11077.0608,11137.8047,Patagonia,19254.278625969084,19149.2687064265,21080.47223035223,20815.70768300183
Salta,2026-03-01,1786368.91,11077.0608,11221.7466,NOA,16126.741039464187,15918.813475969951,16977.985694811196,16857.34092316071
San Juan,2026-03-01,1798580.46,11077.0608,11271.7383,Cuyo,16236.982828513499,15956.549133153667,17330.74531960006,17136.248319901923
San Luis,2026-03-01,1767491.93,11077.0608,11271.7383,Cuyo,15956.325977735902,15680.739589207815,17522.67263729237,17328.66895994279
Santa Cruz,2026-03-01,3768614.78,11077.0608,11137.8047,Patagonia,34021.79375958648,33836.244049062916,36923.169932543016,36455.146306644274
Santa Fe,2026-03-01,1978080.08,11077.0608,11065.4568,Pampeana,17857.445361318234,17876.171908239703,18707.292041075787,18726.047156706543
Santiago del Estero,2026-03-01,1353059.04,11077.0608,11221.7466,NOA,12214.96446060854,12057.47276453382,12930.865671776617,12839.2152820895
Tierra del Fuego,2026-03-01,2715172.59,11077.0608,11137.8047,Patagonia,24511.670009069552,24377.98707316173,26990.025584933643,26651.143340238563
Tucumán,2026-03-01,1391998.8,11077.0608,11221.7466,NOA,12566.4995898551,12404.47543165874,13728.053188905307,13632.462608033862
