jurisdiccion,fecha,puestos_miles
Buenos Aires,2009-01-01,1750.673
C.A.B.A.,2009-01-01,1470.713
Catamarca,2009-01-01,30.535
Chaco,2009-01-01,61.076
Chubut,2009-01-01,92.661
Corrientes,2009-01-01,63.922
Córdoba,2009-01-01,452.368
Entre Ríos,2009-01-01,121.004
Formosa,2009-01-01,20.974
Jujuy,2009-01-01,48.019
La Pampa,2009-01-01,35.679
La Rioja,2009-01-01,27.356
Mendoza,2009-01-01,223.035
Misiones,2009-01-01,85.276
Neuquén,2009-01-01,90.962
Río Negro,2009-01-01,98.535
Salta,2009-01-01,98.436
San Juan,2009-01-01,73.21
San Luis,2009-01-01,51.704
Santa Cruz,2009-01-01,53.922
Santa Fe,2009-01-01,457.993
Santiago del Estero,2009-01-01,43.075
Tierra del Fuego,2009-01-01,27.441
Tucumán,2009-01-01,144.01
Buenos Aires,2009-02-01,1743.217
C.A.B.A.,2009-02-01,1467.91
Catamarca,2009-02-01,30.483
Chaco,2009-02-01,61.333
Chubut,2009-02-01,92.295
Corrientes,2009-02-01,64.177
Córdoba,2009-02-01,453.011
Entre Ríos,2009-02-01,121.278
Formosa,2009-02-01,21.07
Jujuy,2009-02-01,48.488
La Pampa,2009-02-01,35.649
La Rioja,2009-02-01,25.881
Mendoza,2009-02-01,223.272
Misiones,2009-02-01,85.314
Neuquén,2009-02-01,90.315
Río Negro,2009-02-01,97.662
Salta,2009-02-01,98.649
San Juan,2009-02-01,73.051
San Luis,2009-02-01,51.147
Santa Cruz,2009-02-01,53.773
Santa Fe,2009-02-01,455.577
Santiago del Estero,2009-02-01,43.069
Tierra del Fuego,2009-02-01,26.87
Tucumán,2009-02-01,145.614
Buenos Aires,2009-03-01,1738.883
C.A.B.A.,2009-03-01,1461.578
Catamarca,2009-03-01,30.928
Chaco,2009-03-01,61.735
Chubut,2009-03-01,92.156
Corrientes,2009-03-01,64.679
Córdoba,2009-03-01,451.863
Entre Ríos,2009-03-01,121.298
Formosa,2009-03-01,21.081
Jujuy,2009-03-01,48.737
La Pampa,2009-03-01,35.47
La Rioja,2009-03-01,25.272
Mendoza,2009-03-01,221.241
Misiones,2009-03-01,84.816
Neuquén,2009-03-01,88.779
Río Negro,2009-03-01,96.527
Salta,2009-03-01,99.218
San Juan,2009-03-01,73.524
San Luis,2009-03-01,50.98
Santa Cruz,2009-03-01,53.305
Santa Fe,2009-03-01,453.775
Santiago del Estero,2009-03-01,42.883
Tierra del Fuego,2009-03-01,26.441
Tucumán,2009-03-01,147.195
Buenos Aires,2009-04-01,1737.01
C.A.B.A.,2009-04-01,1457.786
Catamarca,2009-04-01,30.242
Chaco,2009-04-01,61.844
Chubut,2009-04-01,91.679
Corrientes,2009-04-01,64.165
Córdoba,2009-04-01,450.433
Entre Ríos,2009-04-01,121.558
Formosa,2009-04-01,21.154
Jujuy,2009-04-01,49.086
La Pampa,2009-04-01,35.485
La Rioja,2009-04-01,25.039
Mendoza,2009-04-01,216.942
Misiones,2009-04-01,85.211
Neuquén,2009-04-01,87.285
Río Negro,2009-04-01,92.297
Salta,2009-04-01,100.397
San Juan,2009-04-01,73.23
San Luis,2009-04-01,51.056
Santa Cruz,2009-04-01,53.175
Santa Fe,2009-04-01,451.865
Santiago del Estero,2009-04-01,42.395
Tierra del Fuego,2009-04-01,25.987
Tucumán,2009-04-01,149.612
Buenos Aires,2009-05-01,1736.963
C.A.B.A.,2009-05-01,1455.625
Catamarca,2009-05-01,29.837
Chaco,2009-05-01,61.768
Chubut,2009-05-01,91.304
Corrientes,2009-05-01,64.305
Córdoba,2009-05-01,448.803
Entre Ríos,2009-05-01,122.233
Formosa,2009-05-01,21.313
Jujuy,2009-05-01,50.059
La Pampa,2009-05-01,35.128
La Rioja,2009-05-01,25.549
Mendoza,2009-05-01,215.773
Misiones,2009-05-01,85.788
Neuquén,2009-05-01,87.124
Río Negro,2009-05-01,93.643
Salta,2009-05-01,100.901
San Juan,2009-05-01,73.091
San Luis,2009-05-01,51.066
Santa Cruz,2009-05-01,52.951
Santa Fe,2009-05-01,449.849
Santiago del Estero,2009-05-01,42.074
Tierra del Fuego,2009-05-01,25.567
Tucumán,2009-05-01,148.375
Buenos Aires,2009-06-01,1738.675
C.A.B.A.,2009-06-01,1455.039
Catamarca,2009-06-01,29.133
Chaco,2009-06-01,61.565
Chubut,2009-06-01,90.454
Corrientes,2009-06-01,65.103
Córdoba,2009-06-01,449.088
Entre Ríos,2009-06-01,122.534
Formosa,2009-06-01,21.631
Jujuy,2009-06-01,51.488
La Pampa,2009-06-01,35.211
La Rioja,2009-06-01,25.889
Mendoza,2009-06-01,219.395
Misiones,2009-06-01,86.022
Neuquén,2009-06-01,86.932
Río Negro,2009-06-01,93.818
Salta,2009-06-01,101.442
San Juan,2009-06-01,72.031
San Luis,2009-06-01,50.691
Santa Cruz,2009-06-01,52.363
Santa Fe,2009-06-01,448.639
Santiago del Estero,2009-06-01,42.697
Tierra del Fuego,2009-06-01,25.519
Tucumán,2009-06-01,150.788
Buenos Aires,2009-07-01,1742.058
C.A.B.A.,2009-07-01,1453.617
Catamarca,2009-07-01,29.355
Chaco,2009-07-01,61.701
Chubut,2009-07-01,90.14
Corrientes,2009-07-01,64.896
Córdoba,2009-07-01,449.783
Entre Ríos,2009-07-01,123.104
Formosa,2009-07-01,22.324
Jujuy,2009-07-01,52.16
La Pampa,2009-07-01,35.408
La Rioja,2009-07-01,26.852
Mendoza,2009-07-01,219.215
Misiones,2009-07-01,86.7
Neuquén,2009-07-01,86.603
Río Negro,2009-07-01,93.147
Salta,2009-07-01,101.996
San Juan,2009-07-01,72.577
San Luis,2009-07-01,51.278
Santa Cruz,2009-07-01,52.271
Santa Fe,2009-07-01,449.059
Santiago del Estero,2009-07-01,42.993
Tierra del Fuego,2009-07-01,25.207
Tucumán,2009-07-01,152.298
Buenos Aires,2009-08-01,1740.019
C.A.B.A.,2009-08-01,1453.338
Catamarca,2009-08-01,29.313
Chaco,2009-08-01,61.602
Chubut,2009-08-01,89.788
Corrientes,2009-08-01,64.907
Córdoba,2009-08-01,451.053
Entre Ríos,2009-08-01,123.072
Formosa,2009-08-01,21.732
Jujuy,2009-08-01,51.675
La Pampa,2009-08-01,35.72
La Rioja,2009-08-01,27.445
Mendoza,2009-08-01,218.892
Misiones,2009-08-01,86.755
Neuquén,2009-08-01,86.165
Río Negro,2009-08-01,92.368
Salta,2009-08-01,101.787
San Juan,2009-08-01,71.722
San Luis,2009-08-01,51.548
Santa Cruz,2009-08-01,52.098
Santa Fe,2009-08-01,447.898
Santiago del Estero,2009-08-01,42.308
Tierra del Fuego,2009-08-01,25.183
Tucumán,2009-08-01,149.993
Buenos Aires,2009-09-01,1742.061
C.A.B.A.,2009-09-01,1453.672
Catamarca,2009-09-01,29.495
Chaco,2009-09-01,61.354
Chubut,2009-09-01,89.825
Corrientes,2009-09-01,65.094
Córdoba,2009-09-01,452.21
Entre Ríos,2009-09-01,122.98
Formosa,2009-09-01,21.794
Jujuy,2009-09-01,52.381
La Pampa,2009-09-01,35.974
La Rioja,2009-09-01,27.447
Mendoza,2009-09-01,219.159
Misiones,2009-09-01,86.631
Neuquén,2009-09-01,85.962
Río Negro,2009-09-01,92.765
Salta,2009-09-01,102.16
San Juan,2009-09-01,71.249
San Luis,2009-09-01,52.191
Santa Cruz,2009-09-01,52.301
Santa Fe,2009-09-01,452.287
Santiago del Estero,2009-09-01,42.671
Tierra del Fuego,2009-09-01,25.717
Tucumán,2009-09-01,150.206
Buenos Aires,2009-10-01,1749.205
C.A.B.A.,2009-10-01,1454.555
Catamarca,2009-10-01,29.466
Chaco,2009-10-01,61.242
Chubut,2009-10-01,89.579
Corrientes,2009-10-01,65.232
Córdoba,2009-10-01,453.193
Entre Ríos,2009-10-01,125.497
Formosa,2009-10-01,21.66
Jujuy,2009-10-01,51.594
La Pampa,2009-10-01,35.898
La Rioja,2009-10-01,27.161
Mendoza,2009-10-01,219.361
Misiones,2009-10-01,86.592
Neuquén,2009-10-01,85.04
Río Negro,2009-10-01,91.667
Salta,2009-10-01,102.663
San Juan,2009-10-01,71.205
San Luis,2009-10-01,52.03
Santa Cruz,2009-10-01,51.663
Santa Fe,2009-10-01,453.41
Santiago del Estero,2009-10-01,42.664
Tierra del Fuego,2009-10-01,26.048
Tucumán,2009-10-01,151.096
Buenos Aires,2009-11-01,1748.7
C.A.B.A.,2009-11-01,1455.045
Catamarca,2009-11-01,29.94
Chaco,2009-11-01,59.119
Chubut,2009-11-01,89.159
Corrientes,2009-11-01,66.307
Córdoba,2009-11-01,451.462
Entre Ríos,2009-11-01,127.522
Formosa,2009-11-01,21.7
Jujuy,2009-11-01,51.474
La Pampa,2009-11-01,35.776
La Rioja,2009-11-01,27.375
Mendoza,2009-11-01,219.46
Misiones,2009-11-01,85.764
Neuquén,2009-11-01,85.722
Río Negro,2009-11-01,93.36
Salta,2009-11-01,102.357
San Juan,2009-11-01,71.181
San Luis,2009-11-01,52.652
Santa Cruz,2009-11-01,51.67
Santa Fe,2009-11-01,453.07
Santiago del Estero,2009-11-01,42.775
Tierra del Fuego,2009-11-01,26.463
Tucumán,2009-11-01,152.5
Buenos Aires,2009-12-01,1754.14
C.A.B.A.,2009-12-01,1457.784
Catamarca,2009-12-01,29.598
Chaco,2009-12-01,59.367
Chubut,2009-12-01,88.894
Corrientes,2009-12-01,65.113
Córdoba,2009-12-01,455.312
Entre Ríos,2009-12-01,123.234
Formosa,2009-12-01,21.925
Jujuy,2009-12-01,50.963
La Pampa,2009-12-01,35.341
La Rioja,2009-12-01,27.377
Mendoza,2009-12-01,220.071
Misiones,2009-12-01,86.31
Neuquén,2009-12-01,85.789
Río Negro,2009-12-01,94.004
Salta,2009-12-01,101.998
San Juan,2009-12-01,71.897
San Luis,2009-12-01,52.845
Santa Cruz,2009-12-01,52.148
Santa Fe,2009-12-01,454.168
Santiago del Estero,2009-12-01,42.832
Tierra del Fuego,2009-12-01,26.936
Tucumán,2009-12-01,147.922
Buenos Aires,2010-01-01,1751.189
C.A.B.A.,2010-01-01,1461.225
Catamarca,2010-01-01,29.404
Chaco,2010-01-01,60.008
Chubut,2010-01-01,89.168
Corrientes,2010-01-01,64.853
Córdoba,2010-01-01,459.561
Entre Ríos,2010-01-01,122.388
Formosa,2010-01-01,21.923
Jujuy,2010-01-01,50.545
La Pampa,2010-01-01,35.471
La Rioja,2010-01-01,27.907
Mendoza,2010-01-01,221.638
Misiones,2010-01-01,86.138
Neuquén,2010-01-01,85.63
Río Negro,2010-01-01,95.417
Salta,2010-01-01,102.247
San Juan,2010-01-01,72.23
San Luis,2010-01-01,52.936
Santa Cruz,2010-01-01,52.237
Santa Fe,2010-01-01,454.377
Santiago del Estero,2010-01-01,43.537
Tierra del Fuego,2010-01-01,27.688
Tucumán,2010-01-01,144.26
Buenos Aires,2010-02-01,1756.846
C.A.B.A.,2010-02-01,1463.902
Catamarca,2010-02-01,31.588
Chaco,2010-02-01,60.514
Chubut,2010-02-01,89.844
Corrientes,2010-02-01,65.335
Córdoba,2010-02-01,461.505
Entre Ríos,2010-02-01,122.823
Formosa,2010-02-01,22.115
Jujuy,2010-02-01,51.033
La Pampa,2010-02-01,35.179
La Rioja,2010-02-01,28.259
Mendoza,2010-02-01,222.813
Misiones,2010-02-01,86.449
Neuquén,2010-02-01,85.924
Río Negro,2010-02-01,97.943
Salta,2010-02-01,103.443
San Juan,2010-02-01,73.523
San Luis,2010-02-01,53.662
Santa Cruz,2010-02-01,52.264
Santa Fe,2010-02-01,456.919
Santiago del Estero,2010-02-01,43.698
Tierra del Fuego,2010-02-01,28.162
Tucumán,2010-02-01,146.697
Buenos Aires,2010-03-01,1766.92
C.A.B.A.,2010-03-01,1468.094
Catamarca,2010-03-01,31.33
Chaco,2010-03-01,59.809
Chubut,2010-03-01,90.108
Corrientes,2010-03-01,65.746
Córdoba,2010-03-01,464.021
Entre Ríos,2010-03-01,124.637
Formosa,2010-03-01,22.223
Jujuy,2010-03-01,51.166
La Pampa,2010-03-01,35.005
La Rioja,2010-03-01,28.765
Mendoza,2010-03-01,222.869
Misiones,2010-03-01,86.617
Neuquén,2010-03-01,86.286
Río Negro,2010-03-01,98.692
Salta,2010-03-01,104.504
San Juan,2010-03-01,72.982
San Luis,2010-03-01,53.675
Santa Cruz,2010-03-01,52.459
Santa Fe,2010-03-01,458.204
Santiago del Estero,2010-03-01,44.037
Tierra del Fuego,2010-03-01,28.502
Tucumán,2010-03-01,144.051
Buenos Aires,2010-04-01,1774
C.A.B.A.,2010-04-01,1470.726
Catamarca,2010-04-01,31.529
Chaco,2010-04-01,59.847
Chubut,2010-04-01,90.401
Corrientes,2010-04-01,65.705
Córdoba,2010-04-01,466.134
Entre Ríos,2010-04-01,124.85
Formosa,2010-04-01,22.355
Jujuy,2010-04-01,51.581
La Pampa,2010-04-01,34.973
La Rioja,2010-04-01,28.841
Mendoza,2010-04-01,222.777
Misiones,2010-04-01,86.702
Neuquén,2010-04-01,86.303
Río Negro,2010-04-01,97.311
Salta,2010-04-01,104.889
San Juan,2010-04-01,73.209
San Luis,2010-04-01,53.63
Santa Cruz,2010-04-01,52.129
Santa Fe,2010-04-01,458.632
Santiago del Estero,2010-04-01,44.742
Tierra del Fuego,2010-04-01,28.639
Tucumán,2010-04-01,147.4
Buenos Aires,2010-05-01,1781.345
C.A.B.A.,2010-05-01,1474.178
Catamarca,2010-05-01,31.954
Chaco,2010-05-01,59.466
Chubut,2010-05-01,90.509
Corrientes,2010-05-01,65.914
Córdoba,2010-05-01,467.719
Entre Ríos,2010-05-01,124.851
Formosa,2010-05-01,22.364
Jujuy,2010-05-01,51.823
La Pampa,2010-05-01,34.558
La Rioja,2010-05-01,28.511
Mendoza,2010-05-01,223.459
Misiones,2010-05-01,86.671
Neuquén,2010-05-01,86.624
Río Negro,2010-05-01,95.977
Salta,2010-05-01,105.034
San Juan,2010-05-01,73.232
San Luis,2010-05-01,53.454
Santa Cruz,2010-05-01,52.003
Santa Fe,2010-05-01,459.805
Santiago del Estero,2010-05-01,44.796
Tierra del Fuego,2010-05-01,28.983
Tucumán,2010-05-01,148.655
Buenos Aires,2010-06-01,1787.825
C.A.B.A.,2010-06-01,1477.686
Catamarca,2010-06-01,31.466
Chaco,2010-06-01,59.477
Chubut,2010-06-01,90.767
Corrientes,2010-06-01,65.94
Córdoba,2010-06-01,469.19
Entre Ríos,2010-06-01,125.955
Formosa,2010-06-01,22.282
Jujuy,2010-06-01,52.388
La Pampa,2010-06-01,34.427
La Rioja,2010-06-01,28.631
Mendoza,2010-06-01,224.977
Misiones,2010-06-01,87.007
Neuquén,2010-06-01,86.429
Río Negro,2010-06-01,96.416
Salta,2010-06-01,105.237
San Juan,2010-06-01,73.847
San Luis,2010-06-01,53.705
Santa Cruz,2010-06-01,52.467
Santa Fe,2010-06-01,461.058
Santiago del Estero,2010-06-01,44.938
Tierra del Fuego,2010-06-01,29.353
Tucumán,2010-06-01,148.921
Buenos Aires,2010-07-01,1793.814
C.A.B.A.,2010-07-01,1481.093
Catamarca,2010-07-01,30.89
Chaco,2010-07-01,59.543
Chubut,2010-07-01,91.874
Corrientes,2010-07-01,65.648
Córdoba,2010-07-01,470.247
Entre Ríos,2010-07-01,126.591
Formosa,2010-07-01,22.534
Jujuy,2010-07-01,52.482
La Pampa,2010-07-01,34.258
La Rioja,2010-07-01,28.647
Mendoza,2010-07-01,225.053
Misiones,2010-07-01,87.34
Neuquén,2010-07-01,86.707
Río Negro,2010-07-01,96.047
Salta,2010-07-01,104.873
San Juan,2010-07-01,74.052
San Luis,2010-07-01,53.824
Santa Cruz,2010-07-01,52.961
Santa Fe,2010-07-01,462.996
Santiago del Estero,2010-07-01,45.522
Tierra del Fuego,2010-07-01,29.026
Tucumán,2010-07-01,150.849
Buenos Aires,2010-08-01,1803.093
C.A.B.A.,2010-08-01,1484.261
Catamarca,2010-08-01,30.15
Chaco,2010-08-01,60.268
Chubut,2010-08-01,91.536
Corrientes,2010-08-01,65.699
Córdoba,2010-08-01,472.332
Entre Ríos,2010-08-01,127.029
Formosa,2010-08-01,22.856
Jujuy,2010-08-01,52.66
La Pampa,2010-08-01,34.142
La Rioja,2010-08-01,28.305
Mendoza,2010-08-01,225.814
Misiones,2010-08-01,88.08
Neuquén,2010-08-01,87.32
Río Negro,2010-08-01,96.121
Salta,2010-08-01,105.201
San Juan,2010-08-01,74.862
San Luis,2010-08-01,53.451
Santa Cruz,2010-08-01,53.21
Santa Fe,2010-08-01,464.043
Santiago del Estero,2010-08-01,46.107
Tierra del Fuego,2010-08-01,29.824
Tucumán,2010-08-01,151.143
Buenos Aires,2010-09-01,1807.912
C.A.B.A.,2010-09-01,1491.217
Catamarca,2010-09-01,30.131
Chaco,2010-09-01,60.961
Chubut,2010-09-01,92.286
Corrientes,2010-09-01,66.033
Córdoba,2010-09-01,473.823
Entre Ríos,2010-09-01,127.187
Formosa,2010-09-01,23.142
Jujuy,2010-09-01,52.979
La Pampa,2010-09-01,34.182
La Rioja,2010-09-01,28.6
Mendoza,2010-09-01,227.016
Misiones,2010-09-01,89.171
Neuquén,2010-09-01,87.499
Río Negro,2010-09-01,94.841
Salta,2010-09-01,106.226
San Juan,2010-09-01,75.617
San Luis,2010-09-01,53.824
Santa Cruz,2010-09-01,53.789
Santa Fe,2010-09-01,466.497
Santiago del Estero,2010-09-01,46.814
Tierra del Fuego,2010-09-01,30.419
Tucumán,2010-09-01,152.346
Buenos Aires,2010-10-01,1813.008
C.A.B.A.,2010-10-01,1494.858
Catamarca,2010-10-01,29.742
Chaco,2010-10-01,61.026
Chubut,2010-10-01,92.001
Corrientes,2010-10-01,66.178
Córdoba,2010-10-01,474.581
Entre Ríos,2010-10-01,127.274
Formosa,2010-10-01,23.562
Jujuy,2010-10-01,52.948
La Pampa,2010-10-01,34.157
La Rioja,2010-10-01,29.318
Mendoza,2010-10-01,227.592
Misiones,2010-10-01,89.064
Neuquén,2010-10-01,87.774
Río Negro,2010-10-01,93.954
Salta,2010-10-01,105.672
San Juan,2010-10-01,76.633
San Luis,2010-10-01,54.125
Santa Cruz,2010-10-01,53.483
Santa Fe,2010-10-01,467.818
Santiago del Estero,2010-10-01,46.039
Tierra del Fuego,2010-10-01,30.812
Tucumán,2010-10-01,150.411
Buenos Aires,2010-11-01,1815.43
C.A.B.A.,2010-11-01,1499.209
Catamarca,2010-11-01,30.31
Chaco,2010-11-01,61.711
Chubut,2010-11-01,92.686
Corrientes,2010-11-01,66.421
Córdoba,2010-11-01,476.448
Entre Ríos,2010-11-01,127.671
Formosa,2010-11-01,23.764
Jujuy,2010-11-01,52.919
La Pampa,2010-11-01,34.268
La Rioja,2010-11-01,29.38
Mendoza,2010-11-01,230.26
Misiones,2010-11-01,88.731
Neuquén,2010-11-01,87.881
Río Negro,2010-11-01,95.502
Salta,2010-11-01,105.2
San Juan,2010-11-01,76.754
San Luis,2010-11-01,54.447
Santa Cruz,2010-11-01,54.58
Santa Fe,2010-11-01,469.149
Santiago del Estero,2010-11-01,46.313
Tierra del Fuego,2010-11-01,31.082
Tucumán,2010-11-01,151.352
Buenos Aires,2010-12-01,1830.975
C.A.B.A.,2010-12-01,1502.916
Catamarca,2010-12-01,30.167
Chaco,2010-12-01,62.068
Chubut,2010-12-01,93.516
Corrientes,2010-12-01,66.992
Córdoba,2010-12-01,480.33
Entre Ríos,2010-12-01,127.277
Formosa,2010-12-01,23.937
Jujuy,2010-12-01,52.73
La Pampa,2010-12-01,34.49
La Rioja,2010-12-01,29.49
Mendoza,2010-12-01,232.852
Misiones,2010-12-01,90.061
Neuquén,2010-12-01,88.568
Río Negro,2010-12-01,95.543
Salta,2010-12-01,105.916
San Juan,2010-12-01,78.053
San Luis,2010-12-01,54.474
Santa Cruz,2010-12-01,55.027
Santa Fe,2010-12-01,472.273
Santiago del Estero,2010-12-01,46.675
Tierra del Fuego,2010-12-01,31.41
Tucumán,2010-12-01,151.647
Buenos Aires,2011-01-01,1838.873
C.A.B.A.,2011-01-01,1504.916
Catamarca,2011-01-01,30.218
Chaco,2011-01-01,62.529
Chubut,2011-01-01,93.964
Corrientes,2011-01-01,67.546
Córdoba,2011-01-01,482.566
Entre Ríos,2011-01-01,127.663
Formosa,2011-01-01,24.195
Jujuy,2011-01-01,53.201
La Pampa,2011-01-01,34.968
La Rioja,2011-01-01,29.74
Mendoza,2011-01-01,233.695
Misiones,2011-01-01,91.303
Neuquén,2011-01-01,88.926
Río Negro,2011-01-01,99.401
Salta,2011-01-01,107.498
San Juan,2011-01-01,79.732
San Luis,2011-01-01,54.595
Santa Cruz,2011-01-01,55.801
Santa Fe,2011-01-01,474.328
Santiago del Estero,2011-01-01,46.55
Tierra del Fuego,2011-01-01,31.717
Tucumán,2011-01-01,150.545
Buenos Aires,2011-02-01,1846.004
C.A.B.A.,2011-02-01,1508.964
Catamarca,2011-02-01,31.986
Chaco,2011-02-01,63.223
Chubut,2011-02-01,94.256
Corrientes,2011-02-01,67.955
Córdoba,2011-02-01,485.071
Entre Ríos,2011-02-01,127.949
Formosa,2011-02-01,24.407
Jujuy,2011-02-01,53.247
La Pampa,2011-02-01,35.424
La Rioja,2011-02-01,30.233
Mendoza,2011-02-01,235.362
Misiones,2011-02-01,92.506
Neuquén,2011-02-01,89.299
Río Negro,2011-02-01,100.696
Salta,2011-02-01,108.628
San Juan,2011-02-01,79.866
San Luis,2011-02-01,54.651
Santa Cruz,2011-02-01,56.685
Santa Fe,2011-02-01,476.156
Santiago del Estero,2011-02-01,46.817
Tierra del Fuego,2011-02-01,32.249
Tucumán,2011-02-01,153.391
Buenos Aires,2011-03-01,1850.05
C.A.B.A.,2011-03-01,1508.768
Catamarca,2011-03-01,32.54
Chaco,2011-03-01,63.76
Chubut,2011-03-01,94.773
Corrientes,2011-03-01,68.332
Córdoba,2011-03-01,485.766
Entre Ríos,2011-03-01,129.752
Formosa,2011-03-01,24.711
Jujuy,2011-03-01,53.897
La Pampa,2011-03-01,35.863
La Rioja,2011-03-01,30.82
Mendoza,2011-03-01,235.241
Misiones,2011-03-01,93.271
Neuquén,2011-03-01,89.207
Río Negro,2011-03-01,101.11
Salta,2011-03-01,109.34
San Juan,2011-03-01,79.184
San Luis,2011-03-01,54.449
Santa Cruz,2011-03-01,57.408
Santa Fe,2011-03-01,477.92
Santiago del Estero,2011-03-01,46.818
Tierra del Fuego,2011-03-01,32.339
Tucumán,2011-03-01,155.276
Buenos Aires,2011-04-01,1856.204
C.A.B.A.,2011-04-01,1517.621
Catamarca,2011-04-01,32.322
Chaco,2011-04-01,64.337
Chubut,2011-04-01,95.196
Corrientes,2011-04-01,69.181
Córdoba,2011-04-01,490.494
Entre Ríos,2011-04-01,131.197
Formosa,2011-04-01,25.027
Jujuy,2011-04-01,54.089
La Pampa,2011-04-01,36.129
La Rioja,2011-04-01,31.412
Mendoza,2011-04-01,237.108
Misiones,2011-04-01,93.955
Neuquén,2011-04-01,89.451
Río Negro,2011-04-01,101.017
Salta,2011-04-01,109.606
San Juan,2011-04-01,80.847
San Luis,2011-04-01,54.629
Santa Cruz,2011-04-01,57.794
Santa Fe,2011-04-01,480.773
Santiago del Estero,2011-04-01,47.078
Tierra del Fuego,2011-04-01,33.184
Tucumán,2011-04-01,155.373
Buenos Aires,2011-05-01,1860.746
C.A.B.A.,2011-05-01,1523.17
Catamarca,2011-05-01,32.176
Chaco,2011-05-01,65.759
Chubut,2011-05-01,94.97
Corrientes,2011-05-01,69.434
Córdoba,2011-05-01,493.518
Entre Ríos,2011-05-01,131.86
Formosa,2011-05-01,25.329
Jujuy,2011-05-01,54.483
La Pampa,2011-05-01,36.375
La Rioja,2011-05-01,31.347
Mendoza,2011-05-01,238.978
Misiones,2011-05-01,94.353
Neuquén,2011-05-01,89.642
Río Negro,2011-05-01,100.483
Salta,2011-05-01,110.382
San Juan,2011-05-01,81.65
San Luis,2011-05-01,54.923
Santa Cruz,2011-05-01,57.983
Santa Fe,2011-05-01,482.83
Santiago del Estero,2011-05-01,47.633
Tierra del Fuego,2011-05-01,33.656
Tucumán,2011-05-01,156.573
Buenos Aires,2011-06-01,1870.334
C.A.B.A.,2011-06-01,1525.129
Catamarca,2011-06-01,31.816
Chaco,2011-06-01,65.953
Chubut,2011-06-01,95.244
Corrientes,2011-06-01,69.629
Córdoba,2011-06-01,494.624
Entre Ríos,2011-06-01,132.376
Formosa,2011-06-01,25.986
Jujuy,2011-06-01,54.307
La Pampa,2011-06-01,36.474
La Rioja,2011-06-01,31.262
Mendoza,2011-06-01,238.587
Misiones,2011-06-01,94.619
Neuquén,2011-06-01,90.183
Río Negro,2011-06-01,100.222
Salta,2011-06-01,110.938
San Juan,2011-06-01,82.743
San Luis,2011-06-01,55.03
Santa Cruz,2011-06-01,58.601
Santa Fe,2011-06-01,485.359
Santiago del Estero,2011-06-01,48.069
Tierra del Fuego,2011-06-01,34.036
Tucumán,2011-06-01,156.707
Buenos Aires,2011-07-01,1875.135
C.A.B.A.,2011-07-01,1529.513
Catamarca,2011-07-01,31.26
Chaco,2011-07-01,66.123
Chubut,2011-07-01,95.034
Corrientes,2011-07-01,70.034
Córdoba,2011-07-01,496.927
Entre Ríos,2011-07-01,133.312
Formosa,2011-07-01,26.169
Jujuy,2011-07-01,54.515
La Pampa,2011-07-01,36.599
La Rioja,2011-07-01,30.511
Mendoza,2011-07-01,240.494
Misiones,2011-07-01,95.02
Neuquén,2011-07-01,89.892
Río Negro,2011-07-01,100.105
Salta,2011-07-01,111.269
San Juan,2011-07-01,83.082
San Luis,2011-07-01,55.101
Santa Cruz,2011-07-01,58.239
Santa Fe,2011-07-01,487.209
Santiago del Estero,2011-07-01,47.886
Tierra del Fuego,2011-07-01,34.775
Tucumán,2011-07-01,156.467
Buenos Aires,2011-08-01,1879.8
C.A.B.A.,2011-08-01,1533.752
Catamarca,2011-08-01,30.89
Chaco,2011-08-01,66.054
Chubut,2011-08-01,95.004
Corrientes,2011-08-01,70.674
Córdoba,2011-08-01,497.722
Entre Ríos,2011-08-01,134.291
Formosa,2011-08-01,26.496
Jujuy,2011-08-01,54.879
La Pampa,2011-08-01,36.695
La Rioja,2011-08-01,30.444
Mendoza,2011-08-01,241.544
Misiones,2011-08-01,95.417
Neuquén,2011-08-01,90.185
Río Negro,2011-08-01,99.994
Salta,2011-08-01,111.919
San Juan,2011-08-01,83.762
San Luis,2011-08-01,55.506
Santa Cruz,2011-08-01,58.211
Santa Fe,2011-08-01,489.194
Santiago del Estero,2011-08-01,48.098
Tierra del Fuego,2011-08-01,35.118
Tucumán,2011-08-01,158.947
Buenos Aires,2011-09-01,1890.919
C.A.B.A.,2011-09-01,1533.91
Catamarca,2011-09-01,30.821
Chaco,2011-09-01,65.685
Chubut,2011-09-01,94.774
Corrientes,2011-09-01,70.706
Córdoba,2011-09-01,499.441
Entre Ríos,2011-09-01,134.133
Formosa,2011-09-01,26.384
Jujuy,2011-09-01,54.998
La Pampa,2011-09-01,36.74
La Rioja,2011-09-01,30.158
Mendoza,2011-09-01,241.466
Misiones,2011-09-01,96.053
Neuquén,2011-09-01,90.47
Río Negro,2011-09-01,100.612
Salta,2011-09-01,111.216
San Juan,2011-09-01,84.219
San Luis,2011-09-01,55.462
Santa Cruz,2011-09-01,59.009
Santa Fe,2011-09-01,490.198
Santiago del Estero,2011-09-01,47.878
Tierra del Fuego,2011-09-01,35.282
Tucumán,2011-09-01,158.647
Buenos Aires,2011-10-01,1893.079
C.A.B.A.,2011-10-01,1534.309
Catamarca,2011-10-01,30.985
Chaco,2011-10-01,66.723
Chubut,2011-10-01,94.432
Corrientes,2011-10-01,71.133
Córdoba,2011-10-01,501.221
Entre Ríos,2011-10-01,134.716
Formosa,2011-10-01,26.31
Jujuy,2011-10-01,55.514
La Pampa,2011-10-01,36.786
La Rioja,2011-10-01,30.351
Mendoza,2011-10-01,243.028
Misiones,2011-10-01,96.632
Neuquén,2011-10-01,90.536
Río Negro,2011-10-01,100.617
Salta,2011-10-01,111.755
San Juan,2011-10-01,84.724
San Luis,2011-10-01,55.971
Santa Cruz,2011-10-01,59.555
Santa Fe,2011-10-01,491.194
Santiago del Estero,2011-10-01,48.233
Tierra del Fuego,2011-10-01,35.512
Tucumán,2011-10-01,161.699
Buenos Aires,2011-11-01,1900.645
C.A.B.A.,2011-11-01,1537.03
Catamarca,2011-11-01,30.99
Chaco,2011-11-01,66.683
Chubut,2011-11-01,94.71
Corrientes,2011-11-01,71.488
Córdoba,2011-11-01,502.391
Entre Ríos,2011-11-01,135.885
Formosa,2011-11-01,26.344
Jujuy,2011-11-01,55.439
La Pampa,2011-11-01,36.644
La Rioja,2011-11-01,30.198
Mendoza,2011-11-01,242.63
Misiones,2011-11-01,96.917
Neuquén,2011-11-01,90.554
Río Negro,2011-11-01,100.776
Salta,2011-11-01,112.364
San Juan,2011-11-01,85.507
San Luis,2011-11-01,55.843
Santa Cruz,2011-11-01,59.863
Santa Fe,2011-11-01,492.516
Santiago del Estero,2011-11-01,47.999
Tierra del Fuego,2011-11-01,35.779
Tucumán,2011-11-01,161.174
Buenos Aires,2011-12-01,1901.586
C.A.B.A.,2011-12-01,1537.57
Catamarca,2011-12-01,30.929
Chaco,2011-12-01,66.73
Chubut,2011-12-01,94.858
Corrientes,2011-12-01,71.195
Córdoba,2011-12-01,501.779
Entre Ríos,2011-12-01,135.693
Formosa,2011-12-01,26.152
Jujuy,2011-12-01,55.781
La Pampa,2011-12-01,36.349
La Rioja,2011-12-01,30.253
Mendoza,2011-12-01,242.043
Misiones,2011-12-01,97.022
Neuquén,2011-12-01,90.287
Río Negro,2011-12-01,100.145
Salta,2011-12-01,111.299
San Juan,2011-12-01,85.436
San Luis,2011-12-01,56.105
Santa Cruz,2011-12-01,60.228
Santa Fe,2011-12-01,492.951
Santiago del Estero,2011-12-01,47.915
Tierra del Fuego,2011-12-01,35.961
Tucumán,2011-12-01,161.593
Buenos Aires,2012-01-01,1909.681
C.A.B.A.,2012-01-01,1533.388
Catamarca,2012-01-01,30.759
Chaco,2012-01-01,66.877
Chubut,2012-01-01,94.461
Corrientes,2012-01-01,71.162
Córdoba,2012-01-01,499.441
Entre Ríos,2012-01-01,135.627
Formosa,2012-01-01,26.227
Jujuy,2012-01-01,55.756
La Pampa,2012-01-01,36.055
La Rioja,2012-01-01,30.498
Mendoza,2012-01-01,240.251
Misiones,2012-01-01,96.556
Neuquén,2012-01-01,89.512
Río Negro,2012-01-01,100.046
Salta,2012-01-01,110.466
San Juan,2012-01-01,85.823
San Luis,2012-01-01,56.231
Santa Cruz,2012-01-01,60.542
Santa Fe,2012-01-01,492.625
Santiago del Estero,2012-01-01,47.782
Tierra del Fuego,2012-01-01,35.492
Tucumán,2012-01-01,161.839
Buenos Aires,2012-02-01,1910.636
C.A.B.A.,2012-02-01,1531.528
Catamarca,2012-02-01,30.222
Chaco,2012-02-01,67.003
Chubut,2012-02-01,94.049
Corrientes,2012-02-01,71.043
Córdoba,2012-02-01,497.994
Entre Ríos,2012-02-01,135.851
Formosa,2012-02-01,26.465
Jujuy,2012-02-01,55.862
La Pampa,2012-02-01,35.81
La Rioja,2012-02-01,27.696
Mendoza,2012-02-01,241.819
Misiones,2012-02-01,93.176
Neuquén,2012-02-01,89.532
Río Negro,2012-02-01,99.865
Salta,2012-02-01,109.758
San Juan,2012-02-01,85.814
San Luis,2012-02-01,56.223
Santa Cruz,2012-02-01,60.602
Santa Fe,2012-02-01,492.547
Santiago del Estero,2012-02-01,47.529
Tierra del Fuego,2012-02-01,35.819
Tucumán,2012-02-01,161.714
Buenos Aires,2012-03-01,1918.239
C.A.B.A.,2012-03-01,1533.504
Catamarca,2012-03-01,30.395
Chaco,2012-03-01,67.443
Chubut,2012-03-01,94.148
Corrientes,2012-03-01,71.07
Córdoba,2012-03-01,497.987
Entre Ríos,2012-03-01,135.585
Formosa,2012-03-01,26.16
Jujuy,2012-03-01,55.401
La Pampa,2012-03-01,35.563
La Rioja,2012-03-01,28.676
Mendoza,2012-03-01,243.441
Misiones,2012-03-01,96.375
Neuquén,2012-03-01,90.049
Río Negro,2012-03-01,100.854
Salta,2012-03-01,108.823
San Juan,2012-03-01,86.415
San Luis,2012-03-01,56.474
Santa Cruz,2012-03-01,61.223
Santa Fe,2012-03-01,492.513
Santiago del Estero,2012-03-01,47.475
Tierra del Fuego,2012-03-01,36.506
Tucumán,2012-03-01,159.601
Buenos Aires,2012-04-01,1910.398
C.A.B.A.,2012-04-01,1529.929
Catamarca,2012-04-01,30.025
Chaco,2012-04-01,67.473
Chubut,2012-04-01,93.925
Corrientes,2012-04-01,71.182
Córdoba,2012-04-01,496.37
Entre Ríos,2012-04-01,134.643
Formosa,2012-04-01,25.936
Jujuy,2012-04-01,55.081
La Pampa,2012-04-01,35.463
La Rioja,2012-04-01,28.421
Mendoza,2012-04-01,244.205
Misiones,2012-04-01,95.948
Neuquén,2012-04-01,90.716
Río Negro,2012-04-01,100.28
Salta,2012-04-01,108.86
San Juan,2012-04-01,86.503
San Luis,2012-04-01,56.387
Santa Cruz,2012-04-01,61.236
Santa Fe,2012-04-01,492.498
Santiago del Estero,2012-04-01,47.109
Tierra del Fuego,2012-04-01,36.8
Tucumán,2012-04-01,156.761
Buenos Aires,2012-05-01,1914.971
C.A.B.A.,2012-05-01,1528.966
Catamarca,2012-05-01,29.967
Chaco,2012-05-01,67.69
Chubut,2012-05-01,94.403
Corrientes,2012-05-01,70.884
Córdoba,2012-05-01,496.407
Entre Ríos,2012-05-01,135.371
Formosa,2012-05-01,25.889
Jujuy,2012-05-01,54.968
La Pampa,2012-05-01,35.51
La Rioja,2012-05-01,28.864
Mendoza,2012-05-01,243.818
Misiones,2012-05-01,96.015
Neuquén,2012-05-01,90.795
Río Negro,2012-05-01,101.212
Salta,2012-05-01,109.291
San Juan,2012-05-01,87.13
San Luis,2012-05-01,56.389
Santa Cruz,2012-05-01,61.257
Santa Fe,2012-05-01,492.332
Santiago del Estero,2012-05-01,47.036
Tierra del Fuego,2012-05-01,37.208
Tucumán,2012-05-01,161.121
Buenos Aires,2012-06-01,1913.608
C.A.B.A.,2012-06-01,1527.152
Catamarca,2012-06-01,29.97
Chaco,2012-06-01,67.585
Chubut,2012-06-01,94.674
Corrientes,2012-06-01,71.075
Córdoba,2012-06-01,496.965
Entre Ríos,2012-06-01,134.605
Formosa,2012-06-01,25.483
Jujuy,2012-06-01,54.786
La Pampa,2012-06-01,35.573
La Rioja,2012-06-01,28.88
Mendoza,2012-06-01,244.558
Misiones,2012-06-01,95.997
Neuquén,2012-06-01,91.259
Río Negro,2012-06-01,100.952
Salta,2012-06-01,109.744
San Juan,2012-06-01,87.307
San Luis,2012-06-01,56.267
Santa Cruz,2012-06-01,60.988
Santa Fe,2012-06-01,491.725
Santiago del Estero,2012-06-01,46.721
Tierra del Fuego,2012-06-01,37.43
Tucumán,2012-06-01,161.927
Buenos Aires,2012-07-01,1914.891
C.A.B.A.,2012-07-01,1524.696
Catamarca,2012-07-01,30.228
Chaco,2012-07-01,67.563
Chubut,2012-07-01,94.616
Corrientes,2012-07-01,71.238
Córdoba,2012-07-01,495.996
Entre Ríos,2012-07-01,134.176
Formosa,2012-07-01,25.031
Jujuy,2012-07-01,54.814
La Pampa,2012-07-01,35.435
La Rioja,2012-07-01,29.203
Mendoza,2012-07-01,244.7
Misiones,2012-07-01,95.766
Neuquén,2012-07-01,91.432
Río Negro,2012-07-01,101.013
Salta,2012-07-01,110.212
San Juan,2012-07-01,87.79
San Luis,2012-07-01,56.236
Santa Cruz,2012-07-01,60.664
Santa Fe,2012-07-01,491.193
Santiago del Estero,2012-07-01,47.142
Tierra del Fuego,2012-07-01,37.65
Tucumán,2012-07-01,161.441
Buenos Aires,2012-08-01,1916.244
C.A.B.A.,2012-08-01,1522.688
Catamarca,2012-08-01,30.648
Chaco,2012-08-01,67.197
Chubut,2012-08-01,94.944
Corrientes,2012-08-01,70.926
Córdoba,2012-08-01,496.356
Entre Ríos,2012-08-01,134.048
Formosa,2012-08-01,24.976
Jujuy,2012-08-01,54.456
La Pampa,2012-08-01,35.443
La Rioja,2012-08-01,29.584
Mendoza,2012-08-01,244.704
Misiones,2012-08-01,96.007
Neuquén,2012-08-01,91.332
Río Negro,2012-08-01,101.587
Salta,2012-08-01,109.284
San Juan,2012-08-01,88.28
San Luis,2012-08-01,55.888
Santa Cruz,2012-08-01,60.651
Santa Fe,2012-08-01,489.602
Santiago del Estero,2012-08-01,47.221
Tierra del Fuego,2012-08-01,37.629
Tucumán,2012-08-01,161.204
Buenos Aires,2012-09-01,1914.355
C.A.B.A.,2012-09-01,1521.674
Catamarca,2012-09-01,31.052
Chaco,2012-09-01,66.813
Chubut,2012-09-01,94.641
Corrientes,2012-09-01,70.943
Córdoba,2012-09-01,496.343
Entre Ríos,2012-09-01,133.895
Formosa,2012-09-01,24.887
Jujuy,2012-09-01,54.989
La Pampa,2012-09-01,35.365
La Rioja,2012-09-01,29.973
Mendoza,2012-09-01,244.673
Misiones,2012-09-01,96.128
Neuquén,2012-09-01,91.99
Río Negro,2012-09-01,101.411
Salta,2012-09-01,109.469
San Juan,2012-09-01,89.075
San Luis,2012-09-01,55.808
Santa Cruz,2012-09-01,60.523
Santa Fe,2012-09-01,490.25
Santiago del Estero,2012-09-01,47.45
Tierra del Fuego,2012-09-01,37.874
Tucumán,2012-09-01,160.708
Buenos Aires,2012-10-01,1916.462
C.A.B.A.,2012-10-01,1521.846
Catamarca,2012-10-01,31.167
Chaco,2012-10-01,66.908
Chubut,2012-10-01,94.782
Corrientes,2012-10-01,70.678
Córdoba,2012-10-01,496.679
Entre Ríos,2012-10-01,134.814
Formosa,2012-10-01,24.855
Jujuy,2012-10-01,54.978
La Pampa,2012-10-01,35.193
La Rioja,2012-10-01,29.795
Mendoza,2012-10-01,244.618
Misiones,2012-10-01,96.039
Neuquén,2012-10-01,92.297
Río Negro,2012-10-01,101.269
Salta,2012-10-01,109.225
San Juan,2012-10-01,89.046
San Luis,2012-10-01,55.754
Santa Cruz,2012-10-01,60.72
Santa Fe,2012-10-01,490.668
Santiago del Estero,2012-10-01,47.691
Tierra del Fuego,2012-10-01,37.945
Tucumán,2012-10-01,158.969
Buenos Aires,2012-11-01,1913.911
C.A.B.A.,2012-11-01,1521.007
Catamarca,2012-11-01,31.097
Chaco,2012-11-01,67.121
Chubut,2012-11-01,94.978
Corrientes,2012-11-01,70.996
Córdoba,2012-11-01,498.161
Entre Ríos,2012-11-01,134.814
Formosa,2012-11-01,24.875
Jujuy,2012-11-01,55.103
La Pampa,2012-11-01,35.755
La Rioja,2012-11-01,30.023
Mendoza,2012-11-01,245.293
Misiones,2012-11-01,97.411
Neuquén,2012-11-01,92.587
Río Negro,2012-11-01,101.63
Salta,2012-11-01,109.018
San Juan,2012-11-01,89.515
San Luis,2012-11-01,55.688
Santa Cruz,2012-11-01,60.515
Santa Fe,2012-11-01,489.676
Santiago del Estero,2012-11-01,48.128
Tierra del Fuego,2012-11-01,38.225
Tucumán,2012-11-01,158.911
Buenos Aires,2012-12-01,1927.4
C.A.B.A.,2012-12-01,1523.852
Catamarca,2012-12-01,31.155
Chaco,2012-12-01,67.61
Chubut,2012-12-01,94.307
Corrientes,2012-12-01,71.276
Córdoba,2012-12-01,499.649
Entre Ríos,2012-12-01,135.489
Formosa,2012-12-01,25.039
Jujuy,2012-12-01,54.883
La Pampa,2012-12-01,36.163
La Rioja,2012-12-01,30.592
Mendoza,2012-12-01,245.692
Misiones,2012-12-01,97.998
Neuquén,2012-12-01,93.028
Río Negro,2012-12-01,101.987
Salta,2012-12-01,109.161
San Juan,2012-12-01,90.549
San Luis,2012-12-01,55.62
Santa Cruz,2012-12-01,60.806
Santa Fe,2012-12-01,491.494
Santiago del Estero,2012-12-01,48.18
Tierra del Fuego,2012-12-01,38.877
Tucumán,2012-12-01,159
Buenos Aires,2013-01-01,1924.314
C.A.B.A.,2013-01-01,1523.538
Catamarca,2013-01-01,31.151
Chaco,2013-01-01,67.698
Chubut,2013-01-01,94.202
Corrientes,2013-01-01,71.15
Córdoba,2013-01-01,499.177
Entre Ríos,2013-01-01,135.782
Formosa,2013-01-01,25.277
Jujuy,2013-01-01,54.605
La Pampa,2013-01-01,36.586
La Rioja,2013-01-01,30.559
Mendoza,2013-01-01,244.974
Misiones,2013-01-01,99.083
Neuquén,2013-01-01,93.847
Río Negro,2013-01-01,103.541
Salta,2013-01-01,109.049
San Juan,2013-01-01,90.866
San Luis,2013-01-01,55.414
Santa Cruz,2013-01-01,60.681
Santa Fe,2013-01-01,492.807
Santiago del Estero,2013-01-01,48.162
Tierra del Fuego,2013-01-01,39.271
Tucumán,2013-01-01,159.356
Buenos Aires,2013-02-01,1927.066
C.A.B.A.,2013-02-01,1522.681
Catamarca,2013-02-01,31.531
Chaco,2013-02-01,68.204
Chubut,2013-02-01,94.405
Corrientes,2013-02-01,71.219
Córdoba,2013-02-01,499.38
Entre Ríos,2013-02-01,135.679
Formosa,2013-02-01,25.364
Jujuy,2013-02-01,54.436
La Pampa,2013-02-01,36.492
La Rioja,2013-02-01,30.874
Mendoza,2013-02-01,247.264
Misiones,2013-02-01,99.717
Neuquén,2013-02-01,94.51
Río Negro,2013-02-01,102.682
Salta,2013-02-01,108.439
San Juan,2013-02-01,91.847
San Luis,2013-02-01,55.446
Santa Cruz,2013-02-01,61.163
Santa Fe,2013-02-01,493.88
Santiago del Estero,2013-02-01,48.166
Tierra del Fuego,2013-02-01,39.53
Tucumán,2013-02-01,159.276
Buenos Aires,2013-03-01,1928.209
C.A.B.A.,2013-03-01,1520.958
Catamarca,2013-03-01,31.442
Chaco,2013-03-01,68.495
Chubut,2013-03-01,93.939
Corrientes,2013-03-01,71.177
Córdoba,2013-03-01,500.41
Entre Ríos,2013-03-01,135.403
Formosa,2013-03-01,25.367
Jujuy,2013-03-01,54.201
La Pampa,2013-03-01,36.44
La Rioja,2013-03-01,31.13
Mendoza,2013-03-01,249.322
Misiones,2013-03-01,99.762
Neuquén,2013-03-01,94.977
Río Negro,2013-03-01,102.935
Salta,2013-03-01,108.181
San Juan,2013-03-01,92.675
San Luis,2013-03-01,55.805
Santa Cruz,2013-03-01,61.241
Santa Fe,2013-03-01,494.432
Santiago del Estero,2013-03-01,48.815
Tierra del Fuego,2013-03-01,39.872
Tucumán,2013-03-01,161.584
Buenos Aires,2013-04-01,1928.854
C.A.B.A.,2013-04-01,1521.57
Catamarca,2013-04-01,31.777
Chaco,2013-04-01,68.846
Chubut,2013-04-01,94.302
Corrientes,2013-04-01,71.211
Córdoba,2013-04-01,501.118
Entre Ríos,2013-04-01,135.796
Formosa,2013-04-01,25.553
Jujuy,2013-04-01,55.966
La Pampa,2013-04-01,36.478
La Rioja,2013-04-01,31.076
Mendoza,2013-04-01,250.399
Misiones,2013-04-01,99.631
Neuquén,2013-04-01,95.195
Río Negro,2013-04-01,102.393
Salta,2013-04-01,108.58
San Juan,2013-04-01,93.354
San Luis,2013-04-01,56.289
Santa Cruz,2013-04-01,61.294
Santa Fe,2013-04-01,494.802
Santiago del Estero,2013-04-01,49.02
Tierra del Fuego,2013-04-01,39.668
Tucumán,2013-04-01,163.408
Buenos Aires,2013-05-01,1928.428
C.A.B.A.,2013-05-01,1520.193
Catamarca,2013-05-01,31.805
Chaco,2013-05-01,69.03
Chubut,2013-05-01,94.624
Corrientes,2013-05-01,71.026
Córdoba,2013-05-01,501.157
Entre Ríos,2013-05-01,135.15
Formosa,2013-05-01,25.625
Jujuy,2013-05-01,56.239
La Pampa,2013-05-01,36.508
La Rioja,2013-05-01,30.765
Mendoza,2013-05-01,246.278
Misiones,2013-05-01,99.84
Neuquén,2013-05-01,95.569
Río Negro,2013-05-01,104.123
Salta,2013-05-01,108.803
San Juan,2013-05-01,92.716
San Luis,2013-05-01,56.173
Santa Cruz,2013-05-01,61.108
Santa Fe,2013-05-01,496.267
Santiago del Estero,2013-05-01,48.957
Tierra del Fuego,2013-05-01,39.905
Tucumán,2013-05-01,160.878
Buenos Aires,2013-06-01,1926.539
C.A.B.A.,2013-06-01,1520.84
Catamarca,2013-06-01,31.899
Chaco,2013-06-01,69.616
Chubut,2013-06-01,93.95
Corrientes,2013-06-01,71.046
Córdoba,2013-06-01,501.273
Entre Ríos,2013-06-01,135.542
Formosa,2013-06-01,25.482
Jujuy,2013-06-01,56.15
La Pampa,2013-06-01,36.451
La Rioja,2013-06-01,31.29
Mendoza,2013-06-01,243.182
Misiones,2013-06-01,100.271
Neuquén,2013-06-01,95.929
Río Negro,2013-06-01,104.426
Salta,2013-06-01,108.394
San Juan,2013-06-01,91.85
San Luis,2013-06-01,56.247
Santa Cruz,2013-06-01,60.784
Santa Fe,2013-06-01,495.037
Santiago del Estero,2013-06-01,48.982
Tierra del Fuego,2013-06-01,40.084
Tucumán,2013-06-01,158.96
Buenos Aires,2013-07-01,1927.26
C.A.B.A.,2013-07-01,1520.678
Catamarca,2013-07-01,32.107
Chaco,2013-07-01,70.439
Chubut,2013-07-01,94.542
Corrientes,2013-07-01,70.974
Córdoba,2013-07-01,502.163
Entre Ríos,2013-07-01,135.671
Formosa,2013-07-01,25.82
Jujuy,2013-07-01,56.247
La Pampa,2013-07-01,36.499
La Rioja,2013-07-01,31.586
Mendoza,2013-07-01,243.729
Misiones,2013-07-01,100.466
Neuquén,2013-07-01,97.072
Río Negro,2013-07-01,105.029
Salta,2013-07-01,108.817
San Juan,2013-07-01,91.358
San Luis,2013-07-01,56.564
Santa Cruz,2013-07-01,60.796
Santa Fe,2013-07-01,495.311
Santiago del Estero,2013-07-01,48.863
Tierra del Fuego,2013-07-01,40.116
Tucumán,2013-07-01,158.935
Buenos Aires,2013-08-01,1935.453
C.A.B.A.,2013-08-01,1519.815
Catamarca,2013-08-01,32.535
Chaco,2013-08-01,72.041
Chubut,2013-08-01,94.793
Corrientes,2013-08-01,71.489
Córdoba,2013-08-01,502.81
Entre Ríos,2013-08-01,136.094
Formosa,2013-08-01,25.905
Jujuy,2013-08-01,56.429
La Pampa,2013-08-01,36.612
La Rioja,2013-08-01,31.387
Mendoza,2013-08-01,244.554
Misiones,2013-08-01,100.432
Neuquén,2013-08-01,97.66
Río Negro,2013-08-01,104.692
Salta,2013-08-01,110.094
San Juan,2013-08-01,90.013
San Luis,2013-08-01,56.793
Santa Cruz,2013-08-01,60.795
Santa Fe,2013-08-01,495.631
Santiago del Estero,2013-08-01,48.728
Tierra del Fuego,2013-08-01,40.311
Tucumán,2013-08-01,157.938
Buenos Aires,2013-09-01,1932.993
C.A.B.A.,2013-09-01,1519.325
Catamarca,2013-09-01,32.055
Chaco,2013-09-01,72.132
Chubut,2013-09-01,94.955
Corrientes,2013-09-01,71.055
Córdoba,2013-09-01,503.167
Entre Ríos,2013-09-01,135.063
Formosa,2013-09-01,25.751
Jujuy,2013-09-01,56.154
La Pampa,2013-09-01,36.362
La Rioja,2013-09-01,31.428
Mendoza,2013-09-01,244.394
Misiones,2013-09-01,100.787
Neuquén,2013-09-01,97.81
Río Negro,2013-09-01,104.776
Salta,2013-09-01,109.649
San Juan,2013-09-01,88.693
San Luis,2013-09-01,56.884
Santa Cruz,2013-09-01,60.747
Santa Fe,2013-09-01,495.436
Santiago del Estero,2013-09-01,48.877
Tierra del Fuego,2013-09-01,40.284
Tucumán,2013-09-01,158.248
Buenos Aires,2013-10-01,1931.12
C.A.B.A.,2013-10-01,1519.464
Catamarca,2013-10-01,31.908
Chaco,2013-10-01,72.943
Chubut,2013-10-01,95.627
Corrientes,2013-10-01,71.297
Córdoba,2013-10-01,503.7
Entre Ríos,2013-10-01,132.707
Formosa,2013-10-01,26.666
Jujuy,2013-10-01,55.948
La Pampa,2013-10-01,36.244
La Rioja,2013-10-01,31.364
Mendoza,2013-10-01,242.807
Misiones,2013-10-01,101.538
Neuquén,2013-10-01,98.038
Río Negro,2013-10-01,104.413
Salta,2013-10-01,111.934
San Juan,2013-10-01,91.435
San Luis,2013-10-01,57.062
Santa Cruz,2013-10-01,60.793
Santa Fe,2013-10-01,495.472
Santiago del Estero,2013-10-01,50.722
Tierra del Fuego,2013-10-01,40.465
Tucumán,2013-10-01,151.615
Buenos Aires,2013-11-01,1933.125
C.A.B.A.,2013-11-01,1519.303
Catamarca,2013-11-01,31.574
Chaco,2013-11-01,73.826
Chubut,2013-11-01,95.67
Corrientes,2013-11-01,71.466
Córdoba,2013-11-01,502.751
Entre Ríos,2013-11-01,133.29
Formosa,2013-11-01,27.317
Jujuy,2013-11-01,56.371
La Pampa,2013-11-01,36.139
La Rioja,2013-11-01,31.191
Mendoza,2013-11-01,241.998
Misiones,2013-11-01,102.406
Neuquén,2013-11-01,99.006
Río Negro,2013-11-01,103.634
Salta,2013-11-01,112.656
San Juan,2013-11-01,87.18
San Luis,2013-11-01,57.349
Santa Cruz,2013-11-01,61.174
Santa Fe,2013-11-01,496.101
Santiago del Estero,2013-11-01,50.873
Tierra del Fuego,2013-11-01,40.427
Tucumán,2013-11-01,156.951
Buenos Aires,2013-12-01,1935.17
C.A.B.A.,2013-12-01,1519.031
Catamarca,2013-12-01,31.886
Chaco,2013-12-01,72.944
Chubut,2013-12-01,96.153
Corrientes,2013-12-01,71.698
Córdoba,2013-12-01,501.151
Entre Ríos,2013-12-01,135.222
Formosa,2013-12-01,27.344
Jujuy,2013-12-01,56.236
La Pampa,2013-12-01,36.021
La Rioja,2013-12-01,31.529
Mendoza,2013-12-01,242.116
Misiones,2013-12-01,101.214
Neuquén,2013-12-01,99.903
Río Negro,2013-12-01,104.775
Salta,2013-12-01,111.764
San Juan,2013-12-01,86.05
San Luis,2013-12-01,57.138
Santa Cruz,2013-12-01,61.13
Santa Fe,2013-12-01,496.031
Santiago del Estero,2013-12-01,51.004
Tierra del Fuego,2013-12-01,40.318
Tucumán,2013-12-01,156.008
Buenos Aires,2014-01-01,1930.278
C.A.B.A.,2014-01-01,1519.818
Catamarca,2014-01-01,31.358
Chaco,2014-01-01,72.95
Chubut,2014-01-01,96.568
Corrientes,2014-01-01,71.769
Córdoba,2014-01-01,500.634
Entre Ríos,2014-01-01,135.798
Formosa,2014-01-01,27.692
Jujuy,2014-01-01,55.934
La Pampa,2014-01-01,35.812
La Rioja,2014-01-01,30.943
Mendoza,2014-01-01,240.52
Misiones,2014-01-01,101.118
Neuquén,2014-01-01,101.286
Río Negro,2014-01-01,105.133
Salta,2014-01-01,114.024
San Juan,2014-01-01,84.247
San Luis,2014-01-01,57.802
Santa Cruz,2014-01-01,60.37
Santa Fe,2014-01-01,495.591
Santiago del Estero,2014-01-01,51.345
Tierra del Fuego,2014-01-01,39.373
Tucumán,2014-01-01,156.453
Buenos Aires,2014-02-01,1931.08
C.A.B.A.,2014-02-01,1518.301
Catamarca,2014-02-01,31.275
Chaco,2014-02-01,72.964
Chubut,2014-02-01,97.042
Corrientes,2014-02-01,71.871
Córdoba,2014-02-01,499.921
Entre Ríos,2014-02-01,135.338
Formosa,2014-02-01,27.435
Jujuy,2014-02-01,56.045
La Pampa,2014-02-01,35.697
La Rioja,2014-02-01,29.399
Mendoza,2014-02-01,240.654
Misiones,2014-02-01,101.109
Neuquén,2014-02-01,101.815
Río Negro,2014-02-01,104.675
Salta,2014-02-01,113.349
San Juan,2014-02-01,83.838
San Luis,2014-02-01,57.511
Santa Cruz,2014-02-01,61.107
Santa Fe,2014-02-01,494.509
Santiago del Estero,2014-02-01,51.428
Tierra del Fuego,2014-02-01,38.702
Tucumán,2014-02-01,156.454
Buenos Aires,2014-03-01,1926.966
C.A.B.A.,2014-03-01,1514.419
Catamarca,2014-03-01,30.976
Chaco,2014-03-01,72.549
Chubut,2014-03-01,96.341
Corrientes,2014-03-01,71.468
Córdoba,2014-03-01,496.201
Entre Ríos,2014-03-01,135.38
Formosa,2014-03-01,27.302
Jujuy,2014-03-01,56.15
La Pampa,2014-03-01,35.7
La Rioja,2014-03-01,29.196
Mendoza,2014-03-01,241.864
Misiones,2014-03-01,101.177
Neuquén,2014-03-01,102.162
Río Negro,2014-03-01,104.498
Salta,2014-03-01,113.626
San Juan,2014-03-01,85.443
San Luis,2014-03-01,56.909
Santa Cruz,2014-03-01,61.137
Santa Fe,2014-03-01,492.611
Santiago del Estero,2014-03-01,51.209
Tierra del Fuego,2014-03-01,38.858
Tucumán,2014-03-01,153.347
Buenos Aires,2014-04-01,1927.945
C.A.B.A.,2014-04-01,1513.444
Catamarca,2014-04-01,31.335
Chaco,2014-04-01,72.621
Chubut,2014-04-01,96.878
Corrientes,2014-04-01,71.612
Córdoba,2014-04-01,495.264
Entre Ríos,2014-04-01,135.736
Formosa,2014-04-01,27.284
Jujuy,2014-04-01,56.056
La Pampa,2014-04-01,35.709
La Rioja,2014-04-01,29.708
Mendoza,2014-04-01,244.542
Misiones,2014-04-01,100.886
Neuquén,2014-04-01,102.448
Río Negro,2014-04-01,104.719
Salta,2014-04-01,112.553
San Juan,2014-04-01,82.12
San Luis,2014-04-01,57.013
Santa Cruz,2014-04-01,61.694
Santa Fe,2014-04-01,494.09
Santiago del Estero,2014-04-01,52.253
Tierra del Fuego,2014-04-01,38.938
Tucumán,2014-04-01,151.505
Buenos Aires,2014-05-01,1929.148
C.A.B.A.,2014-05-01,1513.879
Catamarca,2014-05-01,31.855
Chaco,2014-05-01,72.667
Chubut,2014-05-01,97.662
Corrientes,2014-05-01,71.812
Córdoba,2014-05-01,496.39
Entre Ríos,2014-05-01,135.678
Formosa,2014-05-01,27.311
Jujuy,2014-05-01,56.096
La Pampa,2014-05-01,35.642
La Rioja,2014-05-01,29.674
Mendoza,2014-05-01,242.425
Misiones,2014-05-01,101.076
Neuquén,2014-05-01,103.294
Río Negro,2014-05-01,105.313
Salta,2014-05-01,114.007
San Juan,2014-05-01,81.789
San Luis,2014-05-01,57.168
Santa Cruz,2014-05-01,62.133
Santa Fe,2014-05-01,494.911
Santiago del Estero,2014-05-01,51.925
Tierra del Fuego,2014-05-01,38.75
Tucumán,2014-05-01,153.719
Buenos Aires,2014-06-01,1929.474
C.A.B.A.,2014-06-01,1513.063
Catamarca,2014-06-01,31.89
Chaco,2014-06-01,73.02
Chubut,2014-06-01,98.232
Corrientes,2014-06-01,71.731
Córdoba,2014-06-01,496.503
Entre Ríos,2014-06-01,136.077
Formosa,2014-06-01,27.34
Jujuy,2014-06-01,56.427
La Pampa,2014-06-01,35.765
La Rioja,2014-06-01,30.007
Mendoza,2014-06-01,242.544
Misiones,2014-06-01,101.104
Neuquén,2014-06-01,103.815
Río Negro,2014-06-01,105.864
Salta,2014-06-01,114.37
San Juan,2014-06-01,81.604
San Luis,2014-06-01,57.626
Santa Cruz,2014-06-01,62.545
Santa Fe,2014-06-01,495.457
Santiago del Estero,2014-06-01,52.154
Tierra del Fuego,2014-06-01,38.809
Tucumán,2014-06-01,155.292
Buenos Aires,2014-07-01,1928.056
C.A.B.A.,2014-07-01,1511.062
Catamarca,2014-07-01,32.08
Chaco,2014-07-01,73.018
Chubut,2014-07-01,98.418
Corrientes,2014-07-01,71.453
Córdoba,2014-07-01,496.325
Entre Ríos,2014-07-01,135.577
Formosa,2014-07-01,27.222
Jujuy,2014-07-01,56.787
La Pampa,2014-07-01,35.812
La Rioja,2014-07-01,30.304
Mendoza,2014-07-01,243.107
Misiones,2014-07-01,101.548
Neuquén,2014-07-01,104.545
Río Negro,2014-07-01,106.712
Salta,2014-07-01,114.53
San Juan,2014-07-01,81.803
San Luis,2014-07-01,57.692
Santa Cruz,2014-07-01,62.63
Santa Fe,2014-07-01,496.443
Santiago del Estero,2014-07-01,52.47
Tierra del Fuego,2014-07-01,38.886
Tucumán,2014-07-01,155.949
Buenos Aires,2014-08-01,1924.894
C.A.B.A.,2014-08-01,1514.892
Catamarca,2014-08-01,32.11
Chaco,2014-08-01,72.788
Chubut,2014-08-01,98.249
Corrientes,2014-08-01,72.034
Córdoba,2014-08-01,496.263
Entre Ríos,2014-08-01,135.725
Formosa,2014-08-01,25.425
Jujuy,2014-08-01,56.645
La Pampa,2014-08-01,35.831
La Rioja,2014-08-01,30.804
Mendoza,2014-08-01,242.198
Misiones,2014-08-01,100.988
Neuquén,2014-08-01,105.043
Río Negro,2014-08-01,106.396
Salta,2014-08-01,114.939
San Juan,2014-08-01,82.11
San Luis,2014-08-01,57.681
Santa Cruz,2014-08-01,62.489
Santa Fe,2014-08-01,495.507
Santiago del Estero,2014-08-01,50.447
Tierra del Fuego,2014-08-01,38.896
Tucumán,2014-08-01,155.848
Buenos Aires,2014-09-01,1925.902
C.A.B.A.,2014-09-01,1517.632
Catamarca,2014-09-01,31.914
Chaco,2014-09-01,73.036
Chubut,2014-09-01,98.905
Corrientes,2014-09-01,72.464
Córdoba,2014-09-01,495.303
Entre Ríos,2014-09-01,136.242
Formosa,2014-09-01,25.515
Jujuy,2014-09-01,57.173
La Pampa,2014-09-01,36.071
La Rioja,2014-09-01,31.019
Mendoza,2014-09-01,242.476
Misiones,2014-09-01,101.875
Neuquén,2014-09-01,105.516
Río Negro,2014-09-01,106.613
Salta,2014-09-01,116.531
San Juan,2014-09-01,82.122
San Luis,2014-09-01,57.933
Santa Cruz,2014-09-01,62.64
Santa Fe,2014-09-01,495.78
Santiago del Estero,2014-09-01,50.58
Tierra del Fuego,2014-09-01,39.056
Tucumán,2014-09-01,157.899
Buenos Aires,2014-10-01,1930.519
C.A.B.A.,2014-10-01,1516.78
Catamarca,2014-10-01,32.206
Chaco,2014-10-01,72.847
Chubut,2014-10-01,99.112
Corrientes,2014-10-01,72.561
Córdoba,2014-10-01,494.74
Entre Ríos,2014-10-01,136.498
Formosa,2014-10-01,25.578
Jujuy,2014-10-01,57.256
La Pampa,2014-10-01,36.2
La Rioja,2014-10-01,31.059
Mendoza,2014-10-01,244.454
Misiones,2014-10-01,102.393
Neuquén,2014-10-01,106.652
Río Negro,2014-10-01,107.211
Salta,2014-10-01,115.518
San Juan,2014-10-01,82.595
San Luis,2014-10-01,57.79
Santa Cruz,2014-10-01,62.879
Santa Fe,2014-10-01,495.524
Santiago del Estero,2014-10-01,50.634
Tierra del Fuego,2014-10-01,38.618
Tucumán,2014-10-01,157.101
Buenos Aires,2014-11-01,1929.946
C.A.B.A.,2014-11-01,1518.734
Catamarca,2014-11-01,32.342
Chaco,2014-11-01,73.136
Chubut,2014-11-01,99.55
Corrientes,2014-11-01,72.627
Córdoba,2014-11-01,493.759
Entre Ríos,2014-11-01,135.749
Formosa,2014-11-01,25.673
Jujuy,2014-11-01,57.47
La Pampa,2014-11-01,36.276
La Rioja,2014-11-01,31.24
Mendoza,2014-11-01,243.817
Misiones,2014-11-01,103.293
Neuquén,2014-11-01,107.689
Río Negro,2014-11-01,107.313
Salta,2014-11-01,115.708
San Juan,2014-11-01,82.545
San Luis,2014-11-01,58.16
Santa Cruz,2014-11-01,62.644
Santa Fe,2014-11-01,496.184
Santiago del Estero,2014-11-01,50.544
Tierra del Fuego,2014-11-01,38.482
Tucumán,2014-11-01,158.742
Buenos Aires,2014-12-01,1933.807
C.A.B.A.,2014-12-01,1518.799
Catamarca,2014-12-01,32.239
Chaco,2014-12-01,73.77
Chubut,2014-12-01,99.84
Corrientes,2014-12-01,72.895
Córdoba,2014-12-01,494.115
Entre Ríos,2014-12-01,135.34
Formosa,2014-12-01,26.105
Jujuy,2014-12-01,58.424
La Pampa,2014-12-01,36.177
La Rioja,2014-12-01,31.195
Mendoza,2014-12-01,243.293
Misiones,2014-12-01,104.591
Neuquén,2014-12-01,108.504
Río Negro,2014-12-01,108.026
Salta,2014-12-01,117.184
San Juan,2014-12-01,81.94
San Luis,2014-12-01,58.86
Santa Cruz,2014-12-01,63.114
Santa Fe,2014-12-01,496.816
Santiago del Estero,2014-12-01,50.786
Tierra del Fuego,2014-12-01,37.878
Tucumán,2014-12-01,160.202
Buenos Aires,2015-01-01,1940.095
C.A.B.A.,2015-01-01,1522.4
Catamarca,2015-01-01,32.191
Chaco,2015-01-01,73.878
Chubut,2015-01-01,100.225
Corrientes,2015-01-01,73.214
Córdoba,2015-01-01,496.243
Entre Ríos,2015-01-01,136.673
Formosa,2015-01-01,26.144
Jujuy,2015-01-01,58.786
La Pampa,2015-01-01,36.354
La Rioja,2015-01-01,31.668
Mendoza,2015-01-01,244.996
Misiones,2015-01-01,105.311
Neuquén,2015-01-01,109.722
Río Negro,2015-01-01,107.638
Salta,2015-01-01,116.731
San Juan,2015-01-01,82.608
San Luis,2015-01-01,59.637
Santa Cruz,2015-01-01,62.118
Santa Fe,2015-01-01,497.62
Santiago del Estero,2015-01-01,50.945
Tierra del Fuego,2015-01-01,37.651
Tucumán,2015-01-01,160.282
Buenos Aires,2015-02-01,1943.787
C.A.B.A.,2015-02-01,1524.433
Catamarca,2015-02-01,32.677
Chaco,2015-02-01,74.104
Chubut,2015-02-01,100.305
Corrientes,2015-02-01,73.534
Córdoba,2015-02-01,497.371
Entre Ríos,2015-02-01,137.7
Formosa,2015-02-01,26.445
Jujuy,2015-02-01,58.784
La Pampa,2015-02-01,36.184
La Rioja,2015-02-01,31.894
Mendoza,2015-02-01,246.241
Misiones,2015-02-01,105.647
Neuquén,2015-02-01,110.687
Río Negro,2015-02-01,108.347
Salta,2015-02-01,118.395
San Juan,2015-02-01,82.471
San Luis,2015-02-01,60.388
Santa Cruz,2015-02-01,62.587
Santa Fe,2015-02-01,498.028
Santiago del Estero,2015-02-01,50.982
Tierra del Fuego,2015-02-01,37.937
Tucumán,2015-02-01,161.129
Buenos Aires,2015-03-01,1947.943
C.A.B.A.,2015-03-01,1527.878
Catamarca,2015-03-01,32.517
Chaco,2015-03-01,74.545
Chubut,2015-03-01,100.681
Corrientes,2015-03-01,74.639
Córdoba,2015-03-01,497.42
Entre Ríos,2015-03-01,137.46
Formosa,2015-03-01,26.908
Jujuy,2015-03-01,58.639
La Pampa,2015-03-01,36.252
La Rioja,2015-03-01,31.941
Mendoza,2015-03-01,246.339
Misiones,2015-03-01,105.995
Neuquén,2015-03-01,111.636
Río Negro,2015-03-01,108.056
Salta,2015-03-01,118.794
San Juan,2015-03-01,82.031
San Luis,2015-03-01,60.777
Santa Cruz,2015-03-01,62.967
Santa Fe,2015-03-01,499.096
Santiago del Estero,2015-03-01,50.763
Tierra del Fuego,2015-03-01,38.111
Tucumán,2015-03-01,159.792
Buenos Aires,2015-04-01,1958.74
C.A.B.A.,2015-04-01,1535.54
Catamarca,2015-04-01,32.651
Chaco,2015-04-01,75.04
Chubut,2015-04-01,101.184
Corrientes,2015-04-01,74.992
Córdoba,2015-04-01,500.376
Entre Ríos,2015-04-01,137.984
Formosa,2015-04-01,27.168
Jujuy,2015-04-01,58.472
La Pampa,2015-04-01,36.605
La Rioja,2015-04-01,32.565
Mendoza,2015-04-01,248.586
Misiones,2015-04-01,106.24
Neuquén,2015-04-01,112.481
Río Negro,2015-04-01,109.265
Salta,2015-04-01,118.678
San Juan,2015-04-01,83.078
San Luis,2015-04-01,61.109
Santa Cruz,2015-04-01,63.813
Santa Fe,2015-04-01,502.118
Santiago del Estero,2015-04-01,51.028
Tierra del Fuego,2015-04-01,39.003
Tucumán,2015-04-01,159.809
Buenos Aires,2015-05-01,1960.103
C.A.B.A.,2015-05-01,1535.159
Catamarca,2015-05-01,32.577
Chaco,2015-05-01,75.857
Chubut,2015-05-01,101.289
Corrientes,2015-05-01,75.485
Córdoba,2015-05-01,500.862
Entre Ríos,2015-05-01,138.063
Formosa,2015-05-01,27.378
Jujuy,2015-05-01,58.199
La Pampa,2015-05-01,36.773
La Rioja,2015-05-01,32.461
Mendoza,2015-05-01,247.294
Misiones,2015-05-01,106.446
Neuquén,2015-05-01,112.802
Río Negro,2015-05-01,109.941
Salta,2015-05-01,118.548
San Juan,2015-05-01,82.7
San Luis,2015-05-01,61.686
Santa Cruz,2015-05-01,64.046
Santa Fe,2015-05-01,501.505
Santiago del Estero,2015-05-01,51.057
Tierra del Fuego,2015-05-01,39.503
Tucumán,2015-05-01,158.609
Buenos Aires,2015-06-01,1965.457
C.A.B.A.,2015-06-01,1539.567
Catamarca,2015-06-01,32.594
Chaco,2015-06-01,75.557
Chubut,2015-06-01,101.363
Corrientes,2015-06-01,75.976
Córdoba,2015-06-01,501.576
Entre Ríos,2015-06-01,138.059
Formosa,2015-06-01,27.799
Jujuy,2015-06-01,57.868
La Pampa,2015-06-01,36.797
La Rioja,2015-06-01,32.196
Mendoza,2015-06-01,248.746
Misiones,2015-06-01,107.201
Neuquén,2015-06-01,113.197
Río Negro,2015-06-01,110.161
Salta,2015-06-01,118.485
San Juan,2015-06-01,83.395
San Luis,2015-06-01,61.428
Santa Cruz,2015-06-01,64.443
Santa Fe,2015-06-01,503.491
Santiago del Estero,2015-06-01,51.104
Tierra del Fuego,2015-06-01,39.837
Tucumán,2015-06-01,159.58
Buenos Aires,2015-07-01,1969.224
C.A.B.A.,2015-07-01,1540.741
Catamarca,2015-07-01,32.193
Chaco,2015-07-01,75.88
Chubut,2015-07-01,101.437
Corrientes,2015-07-01,76.629
Córdoba,2015-07-01,502.727
Entre Ríos,2015-07-01,138.406
Formosa,2015-07-01,28.162
Jujuy,2015-07-01,57.879
La Pampa,2015-07-01,37.049
La Rioja,2015-07-01,32.272
Mendoza,2015-07-01,248.205
Misiones,2015-07-01,107.795
Neuquén,2015-07-01,113.574
Río Negro,2015-07-01,110.279
Salta,2015-07-01,117.508
San Juan,2015-07-01,82.419
San Luis,2015-07-01,61.637
Santa Cruz,2015-07-01,64.535
Santa Fe,2015-07-01,503.164
Santiago del Estero,2015-07-01,50.921
Tierra del Fuego,2015-07-01,40.161
Tucumán,2015-07-01,160.628
Buenos Aires,2015-08-01,1971.145
C.A.B.A.,2015-08-01,1541.703
Catamarca,2015-08-01,32.359
Chaco,2015-08-01,76.831
Chubut,2015-08-01,101.403
Corrientes,2015-08-01,77.155
Córdoba,2015-08-01,502.72
Entre Ríos,2015-08-01,139.707
Formosa,2015-08-01,28.692
Jujuy,2015-08-01,58.105
La Pampa,2015-08-01,37.213
La Rioja,2015-08-01,32.144
Mendoza,2015-08-01,247.607
Misiones,2015-08-01,109.121
Neuquén,2015-08-01,114.74
Río Negro,2015-08-01,110.334
Salta,2015-08-01,118.437
San Juan,2015-08-01,82.341
San Luis,2015-08-01,62.07
Santa Cruz,2015-08-01,64.777
Santa Fe,2015-08-01,504.136
Santiago del Estero,2015-08-01,51.181
Tierra del Fuego,2015-08-01,40.694
Tucumán,2015-08-01,160.753
Buenos Aires,2015-09-01,1969.922
C.A.B.A.,2015-09-01,1541.633
Catamarca,2015-09-01,32.14
Chaco,2015-09-01,77.287
Chubut,2015-09-01,101.276
Corrientes,2015-09-01,76.997
Córdoba,2015-09-01,504.282
Entre Ríos,2015-09-01,138.453
Formosa,2015-09-01,28.537
Jujuy,2015-09-01,57.396
La Pampa,2015-09-01,37.231
La Rioja,2015-09-01,31.578
Mendoza,2015-09-01,247.396
Misiones,2015-09-01,108.985
Neuquén,2015-09-01,114.591
Río Negro,2015-09-01,110.026
Salta,2015-09-01,118.684
San Juan,2015-09-01,81.977
San Luis,2015-09-01,62.034
Santa Cruz,2015-09-01,64.808
Santa Fe,2015-09-01,503.519
Santiago del Estero,2015-09-01,50.771
Tierra del Fuego,2015-09-01,41.204
Tucumán,2015-09-01,161.268
Buenos Aires,2015-10-01,1971.336
C.A.B.A.,2015-10-01,1542.658
Catamarca,2015-10-01,31.859
Chaco,2015-10-01,76.418
Chubut,2015-10-01,101.377
Corrientes,2015-10-01,76.877
Córdoba,2015-10-01,504.108
Entre Ríos,2015-10-01,137.622
Formosa,2015-10-01,28.657
Jujuy,2015-10-01,57.646
La Pampa,2015-10-01,37.269
La Rioja,2015-10-01,31.519
Mendoza,2015-10-01,246.009
Misiones,2015-10-01,108.612
Neuquén,2015-10-01,114.473
Río Negro,2015-10-01,109.979
Salta,2015-10-01,117.603
San Juan,2015-10-01,81.326
San Luis,2015-10-01,61.915
Santa Cruz,2015-10-01,64.702
Santa Fe,2015-10-01,503.851
Santiago del Estero,2015-10-01,51.803
Tierra del Fuego,2015-10-01,41.852
Tucumán,2015-10-01,162.243
Buenos Aires,2015-11-01,1967.387
C.A.B.A.,2015-11-01,1541.201
Catamarca,2015-11-01,31.512
Chaco,2015-11-01,76.398
Chubut,2015-11-01,100.793
Corrientes,2015-11-01,76.593
Córdoba,2015-11-01,503.72
Entre Ríos,2015-11-01,137.269
Formosa,2015-11-01,28.443
Jujuy,2015-11-01,57.102
La Pampa,2015-11-01,37.359
La Rioja,2015-11-01,31.388
Mendoza,2015-11-01,245.498
Misiones,2015-11-01,107.825
Neuquén,2015-11-01,114.261
Río Negro,2015-11-01,109.72
Salta,2015-11-01,117.667
San Juan,2015-11-01,80.641
San Luis,2015-11-01,60.881
Santa Cruz,2015-11-01,64.556
Santa Fe,2015-11-01,503.224
Santiago del Estero,2015-11-01,51.836
Tierra del Fuego,2015-11-01,41.92
Tucumán,2015-11-01,163.221
Buenos Aires,2015-12-01,1961.665
C.A.B.A.,2015-12-01,1537.309
Catamarca,2015-12-01,31.248
Chaco,2015-12-01,74.763
Chubut,2015-12-01,99.796
Corrientes,2015-12-01,76.433
Córdoba,2015-12-01,502.714
Entre Ríos,2015-12-01,136.921
Formosa,2015-12-01,27.843
Jujuy,2015-12-01,56.442
La Pampa,2015-12-01,37.313
La Rioja,2015-12-01,30.955
Mendoza,2015-12-01,243.667
Misiones,2015-12-01,105.953
Neuquén,2015-12-01,113.701
Río Negro,2015-12-01,110.13
Salta,2015-12-01,116.804
San Juan,2015-12-01,80.193
San Luis,2015-12-01,59.5
Santa Cruz,2015-12-01,63.883
Santa Fe,2015-12-01,501.689
Santiago del Estero,2015-12-01,50.989
Tierra del Fuego,2015-12-01,42.122
Tucumán,2015-12-01,162.737
Buenos Aires,2016-01-01,1959.875
C.A.B.A.,2016-01-01,1538.038
Catamarca,2016-01-01,30.859
Chaco,2016-01-01,74.146
Chubut,2016-01-01,99.609
Corrientes,2016-01-01,76.645
Córdoba,2016-01-01,502.814
Entre Ríos,2016-01-01,136.119
Formosa,2016-01-01,27.65
Jujuy,2016-01-01,56.693
La Pampa,2016-01-01,37.733
La Rioja,2016-01-01,30.516
Mendoza,2016-01-01,242.943
Misiones,2016-01-01,104.654
Neuquén,2016-01-01,112.433
Río Negro,2016-01-01,105.686
Salta,2016-01-01,115.727
San Juan,2016-01-01,79.918
San Luis,2016-01-01,58.932
Santa Cruz,2016-01-01,62.411
Santa Fe,2016-01-01,501.553
Santiago del Estero,2016-01-01,50.923
Tierra del Fuego,2016-01-01,39.715
Tucumán,2016-01-01,162.873
Buenos Aires,2016-02-01,1958.191
C.A.B.A.,2016-02-01,1539.808
Catamarca,2016-02-01,30.703
Chaco,2016-02-01,74.151
Chubut,2016-02-01,99.224
Corrientes,2016-02-01,76.841
Córdoba,2016-02-01,503.438
Entre Ríos,2016-02-01,135.326
Formosa,2016-02-01,27.255
Jujuy,2016-02-01,57.059
La Pampa,2016-02-01,38.091
La Rioja,2016-02-01,30.105
Mendoza,2016-02-01,241.07
Misiones,2016-02-01,101.941
Neuquén,2016-02-01,112.655
Río Negro,2016-02-01,106.637
Salta,2016-02-01,115.349
San Juan,2016-02-01,80.315
San Luis,2016-02-01,58.913
Santa Cruz,2016-02-01,61.128
Santa Fe,2016-02-01,501.154
Santiago del Estero,2016-02-01,50.854
Tierra del Fuego,2016-02-01,39.586
Tucumán,2016-02-01,162.911
Buenos Aires,2016-03-01,1953.376
C.A.B.A.,2016-03-01,1541.527
Catamarca,2016-03-01,30.34
Chaco,2016-03-01,74.12
Chubut,2016-03-01,99.154
Corrientes,2016-03-01,76.13
Córdoba,2016-03-01,503.705
Entre Ríos,2016-03-01,134.949
Formosa,2016-03-01,27.147
Jujuy,2016-03-01,57.656
La Pampa,2016-03-01,38.098
La Rioja,2016-03-01,31.218
Mendoza,2016-03-01,240.714
Misiones,2016-03-01,105.592
Neuquén,2016-03-01,111.919
Río Negro,2016-03-01,106.998
Salta,2016-03-01,115.539
San Juan,2016-03-01,80.16
San Luis,2016-03-01,58.872
Santa Cruz,2016-03-01,60.026
Santa Fe,2016-03-01,501.342
Santiago del Estero,2016-03-01,50.902
Tierra del Fuego,2016-03-01,39.302
Tucumán,2016-03-01,163.544
Buenos Aires,2016-04-01,1949.204
C.A.B.A.,2016-04-01,1540.511
Catamarca,2016-04-01,30.079
Chaco,2016-04-01,74.274
Chubut,2016-04-01,98.609
Corrientes,2016-04-01,76.071
Córdoba,2016-04-01,503.942
Entre Ríos,2016-04-01,134.54
Formosa,2016-04-01,27.142
Jujuy,2016-04-01,57.072
La Pampa,2016-04-01,38.132
La Rioja,2016-04-01,30.172
Mendoza,2016-04-01,239.312
Misiones,2016-04-01,104.4
Neuquén,2016-04-01,112.393
Río Negro,2016-04-01,107.516
Salta,2016-04-01,115.86
San Juan,2016-04-01,79.583
San Luis,2016-04-01,58.556
Santa Cruz,2016-04-01,59.6
Santa Fe,2016-04-01,499.817
Santiago del Estero,2016-04-01,50.345
Tierra del Fuego,2016-04-01,38.882
Tucumán,2016-04-01,162.948
Buenos Aires,2016-05-01,1949.667
C.A.B.A.,2016-05-01,1535.291
Catamarca,2016-05-01,29.816
Chaco,2016-05-01,74.307
Chubut,2016-05-01,97.805
Corrientes,2016-05-01,75.878
Córdoba,2016-05-01,503.614
Entre Ríos,2016-05-01,134.965
Formosa,2016-05-01,26.994
Jujuy,2016-05-01,56.533
La Pampa,2016-05-01,37.98
La Rioja,2016-05-01,29.853
Mendoza,2016-05-01,240.725
Misiones,2016-05-01,102.999
Neuquén,2016-05-01,112.353
Río Negro,2016-05-01,107.23
Salta,2016-05-01,115.119
San Juan,2016-05-01,80.194
San Luis,2016-05-01,57.973
Santa Cruz,2016-05-01,59.263
Santa Fe,2016-05-01,499.644
Santiago del Estero,2016-05-01,49.877
Tierra del Fuego,2016-05-01,38.283
Tucumán,2016-05-01,162.045
Buenos Aires,2016-06-01,1947.817
C.A.B.A.,2016-06-01,1531.612
Catamarca,2016-06-01,29.768
Chaco,2016-06-01,74.378
Chubut,2016-06-01,97.476
Corrientes,2016-06-01,75.902
Córdoba,2016-06-01,502.608
Entre Ríos,2016-06-01,134.839
Formosa,2016-06-01,26.879
Jujuy,2016-06-01,56.746
La Pampa,2016-06-01,38.119
La Rioja,2016-06-01,30.771
Mendoza,2016-06-01,240.461
Misiones,2016-06-01,103.024
Neuquén,2016-06-01,112.466
Río Negro,2016-06-01,106.684
Salta,2016-06-01,115.752
San Juan,2016-06-01,80.215
San Luis,2016-06-01,57.491
Santa Cruz,2016-06-01,59.161
Santa Fe,2016-06-01,499.708
Santiago del Estero,2016-06-01,50.101
Tierra del Fuego,2016-06-01,37.814
Tucumán,2016-06-01,163.06
Buenos Aires,2016-07-01,1943.991
C.A.B.A.,2016-07-01,1531.652
Catamarca,2016-07-01,30.008
Chaco,2016-07-01,74.257
Chubut,2016-07-01,97.403
Corrientes,2016-07-01,75.806
Córdoba,2016-07-01,502.003
Entre Ríos,2016-07-01,135.014
Formosa,2016-07-01,26.714
Jujuy,2016-07-01,56.831
La Pampa,2016-07-01,38.017
La Rioja,2016-07-01,29.862
Mendoza,2016-07-01,241.696
Misiones,2016-07-01,102.818
Neuquén,2016-07-01,112.311
Río Negro,2016-07-01,106.543
Salta,2016-07-01,115.861
San Juan,2016-07-01,80.276
San Luis,2016-07-01,56.899
Santa Cruz,2016-07-01,59.401
Santa Fe,2016-07-01,500.122
Santiago del Estero,2016-07-01,50.006
Tierra del Fuego,2016-07-01,37.537
Tucumán,2016-07-01,163.404
Buenos Aires,2016-08-01,1944.932
C.A.B.A.,2016-08-01,1530.252
Catamarca,2016-08-01,30.111
Chaco,2016-08-01,74.594
Chubut,2016-08-01,97.326
Corrientes,2016-08-01,75.617
Córdoba,2016-08-01,501.984
Entre Ríos,2016-08-01,135.968
Formosa,2016-08-01,26.453
Jujuy,2016-08-01,56.872
La Pampa,2016-08-01,37.982
La Rioja,2016-08-01,30.259
Mendoza,2016-08-01,242.454
Misiones,2016-08-01,102.81
Neuquén,2016-08-01,112.119
Río Negro,2016-08-01,106.517
Salta,2016-08-01,115.107
San Juan,2016-08-01,79.932
San Luis,2016-08-01,56.417
Santa Cruz,2016-08-01,58.722
Santa Fe,2016-08-01,499.509
Santiago del Estero,2016-08-01,49.972
Tierra del Fuego,2016-08-01,37.541
Tucumán,2016-08-01,164.827
Buenos Aires,2016-09-01,1945.035
C.A.B.A.,2016-09-01,1531.947
Catamarca,2016-09-01,30.26
Chaco,2016-09-01,74.894
Chubut,2016-09-01,97.204
Corrientes,2016-09-01,75.897
Córdoba,2016-09-01,501.215
Entre Ríos,2016-09-01,136.257
Formosa,2016-09-01,26.535
Jujuy,2016-09-01,57.241
La Pampa,2016-09-01,38
La Rioja,2016-09-01,30.541
Mendoza,2016-09-01,243.169
Misiones,2016-09-01,103.251
Neuquén,2016-09-01,112.035
Río Negro,2016-09-01,106.883
Salta,2016-09-01,116.214
San Juan,2016-09-01,79.953
San Luis,2016-09-01,56.449
Santa Cruz,2016-09-01,58.284
Santa Fe,2016-09-01,500.054
Santiago del Estero,2016-09-01,49.871
Tierra del Fuego,2016-09-01,37.475
Tucumán,2016-09-01,164.316
Buenos Aires,2016-10-01,1944.62
C.A.B.A.,2016-10-01,1534.048
Catamarca,2016-10-01,30.305
Chaco,2016-10-01,75.032
Chubut,2016-10-01,97.12
Corrientes,2016-10-01,76.097
Córdoba,2016-10-01,500.999
Entre Ríos,2016-10-01,138.553
Formosa,2016-10-01,26.525
Jujuy,2016-10-01,57.703
La Pampa,2016-10-01,38.008
La Rioja,2016-10-01,30.493
Mendoza,2016-10-01,243.365
Misiones,2016-10-01,103.813
Neuquén,2016-10-01,111.421
Río Negro,2016-10-01,106.493
Salta,2016-10-01,116.455
San Juan,2016-10-01,79.906
San Luis,2016-10-01,56.642
Santa Cruz,2016-10-01,58.072
Santa Fe,2016-10-01,500.683
Santiago del Estero,2016-10-01,49.748
Tierra del Fuego,2016-10-01,36.995
Tucumán,2016-10-01,166.993
Buenos Aires,2016-11-01,1948.19
C.A.B.A.,2016-11-01,1534.194
Catamarca,2016-11-01,30.14
Chaco,2016-11-01,75.639
Chubut,2016-11-01,97.34
Corrientes,2016-11-01,76.278
Córdoba,2016-11-01,502.463
Entre Ríos,2016-11-01,137.277
Formosa,2016-11-01,26.495
Jujuy,2016-11-01,57.119
La Pampa,2016-11-01,38.108
La Rioja,2016-11-01,30.468
Mendoza,2016-11-01,243.078
Misiones,2016-11-01,103.608
Neuquén,2016-11-01,111.005
Río Negro,2016-11-01,106.214
Salta,2016-11-01,115.93
San Juan,2016-11-01,79.871
San Luis,2016-11-01,56.818
Santa Cruz,2016-11-01,58.007
Santa Fe,2016-11-01,501.397
Santiago del Estero,2016-11-01,50
Tierra del Fuego,2016-11-01,36.624
Tucumán,2016-11-01,165.446
Buenos Aires,2016-12-01,1949.404
C.A.B.A.,2016-12-01,1535.45
Catamarca,2016-12-01,30.276
Chaco,2016-12-01,76.047
Chubut,2016-12-01,97.411
Corrientes,2016-12-01,76.401
Córdoba,2016-12-01,503.64
Entre Ríos,2016-12-01,135.962
Formosa,2016-12-01,26.498
Jujuy,2016-12-01,58.693
La Pampa,2016-12-01,38.118
La Rioja,2016-12-01,30.868
Mendoza,2016-12-01,243.87
Misiones,2016-12-01,103.694
Neuquén,2016-12-01,110.623
Río Negro,2016-12-01,105.884
Salta,2016-12-01,116.309
San Juan,2016-12-01,79.787
San Luis,2016-12-01,56.768
Santa Cruz,2016-12-01,58.059
Santa Fe,2016-12-01,501.895
Santiago del Estero,2016-12-01,50.15
Tierra del Fuego,2016-12-01,36.042
Tucumán,2016-12-01,165.704
Buenos Aires,2017-01-01,1950.204
C.A.B.A.,2017-01-01,1535.809
Catamarca,2017-01-01,31.055
Chaco,2017-01-01,76.697
Chubut,2017-01-01,97.14
Corrientes,2017-01-01,76.461
Córdoba,2017-01-01,504.126
Entre Ríos,2017-01-01,136.44
Formosa,2017-01-01,26.164
Jujuy,2017-01-01,58.854
La Pampa,2017-01-01,38.006
La Rioja,2017-01-01,31.358
Mendoza,2017-01-01,243.827
Misiones,2017-01-01,103.94
Neuquén,2017-01-01,110.049
Río Negro,2017-01-01,105.361
Salta,2017-01-01,117.049
San Juan,2017-01-01,79.779
San Luis,2017-01-01,56.807
Santa Cruz,2017-01-01,58.155
Santa Fe,2017-01-01,502.901
Santiago del Estero,2017-01-01,50.369
Tierra del Fuego,2017-01-01,36.481
Tucumán,2017-01-01,164.587
Buenos Aires,2017-02-01,1949.137
C.A.B.A.,2017-02-01,1533.885
Catamarca,2017-02-01,31.312
Chaco,2017-02-01,76.932
Chubut,2017-02-01,97.286
Corrientes,2017-02-01,76.586
Córdoba,2017-02-01,504.37
Entre Ríos,2017-02-01,135.933
Formosa,2017-02-01,26.339
Jujuy,2017-02-01,59.115
La Pampa,2017-02-01,37.885
La Rioja,2017-02-01,33.614
Mendoza,2017-02-01,243.523
Misiones,2017-02-01,103.677
Neuquén,2017-02-01,109.18
Río Negro,2017-02-01,104.268
Salta,2017-02-01,116.855
San Juan,2017-02-01,79.628
San Luis,2017-02-01,56.394
Santa Cruz,2017-02-01,58.231
Santa Fe,2017-02-01,504.137
Santiago del Estero,2017-02-01,50.47
Tierra del Fuego,2017-02-01,36.533
Tucumán,2017-02-01,165.119
Buenos Aires,2017-03-01,1955.147
C.A.B.A.,2017-03-01,1539.729
Catamarca,2017-03-01,31.656
Chaco,2017-03-01,76.961
Chubut,2017-03-01,97.413
Corrientes,2017-03-01,76.527
Córdoba,2017-03-01,504.222
Entre Ríos,2017-03-01,136.33
Formosa,2017-03-01,26.34
Jujuy,2017-03-01,60.914
La Pampa,2017-03-01,37.692
La Rioja,2017-03-01,33.002
Mendoza,2017-03-01,243.046
Misiones,2017-03-01,103.231
Neuquén,2017-03-01,108.716
Río Negro,2017-03-01,104.569
Salta,2017-03-01,117.211
San Juan,2017-03-01,79.631
San Luis,2017-03-01,56.403
Santa Cruz,2017-03-01,58.291
Santa Fe,2017-03-01,505.251
Santiago del Estero,2017-03-01,50.398
Tierra del Fuego,2017-03-01,36.454
Tucumán,2017-03-01,166.171
Buenos Aires,2017-04-01,1954.514
C.A.B.A.,2017-04-01,1542.064
Catamarca,2017-04-01,34.117
Chaco,2017-04-01,76.363
Chubut,2017-04-01,97.464
Corrientes,2017-04-01,76.401
Córdoba,2017-04-01,503.631
Entre Ríos,2017-04-01,136.029
Formosa,2017-04-01,26.097
Jujuy,2017-04-01,58.212
La Pampa,2017-04-01,37.509
La Rioja,2017-04-01,32.42
Mendoza,2017-04-01,240.336
Misiones,2017-04-01,103.641
Neuquén,2017-04-01,108.171
Río Negro,2017-04-01,104.539
Salta,2017-04-01,116.295
San Juan,2017-04-01,79.126
San Luis,2017-04-01,55.979
Santa Cruz,2017-04-01,58.007
Santa Fe,2017-04-01,503.547
Santiago del Estero,2017-04-01,51.21
Tierra del Fuego,2017-04-01,36.311
Tucumán,2017-04-01,165.649
Buenos Aires,2017-05-01,1956.502
C.A.B.A.,2017-05-01,1541.793
Catamarca,2017-05-01,32.371
Chaco,2017-05-01,76.786
Chubut,2017-05-01,97.777
Corrientes,2017-05-01,76.838
Córdoba,2017-05-01,506.524
Entre Ríos,2017-05-01,136.419
Formosa,2017-05-01,26.257
Jujuy,2017-05-01,58.449
La Pampa,2017-05-01,37.582
La Rioja,2017-05-01,32.47
Mendoza,2017-05-01,243.898
Misiones,2017-05-01,105.097
Neuquén,2017-05-01,108.739
Río Negro,2017-05-01,104.774
Salta,2017-05-01,115.121
San Juan,2017-05-01,79.347
San Luis,2017-05-01,55.915
Santa Cruz,2017-05-01,58.054
Santa Fe,2017-05-01,506.264
Santiago del Estero,2017-05-01,51.567
Tierra del Fuego,2017-05-01,36.337
Tucumán,2017-05-01,166.814
Buenos Aires,2017-08-01,1960.784
C.A.B.A.,2017-08-01,1548.352
Catamarca,2017-08-01,32.186
Chaco,2017-08-01,77.802
Chubut,2017-08-01,97.229
Corrientes,2017-08-01,77.333
Córdoba,2017-08-01,511.02
Entre Ríos,2017-08-01,136.256
Formosa,2017-08-01,26.62
Jujuy,2017-08-01,58.819
La Pampa,2017-08-01,37.741
La Rioja,2017-08-01,30.824
Mendoza,2017-08-01,244.722
Misiones,2017-08-01,104.221
Neuquén,2017-08-01,110.475
Río Negro,2017-08-01,104.94
Salta,2017-08-01,116.345
San Juan,2017-08-01,80.841
San Luis,2017-08-01,56.356
Santa Cruz,2017-08-01,57.864
Santa Fe,2017-08-01,506.205
Santiago del Estero,2017-08-01,52.957
Tierra del Fuego,2017-08-01,36.705
Tucumán,2017-08-01,166.565
Buenos Aires,2017-09-01,1963.723
C.A.B.A.,2017-09-01,1548.535
Catamarca,2017-09-01,31.923
Chaco,2017-09-01,77.906
Chubut,2017-09-01,97.438
Corrientes,2017-09-01,77.585
Córdoba,2017-09-01,513.09
Entre Ríos,2017-09-01,137.8
Formosa,2017-09-01,26.598
Jujuy,2017-09-01,59.33
La Pampa,2017-09-01,37.55
La Rioja,2017-09-01,30.919
Mendoza,2017-09-01,244.593
Misiones,2017-09-01,103.024
Neuquén,2017-09-01,111.077
Río Negro,2017-09-01,104.663
Salta,2017-09-01,116.705
San Juan,2017-09-01,81.496
San Luis,2017-09-01,56.069
Santa Cruz,2017-09-01,57.695
Santa Fe,2017-09-01,507.768
Santiago del Estero,2017-09-01,53.422
Tierra del Fuego,2017-09-01,36.847
Tucumán,2017-09-01,169.047
Buenos Aires,2017-10-01,1967.279
C.A.B.A.,2017-10-01,1550.208
Catamarca,2017-10-01,31.669
Chaco,2017-10-01,77.998
Chubut,2017-10-01,97.448
Corrientes,2017-10-01,77.438
Córdoba,2017-10-01,515.76
Entre Ríos,2017-10-01,137.26
Formosa,2017-10-01,26.408
Jujuy,2017-10-01,59.127
La Pampa,2017-10-01,37.652
La Rioja,2017-10-01,30.919
Mendoza,2017-10-01,243.965
Misiones,2017-10-01,103.076
Neuquén,2017-10-01,111.76
Río Negro,2017-10-01,104.496
Salta,2017-10-01,116.78
San Juan,2017-10-01,81.778
San Luis,2017-10-01,56.057
Santa Cruz,2017-10-01,57.44
Santa Fe,2017-10-01,510.08
Santiago del Estero,2017-10-01,53.761
Tierra del Fuego,2017-10-01,37.054
Tucumán,2017-10-01,170.243
Buenos Aires,2017-11-01,1968.328
C.A.B.A.,2017-11-01,1555.073
Catamarca,2017-11-01,31.515
Chaco,2017-11-01,78.366
Chubut,2017-11-01,96.997
Corrientes,2017-11-01,77.469
Córdoba,2017-11-01,517.414
Entre Ríos,2017-11-01,134.899
Formosa,2017-11-01,26.406
Jujuy,2017-11-01,59.933
La Pampa,2017-11-01,37.606
La Rioja,2017-11-01,31.171
Mendoza,2017-11-01,244.875
Misiones,2017-11-01,104.201
Neuquén,2017-11-01,112.645
Río Negro,2017-11-01,105.122
Salta,2017-11-01,116.928
San Juan,2017-11-01,82.131
San Luis,2017-11-01,55.905
Santa Cruz,2017-11-01,57.416
Santa Fe,2017-11-01,511.254
Santiago del Estero,2017-11-01,53.976
Tierra del Fuego,2017-11-01,37.256
Tucumán,2017-11-01,170.781
Buenos Aires,2017-12-01,1969.57
C.A.B.A.,2017-12-01,1557.073
Catamarca,2017-12-01,31.399
Chaco,2017-12-01,78.291
Chubut,2017-12-01,96.957
Corrientes,2017-12-01,78.215
Córdoba,2017-12-01,519.326
Entre Ríos,2017-12-01,136.55
Formosa,2017-12-01,26.385
Jujuy,2017-12-01,60.32
La Pampa,2017-12-01,37.583
La Rioja,2017-12-01,31.492
Mendoza,2017-12-01,246.094
Misiones,2017-12-01,104.88
Neuquén,2017-12-01,112.931
Río Negro,2017-12-01,105.517
Salta,2017-12-01,118.788
San Juan,2017-12-01,82.223
San Luis,2017-12-01,55.876
Santa Cruz,2017-12-01,56.917
Santa Fe,2017-12-01,511.838
Santiago del Estero,2017-12-01,54.428
Tierra del Fuego,2017-12-01,37.495
Tucumán,2017-12-01,171.661
Buenos Aires,2018-01-01,1967.706
C.A.B.A.,2018-01-01,1555.063
Catamarca,2018-01-01,31.258
Chaco,2018-01-01,77.915
Chubut,2018-01-01,96.345
Corrientes,2018-01-01,78.583
Córdoba,2018-01-01,519.396
Entre Ríos,2018-01-01,135.878
Formosa,2018-01-01,27.057
Jujuy,2018-01-01,60.443
La Pampa,2018-01-01,37.723
La Rioja,2018-01-01,30.431
Mendoza,2018-01-01,244.941
Misiones,2018-01-01,105.19
Neuquén,2018-01-01,114.167
Río Negro,2018-01-01,104.306
Salta,2018-01-01,117.24
San Juan,2018-01-01,82.156
San Luis,2018-01-01,55.651
Santa Cruz,2018-01-01,56.828
Santa Fe,2018-01-01,510.733
Santiago del Estero,2018-01-01,54.202
Tierra del Fuego,2018-01-01,37.753
Tucumán,2018-01-01,172.635
Buenos Aires,2018-02-01,1965.669
C.A.B.A.,2018-02-01,1554.369
Catamarca,2018-02-01,31.209
Chaco,2018-02-01,77.898
Chubut,2018-02-01,95.637
Corrientes,2018-02-01,78.873
Córdoba,2018-02-01,520.241
Entre Ríos,2018-02-01,137.178
Formosa,2018-02-01,26.109
Jujuy,2018-02-01,60.418
La Pampa,2018-02-01,37.891
La Rioja,2018-02-01,29.54
Mendoza,2018-02-01,246.985
Misiones,2018-02-01,105.123
Neuquén,2018-02-01,114.154
Río Negro,2018-02-01,103.307
Salta,2018-02-01,116.835
San Juan,2018-02-01,82.012
San Luis,2018-02-01,55.682
Santa Cruz,2018-02-01,56.112
Santa Fe,2018-02-01,510.277
Santiago del Estero,2018-02-01,54.437
Tierra del Fuego,2018-02-01,38.041
Tucumán,2018-02-01,172.453
Buenos Aires,2018-03-01,1966.862
C.A.B.A.,2018-03-01,1556.303
Catamarca,2018-03-01,30.829
Chaco,2018-03-01,78.077
Chubut,2018-03-01,95.762
Corrientes,2018-03-01,79.062
Córdoba,2018-03-01,520.922
Entre Ríos,2018-03-01,136.967
Formosa,2018-03-01,26.245
Jujuy,2018-03-01,60.755
La Pampa,2018-03-01,38.137
La Rioja,2018-03-01,29.407
Mendoza,2018-03-01,248.496
Misiones,2018-03-01,105.981
Neuquén,2018-03-01,114.617
Río Negro,2018-03-01,104.01
Salta,2018-03-01,116.742
San Juan,2018-03-01,82.135
San Luis,2018-03-01,55.615
Santa Cruz,2018-03-01,56.112
Santa Fe,2018-03-01,510.607
Santiago del Estero,2018-03-01,54.63
Tierra del Fuego,2018-03-01,38.24
Tucumán,2018-03-01,172.607
Buenos Aires,2018-04-01,1966.694
C.A.B.A.,2018-04-01,1555.297
Catamarca,2018-04-01,30.725
Chaco,2018-04-01,77.969
Chubut,2018-04-01,95.978
Corrientes,2018-04-01,79.627
Córdoba,2018-04-01,521.146
Entre Ríos,2018-04-01,137.396
Formosa,2018-04-01,26.253
Jujuy,2018-04-01,60.877
La Pampa,2018-04-01,38.201
La Rioja,2018-04-01,29.497
Mendoza,2018-04-01,247.946
Misiones,2018-04-01,106.947
Neuquén,2018-04-01,115.435
Río Negro,2018-04-01,104.647
Salta,2018-04-01,116.934
San Juan,2018-04-01,82.206
San Luis,2018-04-01,55.596
Santa Cruz,2018-04-01,56.067
Santa Fe,2018-04-01,510.94
Santiago del Estero,2018-04-01,54.75
Tierra del Fuego,2018-04-01,38.082
Tucumán,2018-04-01,172.765
Buenos Aires,2018-05-01,1965.46
C.A.B.A.,2018-05-01,1555.308
Catamarca,2018-05-01,30.465
Chaco,2018-05-01,77.549
Chubut,2018-05-01,95.662
Corrientes,2018-05-01,79.097
Córdoba,2018-05-01,519.219
Entre Ríos,2018-05-01,136.076
Formosa,2018-05-01,26.257
Jujuy,2018-05-01,61.397
La Pampa,2018-05-01,38.231
La Rioja,2018-05-01,29.253
Mendoza,2018-05-01,247.618
Misiones,2018-05-01,106.194
Neuquén,2018-05-01,116.169
Río Negro,2018-05-01,104.422
Salta,2018-05-01,116.885
San Juan,2018-05-01,82.136
San Luis,2018-05-01,55.188
Santa Cruz,2018-05-01,56.261
Santa Fe,2018-05-01,510.27
Santiago del Estero,2018-05-01,54.464
Tierra del Fuego,2018-05-01,38.116
Tucumán,2018-05-01,172.33
Buenos Aires,2018-06-01,1957.054
C.A.B.A.,2018-06-01,1553.226
Catamarca,2018-06-01,30.522
Chaco,2018-06-01,77.026
Chubut,2018-06-01,95.439
Corrientes,2018-06-01,78.896
Córdoba,2018-06-01,518.123
Entre Ríos,2018-06-01,135.565
Formosa,2018-06-01,26.03
Jujuy,2018-06-01,61.188
La Pampa,2018-06-01,38.057
La Rioja,2018-06-01,29.269
Mendoza,2018-06-01,246.626
Misiones,2018-06-01,105.161
Neuquén,2018-06-01,116.108
Río Negro,2018-06-01,104.084
Salta,2018-06-01,115.94
San Juan,2018-06-01,81.752
San Luis,2018-06-01,54.751
Santa Cruz,2018-06-01,55.847
Santa Fe,2018-06-01,508.986
Santiago del Estero,2018-06-01,54.156
Tierra del Fuego,2018-06-01,37.209
Tucumán,2018-06-01,171.716
Buenos Aires,2018-07-01,1953.397
C.A.B.A.,2018-07-01,1548.492
Catamarca,2018-07-01,30.447
Chaco,2018-07-01,76.275
Chubut,2018-07-01,95.289
Corrientes,2018-07-01,78.312
Córdoba,2018-07-01,517.468
Entre Ríos,2018-07-01,135.892
Formosa,2018-07-01,25.799
Jujuy,2018-07-01,60.867
La Pampa,2018-07-01,37.886
La Rioja,2018-07-01,29.678
Mendoza,2018-07-01,247.309
Misiones,2018-07-01,104.775
Neuquén,2018-07-01,116.122
Río Negro,2018-07-01,104.194
Salta,2018-07-01,116.234
San Juan,2018-07-01,81.665
San Luis,2018-07-01,54.209
Santa Cruz,2018-07-01,55.911
Santa Fe,2018-07-01,508.346
Santiago del Estero,2018-07-01,54.092
Tierra del Fuego,2018-07-01,36.967
Tucumán,2018-07-01,173.101
Buenos Aires,2018-08-01,1949.669
C.A.B.A.,2018-08-01,1545.434
Catamarca,2018-08-01,30.05
Chaco,2018-08-01,75.271
Chubut,2018-08-01,95.557
Corrientes,2018-08-01,78.084
Córdoba,2018-08-01,515.126
Entre Ríos,2018-08-01,135.11
Formosa,2018-08-01,25.54
Jujuy,2018-08-01,60.803
La Pampa,2018-08-01,38.014
La Rioja,2018-08-01,29.859
Mendoza,2018-08-01,247.075
Misiones,2018-08-01,104.541
Neuquén,2018-08-01,116.68
Río Negro,2018-08-01,103.826
Salta,2018-08-01,116.269
San Juan,2018-08-01,81.677
San Luis,2018-08-01,53.749
Santa Cruz,2018-08-01,56.069
Santa Fe,2018-08-01,510.102
Santiago del Estero,2018-08-01,53.875
Tierra del Fuego,2018-08-01,36.588
Tucumán,2018-08-01,174.32
Buenos Aires,2018-09-01,1942.593
C.A.B.A.,2018-09-01,1542.322
Catamarca,2018-09-01,29.725
Chaco,2018-09-01,74.561
Chubut,2018-09-01,96.144
Corrientes,2018-09-01,77.951
Córdoba,2018-09-01,512.692
Entre Ríos,2018-09-01,133.22
Formosa,2018-09-01,25.163
Jujuy,2018-09-01,60.998
La Pampa,2018-09-01,37.692
La Rioja,2018-09-01,30.136
Mendoza,2018-09-01,246.387
Misiones,2018-09-01,103.455
Neuquén,2018-09-01,116.613
Río Negro,2018-09-01,103.485
Salta,2018-09-01,115.811
San Juan,2018-09-01,81.439
San Luis,2018-09-01,53.54
Santa Cruz,2018-09-01,55.543
Santa Fe,2018-09-01,507.889
Santiago del Estero,2018-09-01,53.632
Tierra del Fuego,2018-09-01,36.165
Tucumán,2018-09-01,172.496
Buenos Aires,2018-10-01,1935.634
C.A.B.A.,2018-10-01,1537.908
Catamarca,2018-10-01,29.364
Chaco,2018-10-01,74.097
Chubut,2018-10-01,95.986
Corrientes,2018-10-01,78.293
Córdoba,2018-10-01,510.316
Entre Ríos,2018-10-01,137.047
Formosa,2018-10-01,24.805
Jujuy,2018-10-01,61.613
La Pampa,2018-10-01,37.441
La Rioja,2018-10-01,29.964
Mendoza,2018-10-01,246.385
Misiones,2018-10-01,102.522
Neuquén,2018-10-01,117.216
Río Negro,2018-10-01,103.12
Salta,2018-10-01,116.73
San Juan,2018-10-01,81.419
San Luis,2018-10-01,53.153
Santa Cruz,2018-10-01,55.735
Santa Fe,2018-10-01,506.036
Santiago del Estero,2018-10-01,53.19
Tierra del Fuego,2018-10-01,35.635
Tucumán,2018-10-01,172.08
Buenos Aires,2018-11-01,1922.48
C.A.B.A.,2018-11-01,1531.591
Catamarca,2018-11-01,29.001
Chaco,2018-11-01,73.484
Chubut,2018-11-01,94.014
Corrientes,2018-11-01,77.788
Córdoba,2018-11-01,508.435
Entre Ríos,2018-11-01,136.277
Formosa,2018-11-01,24.795
Jujuy,2018-11-01,62.355
La Pampa,2018-11-01,37.178
La Rioja,2018-11-01,29.568
Mendoza,2018-11-01,245.405
Misiones,2018-11-01,102.067
Neuquén,2018-11-01,117.865
Río Negro,2018-11-01,102.783
Salta,2018-11-01,117.092
San Juan,2018-11-01,80.835
San Luis,2018-11-01,52.968
Santa Cruz,2018-11-01,55.853
Santa Fe,2018-11-01,503.346
Santiago del Estero,2018-11-01,52.881
Tierra del Fuego,2018-11-01,35.295
Tucumán,2018-11-01,171.65
Buenos Aires,2018-12-01,1919.586
C.A.B.A.,2018-12-01,1529.352
Catamarca,2018-12-01,28.953
Chaco,2018-12-01,73.614
Chubut,2018-12-01,94.398
Corrientes,2018-12-01,77.172
Córdoba,2018-12-01,506.854
Entre Ríos,2018-12-01,133.618
Formosa,2018-12-01,24.709
Jujuy,2018-12-01,62.077
La Pampa,2018-12-01,37.112
La Rioja,2018-12-01,29.824
Mendoza,2018-12-01,244.686
Misiones,2018-12-01,102.934
Neuquén,2018-12-01,118.712
Río Negro,2018-12-01,102.991
Salta,2018-12-01,117.452
San Juan,2018-12-01,80.389
San Luis,2018-12-01,52.483
Santa Cruz,2018-12-01,56.355
Santa Fe,2018-12-01,502.223
Santiago del Estero,2018-12-01,52.351
Tierra del Fuego,2018-12-01,34.95
Tucumán,2018-12-01,170.83
Buenos Aires,2019-01-01,1916.41
C.A.B.A.,2019-01-01,1525.531
Catamarca,2019-01-01,29.062
Chaco,2019-01-01,73.295
Chubut,2019-01-01,94.744
Corrientes,2019-01-01,76.282
Córdoba,2019-01-01,506.28
Entre Ríos,2019-01-01,133.591
Formosa,2019-01-01,24.616
Jujuy,2019-01-01,61.367
La Pampa,2019-01-01,37.049
La Rioja,2019-01-01,29.372
Mendoza,2019-01-01,244.172
Misiones,2019-01-01,102.73
Neuquén,2019-01-01,118.713
Río Negro,2019-01-01,102.899
Salta,2019-01-01,116.594
San Juan,2019-01-01,80.279
San Luis,2019-01-01,52.923
Santa Cruz,2019-01-01,56.859
Santa Fe,2019-01-01,501.46
Santiago del Estero,2019-01-01,52.209
Tierra del Fuego,2019-01-01,35.081
Tucumán,2019-01-01,170.656
Buenos Aires,2019-02-01,1917.626
C.A.B.A.,2019-02-01,1525.964
Catamarca,2019-02-01,29.305
Chaco,2019-02-01,73.45
Chubut,2019-02-01,94.978
Corrientes,2019-02-01,76.652
Córdoba,2019-02-01,506.241
Entre Ríos,2019-02-01,133.532
Formosa,2019-02-01,24.73
Jujuy,2019-02-01,60.329
La Pampa,2019-02-01,36.992
La Rioja,2019-02-01,30.258
Mendoza,2019-02-01,245.419
Misiones,2019-02-01,103.554
Neuquén,2019-02-01,119.969
Río Negro,2019-02-01,102.809
Salta,2019-02-01,116.64
San Juan,2019-02-01,80.666
San Luis,2019-02-01,53.051
Santa Cruz,2019-02-01,57.204
Santa Fe,2019-02-01,502.24
Santiago del Estero,2019-02-01,52.067
Tierra del Fuego,2019-02-01,34.76
Tucumán,2019-02-01,169.922
Buenos Aires,2019-03-01,1921.303
C.A.B.A.,2019-03-01,1521.864
Catamarca,2019-03-01,28.68
Chaco,2019-03-01,72.843
Chubut,2019-03-01,95.036
Corrientes,2019-03-01,76.972
Córdoba,2019-03-01,501.575
Entre Ríos,2019-03-01,133.559
Formosa,2019-03-01,24.569
Jujuy,2019-03-01,60.05
La Pampa,2019-03-01,36.515
La Rioja,2019-03-01,28.895
Mendoza,2019-03-01,244.626
Misiones,2019-03-01,103.771
Neuquén,2019-03-01,120.348
Río Negro,2019-03-01,103.294
Salta,2019-03-01,115.383
San Juan,2019-03-01,80.139
San Luis,2019-03-01,52.43
Santa Cruz,2019-03-01,56.879
Santa Fe,2019-03-01,500.382
Santiago del Estero,2019-03-01,52.035
Tierra del Fuego,2019-03-01,34.245
Tucumán,2019-03-01,168.961
Buenos Aires,2019-04-01,1912.774
C.A.B.A.,2019-04-01,1518.733
Catamarca,2019-04-01,28.183
Chaco,2019-04-01,72.745
Chubut,2019-04-01,95.391
Corrientes,2019-04-01,77.506
Córdoba,2019-04-01,499.719
Entre Ríos,2019-04-01,132.703
Formosa,2019-04-01,24.619
Jujuy,2019-04-01,59.926
La Pampa,2019-04-01,36.587
La Rioja,2019-04-01,28.902
Mendoza,2019-04-01,247.806
Misiones,2019-04-01,103.757
Neuquén,2019-04-01,120.646
Río Negro,2019-04-01,103.211
Salta,2019-04-01,115.804
San Juan,2019-04-01,80.235
San Luis,2019-04-01,52.946
Santa Cruz,2019-04-01,56.485
Santa Fe,2019-04-01,500.638
Santiago del Estero,2019-04-01,51.518
Tierra del Fuego,2019-04-01,33.864
Tucumán,2019-04-01,169.075
Buenos Aires,2019-05-01,1904.907
C.A.B.A.,2019-05-01,1521.305
Catamarca,2019-05-01,28.03
Chaco,2019-05-01,72.512
Chubut,2019-05-01,94.596
Corrientes,2019-05-01,77.193
Córdoba,2019-05-01,499.957
Entre Ríos,2019-05-01,132.684
Formosa,2019-05-01,24.56
Jujuy,2019-05-01,60.594
La Pampa,2019-05-01,36.215
La Rioja,2019-05-01,29.298
Mendoza,2019-05-01,247.159
Misiones,2019-05-01,103.424
Neuquén,2019-05-01,121.368
Río Negro,2019-05-01,103.169
Salta,2019-05-01,116.359
San Juan,2019-05-01,80.123
San Luis,2019-05-01,53.299
Santa Cruz,2019-05-01,55.944
Santa Fe,2019-05-01,500.722
Santiago del Estero,2019-05-01,51.342
Tierra del Fuego,2019-05-01,33.63
Tucumán,2019-05-01,171.04
Buenos Aires,2019-06-01,1901.937
C.A.B.A.,2019-06-01,1518.771
Catamarca,2019-06-01,27.814
Chaco,2019-06-01,72.396
Chubut,2019-06-01,95.147
Corrientes,2019-06-01,76.972
Córdoba,2019-06-01,498.388
Entre Ríos,2019-06-01,132.555
Formosa,2019-06-01,24.459
Jujuy,2019-06-01,60.434
La Pampa,2019-06-01,36.669
La Rioja,2019-06-01,28.831
Mendoza,2019-06-01,246.163
Misiones,2019-06-01,103.388
Neuquén,2019-06-01,121.817
Río Negro,2019-06-01,103.088
Salta,2019-06-01,116.795
San Juan,2019-06-01,79.464
San Luis,2019-06-01,53.413
Santa Cruz,2019-06-01,56.722
Santa Fe,2019-06-01,501.495
Santiago del Estero,2019-06-01,51.334
Tierra del Fuego,2019-06-01,33.522
Tucumán,2019-06-01,171.075
Buenos Aires,2019-07-01,1901.289
C.A.B.A.,2019-07-01,1515.204
Catamarca,2019-07-01,27.902
Chaco,2019-07-01,72.49
Chubut,2019-07-01,95.615
Corrientes,2019-07-01,78.71
Córdoba,2019-07-01,496.694
Entre Ríos,2019-07-01,132.24
Formosa,2019-07-01,24.343
Jujuy,2019-07-01,60.49
La Pampa,2019-07-01,36.671
La Rioja,2019-07-01,28.542
Mendoza,2019-07-01,246.221
Misiones,2019-07-01,102.901
Neuquén,2019-07-01,122.594
Río Negro,2019-07-01,103.057
Salta,2019-07-01,117.261
San Juan,2019-07-01,78.74
San Luis,2019-07-01,53.142
Santa Cruz,2019-07-01,56.873
Santa Fe,2019-07-01,499.158
Santiago del Estero,2019-07-01,51.418
Tierra del Fuego,2019-07-01,33.224
Tucumán,2019-07-01,170.901
Buenos Aires,2019-08-01,1896.411
C.A.B.A.,2019-08-01,1512.981
Catamarca,2019-08-01,27.866
Chaco,2019-08-01,72.375
Chubut,2019-08-01,95.749
Corrientes,2019-08-01,78.545
Córdoba,2019-08-01,495.691
Entre Ríos,2019-08-01,131.932
Formosa,2019-08-01,24.36
Jujuy,2019-08-01,60.804
La Pampa,2019-08-01,36.663
La Rioja,2019-08-01,28.408
Mendoza,2019-08-01,245.724
Misiones,2019-08-01,101.697
Neuquén,2019-08-01,122.65
Río Negro,2019-08-01,102.803
Salta,2019-08-01,117.602
San Juan,2019-08-01,78.198
San Luis,2019-08-01,52.941
Santa Cruz,2019-08-01,56.843
Santa Fe,2019-08-01,499.218
Santiago del Estero,2019-08-01,51.173
Tierra del Fuego,2019-08-01,32.947
Tucumán,2019-08-01,169.004
Buenos Aires,2019-09-01,1889.57
C.A.B.A.,2019-09-01,1505.287
Catamarca,2019-09-01,27.748
Chaco,2019-09-01,72.158
Chubut,2019-09-01,95.438
Corrientes,2019-09-01,77.716
Córdoba,2019-09-01,493.657
Entre Ríos,2019-09-01,131.309
Formosa,2019-09-01,24.322
Jujuy,2019-09-01,60.386
La Pampa,2019-09-01,36.75
La Rioja,2019-09-01,28.198
Mendoza,2019-09-01,243.062
Misiones,2019-09-01,100.813
Neuquén,2019-09-01,123.006
Río Negro,2019-09-01,102.02
Salta,2019-09-01,117.356
San Juan,2019-09-01,76.559
San Luis,2019-09-01,52.746
Santa Cruz,2019-09-01,56.803
Santa Fe,2019-09-01,497.084
Santiago del Estero,2019-09-01,50.939
Tierra del Fuego,2019-09-01,32.413
Tucumán,2019-09-01,169.882
Buenos Aires,2019-10-01,1884.773
C.A.B.A.,2019-10-01,1498.482
Catamarca,2019-10-01,27.61
Chaco,2019-10-01,72.632
Chubut,2019-10-01,95.436
Corrientes,2019-10-01,76.214
Córdoba,2019-10-01,491.295
Entre Ríos,2019-10-01,132.279
Formosa,2019-10-01,24.385
Jujuy,2019-10-01,59.832
La Pampa,2019-10-01,36.498
La Rioja,2019-10-01,28.019
Mendoza,2019-10-01,243.218
Misiones,2019-10-01,100.678
Neuquén,2019-10-01,122.101
Río Negro,2019-10-01,101.525
Salta,2019-10-01,116.42
San Juan,2019-10-01,76.276
San Luis,2019-10-01,52.266
Santa Cruz,2019-10-01,56.769
Santa Fe,2019-10-01,493.882
Santiago del Estero,2019-10-01,50.623
Tierra del Fuego,2019-10-01,32.046
Tucumán,2019-10-01,169.81
Buenos Aires,2019-11-01,1882.568
C.A.B.A.,2019-11-01,1485.708
Catamarca,2019-11-01,27.63
Chaco,2019-11-01,71.994
Chubut,2019-11-01,94.84
Corrientes,2019-11-01,76.513
Córdoba,2019-11-01,490.009
Entre Ríos,2019-11-01,133.609
Formosa,2019-11-01,24.054
Jujuy,2019-11-01,59.806
La Pampa,2019-11-01,36.398
La Rioja,2019-11-01,27.961
Mendoza,2019-11-01,242.869
Misiones,2019-11-01,100.248
Neuquén,2019-11-01,121.574
Río Negro,2019-11-01,101.195
Salta,2019-11-01,116.17
San Juan,2019-11-01,76.047
San Luis,2019-11-01,51.676
Santa Cruz,2019-11-01,56.667
Santa Fe,2019-11-01,491.753
Santiago del Estero,2019-11-01,50.303
Tierra del Fuego,2019-11-01,31.976
Tucumán,2019-11-01,168.376
Buenos Aires,2019-12-01,1880.126
C.A.B.A.,2019-12-01,1481.108
Catamarca,2019-12-01,27.711
Chaco,2019-12-01,71.485
Chubut,2019-12-01,94.421
Corrientes,2019-12-01,76.272
Córdoba,2019-12-01,487.659
Entre Ríos,2019-12-01,131.869
Formosa,2019-12-01,23.967
Jujuy,2019-12-01,59.243
La Pampa,2019-12-01,36.374
La Rioja,2019-12-01,27.883
Mendoza,2019-12-01,240.905
Misiones,2019-12-01,100.623
Neuquén,2019-12-01,121.354
Río Negro,2019-12-01,100.881
Salta,2019-12-01,115.516
San Juan,2019-12-01,75.956
San Luis,2019-12-01,51.303
Santa Cruz,2019-12-01,56.366
Santa Fe,2019-12-01,490.711
Santiago del Estero,2019-12-01,50.262
Tierra del Fuego,2019-12-01,32.154
Tucumán,2019-12-01,167.757
Buenos Aires,2020-01-01,1875.522
C.A.B.A.,2020-01-01,1476.332
Catamarca,2020-01-01,27.824
Chaco,2020-01-01,71.247
Chubut,2020-01-01,95.311
Corrientes,2020-01-01,75.683
Córdoba,2020-01-01,487.224
Entre Ríos,2020-01-01,131.011
Formosa,2020-01-01,23.906
Jujuy,2020-01-01,59.351
La Pampa,2020-01-01,36.104
La Rioja,2020-01-01,27.672
Mendoza,2020-01-01,238.89
Misiones,2020-01-01,100.661
Neuquén,2020-01-01,121.311
Río Negro,2020-01-01,100.579
Salta,2020-01-01,115.31
San Juan,2020-01-01,75.558
San Luis,2020-01-01,50.842
Santa Cruz,2020-01-01,56.33
Santa Fe,2020-01-01,488.097
Santiago del Estero,2020-01-01,50.231
Tierra del Fuego,2020-01-01,32.243
Tucumán,2020-01-01,167.104
Buenos Aires,2020-02-01,1874.593
C.A.B.A.,2020-02-01,1476.813
Catamarca,2020-02-01,28.335
Chaco,2020-02-01,71.195
Chubut,2020-02-01,95.402
Corrientes,2020-02-01,75.505
Córdoba,2020-02-01,488.307
Entre Ríos,2020-02-01,130.675
Formosa,2020-02-01,23.831
Jujuy,2020-02-01,59.543
La Pampa,2020-02-01,35.929
La Rioja,2020-02-01,28.078
Mendoza,2020-02-01,240.009
Misiones,2020-02-01,97.539
Neuquén,2020-02-01,121.088
Río Negro,2020-02-01,100.796
Salta,2020-02-01,115.078
San Juan,2020-02-01,76.024
San Luis,2020-02-01,50.792
Santa Cruz,2020-02-01,56.827
Santa Fe,2020-02-01,487.942
Santiago del Estero,2020-02-01,50.265
Tierra del Fuego,2020-02-01,32.685
Tucumán,2020-02-01,166.863
Buenos Aires,2020-03-01,1862.239
C.A.B.A.,2020-03-01,1465.98
Catamarca,2020-03-01,28.088
Chaco,2020-03-01,70.677
Chubut,2020-03-01,94.826
Corrientes,2020-03-01,75.395
Córdoba,2020-03-01,483.532
Entre Ríos,2020-03-01,130.096
Formosa,2020-03-01,23.836
Jujuy,2020-03-01,58.769
La Pampa,2020-03-01,35.845
La Rioja,2020-03-01,28.818
Mendoza,2020-03-01,237.821
Misiones,2020-03-01,100.429
Neuquén,2020-03-01,120.077
Río Negro,2020-03-01,100.845
Salta,2020-03-01,114.217
San Juan,2020-03-01,75.095
San Luis,2020-03-01,50.145
Santa Cruz,2020-03-01,56.464
Santa Fe,2020-03-01,486.453
Santiago del Estero,2020-03-01,49.587
Tierra del Fuego,2020-03-01,32.471
Tucumán,2020-03-01,166.487
Buenos Aires,2020-04-01,1835.538
C.A.B.A.,2020-04-01,1437.437
Catamarca,2020-04-01,26.424
Chaco,2020-04-01,69.135
Chubut,2020-04-01,93.531
Corrientes,2020-04-01,74.357
Córdoba,2020-04-01,476.109
Entre Ríos,2020-04-01,129.293
Formosa,2020-04-01,23.345
Jujuy,2020-04-01,57.628
La Pampa,2020-04-01,35.452
La Rioja,2020-04-01,26.867
Mendoza,2020-04-01,228.677
Misiones,2020-04-01,97.871
Neuquén,2020-04-01,116.572
Río Negro,2020-04-01,99.003
Salta,2020-04-01,111.962
San Juan,2020-04-01,72.058
San Luis,2020-04-01,49.812
Santa Cruz,2020-04-01,55.039
Santa Fe,2020-04-01,477.597
Santiago del Estero,2020-04-01,48.757
Tierra del Fuego,2020-04-01,31.032
Tucumán,2020-04-01,167.6
Buenos Aires,2020-05-01,1833.66
C.A.B.A.,2020-05-01,1426.795
Catamarca,2020-05-01,26.205
Chaco,2020-05-01,68.681
Chubut,2020-05-01,93.497
Corrientes,2020-05-01,74.004
Córdoba,2020-05-01,472.363
Entre Ríos,2020-05-01,129.02
Formosa,2020-05-01,23.218
Jujuy,2020-05-01,57.373
La Pampa,2020-05-01,35.432
La Rioja,2020-05-01,26.75
Mendoza,2020-05-01,228.985
Misiones,2020-05-01,97.249
Neuquén,2020-05-01,115.152
Río Negro,2020-05-01,98.921
Salta,2020-05-01,110.736
San Juan,2020-05-01,70.748
San Luis,2020-05-01,49.86
Santa Cruz,2020-05-01,55.501
Santa Fe,2020-05-01,475.207
Santiago del Estero,2020-05-01,49.05
Tierra del Fuego,2020-05-01,31.876
Tucumán,2020-05-01,164.476
Buenos Aires,2020-06-01,1834.899
C.A.B.A.,2020-06-01,1421.88
Catamarca,2020-06-01,26.526
Chaco,2020-06-01,69.01
Chubut,2020-06-01,92.536
Corrientes,2020-06-01,74.088
Córdoba,2020-06-01,474.438
Entre Ríos,2020-06-01,128.535
Formosa,2020-06-01,23.106
Jujuy,2020-06-01,57.091
La Pampa,2020-06-01,35.35
La Rioja,2020-06-01,26.642
Mendoza,2020-06-01,228.844
Misiones,2020-06-01,97.475
Neuquén,2020-06-01,113.338
Río Negro,2020-06-01,98.975
Salta,2020-06-01,109.842
San Juan,2020-06-01,70.892
San Luis,2020-06-01,49.906
Santa Cruz,2020-06-01,55.475
Santa Fe,2020-06-01,475.613
Santiago del Estero,2020-06-01,48.665
Tierra del Fuego,2020-06-01,32.438
Tucumán,2020-06-01,163.691
Buenos Aires,2020-07-01,1834.353
C.A.B.A.,2020-07-01,1417.211
Catamarca,2020-07-01,26.529
Chaco,2020-07-01,69.21
Chubut,2020-07-01,91.991
Corrientes,2020-07-01,74.055
Córdoba,2020-07-01,472.944
Entre Ríos,2020-07-01,128.38
Formosa,2020-07-01,22.993
Jujuy,2020-07-01,57.024
La Pampa,2020-07-01,35.385
La Rioja,2020-07-01,26.622
Mendoza,2020-07-01,227.122
Misiones,2020-07-01,97.293
Neuquén,2020-07-01,110.474
Río Negro,2020-07-01,98.338
Salta,2020-07-01,108.787
San Juan,2020-07-01,71.182
San Luis,2020-07-01,50.348
Santa Cruz,2020-07-01,55.327
Santa Fe,2020-07-01,476.337
Santiago del Estero,2020-07-01,47.997
Tierra del Fuego,2020-07-01,32.777
Tucumán,2020-07-01,162.976
Buenos Aires,2020-08-01,1835.93
C.A.B.A.,2020-08-01,1416.195
Catamarca,2020-08-01,26.571
Chaco,2020-08-01,69.604
Chubut,2020-08-01,91.926
Corrientes,2020-08-01,74.312
Córdoba,2020-08-01,473.698
Entre Ríos,2020-08-01,128.61
Formosa,2020-08-01,22.917
Jujuy,2020-08-01,56.473
La Pampa,2020-08-01,35.44
La Rioja,2020-08-01,26.804
Mendoza,2020-08-01,226.664
Misiones,2020-08-01,97.578
Neuquén,2020-08-01,109.959
Río Negro,2020-08-01,98.531
Salta,2020-08-01,108.134
San Juan,2020-08-01,71.4
San Luis,2020-08-01,50.516
Santa Cruz,2020-08-01,55.884
Santa Fe,2020-08-01,476.475
Santiago del Estero,2020-08-01,47.494
Tierra del Fuego,2020-08-01,32.461
Tucumán,2020-08-01,162.947
Buenos Aires,2020-09-01,1838.409
C.A.B.A.,2020-09-01,1413.447
Catamarca,2020-09-01,26.518
Chaco,2020-09-01,69.707
Chubut,2020-09-01,92.541
Corrientes,2020-09-01,74.47
Córdoba,2020-09-01,474.985
Entre Ríos,2020-09-01,128.587
Formosa,2020-09-01,22.918
Jujuy,2020-09-01,55.813
La Pampa,2020-09-01,35.657
La Rioja,2020-09-01,26.836
Mendoza,2020-09-01,227.054
Misiones,2020-09-01,97.977
Neuquén,2020-09-01,110.266
Río Negro,2020-09-01,99.04
Salta,2020-09-01,107.791
San Juan,2020-09-01,71.071
San Luis,2020-09-01,50.745
Santa Cruz,2020-09-01,55.569
Santa Fe,2020-09-01,477.379
Santiago del Estero,2020-09-01,47.814
Tierra del Fuego,2020-09-01,33.68
Tucumán,2020-09-01,162.727
Buenos Aires,2020-10-01,1838.043
C.A.B.A.,2020-10-01,1408.657
Catamarca,2020-10-01,26.78
Chaco,2020-10-01,69.924
Chubut,2020-10-01,92.659
Corrientes,2020-10-01,74.649
Córdoba,2020-10-01,475.189
Entre Ríos,2020-10-01,128.01
Formosa,2020-10-01,23.098
Jujuy,2020-10-01,55.93
La Pampa,2020-10-01,35.912
La Rioja,2020-10-01,26.826
Mendoza,2020-10-01,227.415
Misiones,2020-10-01,97.877
Neuquén,2020-10-01,110.215
Río Negro,2020-10-01,99.763
Salta,2020-10-01,107.783
San Juan,2020-10-01,71.919
San Luis,2020-10-01,51.128
Santa Cruz,2020-10-01,55.161
Santa Fe,2020-10-01,478.183
Santiago del Estero,2020-10-01,48.449
Tierra del Fuego,2020-10-01,34.508
Tucumán,2020-10-01,163.025
Buenos Aires,2020-11-01,1838.3
C.A.B.A.,2020-11-01,1409.347
Catamarca,2020-11-01,26.602
Chaco,2020-11-01,70.336
Chubut,2020-11-01,92.724
Corrientes,2020-11-01,74.55
Córdoba,2020-11-01,475.184
Entre Ríos,2020-11-01,127.572
Formosa,2020-11-01,23.279
Jujuy,2020-11-01,56.146
La Pampa,2020-11-01,35.71
La Rioja,2020-11-01,26.926
Mendoza,2020-11-01,227.375
Misiones,2020-11-01,97.968
Neuquén,2020-11-01,110.154
Río Negro,2020-11-01,100.505
Salta,2020-11-01,107.931
San Juan,2020-11-01,72.381
San Luis,2020-11-01,51.404
Santa Cruz,2020-11-01,54.963
Santa Fe,2020-11-01,479.437
Santiago del Estero,2020-11-01,48.611
Tierra del Fuego,2020-11-01,34.93
Tucumán,2020-11-01,163.388
Buenos Aires,2020-12-01,1836.582
C.A.B.A.,2020-12-01,1408.942
Catamarca,2020-12-01,26.74
Chaco,2020-12-01,70.508
Chubut,2020-12-01,92.321
Corrientes,2020-12-01,74.835
Córdoba,2020-12-01,475.181
Entre Ríos,2020-12-01,128.779
Formosa,2020-12-01,23.58
Jujuy,2020-12-01,55.926
La Pampa,2020-12-01,35.678
La Rioja,2020-12-01,27.022
Mendoza,2020-12-01,227.827
Misiones,2020-12-01,97.527
Neuquén,2020-12-01,110.205
Río Negro,2020-12-01,99.937
Salta,2020-12-01,108.464
San Juan,2020-12-01,72.536
San Luis,2020-12-01,51.53
Santa Cruz,2020-12-01,54.533
Santa Fe,2020-12-01,480.242
Santiago del Estero,2020-12-01,48.806
Tierra del Fuego,2020-12-01,35.063
Tucumán,2020-12-01,163.743
Buenos Aires,2021-01-01,1836.001
C.A.B.A.,2021-01-01,1411.445
Catamarca,2021-01-01,27.378
Chaco,2021-01-01,71.083
Chubut,2021-01-01,92.483
Corrientes,2021-01-01,75.151
Córdoba,2021-01-01,474.308
Entre Ríos,2021-01-01,129.462
Formosa,2021-01-01,23.856
Jujuy,2021-01-01,56.026
La Pampa,2021-01-01,35.743
La Rioja,2021-01-01,27.649
Mendoza,2021-01-01,228.156
Misiones,2021-01-01,98.1
Neuquén,2021-01-01,110.374
Río Negro,2021-01-01,99.92
Salta,2021-01-01,109.38
San Juan,2021-01-01,72.851
San Luis,2021-01-01,51.753
Santa Cruz,2021-01-01,54.525
Santa Fe,2021-01-01,483.59
Santiago del Estero,2021-01-01,48.772
Tierra del Fuego,2021-01-01,34.734
Tucumán,2021-01-01,163.512
Buenos Aires,2021-02-01,1845.196
C.A.B.A.,2021-02-01,1410.741
Catamarca,2021-02-01,27.445
Chaco,2021-02-01,71.399
Chubut,2021-02-01,92.781
Corrientes,2021-02-01,75.304
Córdoba,2021-02-01,476.275
Entre Ríos,2021-02-01,129.436
Formosa,2021-02-01,23.99
Jujuy,2021-02-01,56.074
La Pampa,2021-02-01,35.837
La Rioja,2021-02-01,27.288
Mendoza,2021-02-01,228.262
Misiones,2021-02-01,99.298
Neuquén,2021-02-01,110.79
Río Negro,2021-02-01,100.319
Salta,2021-02-01,110.428
San Juan,2021-02-01,73.461
San Luis,2021-02-01,51.721
Santa Cruz,2021-02-01,54.782
Santa Fe,2021-02-01,485.232
Santiago del Estero,2021-02-01,49.37
Tierra del Fuego,2021-02-01,34.803
Tucumán,2021-02-01,164.042
Buenos Aires,2021-03-01,1856.02
C.A.B.A.,2021-03-01,1411.948
Catamarca,2021-03-01,27.631
Chaco,2021-03-01,71.342
Chubut,2021-03-01,92.532
Corrientes,2021-03-01,75.776
Córdoba,2021-03-01,482.174
Entre Ríos,2021-03-01,130.021
Formosa,2021-03-01,24.18
Jujuy,2021-03-01,56.497
La Pampa,2021-03-01,35.942
La Rioja,2021-03-01,27.412
Mendoza,2021-03-01,228.721
Misiones,2021-03-01,100.961
Neuquén,2021-03-01,112.018
Río Negro,2021-03-01,100.988
Salta,2021-03-01,111.444
San Juan,2021-03-01,74.172
San Luis,2021-03-01,51.802
Santa Cruz,2021-03-01,55.486
Santa Fe,2021-03-01,487.258
Santiago del Estero,2021-03-01,48.926
Tierra del Fuego,2021-03-01,34.895
Tucumán,2021-03-01,163.817
Buenos Aires,2021-04-01,1863.284
C.A.B.A.,2021-04-01,1419.383
Catamarca,2021-04-01,27.675
Chaco,2021-04-01,71.729
Chubut,2021-04-01,92.914
Corrientes,2021-04-01,76.249
Córdoba,2021-04-01,486.364
Entre Ríos,2021-04-01,130.921
Formosa,2021-04-01,24.197
Jujuy,2021-04-01,57.693
La Pampa,2021-04-01,36.175
La Rioja,2021-04-01,27.713
Mendoza,2021-04-01,229.837
Misiones,2021-04-01,101.243
Neuquén,2021-04-01,112.903
Río Negro,2021-04-01,101.425
Salta,2021-04-01,112.385
San Juan,2021-04-01,75.208
San Luis,2021-04-01,51.854
Santa Cruz,2021-04-01,56.774
Santa Fe,2021-04-01,490.241
Santiago del Estero,2021-04-01,49.168
Tierra del Fuego,2021-04-01,35.136
Tucumán,2021-04-01,163.955
Buenos Aires,2021-05-01,1864.616
C.A.B.A.,2021-05-01,1418.205
Catamarca,2021-05-01,27.914
Chaco,2021-05-01,71.871
Chubut,2021-05-01,92.877
Corrientes,2021-05-01,76.098
Córdoba,2021-05-01,486.616
Entre Ríos,2021-05-01,131.117
Formosa,2021-05-01,24.028
Jujuy,2021-05-01,58.313
La Pampa,2021-05-01,36.241
La Rioja,2021-05-01,27.901
Mendoza,2021-05-01,230.19
Misiones,2021-05-01,101.985
Neuquén,2021-05-01,113.666
Río Negro,2021-05-01,101.84
Salta,2021-05-01,111.856
San Juan,2021-05-01,75.453
San Luis,2021-05-01,51.844
Santa Cruz,2021-05-01,57.158
Santa Fe,2021-05-01,490.785
Santiago del Estero,2021-05-01,49.136
Tierra del Fuego,2021-05-01,34.749
Tucumán,2021-05-01,163.81
Buenos Aires,2021-06-01,1867.07
C.A.B.A.,2021-06-01,1418.837
Catamarca,2021-06-01,28.158
Chaco,2021-06-01,72.092
Chubut,2021-06-01,94.465
Corrientes,2021-06-01,76.03
Córdoba,2021-06-01,486.732
Entre Ríos,2021-06-01,130.91
Formosa,2021-06-01,23.947
Jujuy,2021-06-01,57.891
La Pampa,2021-06-01,36.24
La Rioja,2021-06-01,28.461
Mendoza,2021-06-01,230.007
Misiones,2021-06-01,101.07
Neuquén,2021-06-01,114.326
Río Negro,2021-06-01,101.618
Salta,2021-06-01,112.206
San Juan,2021-06-01,75.741
San Luis,2021-06-01,51.678
Santa Cruz,2021-06-01,57.588
Santa Fe,2021-06-01,490.648
Santiago del Estero,2021-06-01,49.318
Tierra del Fuego,2021-06-01,34.45
Tucumán,2021-06-01,164.071
Buenos Aires,2021-07-01,1862.476
C.A.B.A.,2021-07-01,1420.812
Catamarca,2021-07-01,28.022
Chaco,2021-07-01,71.94
Chubut,2021-07-01,94.129
Corrientes,2021-07-01,76.128
Córdoba,2021-07-01,487.351
Entre Ríos,2021-07-01,131.453
Formosa,2021-07-01,24.116
Jujuy,2021-07-01,57.971
La Pampa,2021-07-01,35.957
La Rioja,2021-07-01,27.874
Mendoza,2021-07-01,229.992
Misiones,2021-07-01,101.058
Neuquén,2021-07-01,114.682
Río Negro,2021-07-01,100.662
Salta,2021-07-01,112.446
San Juan,2021-07-01,76.046
San Luis,2021-07-01,51.415
Santa Cruz,2021-07-01,57.839
Santa Fe,2021-07-01,491.406
Santiago del Estero,2021-07-01,49.539
Tierra del Fuego,2021-07-01,34.304
Tucumán,2021-07-01,164.708
Buenos Aires,2021-08-01,1866.637
C.A.B.A.,2021-08-01,1421.294
Catamarca,2021-08-01,28.581
Chaco,2021-08-01,72.01
Chubut,2021-08-01,94.191
Corrientes,2021-08-01,76.241
Córdoba,2021-08-01,489.325
Entre Ríos,2021-08-01,132.073
Formosa,2021-08-01,24.313
Jujuy,2021-08-01,58.068
La Pampa,2021-08-01,35.973
La Rioja,2021-08-01,27.688
Mendoza,2021-08-01,230.292
Misiones,2021-08-01,100.976
Neuquén,2021-08-01,115.538
Río Negro,2021-08-01,101.086
Salta,2021-08-01,112.878
San Juan,2021-08-01,76.286
San Luis,2021-08-01,51.778
Santa Cruz,2021-08-01,57.803
Santa Fe,2021-08-01,492.571
Santiago del Estero,2021-08-01,49.557
Tierra del Fuego,2021-08-01,34.402
Tucumán,2021-08-01,165.2
Buenos Aires,2021-09-01,1875.73
C.A.B.A.,2021-09-01,1425.757
Catamarca,2021-09-01,28.974
Chaco,2021-09-01,72.201
Chubut,2021-09-01,94.192
Corrientes,2021-09-01,76.605
Córdoba,2021-09-01,490.243
Entre Ríos,2021-09-01,132.713
Formosa,2021-09-01,24.397
Jujuy,2021-09-01,58.66
La Pampa,2021-09-01,35.994
La Rioja,2021-09-01,28.044
Mendoza,2021-09-01,230.13
Misiones,2021-09-01,101.542
Neuquén,2021-09-01,116.114
Río Negro,2021-09-01,102.47
Salta,2021-09-01,112.836
San Juan,2021-09-01,76.747
San Luis,2021-09-01,51.699
Santa Cruz,2021-09-01,57.954
Santa Fe,2021-09-01,494.281
Santiago del Estero,2021-09-01,49.764
Tierra del Fuego,2021-09-01,34.72
Tucumán,2021-09-01,165.32
Buenos Aires,2021-10-01,1880.337
C.A.B.A.,2021-10-01,1431.244
Catamarca,2021-10-01,29.481
Chaco,2021-10-01,72.382
Chubut,2021-10-01,92.893
Corrientes,2021-10-01,76.946
Córdoba,2021-10-01,491.647
Entre Ríos,2021-10-01,131.563
Formosa,2021-10-01,24.505
Jujuy,2021-10-01,58.747
La Pampa,2021-10-01,36.1
La Rioja,2021-10-01,28.203
Mendoza,2021-10-01,231.165
Misiones,2021-10-01,101.587
Neuquén,2021-10-01,116.887
Río Negro,2021-10-01,102.572
Salta,2021-10-01,112.907
San Juan,2021-10-01,76.928
San Luis,2021-10-01,52.058
Santa Cruz,2021-10-01,57.597
Santa Fe,2021-10-01,495.696
Santiago del Estero,2021-10-01,50.082
Tierra del Fuego,2021-10-01,33.924
Tucumán,2021-10-01,164.084
Buenos Aires,2021-11-01,1884.038
C.A.B.A.,2021-11-01,1435.403
Catamarca,2021-11-01,29.736
Chaco,2021-11-01,72.877
Chubut,2021-11-01,94.186
Corrientes,2021-11-01,76.503
Córdoba,2021-11-01,494.208
Entre Ríos,2021-11-01,131.966
Formosa,2021-11-01,24.967
Jujuy,2021-11-01,58.875
La Pampa,2021-11-01,36.631
La Rioja,2021-11-01,28.405
Mendoza,2021-11-01,232.681
Misiones,2021-11-01,102.149
Neuquén,2021-11-01,117.549
Río Negro,2021-11-01,103.562
Salta,2021-11-01,113.435
San Juan,2021-11-01,77.177
San Luis,2021-11-01,52.327
Santa Cruz,2021-11-01,57.344
Santa Fe,2021-11-01,497.703
Santiago del Estero,2021-11-01,50.452
Tierra del Fuego,2021-11-01,34.591
Tucumán,2021-11-01,164.273
Buenos Aires,2021-12-01,1896.54
C.A.B.A.,2021-12-01,1443.204
Catamarca,2021-12-01,30.24
Chaco,2021-12-01,73.427
Chubut,2021-12-01,94.498
Corrientes,2021-12-01,76.428
Córdoba,2021-12-01,497.255
Entre Ríos,2021-12-01,133.339
Formosa,2021-12-01,25.187
Jujuy,2021-12-01,58.684
La Pampa,2021-12-01,36.933
La Rioja,2021-12-01,28.598
Mendoza,2021-12-01,233.855
Misiones,2021-12-01,102.708
Neuquén,2021-12-01,118.694
Río Negro,2021-12-01,105.113
Salta,2021-12-01,114.325
San Juan,2021-12-01,78.177
San Luis,2021-12-01,52.687
Santa Cruz,2021-12-01,57.732
Santa Fe,2021-12-01,500.112
Santiago del Estero,2021-12-01,50.814
Tierra del Fuego,2021-12-01,35.239
Tucumán,2021-12-01,164.709
Buenos Aires,2022-01-01,1910.107
C.A.B.A.,2022-01-01,1447.729
Catamarca,2022-01-01,30.234
Chaco,2022-01-01,73.731
Chubut,2022-01-01,94.871
Corrientes,2022-01-01,76.522
Córdoba,2022-01-01,498.855
Entre Ríos,2022-01-01,133.71
Formosa,2022-01-01,25.415
Jujuy,2022-01-01,59.406
La Pampa,2022-01-01,37.184
La Rioja,2022-01-01,28.993
Mendoza,2022-01-01,235.362
Misiones,2022-01-01,103.457
Neuquén,2022-01-01,119.927
Río Negro,2022-01-01,105.156
Salta,2022-01-01,113.836
San Juan,2022-01-01,78.828
San Luis,2022-01-01,53.18
Santa Cruz,2022-01-01,58.04
Santa Fe,2022-01-01,502.06
Santiago del Estero,2022-01-01,51.517
Tierra del Fuego,2022-01-01,35.728
Tucumán,2022-01-01,165.108
Buenos Aires,2022-02-01,1917.542
C.A.B.A.,2022-02-01,1452.233
Catamarca,2022-02-01,30.446
Chaco,2022-02-01,73.916
Chubut,2022-02-01,95.053
Corrientes,2022-02-01,76.603
Córdoba,2022-02-01,500.343
Entre Ríos,2022-02-01,134.686
Formosa,2022-02-01,25.483
Jujuy,2022-02-01,60.924
La Pampa,2022-02-01,37.3
La Rioja,2022-02-01,29.666
Mendoza,2022-02-01,235.448
Misiones,2022-02-01,103.621
Neuquén,2022-02-01,120.28
Río Negro,2022-02-01,105.2
Salta,2022-02-01,113.774
San Juan,2022-02-01,79.396
San Luis,2022-02-01,53.529
Santa Cruz,2022-02-01,58.835
Santa Fe,2022-02-01,503.07
Santiago del Estero,2022-02-01,51.944
Tierra del Fuego,2022-02-01,35.893
Tucumán,2022-02-01,165.635
Buenos Aires,2022-03-01,1924.754
C.A.B.A.,2022-03-01,1456.747
Catamarca,2022-03-01,31.335
Chaco,2022-03-01,74.479
Chubut,2022-03-01,96.035
Corrientes,2022-03-01,76.783
Córdoba,2022-03-01,503.263
Entre Ríos,2022-03-01,134.901
Formosa,2022-03-01,25.871
Jujuy,2022-03-01,62.486
La Pampa,2022-03-01,37.576
La Rioja,2022-03-01,30.548
Mendoza,2022-03-01,237.495
Misiones,2022-03-01,103.088
Neuquén,2022-03-01,120.901
Río Negro,2022-03-01,105.819
Salta,2022-03-01,114.376
San Juan,2022-03-01,80.073
San Luis,2022-03-01,53.917
Santa Cruz,2022-03-01,59.398
Santa Fe,2022-03-01,505.39
Santiago del Estero,2022-03-01,52.282
Tierra del Fuego,2022-03-01,36.219
Tucumán,2022-03-01,165.029
Buenos Aires,2022-04-01,1935.955
C.A.B.A.,2022-04-01,1462.03
Catamarca,2022-04-01,31.81
Chaco,2022-04-01,74.72
Chubut,2022-04-01,96.462
Corrientes,2022-04-01,76.835
Córdoba,2022-04-01,505.825
Entre Ríos,2022-04-01,135.093
Formosa,2022-04-01,26.04
Jujuy,2022-04-01,61.948
La Pampa,2022-04-01,37.861
La Rioja,2022-04-01,30.669
Mendoza,2022-04-01,237.482
Misiones,2022-04-01,102.008
Neuquén,2022-04-01,121.727
Río Negro,2022-04-01,105.914
Salta,2022-04-01,115.513
San Juan,2022-04-01,81.053
San Luis,2022-04-01,53.996
Santa Cruz,2022-04-01,59.469
Santa Fe,2022-04-01,507.649
Santiago del Estero,2022-04-01,53.222
Tierra del Fuego,2022-04-01,37.293
Tucumán,2022-04-01,165.606
Buenos Aires,2022-05-01,1945.583
C.A.B.A.,2022-05-01,1469.615
Catamarca,2022-05-01,32.308
Chaco,2022-05-01,75.225
Chubut,2022-05-01,96.829
Corrientes,2022-05-01,77.629
Córdoba,2022-05-01,507.257
Entre Ríos,2022-05-01,135.486
Formosa,2022-05-01,26.426
Jujuy,2022-05-01,61.558
La Pampa,2022-05-01,38.11
La Rioja,2022-05-01,30.002
Mendoza,2022-05-01,238.852
Misiones,2022-05-01,103.29
Neuquén,2022-05-01,122.7
Río Negro,2022-05-01,106.577
Salta,2022-05-01,115.956
San Juan,2022-05-01,81.533
San Luis,2022-05-01,53.835
Santa Cruz,2022-05-01,59.454
Santa Fe,2022-05-01,509.369
Santiago del Estero,2022-05-01,53.273
Tierra del Fuego,2022-05-01,37.985
Tucumán,2022-05-01,163.155
Buenos Aires,2022-06-01,1949.38
C.A.B.A.,2022-06-01,1478.658
Catamarca,2022-06-01,32.813
Chaco,2022-06-01,75.889
Chubut,2022-06-01,97.667
Corrientes,2022-06-01,77.876
Córdoba,2022-06-01,510.696
Entre Ríos,2022-06-01,136.168
Formosa,2022-06-01,26.757
Jujuy,2022-06-01,61.861
La Pampa,2022-06-01,38.368
La Rioja,2022-06-01,30.643
Mendoza,2022-06-01,240.568
Misiones,2022-06-01,105.488
Neuquén,2022-06-01,123.813
Río Negro,2022-06-01,107.495
Salta,2022-06-01,117.301
San Juan,2022-06-01,82.41
San Luis,2022-06-01,54.03
Santa Cruz,2022-06-01,59.384
Santa Fe,2022-06-01,511.499
Santiago del Estero,2022-06-01,53.652
Tierra del Fuego,2022-06-01,38.468
Tucumán,2022-06-01,161.33
Buenos Aires,2022-07-01,1956.614
C.A.B.A.,2022-07-01,1482.846
Catamarca,2022-07-01,33.667
Chaco,2022-07-01,76.948
Chubut,2022-07-01,97.368
Corrientes,2022-07-01,78.122
Córdoba,2022-07-01,514.452
Entre Ríos,2022-07-01,136.945
Formosa,2022-07-01,27.2
Jujuy,2022-07-01,61.967
La Pampa,2022-07-01,38.872
La Rioja,2022-07-01,30.95
Mendoza,2022-07-01,241.469
Misiones,2022-07-01,106.824
Neuquén,2022-07-01,124.569
Río Negro,2022-07-01,108.303
Salta,2022-07-01,118.72
San Juan,2022-07-01,82.491
San Luis,2022-07-01,54.133
Santa Cruz,2022-07-01,59.48
Santa Fe,2022-07-01,513.609
Santiago del Estero,2022-07-01,54.384
Tierra del Fuego,2022-07-01,38.567
Tucumán,2022-07-01,161.543
Buenos Aires,2022-08-01,1960.08
C.A.B.A.,2022-08-01,1484.372
Catamarca,2022-08-01,33.706
Chaco,2022-08-01,76.907
Chubut,2022-08-01,97.664
Corrientes,2022-08-01,78.336
Córdoba,2022-08-01,515.688
Entre Ríos,2022-08-01,136.467
Formosa,2022-08-01,27.276
Jujuy,2022-08-01,62.055
La Pampa,2022-08-01,38.992
La Rioja,2022-08-01,31.158
Mendoza,2022-08-01,241.875
Misiones,2022-08-01,107.511
Neuquén,2022-08-01,125.266
Río Negro,2022-08-01,108.959
Salta,2022-08-01,118.521
San Juan,2022-08-01,82.383
San Luis,2022-08-01,54.458
Santa Cruz,2022-08-01,59.453
Santa Fe,2022-08-01,512.266
Santiago del Estero,2022-08-01,54.345
Tierra del Fuego,2022-08-01,37.611
Tucumán,2022-08-01,161.258
Buenos Aires,2022-09-01,1963.056
C.A.B.A.,2022-09-01,1493.284
Catamarca,2022-09-01,34.099
Chaco,2022-09-01,77.731
Chubut,2022-09-01,97.544
Corrientes,2022-09-01,79.008
Córdoba,2022-09-01,518.061
Entre Ríos,2022-09-01,136.691
Formosa,2022-09-01,27.714
Jujuy,2022-09-01,62.222
La Pampa,2022-09-01,39.137
La Rioja,2022-09-01,31.225
Mendoza,2022-09-01,242.969
Misiones,2022-09-01,107.843
Neuquén,2022-09-01,126.509
Río Negro,2022-09-01,109.166
Salta,2022-09-01,119.449
San Juan,2022-09-01,82.488
San Luis,2022-09-01,54.699
Santa Cruz,2022-09-01,59.517
Santa Fe,2022-09-01,513.714
Santiago del Estero,2022-09-01,54.539
Tierra del Fuego,2022-09-01,37.826
Tucumán,2022-09-01,160.57
Buenos Aires,2022-10-01,1970.191
C.A.B.A.,2022-10-01,1496.942
Catamarca,2022-10-01,34.585
Chaco,2022-10-01,78.119
Chubut,2022-10-01,97.213
Corrientes,2022-10-01,79.389
Córdoba,2022-10-01,520.548
Entre Ríos,2022-10-01,135.604
Formosa,2022-10-01,27.911
Jujuy,2022-10-01,61.883
La Pampa,2022-10-01,39.251
La Rioja,2022-10-01,31.747
Mendoza,2022-10-01,243.056
Misiones,2022-10-01,108.721
Neuquén,2022-10-01,128.155
Río Negro,2022-10-01,109.935
Salta,2022-10-01,120.459
San Juan,2022-10-01,83.201
San Luis,2022-10-01,54.908
Santa Cruz,2022-10-01,59.554
Santa Fe,2022-10-01,515.718
Santiago del Estero,2022-10-01,54.722
Tierra del Fuego,2022-10-01,38.091
Tucumán,2022-10-01,159.862
Buenos Aires,2022-11-01,1973.162
C.A.B.A.,2022-11-01,1499.928
Catamarca,2022-11-01,35.427
Chaco,2022-11-01,78.548
Chubut,2022-11-01,97.227
Corrientes,2022-11-01,79.822
Córdoba,2022-11-01,521.937
Entre Ríos,2022-11-01,136.911
Formosa,2022-11-01,27.78
Jujuy,2022-11-01,61.769
La Pampa,2022-11-01,39.473
La Rioja,2022-11-01,31.795
Mendoza,2022-11-01,242.201
Misiones,2022-11-01,108.481
Neuquén,2022-11-01,130.182
Río Negro,2022-11-01,109.729
Salta,2022-11-01,120.778
San Juan,2022-11-01,83.595
San Luis,2022-11-01,55.173
Santa Cruz,2022-11-01,59.617
Santa Fe,2022-11-01,517.017
Santiago del Estero,2022-11-01,54.798
Tierra del Fuego,2022-11-01,38.394
Tucumán,2022-11-01,161.434
Buenos Aires,2022-12-01,1981.06
C.A.B.A.,2022-12-01,1499.589
Catamarca,2022-12-01,35.705
Chaco,2022-12-01,79.064
Chubut,2022-12-01,97.741
Corrientes,2022-12-01,79.977
Córdoba,2022-12-01,523.318
Entre Ríos,2022-12-01,138.479
Formosa,2022-12-01,27.626
Jujuy,2022-12-01,61.127
La Pampa,2022-12-01,39.697
La Rioja,2022-12-01,31.984
Mendoza,2022-12-01,241.94
Misiones,2022-12-01,108.955
Neuquén,2022-12-01,131.369
Río Negro,2022-12-01,109.964
Salta,2022-12-01,121.09
San Juan,2022-12-01,82.894
San Luis,2022-12-01,55.577
Santa Cruz,2022-12-01,60.117
Santa Fe,2022-12-01,517.126
Santiago del Estero,2022-12-01,55.004
Tierra del Fuego,2022-12-01,38.332
Tucumán,2022-12-01,161.445
Buenos Aires,2023-01-01,1986.375
C.A.B.A.,2023-01-01,1505.148
Catamarca,2023-01-01,35.888
Chaco,2023-01-01,79.531
Chubut,2023-01-01,97.928
Corrientes,2023-01-01,80.607
Córdoba,2023-01-01,526.435
Entre Ríos,2023-01-01,139.357
Formosa,2023-01-01,27.492
Jujuy,2023-01-01,61.166
La Pampa,2023-01-01,39.914
La Rioja,2023-01-01,32.537
Mendoza,2023-01-01,242.825
Misiones,2023-01-01,108.592
Neuquén,2023-01-01,133.29
Río Negro,2023-01-01,109.819
Salta,2023-01-01,122.296
San Juan,2023-01-01,83.239
San Luis,2023-01-01,55.691
Santa Cruz,2023-01-01,60.237
Santa Fe,2023-01-01,517.807
Santiago del Estero,2023-01-01,55.382
Tierra del Fuego,2023-01-01,38.147
Tucumán,2023-01-01,161.857
Buenos Aires,2023-02-01,1990.228
C.A.B.A.,2023-02-01,1507.44
Catamarca,2023-02-01,36.589
Chaco,2023-02-01,80.066
Chubut,2023-02-01,98.09
Corrientes,2023-02-01,80.813
Córdoba,2023-02-01,528.597
Entre Ríos,2023-02-01,139.503
Formosa,2023-02-01,27.61
Jujuy,2023-02-01,62.228
La Pampa,2023-02-01,40.241
La Rioja,2023-02-01,32.542
Mendoza,2023-02-01,242.965
Misiones,2023-02-01,108.881
Neuquén,2023-02-01,134.84
Río Negro,2023-02-01,109.905
Salta,2023-02-01,122.843
San Juan,2023-02-01,82.816
San Luis,2023-02-01,55.51
Santa Cruz,2023-02-01,60.227
Santa Fe,2023-02-01,518.835
Santiago del Estero,2023-02-01,55.593
Tierra del Fuego,2023-02-01,39.098
Tucumán,2023-02-01,162.451
Buenos Aires,2023-03-01,1998.384
C.A.B.A.,2023-03-01,1515.736
Catamarca,2023-03-01,36.913
Chaco,2023-03-01,80.65
Chubut,2023-03-01,98.058
Corrientes,2023-03-01,81.009
Córdoba,2023-03-01,529.122
Entre Ríos,2023-03-01,139.86
Formosa,2023-03-01,27.544
Jujuy,2023-03-01,63.618
La Pampa,2023-03-01,40.61
La Rioja,2023-03-01,32.907
Mendoza,2023-03-01,243.079
Misiones,2023-03-01,108.994
Neuquén,2023-03-01,136.644
Río Negro,2023-03-01,110.036
Salta,2023-03-01,124.219
San Juan,2023-03-01,82.157
San Luis,2023-03-01,55.644
Santa Cruz,2023-03-01,60.296
Santa Fe,2023-03-01,520.884
Santiago del Estero,2023-03-01,56.065
Tierra del Fuego,2023-03-01,39.381
Tucumán,2023-03-01,160.549
Buenos Aires,2023-04-01,2003.841
C.A.B.A.,2023-04-01,1519.475
Catamarca,2023-04-01,37.604
Chaco,2023-04-01,80.889
Chubut,2023-04-01,98.047
Corrientes,2023-04-01,80.729
Córdoba,2023-04-01,531.477
Entre Ríos,2023-04-01,140.07
Formosa,2023-04-01,27.396
Jujuy,2023-04-01,62.528
La Pampa,2023-04-01,40.743
La Rioja,2023-04-01,32.867
Mendoza,2023-04-01,241.741
Misiones,2023-04-01,107.922
Neuquén,2023-04-01,138.585
Río Negro,2023-04-01,110.69
Salta,2023-04-01,125.889
San Juan,2023-04-01,82.651
San Luis,2023-04-01,55.768
Santa Cruz,2023-04-01,60.935
Santa Fe,2023-04-01,521.767
Santiago del Estero,2023-04-01,55.974
Tierra del Fuego,2023-04-01,39.018
Tucumán,2023-04-01,158.523
Buenos Aires,2023-05-01,2009.587
C.A.B.A.,2023-05-01,1521.16
Catamarca,2023-05-01,38.393
Chaco,2023-05-01,81.029
Chubut,2023-05-01,98.363
Corrientes,2023-05-01,81.207
Córdoba,2023-05-01,531.912
Entre Ríos,2023-05-01,140.204
Formosa,2023-05-01,26.977
Jujuy,2023-05-01,62.153
La Pampa,2023-05-01,40.837
La Rioja,2023-05-01,33.189
Mendoza,2023-05-01,244.332
Misiones,2023-05-01,108.914
Neuquén,2023-05-01,139.136
Río Negro,2023-05-01,110.976
Salta,2023-05-01,125.739
San Juan,2023-05-01,83.463
San Luis,2023-05-01,55.804
Santa Cruz,2023-05-01,60.941
Santa Fe,2023-05-01,522.593
Santiago del Estero,2023-05-01,56.145
Tierra del Fuego,2023-05-01,39.275
Tucumán,2023-05-01,159.14
Buenos Aires,2023-06-01,2014.642
C.A.B.A.,2023-06-01,1525.754
Catamarca,2023-06-01,38.58
Chaco,2023-06-01,80.839
Chubut,2023-06-01,98.862
Corrientes,2023-06-01,81.453
Córdoba,2023-06-01,533.017
Entre Ríos,2023-06-01,140.745
Formosa,2023-06-01,27.168
Jujuy,2023-06-01,62.098
La Pampa,2023-06-01,40.938
La Rioja,2023-06-01,33.843
Mendoza,2023-06-01,244.966
Misiones,2023-06-01,109.515
Neuquén,2023-06-01,139.943
Río Negro,2023-06-01,110.55
Salta,2023-06-01,126.113
San Juan,2023-06-01,83.374
San Luis,2023-06-01,56.079
Santa Cruz,2023-06-01,61.391
Santa Fe,2023-06-01,522.624
Santiago del Estero,2023-06-01,56.123
Tierra del Fuego,2023-06-01,39.163
Tucumán,2023-06-01,159.526
Buenos Aires,2023-07-01,2022.498
C.A.B.A.,2023-07-01,1531.514
Catamarca,2023-07-01,38.679
Chaco,2023-07-01,80.365
Chubut,2023-07-01,99.007
Corrientes,2023-07-01,81.713
Córdoba,2023-07-01,532.792
Entre Ríos,2023-07-01,141.204
Formosa,2023-07-01,26.775
Jujuy,2023-07-01,61.791
La Pampa,2023-07-01,41.244
La Rioja,2023-07-01,33.989
Mendoza,2023-07-01,246.798
Misiones,2023-07-01,109.939
Neuquén,2023-07-01,141.012
Río Negro,2023-07-01,111.542
Salta,2023-07-01,126.656
San Juan,2023-07-01,84.013
San Luis,2023-07-01,56.266
Santa Cruz,2023-07-01,61.481
Santa Fe,2023-07-01,523.217
Santiago del Estero,2023-07-01,55.784
Tierra del Fuego,2023-07-01,39.083
Tucumán,2023-07-01,159.052
Buenos Aires,2023-08-01,2026.145
C.A.B.A.,2023-08-01,1531.825
Catamarca,2023-08-01,38.899
Chaco,2023-08-01,80.2
Chubut,2023-08-01,98.74
Corrientes,2023-08-01,81.391
Córdoba,2023-08-01,532.288
Entre Ríos,2023-08-01,141.453
Formosa,2023-08-01,26.58
Jujuy,2023-08-01,61.493
La Pampa,2023-08-01,41.035
La Rioja,2023-08-01,33.582
Mendoza,2023-08-01,246.457
Misiones,2023-08-01,110.22
Neuquén,2023-08-01,142.13
Río Negro,2023-08-01,111.098
Salta,2023-08-01,127.014
San Juan,2023-08-01,83.312
San Luis,2023-08-01,56.276
Santa Cruz,2023-08-01,61.348
Santa Fe,2023-08-01,523.556
Santiago del Estero,2023-08-01,55.631
Tierra del Fuego,2023-08-01,39.22
Tucumán,2023-08-01,159.458
Buenos Aires,2023-09-01,2022.193
C.A.B.A.,2023-09-01,1527.797
Catamarca,2023-09-01,39.084
Chaco,2023-09-01,79.693
Chubut,2023-09-01,98.183
Corrientes,2023-09-01,80.683
Córdoba,2023-09-01,531.626
Entre Ríos,2023-09-01,140.408
Formosa,2023-09-01,25.813
Jujuy,2023-09-01,60.956
La Pampa,2023-09-01,40.986
La Rioja,2023-09-01,33.305
Mendoza,2023-09-01,245.991
Misiones,2023-09-01,110.198
Neuquén,2023-09-01,142.829
Río Negro,2023-09-01,111.211
Salta,2023-09-01,126.683
San Juan,2023-09-01,82.671
San Luis,2023-09-01,56.024
Santa Cruz,2023-09-01,60.937
Santa Fe,2023-09-01,523.2
Santiago del Estero,2023-09-01,55.196
Tierra del Fuego,2023-09-01,38.62
Tucumán,2023-09-01,159.014
Buenos Aires,2023-10-01,2020.426
C.A.B.A.,2023-10-01,1527.938
Catamarca,2023-10-01,39.028
Chaco,2023-10-01,78.153
Chubut,2023-10-01,98.49
Corrientes,2023-10-01,80.23
Córdoba,2023-10-01,531.447
Entre Ríos,2023-10-01,138.626
Formosa,2023-10-01,25.154
Jujuy,2023-10-01,60.774
La Pampa,2023-10-01,41.023
La Rioja,2023-10-01,33.023
Mendoza,2023-10-01,244.789
Misiones,2023-10-01,109.131
Neuquén,2023-10-01,143.357
Río Negro,2023-10-01,110.494
Salta,2023-10-01,126.945
San Juan,2023-10-01,81.827
San Luis,2023-10-01,55.357
Santa Cruz,2023-10-01,60.843
Santa Fe,2023-10-01,522.325
Santiago del Estero,2023-10-01,54.462
Tierra del Fuego,2023-10-01,38.262
Tucumán,2023-10-01,159.805
Buenos Aires,2023-11-01,2019.526
C.A.B.A.,2023-11-01,1529.878
Catamarca,2023-11-01,39.231
Chaco,2023-11-01,77.651
Chubut,2023-11-01,95.768
Corrientes,2023-11-01,80.134
Córdoba,2023-11-01,530.951
Entre Ríos,2023-11-01,139.176
Formosa,2023-11-01,24.734
Jujuy,2023-11-01,59.988
La Pampa,2023-11-01,40.91
La Rioja,2023-11-01,32.786
Mendoza,2023-11-01,243.125
Misiones,2023-11-01,108.84
Neuquén,2023-11-01,143.525
Río Negro,2023-11-01,110.777
Salta,2023-11-01,127.638
San Juan,2023-11-01,81.317
San Luis,2023-11-01,55.21
Santa Cruz,2023-11-01,60.856
Santa Fe,2023-11-01,521.347
Santiago del Estero,2023-11-01,54.109
Tierra del Fuego,2023-11-01,37.926
Tucumán,2023-11-01,160.805
Buenos Aires,2023-12-01,2015.36
C.A.B.A.,2023-12-01,1527.465
Catamarca,2023-12-01,38.902
Chaco,2023-12-01,76.813
Chubut,2023-12-01,98.307
Corrientes,2023-12-01,79.674
Córdoba,2023-12-01,530.866
Entre Ríos,2023-12-01,139.444
Formosa,2023-12-01,24.155
Jujuy,2023-12-01,59.325
La Pampa,2023-12-01,40.697
La Rioja,2023-12-01,32.451
Mendoza,2023-12-01,243.977
Misiones,2023-12-01,107.946
Neuquén,2023-12-01,143.513
Río Negro,2023-12-01,111.505
Salta,2023-12-01,128.134
San Juan,2023-12-01,80.682
San Luis,2023-12-01,54.498
Santa Cruz,2023-12-01,60.697
Santa Fe,2023-12-01,521.487
Santiago del Estero,2023-12-01,53.682
Tierra del Fuego,2023-12-01,36.497
Tucumán,2023-12-01,159.434
Buenos Aires,2024-01-01,2002.23
C.A.B.A.,2024-01-01,1525.686
Catamarca,2024-01-01,37.816
Chaco,2024-01-01,75.738
Chubut,2024-01-01,98.227
Corrientes,2024-01-01,78.881
Córdoba,2024-01-01,528.431
Entre Ríos,2024-01-01,138.521
Formosa,2024-01-01,23.367
Jujuy,2024-01-01,58.704
La Pampa,2024-01-01,40.516
La Rioja,2024-01-01,32.713
Mendoza,2024-01-01,244.202
Misiones,2024-01-01,106.947
Neuquén,2024-01-01,142.674
Río Negro,2024-01-01,110.199
Salta,2024-01-01,128.266
San Juan,2024-01-01,79.478
San Luis,2024-01-01,53.977
Santa Cruz,2024-01-01,60.206
Santa Fe,2024-01-01,518.743
Santiago del Estero,2024-01-01,52.347
Tierra del Fuego,2024-01-01,35.478
Tucumán,2024-01-01,160.109
Buenos Aires,2024-02-01,1988.679
C.A.B.A.,2024-02-01,1521.191
Catamarca,2024-02-01,37.436
Chaco,2024-02-01,75.064
Chubut,2024-02-01,97.396
Corrientes,2024-02-01,78.422
Córdoba,2024-02-01,526.529
Entre Ríos,2024-02-01,137.932
Formosa,2024-02-01,23.079
Jujuy,2024-02-01,58.519
La Pampa,2024-02-01,40.149
La Rioja,2024-02-01,30.876
Mendoza,2024-02-01,245.093
Misiones,2024-02-01,102.771
Neuquén,2024-02-01,142.076
Río Negro,2024-02-01,109.884
Salta,2024-02-01,128.68
San Juan,2024-02-01,78.881
San Luis,2024-02-01,53.462
Santa Cruz,2024-02-01,60.486
Santa Fe,2024-02-01,516.428
Santiago del Estero,2024-02-01,51.661
Tierra del Fuego,2024-02-01,35.494
Tucumán,2024-02-01,160.096
Buenos Aires,2024-03-01,1982.238
C.A.B.A.,2024-03-01,1518.279
Catamarca,2024-03-01,37.166
Chaco,2024-03-01,74.107
Chubut,2024-03-01,96.653
Corrientes,2024-03-01,78.467
Córdoba,2024-03-01,523.897
Entre Ríos,2024-03-01,137.327
Formosa,2024-03-01,22.687
Jujuy,2024-03-01,58.622
La Pampa,2024-03-01,39.806
La Rioja,2024-03-01,29.349
Mendoza,2024-03-01,244.082
Misiones,2024-03-01,105.992
Neuquén,2024-03-01,142.838
Río Negro,2024-03-01,110.144
Salta,2024-03-01,128.899
San Juan,2024-03-01,78.518
San Luis,2024-03-01,52.982
Santa Cruz,2024-03-01,59.775
Santa Fe,2024-03-01,513.85
Santiago del Estero,2024-03-01,50.622
Tierra del Fuego,2024-03-01,35.237
Tucumán,2024-03-01,159.637
Buenos Aires,2024-04-01,1973.831
C.A.B.A.,2024-04-01,1515.665
Catamarca,2024-04-01,37.22
Chaco,2024-04-01,73.678
Chubut,2024-04-01,97.131
Corrientes,2024-04-01,78.628
Córdoba,2024-04-01,522.77
Entre Ríos,2024-04-01,136.782
Formosa,2024-04-01,22.469
Jujuy,2024-04-01,58.744
La Pampa,2024-04-01,39.518
La Rioja,2024-04-01,29.68
Mendoza,2024-04-01,243.025
Misiones,2024-04-01,105.39
Neuquén,2024-04-01,143.597
Río Negro,2024-04-01,110.553
Salta,2024-04-01,129.054
San Juan,2024-04-01,77.885
San Luis,2024-04-01,52.571
Santa Cruz,2024-04-01,57.529
Santa Fe,2024-04-01,511.564
Santiago del Estero,2024-04-01,50.693
Tierra del Fuego,2024-04-01,34.829
Tucumán,2024-04-01,160.012
Buenos Aires,2024-05-01,1968.631
C.A.B.A.,2024-05-01,1514.519
Catamarca,2024-05-01,36.836
Chaco,2024-05-01,74.402
Chubut,2024-05-01,97.559
Corrientes,2024-05-01,77.944
Córdoba,2024-05-01,522.084
Entre Ríos,2024-05-01,136.112
Formosa,2024-05-01,22.188
Jujuy,2024-05-01,58.938
La Pampa,2024-05-01,39.307
La Rioja,2024-05-01,29.59
Mendoza,2024-05-01,244.125
Misiones,2024-05-01,104.371
Neuquén,2024-05-01,143.904
Río Negro,2024-05-01,110.205
Salta,2024-05-01,128.901
San Juan,2024-05-01,77.53
San Luis,2024-05-01,52.951
Santa Cruz,2024-05-01,56.936
Santa Fe,2024-05-01,510.005
Santiago del Estero,2024-05-01,50.483
Tierra del Fuego,2024-05-01,34.405
Tucumán,2024-05-01,160.464
Buenos Aires,2024-06-01,1964.344
C.A.B.A.,2024-06-01,1512.507
Catamarca,2024-06-01,36.613
Chaco,2024-06-01,74.232
Chubut,2024-06-01,97.378
Corrientes,2024-06-01,77.827
Córdoba,2024-06-01,520.778
Entre Ríos,2024-06-01,135.689
Formosa,2024-06-01,21.85
Jujuy,2024-06-01,58.67
La Pampa,2024-06-01,39.161
La Rioja,2024-06-01,29.216
Mendoza,2024-06-01,244.156
Misiones,2024-06-01,103.754
Neuquén,2024-06-01,145.025
Río Negro,2024-06-01,110.971
Salta,2024-06-01,128.445
San Juan,2024-06-01,77.096
San Luis,2024-06-01,52.777
Santa Cruz,2024-06-01,56.922
Santa Fe,2024-06-01,509.471
Santiago del Estero,2024-06-01,50.222
Tierra del Fuego,2024-06-01,34.419
Tucumán,2024-06-01,160.333
Buenos Aires,2024-07-01,1961.061
C.A.B.A.,2024-07-01,1512.13
Catamarca,2024-07-01,36.163
Chaco,2024-07-01,73.088
Chubut,2024-07-01,97.313
Corrientes,2024-07-01,78.017
Córdoba,2024-07-01,520.897
Entre Ríos,2024-07-01,135.493
Formosa,2024-07-01,21.775
Jujuy,2024-07-01,58.986
La Pampa,2024-07-01,38.961
La Rioja,2024-07-01,29.043
Mendoza,2024-07-01,243.546
Misiones,2024-07-01,103.067
Neuquén,2024-07-01,146.145
Río Negro,2024-07-01,111.053
Salta,2024-07-01,127.908
San Juan,2024-07-01,77.072
San Luis,2024-07-01,52.159
Santa Cruz,2024-07-01,56.86
Santa Fe,2024-07-01,508.767
Santiago del Estero,2024-07-01,49.843
Tierra del Fuego,2024-07-01,34.59
Tucumán,2024-07-01,160.191
Buenos Aires,2024-08-01,1961.569
C.A.B.A.,2024-08-01,1513.146
Catamarca,2024-08-01,36.416
Chaco,2024-08-01,72.99
Chubut,2024-08-01,97.054
Corrientes,2024-08-01,78.521
Córdoba,2024-08-01,520.195
Entre Ríos,2024-08-01,135.671
Formosa,2024-08-01,21.83
Jujuy,2024-08-01,58.675
La Pampa,2024-08-01,38.922
La Rioja,2024-08-01,29.404
Mendoza,2024-08-01,243.816
Misiones,2024-08-01,102.898
Neuquén,2024-08-01,146.842
Río Negro,2024-08-01,111.62
Salta,2024-08-01,127.789
San Juan,2024-08-01,77.234
San Luis,2024-08-01,51.92
Santa Cruz,2024-08-01,56.713
Santa Fe,2024-08-01,509.11
Santiago del Estero,2024-08-01,49.803
Tierra del Fuego,2024-08-01,34.727
Tucumán,2024-08-01,160.087
Buenos Aires,2024-09-01,1966.023
C.A.B.A.,2024-09-01,1514.388
Catamarca,2024-09-01,36.338
Chaco,2024-09-01,73.235
Chubut,2024-09-01,95.846
Corrientes,2024-09-01,78.947
Córdoba,2024-09-01,520.42
Entre Ríos,2024-09-01,136.148
Formosa,2024-09-01,21.961
Jujuy,2024-09-01,58.828
La Pampa,2024-09-01,39.008
La Rioja,2024-09-01,29.852
Mendoza,2024-09-01,245.206
Misiones,2024-09-01,103.632
Neuquén,2024-09-01,147.128
Río Negro,2024-09-01,111.247
Salta,2024-09-01,127.646
San Juan,2024-09-01,77.81
San Luis,2024-09-01,51.898
Santa Cruz,2024-09-01,56.988
Santa Fe,2024-09-01,509.366
Santiago del Estero,2024-09-01,49.787
Tierra del Fuego,2024-09-01,35.183
Tucumán,2024-09-01,160.21
Buenos Aires,2024-10-01,1972.449
C.A.B.A.,2024-10-01,1513.508
Catamarca,2024-10-01,36.326
Chaco,2024-10-01,73.517
Chubut,2024-10-01,96.494
Corrientes,2024-10-01,79.135
Córdoba,2024-10-01,519.862
Entre Ríos,2024-10-01,136.05
Formosa,2024-10-01,22.211
Jujuy,2024-10-01,58.994
La Pampa,2024-10-01,38.877
La Rioja,2024-10-01,29.583
Mendoza,2024-10-01,245.712
Misiones,2024-10-01,103.929
Neuquén,2024-10-01,147.352
Río Negro,2024-10-01,111.217
Salta,2024-10-01,126.978
San Juan,2024-10-01,78.061
San Luis,2024-10-01,52.122
Santa Cruz,2024-10-01,57.081
Santa Fe,2024-10-01,510.365
Santiago del Estero,2024-10-01,49.82
Tierra del Fuego,2024-10-01,35.429
Tucumán,2024-10-01,160.588
Buenos Aires,2024-11-01,1970.795
C.A.B.A.,2024-11-01,1513.728
Catamarca,2024-11-01,36.131
Chaco,2024-11-01,73.606
Chubut,2024-11-01,97.623
Corrientes,2024-11-01,79.216
Córdoba,2024-11-01,519.949
Entre Ríos,2024-11-01,136.05
Formosa,2024-11-01,22.252
Jujuy,2024-11-01,59.184
La Pampa,2024-11-01,38.906
La Rioja,2024-11-01,29.734
Mendoza,2024-11-01,246.559
Misiones,2024-11-01,103.435
Neuquén,2024-11-01,147.421
Río Negro,2024-11-01,111.3
Salta,2024-11-01,125.911
San Juan,2024-11-01,78.17
San Luis,2024-11-01,52.154
Santa Cruz,2024-11-01,57.164
Santa Fe,2024-11-01,509.906
Santiago del Estero,2024-11-01,49.812
Tierra del Fuego,2024-11-01,35.606
Tucumán,2024-11-01,160.461
Buenos Aires,2024-12-01,1973.839
C.A.B.A.,2024-12-01,1516.959
Catamarca,2024-12-01,36.297
Chaco,2024-12-01,73.835
Chubut,2024-12-01,97.112
Corrientes,2024-12-01,79.969
Córdoba,2024-12-01,520.316
Entre Ríos,2024-12-01,136.406
Formosa,2024-12-01,22.504
Jujuy,2024-12-01,59.184
La Pampa,2024-12-01,38.78
La Rioja,2024-12-01,29.677
Mendoza,2024-12-01,247.342
Misiones,2024-12-01,103.339
Neuquén,2024-12-01,147.137
Río Negro,2024-12-01,110.869
Salta,2024-12-01,126.54
San Juan,2024-12-01,78.64
San Luis,2024-12-01,52.474
Santa Cruz,2024-12-01,57.164
Santa Fe,2024-12-01,510.245
Santiago del Estero,2024-12-01,50.058
Tierra del Fuego,2024-12-01,36.085
Tucumán,2024-12-01,160.824
Buenos Aires,2025-01-01,1971.793
C.A.B.A.,2025-01-01,1513.746
Catamarca,2025-01-01,38.839
Chaco,2025-01-01,73.997
Chubut,2025-01-01,96.725
Corrientes,2025-01-01,80.291
Córdoba,2025-01-01,519.498
Entre Ríos,2025-01-01,136.549
Formosa,2025-01-01,22.738
Jujuy,2025-01-01,59.439
La Pampa,2025-01-01,38.78
La Rioja,2025-01-01,29.395
Mendoza,2025-01-01,247.015
Misiones,2025-01-01,103.533
Neuquén,2025-01-01,147.77
Río Negro,2025-01-01,110.276
Salta,2025-01-01,125.161
San Juan,2025-01-01,79.18
San Luis,2025-01-01,52.424
Santa Cruz,2025-01-01,56.635
Santa Fe,2025-01-01,509.999
Santiago del Estero,2025-01-01,50.114
Tierra del Fuego,2025-01-01,36.485
Tucumán,2025-01-01,161.03
Buenos Aires,2025-02-01,1977.566
C.A.B.A.,2025-02-01,1514.447
Catamarca,2025-02-01,36.823
Chaco,2025-02-01,73.849
Chubut,2025-02-01,97.069
Corrientes,2025-02-01,80.586
Córdoba,2025-02-01,522.545
Entre Ríos,2025-02-01,136.891
Formosa,2025-02-01,22.79
Jujuy,2025-02-01,59.397
La Pampa,2025-02-01,38.875
La Rioja,2025-02-01,29.298
Mendoza,2025-02-01,247.763
Misiones,2025-02-01,103.142
Neuquén,2025-02-01,148.217
Río Negro,2025-02-01,110.23
Salta,2025-02-01,124.569
San Juan,2025-02-01,79.533
San Luis,2025-02-01,52.894
Santa Cruz,2025-02-01,55.236
Santa Fe,2025-02-01,510.685
Santiago del Estero,2025-02-01,50.342
Tierra del Fuego,2025-02-01,36.15
Tucumán,2025-02-01,160.868
Buenos Aires,2025-03-01,1978.216
C.A.B.A.,2025-03-01,1513.136
Catamarca,2025-03-01,36.55
Chaco,2025-03-01,73.882
Chubut,2025-03-01,96.427
Corrientes,2025-03-01,80.499
Córdoba,2025-03-01,521.932
Entre Ríos,2025-03-01,136.901
Formosa,2025-03-01,22.907
Jujuy,2025-03-01,59.438
La Pampa,2025-03-01,38.764
La Rioja,2025-03-01,28.612
Mendoza,2025-03-01,246.539
Misiones,2025-03-01,102.252
Neuquén,2025-03-01,148.108
Río Negro,2025-03-01,110.62
Salta,2025-03-01,122.669
San Juan,2025-03-01,79.387
San Luis,2025-03-01,52.809
Santa Cruz,2025-03-01,53.847
Santa Fe,2025-03-01,510.886
Santiago del Estero,2025-03-01,50.377
Tierra del Fuego,2025-03-01,35.64
Tucumán,2025-03-01,160.697
Buenos Aires,2025-04-01,1980.134
C.A.B.A.,2025-04-01,1514.965
Catamarca,2025-04-01,36.252
Chaco,2025-04-01,73.577
Chubut,2025-04-01,95.608
Corrientes,2025-04-01,80.612
Córdoba,2025-04-01,521.921
Entre Ríos,2025-04-01,136.861
Formosa,2025-04-01,22.943
Jujuy,2025-04-01,59.338
La Pampa,2025-04-01,38.981
La Rioja,2025-04-01,29.627
Mendoza,2025-04-01,246.803
Misiones,2025-04-01,102.634
Neuquén,2025-04-01,148.181
Río Negro,2025-04-01,110.638
Salta,2025-04-01,123.282
San Juan,2025-04-01,79.975
San Luis,2025-04-01,52.805
Santa Cruz,2025-04-01,53.176
Santa Fe,2025-04-01,511.789
Santiago del Estero,2025-04-01,50.199
Tierra del Fuego,2025-04-01,36.017
Tucumán,2025-04-01,162.339
Buenos Aires,2025-05-01,1981.484
C.A.B.A.,2025-05-01,1515.04
Catamarca,2025-05-01,35.987
Chaco,2025-05-01,72.963
Chubut,2025-05-01,94.599
Corrientes,2025-05-01,80.226
Córdoba,2025-05-01,523.34
Entre Ríos,2025-05-01,136.961
Formosa,2025-05-01,22.967
Jujuy,2025-05-01,59.43
La Pampa,2025-05-01,39.004
La Rioja,2025-05-01,29.745
Mendoza,2025-05-01,246.676
Misiones,2025-05-01,102.805
Neuquén,2025-05-01,148.563
Río Negro,2025-05-01,110.9
Salta,2025-05-01,123.125
San Juan,2025-05-01,79.479
San Luis,2025-05-01,52.576
Santa Cruz,2025-05-01,52.794
Santa Fe,2025-05-01,512.25
Santiago del Estero,2025-05-01,50.424
Tierra del Fuego,2025-05-01,35.925
Tucumán,2025-05-01,161.698
Buenos Aires,2025-06-01,1981.29
C.A.B.A.,2025-06-01,1509.875
Catamarca,2025-06-01,36.01
Chaco,2025-06-01,72.461
Chubut,2025-06-01,91.329
Corrientes,2025-06-01,79.886
Córdoba,2025-06-01,522.227
Entre Ríos,2025-06-01,136.842
Formosa,2025-06-01,23.011
Jujuy,2025-06-01,59.178
La Pampa,2025-06-01,38.964
La Rioja,2025-06-01,29.194
Mendoza,2025-06-01,245.895
Misiones,2025-06-01,102.421
Neuquén,2025-06-01,148.482
Río Negro,2025-06-01,111.057
Salta,2025-06-01,122.208
San Juan,2025-06-01,79.833
San Luis,2025-06-01,52.451
Santa Cruz,2025-06-01,52.587
Santa Fe,2025-06-01,512.713
Santiago del Estero,2025-06-01,50.375
Tierra del Fuego,2025-06-01,35.726
Tucumán,2025-06-01,160.763
Buenos Aires,2025-07-01,1976.469
C.A.B.A.,2025-07-01,1506.251
Catamarca,2025-07-01,36.004
Chaco,2025-07-01,72.512
Chubut,2025-07-01,89.569
Corrientes,2025-07-01,79.436
Córdoba,2025-07-01,521.213
Entre Ríos,2025-07-01,136.488
Formosa,2025-07-01,22.866
Jujuy,2025-07-01,58.68
La Pampa,2025-07-01,38.938
La Rioja,2025-07-01,29.137
Mendoza,2025-07-01,246.356
Misiones,2025-07-01,101.873
Neuquén,2025-07-01,148.541
Río Negro,2025-07-01,110.9
Salta,2025-07-01,121.982
San Juan,2025-07-01,79.774
San Luis,2025-07-01,52.343
Santa Cruz,2025-07-01,51.944
Santa Fe,2025-07-01,512.18
Santiago del Estero,2025-07-01,50.844
Tierra del Fuego,2025-07-01,35.463
Tucumán,2025-07-01,161.093
Buenos Aires,2025-08-01,1971.465
C.A.B.A.,2025-08-01,1502.114
Catamarca,2025-08-01,35.908
Chaco,2025-08-01,72.01
Chubut,2025-08-01,91.458
Corrientes,2025-08-01,79.09
Córdoba,2025-08-01,522.143
Entre Ríos,2025-08-01,136.249
Formosa,2025-08-01,22.73
Jujuy,2025-08-01,58.814
La Pampa,2025-08-01,38.986
La Rioja,2025-08-01,28.981
Mendoza,2025-08-01,245.694
Misiones,2025-08-01,101.417
Neuquén,2025-08-01,148.068
Río Negro,2025-08-01,110.864
Salta,2025-08-01,121.517
San Juan,2025-08-01,79.997
San Luis,2025-08-01,52.108
Santa Cruz,2025-08-01,51.757
Santa Fe,2025-08-01,511.018
Santiago del Estero,2025-08-01,50.981
Tierra del Fuego,2025-08-01,35.279
Tucumán,2025-08-01,160.262
Buenos Aires,2025-09-01,1965.441
C.A.B.A.,2025-09-01,1500.837
Catamarca,2025-09-01,35.94
Chaco,2025-09-01,71.639
Chubut,2025-09-01,92.349
Corrientes,2025-09-01,78.379
Córdoba,2025-09-01,520.159
Entre Ríos,2025-09-01,135.738
Formosa,2025-09-01,22.54
Jujuy,2025-09-01,58.62
La Pampa,2025-09-01,38.871
La Rioja,2025-09-01,28.717
Mendoza,2025-09-01,243.593
Misiones,2025-09-01,100.194
Neuquén,2025-09-01,148.216
Río Negro,2025-09-01,111.047
Salta,2025-09-01,121.343
San Juan,2025-09-01,80.171
San Luis,2025-09-01,52.029
Santa Cruz,2025-09-01,51.506
Santa Fe,2025-09-01,510.714
Santiago del Estero,2025-09-01,51.12
Tierra del Fuego,2025-09-01,34.793
Tucumán,2025-09-01,160.397
Buenos Aires,2025-10-01,1958.681
C.A.B.A.,2025-10-01,1500.889
Catamarca,2025-10-01,35.444
Chaco,2025-10-01,71.437
Chubut,2025-10-01,91.438
Corrientes,2025-10-01,77.991
Córdoba,2025-10-01,519.694
Entre Ríos,2025-10-01,135.632
Formosa,2025-10-01,22.32
Jujuy,2025-10-01,58.513
La Pampa,2025-10-01,38.747
La Rioja,2025-10-01,28.533
Mendoza,2025-10-01,243.491
Misiones,2025-10-01,99.258
Neuquén,2025-10-01,148.398
Río Negro,2025-10-01,111.684
Salta,2025-10-01,121.135
San Juan,2025-10-01,81.118
San Luis,2025-10-01,51.809
Santa Cruz,2025-10-01,51.32
Santa Fe,2025-10-01,509.536
Santiago del Estero,2025-10-01,51.2
Tierra del Fuego,2025-10-01,34.243
Tucumán,2025-10-01,158.697
Buenos Aires,2025-11-01,1952.376
C.A.B.A.,2025-11-01,1496.671
Catamarca,2025-11-01,35.065
Chaco,2025-11-01,71.091
Chubut,2025-11-01,91.21
Corrientes,2025-11-01,77.376
Córdoba,2025-11-01,518.27
Entre Ríos,2025-11-01,135.974
Formosa,2025-11-01,21.992
Jujuy,2025-11-01,58.646
La Pampa,2025-11-01,38.498
La Rioja,2025-11-01,28.37
Mendoza,2025-11-01,242.305
Misiones,2025-11-01,99.161
Neuquén,2025-11-01,148.522
Río Negro,2025-11-01,111.704
Salta,2025-11-01,120.614
San Juan,2025-11-01,80.546
San Luis,2025-11-01,51.43
Santa Cruz,2025-11-01,50.968
Santa Fe,2025-11-01,509.437
Santiago del Estero,2025-11-01,51.061
Tierra del Fuego,2025-11-01,33.814
Tucumán,2025-11-01,158.457
Buenos Aires,2025-12-01,1946.189
C.A.B.A.,2025-12-01,1495.826
Catamarca,2025-12-01,34.838
Chaco,2025-12-01,70.603
Chubut,2025-12-01,90.567
Corrientes,2025-12-01,77.826
Córdoba,2025-12-01,515.955
Entre Ríos,2025-12-01,135.778
Formosa,2025-12-01,22.079
Jujuy,2025-12-01,58.317
La Pampa,2025-12-01,38.472
La Rioja,2025-12-01,28.413
Mendoza,2025-12-01,241.578
Misiones,2025-12-01,98.666
Neuquén,2025-12-01,148.938
Río Negro,2025-12-01,112.339
Salta,2025-12-01,120.094
San Juan,2025-12-01,80.701
San Luis,2025-12-01,50.893
Santa Cruz,2025-12-01,50.932
Santa Fe,2025-12-01,508.929
Santiago del Estero,2025-12-01,50.804
Tierra del Fuego,2025-12-01,33.985
Tucumán,2025-12-01,158.817
Buenos Aires,2026-01-01,1946.992
C.A.B.A.,2026-01-01,1491.503
Catamarca,2026-01-01,34.81
Chaco,2026-01-01,70.504
Chubut,2026-01-01,90.199
Corrientes,2026-01-01,76.987
Córdoba,2026-01-01,515.176
Entre Ríos,2026-01-01,136.047
Formosa,2026-01-01,21.899
Jujuy,2026-01-01,57.97
La Pampa,2026-01-01,38.321
La Rioja,2026-01-01,28.849
Mendoza,2026-01-01,240.412
Misiones,2026-01-01,98.457
Neuquén,2026-01-01,150.555
Río Negro,2026-01-01,113.432
Salta,2026-01-01,120.116
San Juan,2026-01-01,80.87
San Luis,2026-01-01,50.833
Santa Cruz,2026-01-01,51.437
Santa Fe,2026-01-01,508.869
Santiago del Estero,2026-01-01,50.618
Tierra del Fuego,2026-01-01,32.941
Tucumán,2026-01-01,157.595
Buenos Aires,2026-02-01,1944.644
C.A.B.A.,2026-02-01,1492.657
Catamarca,2026-02-01,35.402
Chaco,2026-02-01,70.448
Chubut,2026-02-01,89.836
Corrientes,2026-02-01,76.715
Córdoba,2026-02-01,515.277
Entre Ríos,2026-02-01,135.668
Formosa,2026-02-01,21.862
Jujuy,2026-02-01,57.882
La Pampa,2026-02-01,38.36
La Rioja,2026-02-01,30.154
Mendoza,2026-02-01,238.429
Misiones,2026-02-01,98.503
Neuquén,2026-02-01,151.714
Río Negro,2026-02-01,113.935
Salta,2026-02-01,120.033
San Juan,2026-02-01,81.044
San Luis,2026-02-01,50.707
Santa Cruz,2026-02-01,51.118
Santa Fe,2026-02-01,509.64
Santiago del Estero,2026-02-01,50.515
Tierra del Fuego,2026-02-01,32.813
Tucumán,2026-02-01,158.131
Buenos Aires,2026-03-01,1942.92
C.A.B.A.,2026-03-01,1491.207
Catamarca,2026-03-01,34.825
Chaco,2026-03-01,70.064
Chubut,2026-03-01,89.762
Corrientes,2026-03-01,76.163
Córdoba,2026-03-01,515.253
Entre Ríos,2026-03-01,135.567
Formosa,2026-03-01,21.706
Jujuy,2026-03-01,57.568
La Pampa,2026-03-01,38.176
La Rioja,2026-03-01,29.337
Mendoza,2026-03-01,238.48
Misiones,2026-03-01,97.796
Neuquén,2026-03-01,153.026
Río Negro,2026-03-01,114.071
Salta,2026-03-01,119.578
San Juan,2026-03-01,81.313
San Luis,2026-03-01,50.782
Santa Cruz,2026-03-01,51.047
Santa Fe,2026-03-01,509.851
Santiago del Estero,2026-03-01,49.722
Tierra del Fuego,2026-03-01,32.475
Tucumán,2026-03-01,158.574
