jurisdiccion,subrubro,tipo_fila,fecha,anio,exportaciones_millones_usd,provisorio,la_rioja_region
Buenos Aires,Cereales,subrubro,1993-01-01,1993,697.023,FALSE,1. Resto país
Buenos Aires,Grasas y aceites,subrubro,1993-01-01,1993,350.496,FALSE,1. Resto país
Buenos Aires,Material de transporte terrestre,subrubro,1993-01-01,1993,375.743,FALSE,1. Resto país
Buenos Aires,Metales comunes y sus manufacturas,subrubro,1993-01-01,1993,486.839,FALSE,1. Resto país
Buenos Aires,Productos químicos y conexos,subrubro,1993-01-01,1993,357.85,FALSE,1. Resto país
Buenos Aires,Resto de productos,subrubro,1993-01-01,1993,2930.603,FALSE,1. Resto país
Buenos Aires,Total,total,1993-01-01,1993,5198.553,FALSE,1. Resto país
C.A.B.A.,Carnes,subrubro,1993-01-01,1993,31.966,FALSE,1. Resto país
C.A.B.A.,"Manufacturas de cuero, marroquinería, etc.",subrubro,1993-01-01,1993,13.713,FALSE,1. Resto país
C.A.B.A.,"Máquinas y aparatos, material eléctrico",subrubro,1993-01-01,1993,44.825,FALSE,1. Resto país
C.A.B.A.,Pieles y cueros,subrubro,1993-01-01,1993,27.941,FALSE,1. Resto país
C.A.B.A.,Productos químicos y conexos,subrubro,1993-01-01,1993,15.274,FALSE,1. Resto país
C.A.B.A.,Resto de productos,subrubro,1993-01-01,1993,55.937,FALSE,1. Resto país
C.A.B.A.,Total,total,1993-01-01,1993,189.656,FALSE,1. Resto país
Catamarca,"Azúcar, cacao y artículos de confitería",subrubro,1993-01-01,1993,0,FALSE,2. NOA-Resto
Catamarca,Calzado y sus componentes,subrubro,1993-01-01,1993,1.396,FALSE,2. NOA-Resto
Catamarca,Cereales,subrubro,1993-01-01,1993,3.837,FALSE,2. NOA-Resto
Catamarca,Fibras de algodón,subrubro,1993-01-01,1993,0,FALSE,2. NOA-Resto
Catamarca,Hortalizas y legumbres sin elaborar,subrubro,1993-01-01,1993,2.507,FALSE,2. NOA-Resto
Catamarca,Resto de productos,subrubro,1993-01-01,1993,3.658,FALSE,2. NOA-Resto
Catamarca,Total,total,1993-01-01,1993,11.542,FALSE,2. NOA-Resto
Chaco,Animales vivos,subrubro,1993-01-01,1993,NA,FALSE,1. Resto país
Chaco,Cereales,subrubro,1993-01-01,1993,21.787,FALSE,1. Resto país
Chaco,"Extractos curtientes y tintóreos y materias albuminoideas, productos a base de almidón o féculas modificadas, colas enzimas",subrubro,1993-01-01,1993,40.533,FALSE,1. Resto país
Chaco,Fibras de algodón,subrubro,1993-01-01,1993,18.895,FALSE,1. Resto país
Chaco,Resto de productos,subrubro,1993-01-01,1993,58.54,FALSE,1. Resto país
Chaco,Semillas y frutos oleaginosos,subrubro,1993-01-01,1993,12.866,FALSE,1. Resto país
Chaco,Total,total,1993-01-01,1993,152.621,FALSE,1. Resto país
Chubut,Lanas elaboradas,subrubro,1993-01-01,1993,33.034,FALSE,1. Resto país
Chubut,Metales comunes y sus manufacturas,subrubro,1993-01-01,1993,115.339,FALSE,1. Resto país
Chubut,Pescados y mariscos elaborados,subrubro,1993-01-01,1993,49.318,FALSE,1. Resto país
Chubut,Pescados y mariscos sin elaborar,subrubro,1993-01-01,1993,101.038,FALSE,1. Resto país
Chubut,Petróleo crudo,subrubro,1993-01-01,1993,56.955,FALSE,1. Resto país
Chubut,Resto de productos,subrubro,1993-01-01,1993,40.411,FALSE,1. Resto país
Chubut,Total,total,1993-01-01,1993,396.095,FALSE,1. Resto país
Corrientes,"Café, té, yerba mate y especias",subrubro,1993-01-01,1993,2.964,FALSE,1. Resto país
Corrientes,Cereales,subrubro,1993-01-01,1993,25.887,FALSE,1. Resto país
Corrientes,Fibras de algodón,subrubro,1993-01-01,1993,0.681,FALSE,1. Resto país
Corrientes,Frutas frescas,subrubro,1993-01-01,1993,10.631,FALSE,1. Resto país
Corrientes,Resto de productos,subrubro,1993-01-01,1993,13.718,FALSE,1. Resto país
Corrientes,Textiles y confecciones,subrubro,1993-01-01,1993,11.995,FALSE,1. Resto país
Corrientes,Total,total,1993-01-01,1993,65.877,FALSE,1. Resto país
Córdoba,Cereales,subrubro,1993-01-01,1993,220.591,FALSE,1. Resto país
Córdoba,Grasas y aceites,subrubro,1993-01-01,1993,169.74,FALSE,1. Resto país
Córdoba,Material de transporte terrestre,subrubro,1993-01-01,1993,207.867,FALSE,1. Resto país
Córdoba,Residuos y desperdicios de la industria alimenticia,subrubro,1993-01-01,1993,238.356,FALSE,1. Resto país
Córdoba,Resto de productos,subrubro,1993-01-01,1993,306.013,FALSE,1. Resto país
Córdoba,Semillas y frutos oleaginosos,subrubro,1993-01-01,1993,256.432,FALSE,1. Resto país
Córdoba,Total,total,1993-01-01,1993,1398.998,FALSE,1. Resto país
Entre Ríos,Carnes,subrubro,1993-01-01,1993,45.312,FALSE,1. Resto país
Entre Ríos,Cereales,subrubro,1993-01-01,1993,95.672,FALSE,1. Resto país
Entre Ríos,Frutas frescas,subrubro,1993-01-01,1993,15.245,FALSE,1. Resto país
Entre Ríos,Productos lácteos,subrubro,1993-01-01,1993,0.505,FALSE,1. Resto país
Entre Ríos,Productos químicos y conexos,subrubro,1993-01-01,1993,8.062,FALSE,1. Resto país
Entre Ríos,Resto de productos,subrubro,1993-01-01,1993,57.527,FALSE,1. Resto país
Entre Ríos,Total,total,1993-01-01,1993,222.322,FALSE,1. Resto país
Formosa,Animales vivos,subrubro,1993-01-01,1993,0,FALSE,1. Resto país
Formosa,Cereales,subrubro,1993-01-01,1993,6.984,FALSE,1. Resto país
Formosa,Fibras de algodón,subrubro,1993-01-01,1993,0.537,FALSE,1. Resto país
Formosa,Frutas frescas,subrubro,1993-01-01,1993,0.844,FALSE,1. Resto país
Formosa,Petróleo crudo,subrubro,1993-01-01,1993,9.493,FALSE,1. Resto país
Formosa,Resto de productos,subrubro,1993-01-01,1993,13.135,FALSE,1. Resto país
Formosa,Total,total,1993-01-01,1993,31.37,FALSE,1. Resto país
Jujuy,"Azúcar ,cacao y artículos de confitería",subrubro,1993-01-01,1993,10.661,FALSE,2. NOA-Resto
Jujuy,Frutas frescas,subrubro,1993-01-01,1993,2.507,FALSE,2. NOA-Resto
Jujuy,Hortalizas y legumbres sin elaborar,subrubro,1993-01-01,1993,4.983,FALSE,2. NOA-Resto
Jujuy,"Papel, cartón, impresos y publicaciones",subrubro,1993-01-01,1993,3.298,FALSE,2. NOA-Resto
Jujuy,Resto de productos,subrubro,1993-01-01,1993,13.006,FALSE,2. NOA-Resto
Jujuy,Tabaco sin elaborar,subrubro,1993-01-01,1993,35.873,FALSE,2. NOA-Resto
Jujuy,Total,total,1993-01-01,1993,70.328,FALSE,2. NOA-Resto
La Pampa,Carnes,subrubro,1993-01-01,1993,6.96,FALSE,1. Resto país
La Pampa,Cereales,subrubro,1993-01-01,1993,72.848,FALSE,1. Resto país
La Pampa,Miel,subrubro,1993-01-01,1993,6.019,FALSE,1. Resto país
La Pampa,Petróleo crudo,subrubro,1993-01-01,1993,7.91,FALSE,1. Resto país
La Pampa,Resto de productos,subrubro,1993-01-01,1993,4.08,FALSE,1. Resto país
La Pampa,Semillas y frutos oleaginosos,subrubro,1993-01-01,1993,7.515,FALSE,1. Resto país
La Pampa,Total,total,1993-01-01,1993,105.333,FALSE,1. Resto país
La Rioja,"Bebidas, líquidos alcohólicos y vinagre",subrubro,1993-01-01,1993,0,FALSE,3. La Rioja
La Rioja,"Papel, cartón, impresos y publicaciones",subrubro,1993-01-01,1993,0,FALSE,3. La Rioja
La Rioja,Pieles y cueros,subrubro,1993-01-01,1993,37.306,FALSE,3. La Rioja
La Rioja,"Preparados de hortalizas, legumbres y frutas",subrubro,1993-01-01,1993,7.62,FALSE,3. La Rioja
La Rioja,Resto de productos,subrubro,1993-01-01,1993,0.982,FALSE,3. La Rioja
La Rioja,Textiles y confecciones,subrubro,1993-01-01,1993,0.508,FALSE,3. La Rioja
La Rioja,Total,total,1993-01-01,1993,46.612,FALSE,3. La Rioja
Mendoza,"Bebidas, líquidos alcohólicos y vinagre",subrubro,1993-01-01,1993,25.786,FALSE,1. Resto país
Mendoza,Frutas frescas,subrubro,1993-01-01,1993,28.814,FALSE,1. Resto país
Mendoza,Hortalizas y legumbres sin elaborar,subrubro,1993-01-01,1993,42.689,FALSE,1. Resto país
Mendoza,Petróleo crudo,subrubro,1993-01-01,1993,33.224,FALSE,1. Resto país
Mendoza,"Preparados de hortalizas, legumbres y frutas",subrubro,1993-01-01,1993,35.85,FALSE,1. Resto país
Mendoza,Resto de productos,subrubro,1993-01-01,1993,305.483,FALSE,1. Resto país
Mendoza,Total,total,1993-01-01,1993,471.845,FALSE,1. Resto país
Misiones,"Café, té, yerba mate y especias",subrubro,1993-01-01,1993,54.788,FALSE,1. Resto país
Misiones,Frutas frescas,subrubro,1993-01-01,1993,2.746,FALSE,1. Resto país
Misiones,Grasas y aceites,subrubro,1993-01-01,1993,4.348,FALSE,1. Resto país
Misiones,"Papel, cartón, impresos y publicaciones",subrubro,1993-01-01,1993,42.527,FALSE,1. Resto país
Misiones,Resto de productos,subrubro,1993-01-01,1993,3.42,FALSE,1. Resto país
Misiones,Tabaco sin elaborar,subrubro,1993-01-01,1993,30.63,FALSE,1. Resto país
Misiones,Total,total,1993-01-01,1993,138.459,FALSE,1. Resto país
Neuquén,Carburantes,subrubro,1993-01-01,1993,22.341,FALSE,1. Resto país
Neuquén,Frutas frescas,subrubro,1993-01-01,1993,21.352,FALSE,1. Resto país
Neuquén,"Manufacturas de piedra, yeso, etc, productos cerámicos, vidrio y sus manufacturas.",subrubro,1993-01-01,1993,9.371,FALSE,1. Resto país
Neuquén,Petróleo crudo,subrubro,1993-01-01,1993,232.566,FALSE,1. Resto país
Neuquén,"Preparados de hortalizas, legumbres y frutas",subrubro,1993-01-01,1993,24.743,FALSE,1. Resto país
Neuquén,Resto de productos,subrubro,1993-01-01,1993,8.798,FALSE,1. Resto país
Neuquén,Total,total,1993-01-01,1993,319.171,FALSE,1. Resto país
Río Negro,Frutas frescas,subrubro,1993-01-01,1993,104.61,FALSE,1. Resto país
Río Negro,Lanas sucias,subrubro,1993-01-01,1993,6.389,FALSE,1. Resto país
Río Negro,Pescados y mariscos sin elaborar,subrubro,1993-01-01,1993,2.296,FALSE,1. Resto país
Río Negro,Petróleo crudo,subrubro,1993-01-01,1993,39.025,FALSE,1. Resto país
Río Negro,"Preparados de hortalizas, legumbres y frutas",subrubro,1993-01-01,1993,40.638,FALSE,1. Resto país
Río Negro,Resto de productos,subrubro,1993-01-01,1993,19.832,FALSE,1. Resto país
Río Negro,Total,total,1993-01-01,1993,212.789,FALSE,1. Resto país
Salta,Carburantes,subrubro,1993-01-01,1993,7.924,FALSE,2. NOA-Resto
Salta,Cereales,subrubro,1993-01-01,1993,6.743,FALSE,2. NOA-Resto
Salta,Hortalizas y legumbres sin elaborar,subrubro,1993-01-01,1993,66.946,FALSE,2. NOA-Resto
Salta,Pieles y cueros,subrubro,1993-01-01,1993,0,FALSE,2. NOA-Resto
Salta,Resto de productos,subrubro,1993-01-01,1993,48.6,FALSE,2. NOA-Resto
Salta,Tabaco sin elaborar,subrubro,1993-01-01,1993,45.968,FALSE,2. NOA-Resto
Salta,Total,total,1993-01-01,1993,176.23,FALSE,2. NOA-Resto
San Juan,"Bebidas, líquidos alcohólicos y vinagre",subrubro,1993-01-01,1993,6.444,FALSE,1. Resto país
San Juan,Frutas secas o procesadas,subrubro,1993-01-01,1993,3.599,FALSE,1. Resto país
San Juan,Hortalizas y legumbres sin elaborar,subrubro,1993-01-01,1993,14.405,FALSE,1. Resto país
San Juan,Metales comunes y sus manufacturas,subrubro,1993-01-01,1993,1.762,FALSE,1. Resto país
San Juan,"Preparados de hortalizas, legumbres y frutas",subrubro,1993-01-01,1993,3.404,FALSE,1. Resto país
San Juan,Resto de productos,subrubro,1993-01-01,1993,12.262,FALSE,1. Resto país
San Juan,Total,total,1993-01-01,1993,41.875,FALSE,1. Resto país
San Luis,Carnes,subrubro,1993-01-01,1993,21.115,FALSE,1. Resto país
San Luis,"Máquinas y aparatos, material eléctrico",subrubro,1993-01-01,1993,2.87,FALSE,1. Resto país
San Luis,"Papel, cartón, impresos y publicaciones",subrubro,1993-01-01,1993,3.145,FALSE,1. Resto país
San Luis,Pieles y cueros,subrubro,1993-01-01,1993,18.245,FALSE,1. Resto país
San Luis,"Preparados de hortalizas, legumbres y frutas",subrubro,1993-01-01,1993,8.342,FALSE,1. Resto país
San Luis,Resto de productos,subrubro,1993-01-01,1993,34.47,FALSE,1. Resto país
San Luis,Total,total,1993-01-01,1993,88.187,FALSE,1. Resto país
Santa Cruz,Gas de petróleo y otros hidrocarburos gaseosos,subrubro,1993-01-01,1993,0,FALSE,1. Resto país
Santa Cruz,Lanas sucias,subrubro,1993-01-01,1993,8.16,FALSE,1. Resto país
Santa Cruz,Pescados y mariscos elaborados,subrubro,1993-01-01,1993,21.074,FALSE,1. Resto país
Santa Cruz,Pescados y mariscos sin elaborar,subrubro,1993-01-01,1993,247.486,FALSE,1. Resto país
Santa Cruz,Petróleo crudo,subrubro,1993-01-01,1993,36.915,FALSE,1. Resto país
Santa Cruz,Resto de productos,subrubro,1993-01-01,1993,14.473,FALSE,1. Resto país
Santa Cruz,Total,total,1993-01-01,1993,328.389,FALSE,1. Resto país
Santa Fe,Carnes,subrubro,1993-01-01,1993,242.172,FALSE,1. Resto país
Santa Fe,Cereales,subrubro,1993-01-01,1993,259.261,FALSE,1. Resto país
Santa Fe,Grasas y aceites,subrubro,1993-01-01,1993,521.184,FALSE,1. Resto país
Santa Fe,Residuos y desperdicios de la industria alimenticia,subrubro,1993-01-01,1993,914.589,FALSE,1. Resto país
Santa Fe,Resto de productos,subrubro,1993-01-01,1993,342.253,FALSE,1. Resto país
Santa Fe,Semillas y frutos oleaginosos,subrubro,1993-01-01,1993,222.41,FALSE,1. Resto país
Santa Fe,Total,total,1993-01-01,1993,2501.869,FALSE,1. Resto país
Santiago del Estero,Calzado y sus componentes,subrubro,1993-01-01,1993,1.299,FALSE,2. NOA-Resto
Santiago del Estero,Cereales,subrubro,1993-01-01,1993,13.464,FALSE,2. NOA-Resto
Santiago del Estero,Fibras de algodón,subrubro,1993-01-01,1993,2.738,FALSE,2. NOA-Resto
Santiago del Estero,Hortalizas y legumbres sin elaborar,subrubro,1993-01-01,1993,11.155,FALSE,2. NOA-Resto
Santiago del Estero,Resto de productos,subrubro,1993-01-01,1993,1.742,FALSE,2. NOA-Resto
Santiago del Estero,Semillas y frutos oleaginosos,subrubro,1993-01-01,1993,7.953,FALSE,2. NOA-Resto
Santiago del Estero,Total,total,1993-01-01,1993,38.351,FALSE,2. NOA-Resto
Tierra del Fuego,Lanas elaboradas,subrubro,1993-01-01,1993,NA,FALSE,1. Resto país
Tierra del Fuego,"Máquinas y aparatos, material eléctrico",subrubro,1993-01-01,1993,4.417,FALSE,1. Resto país
Tierra del Fuego,Pescados y mariscos elaborados,subrubro,1993-01-01,1993,62.463,FALSE,1. Resto país
Tierra del Fuego,Pescados y mariscos sin elaborar,subrubro,1993-01-01,1993,3.732,FALSE,1. Resto país
Tierra del Fuego,Petróleo crudo,subrubro,1993-01-01,1993,109.691,FALSE,1. Resto país
Tierra del Fuego,Resto de productos,subrubro,1993-01-01,1993,15.262,FALSE,1. Resto país
Tierra del Fuego,Total,total,1993-01-01,1993,195.641,FALSE,1. Resto país
Tucumán,"Azúcar, cacao y artículos de confitería",subrubro,1993-01-01,1993,8.064,FALSE,2. NOA-Resto
Tucumán,Frutas frescas,subrubro,1993-01-01,1993,11.445,FALSE,2. NOA-Resto
Tucumán,Material de transporte terrestre,subrubro,1993-01-01,1993,41.646,FALSE,2. NOA-Resto
Tucumán,"Preparados de hortalizas, legumbres y frutas",subrubro,1993-01-01,1993,10.831,FALSE,2. NOA-Resto
Tucumán,Productos químicos y conexos,subrubro,1993-01-01,1993,23.296,FALSE,2. NOA-Resto
Tucumán,Resto de productos,subrubro,1993-01-01,1993,58.057,FALSE,2. NOA-Resto
Tucumán,Total,total,1993-01-01,1993,153.34,FALSE,2. NOA-Resto
Buenos Aires,Cereales,subrubro,1994-01-01,1994,622.062,FALSE,1. Resto país
Buenos Aires,Grasas y aceites,subrubro,1994-01-01,1994,509.482,FALSE,1. Resto país
Buenos Aires,Material de transporte terrestre,subrubro,1994-01-01,1994,468.626,FALSE,1. Resto país
Buenos Aires,Metales comunes y sus manufacturas,subrubro,1994-01-01,1994,504.118,FALSE,1. Resto país
Buenos Aires,Productos químicos y conexos,subrubro,1994-01-01,1994,481.027,FALSE,1. Resto país
Buenos Aires,Resto de productos,subrubro,1994-01-01,1994,3637.876,FALSE,1. Resto país
Buenos Aires,Total,total,1994-01-01,1994,6223.191,FALSE,1. Resto país
C.A.B.A.,Carnes,subrubro,1994-01-01,1994,24.868,FALSE,1. Resto país
C.A.B.A.,"Manufacturas de cuero, marroquinería, etc.",subrubro,1994-01-01,1994,20.256,FALSE,1. Resto país
C.A.B.A.,"Máquinas y aparatos, material eléctrico",subrubro,1994-01-01,1994,87.244,FALSE,1. Resto país
C.A.B.A.,Pieles y cueros,subrubro,1994-01-01,1994,35.532,FALSE,1. Resto país
C.A.B.A.,Productos químicos y conexos,subrubro,1994-01-01,1994,17.489,FALSE,1. Resto país
C.A.B.A.,Resto de productos,subrubro,1994-01-01,1994,121.527,FALSE,1. Resto país
C.A.B.A.,Total,total,1994-01-01,1994,306.914,FALSE,1. Resto país
Catamarca,"Azúcar, cacao y artículos de confitería",subrubro,1994-01-01,1994,0,FALSE,2. NOA-Resto
Catamarca,Calzado y sus componentes,subrubro,1994-01-01,1994,1.859,FALSE,2. NOA-Resto
Catamarca,Cereales,subrubro,1994-01-01,1994,3.058,FALSE,2. NOA-Resto
Catamarca,Fibras de algodón,subrubro,1994-01-01,1994,1.199,FALSE,2. NOA-Resto
Catamarca,Hortalizas y legumbres sin elaborar,subrubro,1994-01-01,1994,3.574,FALSE,2. NOA-Resto
Catamarca,Resto de productos,subrubro,1994-01-01,1994,15.344,FALSE,2. NOA-Resto
Catamarca,Total,total,1994-01-01,1994,25.035,FALSE,2. NOA-Resto
Chaco,Animales vivos,subrubro,1994-01-01,1994,6.611,FALSE,1. Resto país
Chaco,Cereales,subrubro,1994-01-01,1994,9.959,FALSE,1. Resto país
Chaco,"Extractos curtientes y tintóreos y materias albuminoideas, productos a base de almidón o féculas modificadas, colas enzimas",subrubro,1994-01-01,1994,41.174,FALSE,1. Resto país
Chaco,Fibras de algodón,subrubro,1994-01-01,1994,122.793,FALSE,1. Resto país
Chaco,Resto de productos,subrubro,1994-01-01,1994,49.757,FALSE,1. Resto país
Chaco,Semillas y frutos oleaginosos,subrubro,1994-01-01,1994,15.915,FALSE,1. Resto país
Chaco,Total,total,1994-01-01,1994,246.209,FALSE,1. Resto país
Chubut,Lanas elaboradas,subrubro,1994-01-01,1994,55.349,FALSE,1. Resto país
Chubut,Metales comunes y sus manufacturas,subrubro,1994-01-01,1994,143.826,FALSE,1. Resto país
Chubut,Pescados y mariscos elaborados,subrubro,1994-01-01,1994,51.903,FALSE,1. Resto país
Chubut,Pescados y mariscos sin elaborar,subrubro,1994-01-01,1994,88.875,FALSE,1. Resto país
Chubut,Petróleo crudo,subrubro,1994-01-01,1994,153.078,FALSE,1. Resto país
Chubut,Resto de productos,subrubro,1994-01-01,1994,47.363,FALSE,1. Resto país
Chubut,Total,total,1994-01-01,1994,540.394,FALSE,1. Resto país
Corrientes,"Café, té, yerba mate y especias",subrubro,1994-01-01,1994,3.488,FALSE,1. Resto país
Corrientes,Cereales,subrubro,1994-01-01,1994,25.518,FALSE,1. Resto país
Corrientes,Fibras de algodón,subrubro,1994-01-01,1994,1.64,FALSE,1. Resto país
Corrientes,Frutas frescas,subrubro,1994-01-01,1994,13.641,FALSE,1. Resto país
Corrientes,Resto de productos,subrubro,1994-01-01,1994,34.241,FALSE,1. Resto país
Corrientes,Textiles y confecciones,subrubro,1994-01-01,1994,18.732,FALSE,1. Resto país
Corrientes,Total,total,1994-01-01,1994,97.261,FALSE,1. Resto país
Córdoba,Cereales,subrubro,1994-01-01,1994,228.616,FALSE,1. Resto país
Córdoba,Grasas y aceites,subrubro,1994-01-01,1994,210.956,FALSE,1. Resto país
Córdoba,Material de transporte terrestre,subrubro,1994-01-01,1994,316.464,FALSE,1. Resto país
Córdoba,Residuos y desperdicios de la industria alimenticia,subrubro,1994-01-01,1994,224.316,FALSE,1. Resto país
Córdoba,Resto de productos,subrubro,1994-01-01,1994,332.108,FALSE,1. Resto país
Córdoba,Semillas y frutos oleaginosos,subrubro,1994-01-01,1994,286.841,FALSE,1. Resto país
Córdoba,Total,total,1994-01-01,1994,1599.301,FALSE,1. Resto país
Entre Ríos,Carnes,subrubro,1994-01-01,1994,51.95,FALSE,1. Resto país
Entre Ríos,Cereales,subrubro,1994-01-01,1994,76.076,FALSE,1. Resto país
Entre Ríos,Frutas frescas,subrubro,1994-01-01,1994,20.972,FALSE,1. Resto país
Entre Ríos,Productos lácteos,subrubro,1994-01-01,1994,1.117,FALSE,1. Resto país
Entre Ríos,Productos químicos y conexos,subrubro,1994-01-01,1994,11.591,FALSE,1. Resto país
Entre Ríos,Resto de productos,subrubro,1994-01-01,1994,43.438,FALSE,1. Resto país
Entre Ríos,Total,total,1994-01-01,1994,205.144,FALSE,1. Resto país
Formosa,Animales vivos,subrubro,1994-01-01,1994,7.511,FALSE,1. Resto país
Formosa,Cereales,subrubro,1994-01-01,1994,5.722,FALSE,1. Resto país
Formosa,Fibras de algodón,subrubro,1994-01-01,1994,10.491,FALSE,1. Resto país
Formosa,Frutas frescas,subrubro,1994-01-01,1994,0.571,FALSE,1. Resto país
Formosa,Petróleo crudo,subrubro,1994-01-01,1994,9.005,FALSE,1. Resto país
Formosa,Resto de productos,subrubro,1994-01-01,1994,1.736,FALSE,1. Resto país
Formosa,Total,total,1994-01-01,1994,35.035,FALSE,1. Resto país
Jujuy,"Azúcar ,cacao y artículos de confitería",subrubro,1994-01-01,1994,7.3,FALSE,2. NOA-Resto
Jujuy,Frutas frescas,subrubro,1994-01-01,1994,3.997,FALSE,2. NOA-Resto
Jujuy,Hortalizas y legumbres sin elaborar,subrubro,1994-01-01,1994,7.096,FALSE,2. NOA-Resto
Jujuy,"Papel, cartón, impresos y publicaciones",subrubro,1994-01-01,1994,3.205,FALSE,2. NOA-Resto
Jujuy,Resto de productos,subrubro,1994-01-01,1994,21.98,FALSE,2. NOA-Resto
Jujuy,Tabaco sin elaborar,subrubro,1994-01-01,1994,27.128,FALSE,2. NOA-Resto
Jujuy,Total,total,1994-01-01,1994,70.706,FALSE,2. NOA-Resto
La Pampa,Carnes,subrubro,1994-01-01,1994,3.323,FALSE,1. Resto país
La Pampa,Cereales,subrubro,1994-01-01,1994,72.976,FALSE,1. Resto país
La Pampa,Miel,subrubro,1994-01-01,1994,6.454,FALSE,1. Resto país
La Pampa,Petróleo crudo,subrubro,1994-01-01,1994,12.381,FALSE,1. Resto país
La Pampa,Resto de productos,subrubro,1994-01-01,1994,6.25,FALSE,1. Resto país
La Pampa,Semillas y frutos oleaginosos,subrubro,1994-01-01,1994,29.54,FALSE,1. Resto país
La Pampa,Total,total,1994-01-01,1994,130.924,FALSE,1. Resto país
La Rioja,"Bebidas, líquidos alcohólicos y vinagre",subrubro,1994-01-01,1994,0,FALSE,3. La Rioja
La Rioja,"Papel, cartón, impresos y publicaciones",subrubro,1994-01-01,1994,6.055,FALSE,3. La Rioja
La Rioja,Pieles y cueros,subrubro,1994-01-01,1994,50.736,FALSE,3. La Rioja
La Rioja,"Preparados de hortalizas, legumbres y frutas",subrubro,1994-01-01,1994,11.081,FALSE,3. La Rioja
La Rioja,Resto de productos,subrubro,1994-01-01,1994,1.222,FALSE,3. La Rioja
La Rioja,Textiles y confecciones,subrubro,1994-01-01,1994,0.657,FALSE,3. La Rioja
La Rioja,Total,total,1994-01-01,1994,69.887,FALSE,3. La Rioja
Mendoza,"Bebidas, líquidos alcohólicos y vinagre",subrubro,1994-01-01,1994,30.479,FALSE,1. Resto país
Mendoza,Frutas frescas,subrubro,1994-01-01,1994,32.825,FALSE,1. Resto país
Mendoza,Hortalizas y legumbres sin elaborar,subrubro,1994-01-01,1994,54.487,FALSE,1. Resto país
Mendoza,Petróleo crudo,subrubro,1994-01-01,1994,46.148,FALSE,1. Resto país
Mendoza,"Preparados de hortalizas, legumbres y frutas",subrubro,1994-01-01,1994,46.814,FALSE,1. Resto país
Mendoza,Resto de productos,subrubro,1994-01-01,1994,249.749,FALSE,1. Resto país
Mendoza,Total,total,1994-01-01,1994,460.504,FALSE,1. Resto país
Misiones,"Café, té, yerba mate y especias",subrubro,1994-01-01,1994,51.847,FALSE,1. Resto país
Misiones,Frutas frescas,subrubro,1994-01-01,1994,2.253,FALSE,1. Resto país
Misiones,Grasas y aceites,subrubro,1994-01-01,1994,2.447,FALSE,1. Resto país
Misiones,"Papel, cartón, impresos y publicaciones",subrubro,1994-01-01,1994,62.611,FALSE,1. Resto país
Misiones,Resto de productos,subrubro,1994-01-01,1994,8.703,FALSE,1. Resto país
Misiones,Tabaco sin elaborar,subrubro,1994-01-01,1994,27.729,FALSE,1. Resto país
Misiones,Total,total,1994-01-01,1994,155.59,FALSE,1. Resto país
Neuquén,Carburantes,subrubro,1994-01-01,1994,13.66,FALSE,1. Resto país
Neuquén,Frutas frescas,subrubro,1994-01-01,1994,23.794,FALSE,1. Resto país
Neuquén,"Manufacturas de piedra, yeso, etc, productos cerámicos, vidrio y sus manufacturas.",subrubro,1994-01-01,1994,7.37,FALSE,1. Resto país
Neuquén,Petróleo crudo,subrubro,1994-01-01,1994,465.987,FALSE,1. Resto país
Neuquén,"Preparados de hortalizas, legumbres y frutas",subrubro,1994-01-01,1994,17.306,FALSE,1. Resto país
Neuquén,Resto de productos,subrubro,1994-01-01,1994,10.595,FALSE,1. Resto país
Neuquén,Total,total,1994-01-01,1994,538.712,FALSE,1. Resto país
Río Negro,Frutas frescas,subrubro,1994-01-01,1994,89.077,FALSE,1. Resto país
Río Negro,Lanas sucias,subrubro,1994-01-01,1994,7.458,FALSE,1. Resto país
Río Negro,Pescados y mariscos sin elaborar,subrubro,1994-01-01,1994,18.749,FALSE,1. Resto país
Río Negro,Petróleo crudo,subrubro,1994-01-01,1994,57.404,FALSE,1. Resto país
Río Negro,"Preparados de hortalizas, legumbres y frutas",subrubro,1994-01-01,1994,34.871,FALSE,1. Resto país
Río Negro,Resto de productos,subrubro,1994-01-01,1994,25.007,FALSE,1. Resto país
Río Negro,Total,total,1994-01-01,1994,232.566,FALSE,1. Resto país
Salta,Carburantes,subrubro,1994-01-01,1994,18.088,FALSE,2. NOA-Resto
Salta,Cereales,subrubro,1994-01-01,1994,7.412,FALSE,2. NOA-Resto
Salta,Hortalizas y legumbres sin elaborar,subrubro,1994-01-01,1994,105.641,FALSE,2. NOA-Resto
Salta,Pieles y cueros,subrubro,1994-01-01,1994,5.123,FALSE,2. NOA-Resto
Salta,Resto de productos,subrubro,1994-01-01,1994,66.135,FALSE,2. NOA-Resto
Salta,Tabaco sin elaborar,subrubro,1994-01-01,1994,26.068,FALSE,2. NOA-Resto
Salta,Total,total,1994-01-01,1994,228.467,FALSE,2. NOA-Resto
San Juan,"Bebidas, líquidos alcohólicos y vinagre",subrubro,1994-01-01,1994,3.863,FALSE,1. Resto país
San Juan,Frutas secas o procesadas,subrubro,1994-01-01,1994,5.962,FALSE,1. Resto país
San Juan,Hortalizas y legumbres sin elaborar,subrubro,1994-01-01,1994,13.183,FALSE,1. Resto país
San Juan,Metales comunes y sus manufacturas,subrubro,1994-01-01,1994,3.529,FALSE,1. Resto país
San Juan,"Preparados de hortalizas, legumbres y frutas",subrubro,1994-01-01,1994,7.288,FALSE,1. Resto país
San Juan,Resto de productos,subrubro,1994-01-01,1994,12.265,FALSE,1. Resto país
San Juan,Total,total,1994-01-01,1994,46.089,FALSE,1. Resto país
San Luis,Carnes,subrubro,1994-01-01,1994,25.33,FALSE,1. Resto país
San Luis,"Máquinas y aparatos, material eléctrico",subrubro,1994-01-01,1994,5.125,FALSE,1. Resto país
San Luis,"Papel, cartón, impresos y publicaciones",subrubro,1994-01-01,1994,4.825,FALSE,1. Resto país
San Luis,Pieles y cueros,subrubro,1994-01-01,1994,34.446,FALSE,1. Resto país
San Luis,"Preparados de hortalizas, legumbres y frutas",subrubro,1994-01-01,1994,8.944,FALSE,1. Resto país
San Luis,Resto de productos,subrubro,1994-01-01,1994,32.75,FALSE,1. Resto país
San Luis,Total,total,1994-01-01,1994,111.419,FALSE,1. Resto país
Santa Cruz,Gas de petróleo y otros hidrocarburos gaseosos,subrubro,1994-01-01,1994,0,FALSE,1. Resto país
Santa Cruz,Lanas sucias,subrubro,1994-01-01,1994,9.708,FALSE,1. Resto país
Santa Cruz,Pescados y mariscos elaborados,subrubro,1994-01-01,1994,29.406,FALSE,1. Resto país
Santa Cruz,Pescados y mariscos sin elaborar,subrubro,1994-01-01,1994,246.622,FALSE,1. Resto país
Santa Cruz,Petróleo crudo,subrubro,1994-01-01,1994,276.891,FALSE,1. Resto país
Santa Cruz,Resto de productos,subrubro,1994-01-01,1994,4.25,FALSE,1. Resto país
Santa Cruz,Total,total,1994-01-01,1994,567.179,FALSE,1. Resto país
Santa Fe,Carnes,subrubro,1994-01-01,1994,287.486,FALSE,1. Resto país
Santa Fe,Cereales,subrubro,1994-01-01,1994,219.055,FALSE,1. Resto país
Santa Fe,Grasas y aceites,subrubro,1994-01-01,1994,766.341,FALSE,1. Resto país
Santa Fe,Residuos y desperdicios de la industria alimenticia,subrubro,1994-01-01,1994,815.268,FALSE,1. Resto país
Santa Fe,Resto de productos,subrubro,1994-01-01,1994,434.17,FALSE,1. Resto país
Santa Fe,Semillas y frutos oleaginosos,subrubro,1994-01-01,1994,315.77,FALSE,1. Resto país
Santa Fe,Total,total,1994-01-01,1994,2838.09,FALSE,1. Resto país
Santiago del Estero,Calzado y sus componentes,subrubro,1994-01-01,1994,1.503,FALSE,2. NOA-Resto
Santiago del Estero,Cereales,subrubro,1994-01-01,1994,9.685,FALSE,2. NOA-Resto
Santiago del Estero,Fibras de algodón,subrubro,1994-01-01,1994,21.335,FALSE,2. NOA-Resto
Santiago del Estero,Hortalizas y legumbres sin elaborar,subrubro,1994-01-01,1994,16.999,FALSE,2. NOA-Resto
Santiago del Estero,Resto de productos,subrubro,1994-01-01,1994,1.652,FALSE,2. NOA-Resto
Santiago del Estero,Semillas y frutos oleaginosos,subrubro,1994-01-01,1994,10.796,FALSE,2. NOA-Resto
Santiago del Estero,Total,total,1994-01-01,1994,61.972,FALSE,2. NOA-Resto
Tierra del Fuego,Lanas elaboradas,subrubro,1994-01-01,1994,NA,FALSE,1. Resto país
Tierra del Fuego,"Máquinas y aparatos, material eléctrico",subrubro,1994-01-01,1994,30.585,FALSE,1. Resto país
Tierra del Fuego,Pescados y mariscos elaborados,subrubro,1994-01-01,1994,55.908,FALSE,1. Resto país
Tierra del Fuego,Pescados y mariscos sin elaborar,subrubro,1994-01-01,1994,6.739,FALSE,1. Resto país
Tierra del Fuego,Petróleo crudo,subrubro,1994-01-01,1994,103.553,FALSE,1. Resto país
Tierra del Fuego,Resto de productos,subrubro,1994-01-01,1994,40.175,FALSE,1. Resto país
Tierra del Fuego,Total,total,1994-01-01,1994,236.959,FALSE,1. Resto país
Tucumán,"Azúcar, cacao y artículos de confitería",subrubro,1994-01-01,1994,13.991,FALSE,2. NOA-Resto
Tucumán,Frutas frescas,subrubro,1994-01-01,1994,35.165,FALSE,2. NOA-Resto
Tucumán,Material de transporte terrestre,subrubro,1994-01-01,1994,57.469,FALSE,2. NOA-Resto
Tucumán,"Preparados de hortalizas, legumbres y frutas",subrubro,1994-01-01,1994,9.845,FALSE,2. NOA-Resto
Tucumán,Productos químicos y conexos,subrubro,1994-01-01,1994,22.15,FALSE,2. NOA-Resto
Tucumán,Resto de productos,subrubro,1994-01-01,1994,85.11,FALSE,2. NOA-Resto
Tucumán,Total,total,1994-01-01,1994,223.73,FALSE,2. NOA-Resto
Buenos Aires,Cereales,subrubro,1995-01-01,1995,940.784,FALSE,1. Resto país
Buenos Aires,Grasas y aceites,subrubro,1995-01-01,1995,745.423,FALSE,1. Resto país
Buenos Aires,Material de transporte terrestre,subrubro,1995-01-01,1995,612.759,FALSE,1. Resto país
Buenos Aires,Metales comunes y sus manufacturas,subrubro,1995-01-01,1995,781.072,FALSE,1. Resto país
Buenos Aires,Productos químicos y conexos,subrubro,1995-01-01,1995,636.473,FALSE,1. Resto país
Buenos Aires,Resto de productos,subrubro,1995-01-01,1995,4417.201,FALSE,1. Resto país
Buenos Aires,Total,total,1995-01-01,1995,8133.711,FALSE,1. Resto país
C.A.B.A.,Carnes,subrubro,1995-01-01,1995,32.683,FALSE,1. Resto país
C.A.B.A.,"Manufacturas de cuero, marroquinería, etc.",subrubro,1995-01-01,1995,17.282,FALSE,1. Resto país
C.A.B.A.,"Máquinas y aparatos, material eléctrico",subrubro,1995-01-01,1995,25.449,FALSE,1. Resto país
C.A.B.A.,Pieles y cueros,subrubro,1995-01-01,1995,43.312,FALSE,1. Resto país
C.A.B.A.,Productos químicos y conexos,subrubro,1995-01-01,1995,21.62,FALSE,1. Resto país
C.A.B.A.,Resto de productos,subrubro,1995-01-01,1995,120.481,FALSE,1. Resto país
C.A.B.A.,Total,total,1995-01-01,1995,260.827,FALSE,1. Resto país
Catamarca,"Azúcar, cacao y artículos de confitería",subrubro,1995-01-01,1995,0,FALSE,2. NOA-Resto
Catamarca,Calzado y sus componentes,subrubro,1995-01-01,1995,1.88,FALSE,2. NOA-Resto
Catamarca,Cereales,subrubro,1995-01-01,1995,3.059,FALSE,2. NOA-Resto
Catamarca,Fibras de algodón,subrubro,1995-01-01,1995,1.645,FALSE,2. NOA-Resto
Catamarca,Hortalizas y legumbres sin elaborar,subrubro,1995-01-01,1995,6.406,FALSE,2. NOA-Resto
Catamarca,Resto de productos,subrubro,1995-01-01,1995,5.432,FALSE,2. NOA-Resto
Catamarca,Total,total,1995-01-01,1995,18.421,FALSE,2. NOA-Resto
Chaco,Animales vivos,subrubro,1995-01-01,1995,11.457,FALSE,1. Resto país
Chaco,Cereales,subrubro,1995-01-01,1995,14.175,FALSE,1. Resto país
Chaco,"Extractos curtientes y tintóreos y materias albuminoideas, productos a base de almidón o féculas modificadas, colas enzimas",subrubro,1995-01-01,1995,38.152,FALSE,1. Resto país
Chaco,Fibras de algodón,subrubro,1995-01-01,1995,271.272,FALSE,1. Resto país
Chaco,Resto de productos,subrubro,1995-01-01,1995,41.385,FALSE,1. Resto país
Chaco,Semillas y frutos oleaginosos,subrubro,1995-01-01,1995,12.967,FALSE,1. Resto país
Chaco,Total,total,1995-01-01,1995,389.407,FALSE,1. Resto país
Chubut,Lanas elaboradas,subrubro,1995-01-01,1995,66.99,FALSE,1. Resto país
Chubut,Metales comunes y sus manufacturas,subrubro,1995-01-01,1995,237.133,FALSE,1. Resto país
Chubut,Pescados y mariscos elaborados,subrubro,1995-01-01,1995,70.978,FALSE,1. Resto país
Chubut,Pescados y mariscos sin elaborar,subrubro,1995-01-01,1995,86.254,FALSE,1. Resto país
Chubut,Petróleo crudo,subrubro,1995-01-01,1995,212.862,FALSE,1. Resto país
Chubut,Resto de productos,subrubro,1995-01-01,1995,71.148,FALSE,1. Resto país
Chubut,Total,total,1995-01-01,1995,745.364,FALSE,1. Resto país
Corrientes,"Café, té, yerba mate y especias",subrubro,1995-01-01,1995,2.763,FALSE,1. Resto país
Corrientes,Cereales,subrubro,1995-01-01,1995,46.068,FALSE,1. Resto país
Corrientes,Fibras de algodón,subrubro,1995-01-01,1995,6.925,FALSE,1. Resto país
Corrientes,Frutas frescas,subrubro,1995-01-01,1995,13.563,FALSE,1. Resto país
Corrientes,Resto de productos,subrubro,1995-01-01,1995,58.672,FALSE,1. Resto país
Corrientes,Textiles y confecciones,subrubro,1995-01-01,1995,16.963,FALSE,1. Resto país
Corrientes,Total,total,1995-01-01,1995,144.953,FALSE,1. Resto país
Córdoba,Cereales,subrubro,1995-01-01,1995,289.77,FALSE,1. Resto país
Córdoba,Grasas y aceites,subrubro,1995-01-01,1995,269.031,FALSE,1. Resto país
Córdoba,Material de transporte terrestre,subrubro,1995-01-01,1995,475.209,FALSE,1. Resto país
Córdoba,Residuos y desperdicios de la industria alimenticia,subrubro,1995-01-01,1995,204.364,FALSE,1. Resto país
Córdoba,Resto de productos,subrubro,1995-01-01,1995,492.269,FALSE,1. Resto país
Córdoba,Semillas y frutos oleaginosos,subrubro,1995-01-01,1995,269.701,FALSE,1. Resto país
Córdoba,Total,total,1995-01-01,1995,2000.343,FALSE,1. Resto país
Entre Ríos,Carnes,subrubro,1995-01-01,1995,60.096,FALSE,1. Resto país
Entre Ríos,Cereales,subrubro,1995-01-01,1995,142.902,FALSE,1. Resto país
Entre Ríos,Frutas frescas,subrubro,1995-01-01,1995,25.377,FALSE,1. Resto país
Entre Ríos,Productos lácteos,subrubro,1995-01-01,1995,32.26,FALSE,1. Resto país
Entre Ríos,Productos químicos y conexos,subrubro,1995-01-01,1995,19.357,FALSE,1. Resto país
Entre Ríos,Resto de productos,subrubro,1995-01-01,1995,101.731,FALSE,1. Resto país
Entre Ríos,Total,total,1995-01-01,1995,381.723,FALSE,1. Resto país
Formosa,Animales vivos,subrubro,1995-01-01,1995,11.153,FALSE,1. Resto país
Formosa,Cereales,subrubro,1995-01-01,1995,11.077,FALSE,1. Resto país
Formosa,Fibras de algodón,subrubro,1995-01-01,1995,13.676,FALSE,1. Resto país
Formosa,Frutas frescas,subrubro,1995-01-01,1995,1.647,FALSE,1. Resto país
Formosa,Petróleo crudo,subrubro,1995-01-01,1995,13.013,FALSE,1. Resto país
Formosa,Resto de productos,subrubro,1995-01-01,1995,2.327,FALSE,1. Resto país
Formosa,Total,total,1995-01-01,1995,52.893,FALSE,1. Resto país
Jujuy,"Azúcar ,cacao y artículos de confitería",subrubro,1995-01-01,1995,16.366,FALSE,2. NOA-Resto
Jujuy,Frutas frescas,subrubro,1995-01-01,1995,5.059,FALSE,2. NOA-Resto
Jujuy,Hortalizas y legumbres sin elaborar,subrubro,1995-01-01,1995,17.843,FALSE,2. NOA-Resto
Jujuy,"Papel, cartón, impresos y publicaciones",subrubro,1995-01-01,1995,4.495,FALSE,2. NOA-Resto
Jujuy,Resto de productos,subrubro,1995-01-01,1995,23.851,FALSE,2. NOA-Resto
Jujuy,Tabaco sin elaborar,subrubro,1995-01-01,1995,39.478,FALSE,2. NOA-Resto
Jujuy,Total,total,1995-01-01,1995,107.092,FALSE,2. NOA-Resto
La Pampa,Carnes,subrubro,1995-01-01,1995,3.552,FALSE,1. Resto país
La Pampa,Cereales,subrubro,1995-01-01,1995,74.108,FALSE,1. Resto país
La Pampa,Miel,subrubro,1995-01-01,1995,8.455,FALSE,1. Resto país
La Pampa,Petróleo crudo,subrubro,1995-01-01,1995,14.098,FALSE,1. Resto país
La Pampa,Resto de productos,subrubro,1995-01-01,1995,11.997,FALSE,1. Resto país
La Pampa,Semillas y frutos oleaginosos,subrubro,1995-01-01,1995,31.128,FALSE,1. Resto país
La Pampa,Total,total,1995-01-01,1995,143.337,FALSE,1. Resto país
La Rioja,"Bebidas, líquidos alcohólicos y vinagre",subrubro,1995-01-01,1995,0,FALSE,3. La Rioja
La Rioja,"Papel, cartón, impresos y publicaciones",subrubro,1995-01-01,1995,17.333,FALSE,3. La Rioja
La Rioja,Pieles y cueros,subrubro,1995-01-01,1995,91.678,FALSE,3. La Rioja
La Rioja,"Preparados de hortalizas, legumbres y frutas",subrubro,1995-01-01,1995,17.196,FALSE,3. La Rioja
La Rioja,Resto de productos,subrubro,1995-01-01,1995,2.439,FALSE,3. La Rioja
La Rioja,Textiles y confecciones,subrubro,1995-01-01,1995,7.203,FALSE,3. La Rioja
La Rioja,Total,total,1995-01-01,1995,136.023,FALSE,3. La Rioja
Mendoza,"Bebidas, líquidos alcohólicos y vinagre",subrubro,1995-01-01,1995,71.684,FALSE,1. Resto país
Mendoza,Frutas frescas,subrubro,1995-01-01,1995,55.3,FALSE,1. Resto país
Mendoza,Hortalizas y legumbres sin elaborar,subrubro,1995-01-01,1995,56.937,FALSE,1. Resto país
Mendoza,Petróleo crudo,subrubro,1995-01-01,1995,184.511,FALSE,1. Resto país
Mendoza,"Preparados de hortalizas, legumbres y frutas",subrubro,1995-01-01,1995,94.443,FALSE,1. Resto país
Mendoza,Resto de productos,subrubro,1995-01-01,1995,265.329,FALSE,1. Resto país
Mendoza,Total,total,1995-01-01,1995,728.203,FALSE,1. Resto país
Misiones,"Café, té, yerba mate y especias",subrubro,1995-01-01,1995,61.309,FALSE,1. Resto país
Misiones,Frutas frescas,subrubro,1995-01-01,1995,5.65,FALSE,1. Resto país
Misiones,Grasas y aceites,subrubro,1995-01-01,1995,3.23,FALSE,1. Resto país
Misiones,"Papel, cartón, impresos y publicaciones",subrubro,1995-01-01,1995,119.012,FALSE,1. Resto país
Misiones,Resto de productos,subrubro,1995-01-01,1995,16.721,FALSE,1. Resto país
Misiones,Tabaco sin elaborar,subrubro,1995-01-01,1995,25.634,FALSE,1. Resto país
Misiones,Total,total,1995-01-01,1995,231.558,FALSE,1. Resto país
Neuquén,Carburantes,subrubro,1995-01-01,1995,10.109,FALSE,1. Resto país
Neuquén,Frutas frescas,subrubro,1995-01-01,1995,30.286,FALSE,1. Resto país
Neuquén,"Manufacturas de piedra, yeso, etc, productos cerámicos, vidrio y sus manufacturas.",subrubro,1995-01-01,1995,8.074,FALSE,1. Resto país
Neuquén,Petróleo crudo,subrubro,1995-01-01,1995,578.321,FALSE,1. Resto país
Neuquén,"Preparados de hortalizas, legumbres y frutas",subrubro,1995-01-01,1995,40.042,FALSE,1. Resto país
Neuquén,Resto de productos,subrubro,1995-01-01,1995,30.081,FALSE,1. Resto país
Neuquén,Total,total,1995-01-01,1995,696.912,FALSE,1. Resto país
Río Negro,Frutas frescas,subrubro,1995-01-01,1995,195.033,FALSE,1. Resto país
Río Negro,Lanas sucias,subrubro,1995-01-01,1995,9.369,FALSE,1. Resto país
Río Negro,Pescados y mariscos sin elaborar,subrubro,1995-01-01,1995,26.838,FALSE,1. Resto país
Río Negro,Petróleo crudo,subrubro,1995-01-01,1995,68.165,FALSE,1. Resto país
Río Negro,"Preparados de hortalizas, legumbres y frutas",subrubro,1995-01-01,1995,69.838,FALSE,1. Resto país
Río Negro,Resto de productos,subrubro,1995-01-01,1995,34.772,FALSE,1. Resto país
Río Negro,Total,total,1995-01-01,1995,404.014,FALSE,1. Resto país
Salta,Carburantes,subrubro,1995-01-01,1995,36.917,FALSE,2. NOA-Resto
Salta,Cereales,subrubro,1995-01-01,1995,10.546,FALSE,2. NOA-Resto
Salta,Hortalizas y legumbres sin elaborar,subrubro,1995-01-01,1995,100.616,FALSE,2. NOA-Resto
Salta,Pieles y cueros,subrubro,1995-01-01,1995,15.365,FALSE,2. NOA-Resto
Salta,Resto de productos,subrubro,1995-01-01,1995,114.318,FALSE,2. NOA-Resto
Salta,Tabaco sin elaborar,subrubro,1995-01-01,1995,25.979,FALSE,2. NOA-Resto
Salta,Total,total,1995-01-01,1995,303.741,FALSE,2. NOA-Resto
San Juan,"Bebidas, líquidos alcohólicos y vinagre",subrubro,1995-01-01,1995,11.177,FALSE,1. Resto país
San Juan,Frutas secas o procesadas,subrubro,1995-01-01,1995,6.773,FALSE,1. Resto país
San Juan,Hortalizas y legumbres sin elaborar,subrubro,1995-01-01,1995,15.007,FALSE,1. Resto país
San Juan,Metales comunes y sus manufacturas,subrubro,1995-01-01,1995,8.929,FALSE,1. Resto país
San Juan,"Preparados de hortalizas, legumbres y frutas",subrubro,1995-01-01,1995,24.786,FALSE,1. Resto país
San Juan,Resto de productos,subrubro,1995-01-01,1995,19.094,FALSE,1. Resto país
San Juan,Total,total,1995-01-01,1995,85.765,FALSE,1. Resto país
San Luis,Carnes,subrubro,1995-01-01,1995,26.979,FALSE,1. Resto país
San Luis,"Máquinas y aparatos, material eléctrico",subrubro,1995-01-01,1995,19.824,FALSE,1. Resto país
San Luis,"Papel, cartón, impresos y publicaciones",subrubro,1995-01-01,1995,41.575,FALSE,1. Resto país
San Luis,Pieles y cueros,subrubro,1995-01-01,1995,37.511,FALSE,1. Resto país
San Luis,"Preparados de hortalizas, legumbres y frutas",subrubro,1995-01-01,1995,8.583,FALSE,1. Resto país
San Luis,Resto de productos,subrubro,1995-01-01,1995,68.836,FALSE,1. Resto país
San Luis,Total,total,1995-01-01,1995,203.308,FALSE,1. Resto país
Santa Cruz,Gas de petróleo y otros hidrocarburos gaseosos,subrubro,1995-01-01,1995,2.123,FALSE,1. Resto país
Santa Cruz,Lanas sucias,subrubro,1995-01-01,1995,17.23,FALSE,1. Resto país
Santa Cruz,Pescados y mariscos elaborados,subrubro,1995-01-01,1995,46.822,FALSE,1. Resto país
Santa Cruz,Pescados y mariscos sin elaborar,subrubro,1995-01-01,1995,269.797,FALSE,1. Resto país
Santa Cruz,Petróleo crudo,subrubro,1995-01-01,1995,410.076,FALSE,1. Resto país
Santa Cruz,Resto de productos,subrubro,1995-01-01,1995,22.581,FALSE,1. Resto país
Santa Cruz,Total,total,1995-01-01,1995,768.629,FALSE,1. Resto país
Santa Fe,Carnes,subrubro,1995-01-01,1995,417.852,FALSE,1. Resto país
Santa Fe,Cereales,subrubro,1995-01-01,1995,296.471,FALSE,1. Resto país
Santa Fe,Grasas y aceites,subrubro,1995-01-01,1995,1014.072,FALSE,1. Resto país
Santa Fe,Residuos y desperdicios de la industria alimenticia,subrubro,1995-01-01,1995,808.613,FALSE,1. Resto país
Santa Fe,Resto de productos,subrubro,1995-01-01,1995,654.704,FALSE,1. Resto país
Santa Fe,Semillas y frutos oleaginosos,subrubro,1995-01-01,1995,264.191,FALSE,1. Resto país
Santa Fe,Total,total,1995-01-01,1995,3455.904,FALSE,1. Resto país
Santiago del Estero,Calzado y sus componentes,subrubro,1995-01-01,1995,0.902,FALSE,2. NOA-Resto
Santiago del Estero,Cereales,subrubro,1995-01-01,1995,16.366,FALSE,2. NOA-Resto
Santiago del Estero,Fibras de algodón,subrubro,1995-01-01,1995,87.423,FALSE,2. NOA-Resto
Santiago del Estero,Hortalizas y legumbres sin elaborar,subrubro,1995-01-01,1995,15.737,FALSE,2. NOA-Resto
Santiago del Estero,Resto de productos,subrubro,1995-01-01,1995,3.703,FALSE,2. NOA-Resto
Santiago del Estero,Semillas y frutos oleaginosos,subrubro,1995-01-01,1995,9.366,FALSE,2. NOA-Resto
Santiago del Estero,Total,total,1995-01-01,1995,133.498,FALSE,2. NOA-Resto
Tierra del Fuego,Lanas elaboradas,subrubro,1995-01-01,1995,1.981,FALSE,1. Resto país
Tierra del Fuego,"Máquinas y aparatos, material eléctrico",subrubro,1995-01-01,1995,57.062,FALSE,1. Resto país
Tierra del Fuego,Pescados y mariscos elaborados,subrubro,1995-01-01,1995,71.681,FALSE,1. Resto país
Tierra del Fuego,Pescados y mariscos sin elaborar,subrubro,1995-01-01,1995,24.274,FALSE,1. Resto país
Tierra del Fuego,Petróleo crudo,subrubro,1995-01-01,1995,45.237,FALSE,1. Resto país
Tierra del Fuego,Resto de productos,subrubro,1995-01-01,1995,32.573,FALSE,1. Resto país
Tierra del Fuego,Total,total,1995-01-01,1995,232.808,FALSE,1. Resto país
Tucumán,"Azúcar, cacao y artículos de confitería",subrubro,1995-01-01,1995,42.094,FALSE,2. NOA-Resto
Tucumán,Frutas frescas,subrubro,1995-01-01,1995,54.605,FALSE,2. NOA-Resto
Tucumán,Material de transporte terrestre,subrubro,1995-01-01,1995,95.068,FALSE,2. NOA-Resto
Tucumán,"Preparados de hortalizas, legumbres y frutas",subrubro,1995-01-01,1995,24.369,FALSE,2. NOA-Resto
Tucumán,Productos químicos y conexos,subrubro,1995-01-01,1995,31.271,FALSE,2. NOA-Resto
Tucumán,Resto de productos,subrubro,1995-01-01,1995,140.005,FALSE,2. NOA-Resto
Tucumán,Total,total,1995-01-01,1995,387.411,FALSE,2. NOA-Resto
Buenos Aires,Cereales,subrubro,1996-01-01,1996,1272.606,FALSE,1. Resto país
Buenos Aires,Grasas y aceites,subrubro,1996-01-01,1996,753.245,FALSE,1. Resto país
Buenos Aires,Material de transporte terrestre,subrubro,1996-01-01,1996,1000.188,FALSE,1. Resto país
Buenos Aires,Metales comunes y sus manufacturas,subrubro,1996-01-01,1996,809.507,FALSE,1. Resto país
Buenos Aires,Productos químicos y conexos,subrubro,1996-01-01,1996,637.631,FALSE,1. Resto país
Buenos Aires,Resto de productos,subrubro,1996-01-01,1996,4435.666,FALSE,1. Resto país
Buenos Aires,Total,total,1996-01-01,1996,8908.843,FALSE,1. Resto país
C.A.B.A.,Carnes,subrubro,1996-01-01,1996,35.856,FALSE,1. Resto país
C.A.B.A.,"Manufacturas de cuero, marroquinería, etc.",subrubro,1996-01-01,1996,22.661,FALSE,1. Resto país
C.A.B.A.,"Máquinas y aparatos, material eléctrico",subrubro,1996-01-01,1996,21.577,FALSE,1. Resto país
C.A.B.A.,Pieles y cueros,subrubro,1996-01-01,1996,53.111,FALSE,1. Resto país
C.A.B.A.,Productos químicos y conexos,subrubro,1996-01-01,1996,37.67,FALSE,1. Resto país
C.A.B.A.,Resto de productos,subrubro,1996-01-01,1996,85.072,FALSE,1. Resto país
C.A.B.A.,Total,total,1996-01-01,1996,255.946,FALSE,1. Resto país
Catamarca,"Azúcar, cacao y artículos de confitería",subrubro,1996-01-01,1996,3.173,FALSE,2. NOA-Resto
Catamarca,Calzado y sus componentes,subrubro,1996-01-01,1996,1.327,FALSE,2. NOA-Resto
Catamarca,Cereales,subrubro,1996-01-01,1996,4.747,FALSE,2. NOA-Resto
Catamarca,Fibras de algodón,subrubro,1996-01-01,1996,1.69,FALSE,2. NOA-Resto
Catamarca,Hortalizas y legumbres sin elaborar,subrubro,1996-01-01,1996,3.86,FALSE,2. NOA-Resto
Catamarca,Resto de productos,subrubro,1996-01-01,1996,6.813,FALSE,2. NOA-Resto
Catamarca,Total,total,1996-01-01,1996,21.61,FALSE,2. NOA-Resto
Chaco,Animales vivos,subrubro,1996-01-01,1996,6.24,FALSE,1. Resto país
Chaco,Cereales,subrubro,1996-01-01,1996,47.92,FALSE,1. Resto país
Chaco,"Extractos curtientes y tintóreos y materias albuminoideas, productos a base de almidón o féculas modificadas, colas enzimas",subrubro,1996-01-01,1996,40.204,FALSE,1. Resto país
Chaco,Fibras de algodón,subrubro,1996-01-01,1996,307.008,FALSE,1. Resto país
Chaco,Resto de productos,subrubro,1996-01-01,1996,13.705,FALSE,1. Resto país
Chaco,Semillas y frutos oleaginosos,subrubro,1996-01-01,1996,12.117,FALSE,1. Resto país
Chaco,Total,total,1996-01-01,1996,427.195,FALSE,1. Resto país
Chubut,Lanas elaboradas,subrubro,1996-01-01,1996,77.655,FALSE,1. Resto país
Chubut,Metales comunes y sus manufacturas,subrubro,1996-01-01,1996,179.399,FALSE,1. Resto país
Chubut,Pescados y mariscos elaborados,subrubro,1996-01-01,1996,72.337,FALSE,1. Resto país
Chubut,Pescados y mariscos sin elaborar,subrubro,1996-01-01,1996,130.532,FALSE,1. Resto país
Chubut,Petróleo crudo,subrubro,1996-01-01,1996,325.259,FALSE,1. Resto país
Chubut,Resto de productos,subrubro,1996-01-01,1996,56.724,FALSE,1. Resto país
Chubut,Total,total,1996-01-01,1996,841.906,FALSE,1. Resto país
Corrientes,"Café, té, yerba mate y especias",subrubro,1996-01-01,1996,3.331,FALSE,1. Resto país
Corrientes,Cereales,subrubro,1996-01-01,1996,46.654,FALSE,1. Resto país
Corrientes,Fibras de algodón,subrubro,1996-01-01,1996,5.815,FALSE,1. Resto país
Corrientes,Frutas frescas,subrubro,1996-01-01,1996,26.211,FALSE,1. Resto país
Corrientes,Resto de productos,subrubro,1996-01-01,1996,25.717,FALSE,1. Resto país
Corrientes,Textiles y confecciones,subrubro,1996-01-01,1996,13.699,FALSE,1. Resto país
Corrientes,Total,total,1996-01-01,1996,121.428,FALSE,1. Resto país
Córdoba,Cereales,subrubro,1996-01-01,1996,359.852,FALSE,1. Resto país
Córdoba,Grasas y aceites,subrubro,1996-01-01,1996,250.627,FALSE,1. Resto país
Córdoba,Material de transporte terrestre,subrubro,1996-01-01,1996,408.676,FALSE,1. Resto país
Córdoba,Residuos y desperdicios de la industria alimenticia,subrubro,1996-01-01,1996,374.861,FALSE,1. Resto país
Córdoba,Resto de productos,subrubro,1996-01-01,1996,552.493,FALSE,1. Resto país
Córdoba,Semillas y frutos oleaginosos,subrubro,1996-01-01,1996,385.91,FALSE,1. Resto país
Córdoba,Total,total,1996-01-01,1996,2332.419,FALSE,1. Resto país
Entre Ríos,Carnes,subrubro,1996-01-01,1996,47.429,FALSE,1. Resto país
Entre Ríos,Cereales,subrubro,1996-01-01,1996,183.011,FALSE,1. Resto país
Entre Ríos,Frutas frescas,subrubro,1996-01-01,1996,25.983,FALSE,1. Resto país
Entre Ríos,Productos lácteos,subrubro,1996-01-01,1996,24.078,FALSE,1. Resto país
Entre Ríos,Productos químicos y conexos,subrubro,1996-01-01,1996,21.384,FALSE,1. Resto país
Entre Ríos,Resto de productos,subrubro,1996-01-01,1996,102.971,FALSE,1. Resto país
Entre Ríos,Total,total,1996-01-01,1996,404.856,FALSE,1. Resto país
Formosa,Animales vivos,subrubro,1996-01-01,1996,7.559,FALSE,1. Resto país
Formosa,Cereales,subrubro,1996-01-01,1996,11.956,FALSE,1. Resto país
Formosa,Fibras de algodón,subrubro,1996-01-01,1996,17.396,FALSE,1. Resto país
Formosa,Frutas frescas,subrubro,1996-01-01,1996,2.185,FALSE,1. Resto país
Formosa,Petróleo crudo,subrubro,1996-01-01,1996,16.008,FALSE,1. Resto país
Formosa,Resto de productos,subrubro,1996-01-01,1996,1.064,FALSE,1. Resto país
Formosa,Total,total,1996-01-01,1996,56.168,FALSE,1. Resto país
Jujuy,"Azúcar ,cacao y artículos de confitería",subrubro,1996-01-01,1996,22.454,FALSE,2. NOA-Resto
Jujuy,Frutas frescas,subrubro,1996-01-01,1996,6.636,FALSE,2. NOA-Resto
Jujuy,Hortalizas y legumbres sin elaborar,subrubro,1996-01-01,1996,12.45,FALSE,2. NOA-Resto
Jujuy,"Papel, cartón, impresos y publicaciones",subrubro,1996-01-01,1996,4.284,FALSE,2. NOA-Resto
Jujuy,Resto de productos,subrubro,1996-01-01,1996,28.969,FALSE,2. NOA-Resto
Jujuy,Tabaco sin elaborar,subrubro,1996-01-01,1996,73.785,FALSE,2. NOA-Resto
Jujuy,Total,total,1996-01-01,1996,148.578,FALSE,2. NOA-Resto
La Pampa,Carnes,subrubro,1996-01-01,1996,2.954,FALSE,1. Resto país
La Pampa,Cereales,subrubro,1996-01-01,1996,88.657,FALSE,1. Resto país
La Pampa,Miel,subrubro,1996-01-01,1996,10.878,FALSE,1. Resto país
La Pampa,Petróleo crudo,subrubro,1996-01-01,1996,17.864,FALSE,1. Resto país
La Pampa,Resto de productos,subrubro,1996-01-01,1996,4.583,FALSE,1. Resto país
La Pampa,Semillas y frutos oleaginosos,subrubro,1996-01-01,1996,20.805,FALSE,1. Resto país
La Pampa,Total,total,1996-01-01,1996,145.741,FALSE,1. Resto país
La Rioja,"Bebidas, líquidos alcohólicos y vinagre",subrubro,1996-01-01,1996,3.093,FALSE,3. La Rioja
La Rioja,"Papel, cartón, impresos y publicaciones",subrubro,1996-01-01,1996,15.85,FALSE,3. La Rioja
La Rioja,Pieles y cueros,subrubro,1996-01-01,1996,63.492,FALSE,3. La Rioja
La Rioja,"Preparados de hortalizas, legumbres y frutas",subrubro,1996-01-01,1996,23.152,FALSE,3. La Rioja
La Rioja,Resto de productos,subrubro,1996-01-01,1996,6.176,FALSE,3. La Rioja
La Rioja,Textiles y confecciones,subrubro,1996-01-01,1996,2.542,FALSE,3. La Rioja
La Rioja,Total,total,1996-01-01,1996,114.306,FALSE,3. La Rioja
Mendoza,"Bebidas, líquidos alcohólicos y vinagre",subrubro,1996-01-01,1996,79.526,FALSE,1. Resto país
Mendoza,Frutas frescas,subrubro,1996-01-01,1996,53.941,FALSE,1. Resto país
Mendoza,Hortalizas y legumbres sin elaborar,subrubro,1996-01-01,1996,62.721,FALSE,1. Resto país
Mendoza,Petróleo crudo,subrubro,1996-01-01,1996,109.734,FALSE,1. Resto país
Mendoza,"Preparados de hortalizas, legumbres y frutas",subrubro,1996-01-01,1996,120.027,FALSE,1. Resto país
Mendoza,Resto de productos,subrubro,1996-01-01,1996,231.094,FALSE,1. Resto país
Mendoza,Total,total,1996-01-01,1996,657.043,FALSE,1. Resto país
Misiones,"Café, té, yerba mate y especias",subrubro,1996-01-01,1996,57.701,FALSE,1. Resto país
Misiones,Frutas frescas,subrubro,1996-01-01,1996,6.005,FALSE,1. Resto país
Misiones,Grasas y aceites,subrubro,1996-01-01,1996,2.602,FALSE,1. Resto país
Misiones,"Papel, cartón, impresos y publicaciones",subrubro,1996-01-01,1996,83.149,FALSE,1. Resto país
Misiones,Resto de productos,subrubro,1996-01-01,1996,21.108,FALSE,1. Resto país
Misiones,Tabaco sin elaborar,subrubro,1996-01-01,1996,25.289,FALSE,1. Resto país
Misiones,Total,total,1996-01-01,1996,195.853,FALSE,1. Resto país
Neuquén,Carburantes,subrubro,1996-01-01,1996,11.305,FALSE,1. Resto país
Neuquén,Frutas frescas,subrubro,1996-01-01,1996,33.339,FALSE,1. Resto país
Neuquén,"Manufacturas de piedra, yeso, etc, productos cerámicos, vidrio y sus manufacturas.",subrubro,1996-01-01,1996,8.566,FALSE,1. Resto país
Neuquén,Petróleo crudo,subrubro,1996-01-01,1996,703.413,FALSE,1. Resto país
Neuquén,"Preparados de hortalizas, legumbres y frutas",subrubro,1996-01-01,1996,44.732,FALSE,1. Resto país
Neuquén,Resto de productos,subrubro,1996-01-01,1996,8.726,FALSE,1. Resto país
Neuquén,Total,total,1996-01-01,1996,810.081,FALSE,1. Resto país
Río Negro,Frutas frescas,subrubro,1996-01-01,1996,198.886,FALSE,1. Resto país
Río Negro,Lanas sucias,subrubro,1996-01-01,1996,7.303,FALSE,1. Resto país
Río Negro,Pescados y mariscos sin elaborar,subrubro,1996-01-01,1996,17.998,FALSE,1. Resto país
Río Negro,Petróleo crudo,subrubro,1996-01-01,1996,83.751,FALSE,1. Resto país
Río Negro,"Preparados de hortalizas, legumbres y frutas",subrubro,1996-01-01,1996,83.457,FALSE,1. Resto país
Río Negro,Resto de productos,subrubro,1996-01-01,1996,27.52,FALSE,1. Resto país
Río Negro,Total,total,1996-01-01,1996,418.913,FALSE,1. Resto país
Salta,Carburantes,subrubro,1996-01-01,1996,51.254,FALSE,2. NOA-Resto
Salta,Cereales,subrubro,1996-01-01,1996,26.67,FALSE,2. NOA-Resto
Salta,Hortalizas y legumbres sin elaborar,subrubro,1996-01-01,1996,113.797,FALSE,2. NOA-Resto
Salta,Pieles y cueros,subrubro,1996-01-01,1996,24.218,FALSE,2. NOA-Resto
Salta,Resto de productos,subrubro,1996-01-01,1996,105.989,FALSE,2. NOA-Resto
Salta,Tabaco sin elaborar,subrubro,1996-01-01,1996,41.15,FALSE,2. NOA-Resto
Salta,Total,total,1996-01-01,1996,363.078,FALSE,2. NOA-Resto
San Juan,"Bebidas, líquidos alcohólicos y vinagre",subrubro,1996-01-01,1996,10.333,FALSE,1. Resto país
San Juan,Frutas secas o procesadas,subrubro,1996-01-01,1996,9.68,FALSE,1. Resto país
San Juan,Hortalizas y legumbres sin elaborar,subrubro,1996-01-01,1996,15.706,FALSE,1. Resto país
San Juan,Metales comunes y sus manufacturas,subrubro,1996-01-01,1996,12.433,FALSE,1. Resto país
San Juan,"Preparados de hortalizas, legumbres y frutas",subrubro,1996-01-01,1996,33.28,FALSE,1. Resto país
San Juan,Resto de productos,subrubro,1996-01-01,1996,29.094,FALSE,1. Resto país
San Juan,Total,total,1996-01-01,1996,110.526,FALSE,1. Resto país
San Luis,Carnes,subrubro,1996-01-01,1996,27.733,FALSE,1. Resto país
San Luis,"Máquinas y aparatos, material eléctrico",subrubro,1996-01-01,1996,18.545,FALSE,1. Resto país
San Luis,"Papel, cartón, impresos y publicaciones",subrubro,1996-01-01,1996,43.957,FALSE,1. Resto país
San Luis,Pieles y cueros,subrubro,1996-01-01,1996,38.12,FALSE,1. Resto país
San Luis,"Preparados de hortalizas, legumbres y frutas",subrubro,1996-01-01,1996,17.062,FALSE,1. Resto país
San Luis,Resto de productos,subrubro,1996-01-01,1996,92.968,FALSE,1. Resto país
San Luis,Total,total,1996-01-01,1996,238.385,FALSE,1. Resto país
Santa Cruz,Gas de petróleo y otros hidrocarburos gaseosos,subrubro,1996-01-01,1996,5.122,FALSE,1. Resto país
Santa Cruz,Lanas sucias,subrubro,1996-01-01,1996,12.802,FALSE,1. Resto país
Santa Cruz,Pescados y mariscos elaborados,subrubro,1996-01-01,1996,41.598,FALSE,1. Resto país
Santa Cruz,Pescados y mariscos sin elaborar,subrubro,1996-01-01,1996,305.386,FALSE,1. Resto país
Santa Cruz,Petróleo crudo,subrubro,1996-01-01,1996,931.001,FALSE,1. Resto país
Santa Cruz,Resto de productos,subrubro,1996-01-01,1996,2.031,FALSE,1. Resto país
Santa Cruz,Total,total,1996-01-01,1996,1297.94,FALSE,1. Resto país
Santa Fe,Carnes,subrubro,1996-01-01,1996,358.339,FALSE,1. Resto país
Santa Fe,Cereales,subrubro,1996-01-01,1996,456.537,FALSE,1. Resto país
Santa Fe,Grasas y aceites,subrubro,1996-01-01,1996,838.213,FALSE,1. Resto país
Santa Fe,Residuos y desperdicios de la industria alimenticia,subrubro,1996-01-01,1996,1547.227,FALSE,1. Resto país
Santa Fe,Resto de productos,subrubro,1996-01-01,1996,735.897,FALSE,1. Resto país
Santa Fe,Semillas y frutos oleaginosos,subrubro,1996-01-01,1996,281.74,FALSE,1. Resto país
Santa Fe,Total,total,1996-01-01,1996,4217.954,FALSE,1. Resto país
Santiago del Estero,Calzado y sus componentes,subrubro,1996-01-01,1996,1.822,FALSE,2. NOA-Resto
Santiago del Estero,Cereales,subrubro,1996-01-01,1996,34.468,FALSE,2. NOA-Resto
Santiago del Estero,Fibras de algodón,subrubro,1996-01-01,1996,114.165,FALSE,2. NOA-Resto
Santiago del Estero,Hortalizas y legumbres sin elaborar,subrubro,1996-01-01,1996,10.656,FALSE,2. NOA-Resto
Santiago del Estero,Resto de productos,subrubro,1996-01-01,1996,2.909,FALSE,2. NOA-Resto
Santiago del Estero,Semillas y frutos oleaginosos,subrubro,1996-01-01,1996,9.962,FALSE,2. NOA-Resto
Santiago del Estero,Total,total,1996-01-01,1996,173.981,FALSE,2. NOA-Resto
Tierra del Fuego,Lanas elaboradas,subrubro,1996-01-01,1996,5.254,FALSE,1. Resto país
Tierra del Fuego,"Máquinas y aparatos, material eléctrico",subrubro,1996-01-01,1996,39.843,FALSE,1. Resto país
Tierra del Fuego,Pescados y mariscos elaborados,subrubro,1996-01-01,1996,50.606,FALSE,1. Resto país
Tierra del Fuego,Pescados y mariscos sin elaborar,subrubro,1996-01-01,1996,27.846,FALSE,1. Resto país
Tierra del Fuego,Petróleo crudo,subrubro,1996-01-01,1996,130.15,FALSE,1. Resto país
Tierra del Fuego,Resto de productos,subrubro,1996-01-01,1996,8.659,FALSE,1. Resto país
Tierra del Fuego,Total,total,1996-01-01,1996,262.358,FALSE,1. Resto país
Tucumán,"Azúcar, cacao y artículos de confitería",subrubro,1996-01-01,1996,52.616,FALSE,2. NOA-Resto
Tucumán,Frutas frescas,subrubro,1996-01-01,1996,85.036,FALSE,2. NOA-Resto
Tucumán,Material de transporte terrestre,subrubro,1996-01-01,1996,53.57,FALSE,2. NOA-Resto
Tucumán,"Preparados de hortalizas, legumbres y frutas",subrubro,1996-01-01,1996,25.84,FALSE,2. NOA-Resto
Tucumán,Productos químicos y conexos,subrubro,1996-01-01,1996,32.119,FALSE,2. NOA-Resto
Tucumán,Resto de productos,subrubro,1996-01-01,1996,113.298,FALSE,2. NOA-Resto
Tucumán,Total,total,1996-01-01,1996,362.48,FALSE,2. NOA-Resto
Buenos Aires,Carburantes,subrubro,1997-01-01,1997,435.166,FALSE,1. Resto país
Buenos Aires,Cereales,subrubro,1997-01-01,1997,1619.587,FALSE,1. Resto país
Buenos Aires,Material de transporte terrestre,subrubro,1997-01-01,1997,1814.413,FALSE,1. Resto país
Buenos Aires,Metales comunes y sus manufacturas,subrubro,1997-01-01,1997,849.689,FALSE,1. Resto país
Buenos Aires,Productos químicos y conexos,subrubro,1997-01-01,1997,768.089,FALSE,1. Resto país
Buenos Aires,Resto de productos,subrubro,1997-01-01,1997,4880.957,FALSE,1. Resto país
Buenos Aires,Total,total,1997-01-01,1997,10367.901,FALSE,1. Resto país
C.A.B.A.,Carnes,subrubro,1997-01-01,1997,39.651,FALSE,1. Resto país
C.A.B.A.,"Máquinas y aparatos, material eléctrico",subrubro,1997-01-01,1997,25.858,FALSE,1. Resto país
C.A.B.A.,"Papel, cartón, impresos y publicaciones",subrubro,1997-01-01,1997,16.797,FALSE,1. Resto país
C.A.B.A.,Pieles y cueros,subrubro,1997-01-01,1997,49.103,FALSE,1. Resto país
C.A.B.A.,Productos químicos y conexos,subrubro,1997-01-01,1997,63.147,FALSE,1. Resto país
C.A.B.A.,Resto de productos,subrubro,1997-01-01,1997,112.467,FALSE,1. Resto país
C.A.B.A.,Total,total,1997-01-01,1997,307.025,FALSE,1. Resto país
Catamarca,"Azúcar, cacao y artículos de confitería",subrubro,1997-01-01,1997,3.726,FALSE,2. NOA-Resto
Catamarca,Cereales,subrubro,1997-01-01,1997,4.179,FALSE,2. NOA-Resto
Catamarca,Hortalizas y legumbres sin elaborar,subrubro,1997-01-01,1997,6.041,FALSE,2. NOA-Resto
Catamarca,"Minerales metalíferos,escorias y cenizas",subrubro,1997-01-01,1997,0,FALSE,2. NOA-Resto
Catamarca,"Piedras, metales preciosos y sus manufacturas, monedas",subrubro,1997-01-01,1997,1.285,FALSE,2. NOA-Resto
Catamarca,Resto de productos,subrubro,1997-01-01,1997,80.861,FALSE,2. NOA-Resto
Catamarca,Total,total,1997-01-01,1997,96.09,FALSE,2. NOA-Resto
Chaco,Cereales,subrubro,1997-01-01,1997,43.501,FALSE,1. Resto país
Chaco,"Extractos curtientes y tintóreos y materias albuminoideas, productos a base de almidón o féculas modificadas, colas enzimas",subrubro,1997-01-01,1997,48.234,FALSE,1. Resto país
Chaco,Fibras de algodón,subrubro,1997-01-01,1997,200.898,FALSE,1. Resto país
Chaco,Productos químicos y conexos,subrubro,1997-01-01,1997,4.919,FALSE,1. Resto país
Chaco,Resto de productos,subrubro,1997-01-01,1997,15.457,FALSE,1. Resto país
Chaco,Semillas y frutos oleaginosos,subrubro,1997-01-01,1997,8.306,FALSE,1. Resto país
Chaco,Total,total,1997-01-01,1997,321.314,FALSE,1. Resto país
Chubut,Lanas elaboradas,subrubro,1997-01-01,1997,73.943,FALSE,1. Resto país
Chubut,Lanas sucias,subrubro,1997-01-01,1997,28.551,FALSE,1. Resto país
Chubut,Metales comunes y sus manufacturas,subrubro,1997-01-01,1997,222.399,FALSE,1. Resto país
Chubut,Pescados y mariscos sin elaborar,subrubro,1997-01-01,1997,211.362,FALSE,1. Resto país
Chubut,Petróleo crudo,subrubro,1997-01-01,1997,430.163,FALSE,1. Resto país
Chubut,Resto de productos,subrubro,1997-01-01,1997,97.964,FALSE,1. Resto país
Chubut,Total,total,1997-01-01,1997,1064.383,FALSE,1. Resto país
Corrientes,"Café, té, yerba mate y especias",subrubro,1997-01-01,1997,3.629,FALSE,1. Resto país
Corrientes,Cereales,subrubro,1997-01-01,1997,61.84,FALSE,1. Resto país
Corrientes,Frutas frescas,subrubro,1997-01-01,1997,26.743,FALSE,1. Resto país
Corrientes,Resto de productos,subrubro,1997-01-01,1997,21.91,FALSE,1. Resto país
Corrientes,Tabaco sin elaborar,subrubro,1997-01-01,1997,3.21,FALSE,1. Resto país
Corrientes,Textiles y confecciones,subrubro,1997-01-01,1997,11.368,FALSE,1. Resto país
Corrientes,Total,total,1997-01-01,1997,128.699,FALSE,1. Resto país
Córdoba,Cereales,subrubro,1997-01-01,1997,358.09,FALSE,1. Resto país
Córdoba,Grasas y aceites,subrubro,1997-01-01,1997,321.173,FALSE,1. Resto país
Córdoba,Material de transporte terrestre,subrubro,1997-01-01,1997,701.107,FALSE,1. Resto país
Córdoba,Residuos y desperdicios de la industria alimenticia,subrubro,1997-01-01,1997,460.819,FALSE,1. Resto país
Córdoba,Resto de productos,subrubro,1997-01-01,1997,695.459,FALSE,1. Resto país
Córdoba,Semillas y frutos oleaginosos,subrubro,1997-01-01,1997,182.18,FALSE,1. Resto país
Córdoba,Total,total,1997-01-01,1997,2718.829,FALSE,1. Resto país
Entre Ríos,Cereales,subrubro,1997-01-01,1997,263.924,FALSE,1. Resto país
Entre Ríos,Frutas frescas,subrubro,1997-01-01,1997,26.296,FALSE,1. Resto país
Entre Ríos,Productos lácteos,subrubro,1997-01-01,1997,23.868,FALSE,1. Resto país
Entre Ríos,Productos químicos y conexos,subrubro,1997-01-01,1997,31.685,FALSE,1. Resto país
Entre Ríos,Resto de productos,subrubro,1997-01-01,1997,128.677,FALSE,1. Resto país
Entre Ríos,Semillas y frutos oleaginosos,subrubro,1997-01-01,1997,5.323,FALSE,1. Resto país
Entre Ríos,Total,total,1997-01-01,1997,479.773,FALSE,1. Resto país
Formosa,Cereales,subrubro,1997-01-01,1997,13.126,FALSE,1. Resto país
Formosa,"Extractos curtientes y tintóreos y materias albuminoideas, productos a base de almidón o féculas modificadas, colas enzimas",subrubro,1997-01-01,1997,0,FALSE,1. Resto país
Formosa,Fibras de algodón,subrubro,1997-01-01,1997,6.347,FALSE,1. Resto país
Formosa,Petróleo crudo,subrubro,1997-01-01,1997,13.806,FALSE,1. Resto país
Formosa,Resto de productos,subrubro,1997-01-01,1997,10.08,FALSE,1. Resto país
Formosa,Semillas y frutos oleaginosos,subrubro,1997-01-01,1997,0,FALSE,1. Resto país
Formosa,Total,total,1997-01-01,1997,43.529,FALSE,1. Resto país
Jujuy,"Azúcar, cacao y artículos de confitería",subrubro,1997-01-01,1997,19.925,FALSE,2. NOA-Resto
Jujuy,Frutas frescas,subrubro,1997-01-01,1997,6.45,FALSE,2. NOA-Resto
Jujuy,Hortalizas y legumbres sin elaborar,subrubro,1997-01-01,1997,21.368,FALSE,2. NOA-Resto
Jujuy,Metales comunes y sus manufacturas,subrubro,1997-01-01,1997,2.415,FALSE,2. NOA-Resto
Jujuy,Resto de productos,subrubro,1997-01-01,1997,29.015,FALSE,2. NOA-Resto
Jujuy,Tabaco sin elaborar,subrubro,1997-01-01,1997,77.356,FALSE,2. NOA-Resto
Jujuy,Total,total,1997-01-01,1997,156.53,FALSE,2. NOA-Resto
La Pampa,Carnes,subrubro,1997-01-01,1997,4.44,FALSE,1. Resto país
La Pampa,Cereales,subrubro,1997-01-01,1997,99.272,FALSE,1. Resto país
La Pampa,Miel,subrubro,1997-01-01,1997,8.257,FALSE,1. Resto país
La Pampa,Petróleo crudo,subrubro,1997-01-01,1997,16.216,FALSE,1. Resto país
La Pampa,Resto de productos,subrubro,1997-01-01,1997,8.992,FALSE,1. Resto país
La Pampa,Semillas y frutos oleaginosos,subrubro,1997-01-01,1997,5.509,FALSE,1. Resto país
La Pampa,Total,total,1997-01-01,1997,142.686,FALSE,1. Resto país
La Rioja,"Bebidas, líquidos alcohólicos y vinagre",subrubro,1997-01-01,1997,0.79,FALSE,3. La Rioja
La Rioja,Grasas y aceites,subrubro,1997-01-01,1997,5.648,FALSE,3. La Rioja
La Rioja,"Papel, cartón, impresos y publicaciones",subrubro,1997-01-01,1997,21.378,FALSE,3. La Rioja
La Rioja,Pieles y cueros,subrubro,1997-01-01,1997,91.441,FALSE,3. La Rioja
La Rioja,"Preparados de hortalizas, legumbres y frutas",subrubro,1997-01-01,1997,19.146,FALSE,3. La Rioja
La Rioja,Resto de productos,subrubro,1997-01-01,1997,7.245,FALSE,3. La Rioja
La Rioja,Total,total,1997-01-01,1997,145.647,FALSE,3. La Rioja
Mendoza,"Bebidas, líquidos alcohólicos y vinagre",subrubro,1997-01-01,1997,117.59,FALSE,1. Resto país
Mendoza,Carburantes,subrubro,1997-01-01,1997,61.447,FALSE,1. Resto país
Mendoza,Hortalizas y legumbres sin elaborar,subrubro,1997-01-01,1997,76.343,FALSE,1. Resto país
Mendoza,Petróleo crudo,subrubro,1997-01-01,1997,126.222,FALSE,1. Resto país
Mendoza,"Preparados de hortalizas, legumbres y frutas",subrubro,1997-01-01,1997,129.998,FALSE,1. Resto país
Mendoza,Resto de productos,subrubro,1997-01-01,1997,356.008,FALSE,1. Resto país
Mendoza,Total,total,1997-01-01,1997,867.608,FALSE,1. Resto país
Misiones,"Café, té, yerba mate y especias",subrubro,1997-01-01,1997,71.867,FALSE,1. Resto país
Misiones,Carnes,subrubro,1997-01-01,1997,0.714,FALSE,1. Resto país
Misiones,Frutas frescas,subrubro,1997-01-01,1997,5.869,FALSE,1. Resto país
Misiones,"Papel, cartón, impresos y publicaciones",subrubro,1997-01-01,1997,96.489,FALSE,1. Resto país
Misiones,Resto de productos,subrubro,1997-01-01,1997,34.211,FALSE,1. Resto país
Misiones,Tabaco sin elaborar,subrubro,1997-01-01,1997,47.654,FALSE,1. Resto país
Misiones,Total,total,1997-01-01,1997,256.803,FALSE,1. Resto país
Neuquén,Carburantes,subrubro,1997-01-01,1997,10.06,FALSE,1. Resto país
Neuquén,Frutas frescas,subrubro,1997-01-01,1997,30.635,FALSE,1. Resto país
Neuquén,Gas de petróleo y otros hidrocarburos gaseosos,subrubro,1997-01-01,1997,7.686,FALSE,1. Resto país
Neuquén,Petróleo crudo,subrubro,1997-01-01,1997,682.388,FALSE,1. Resto país
Neuquén,"Preparados de hortalizas, legumbres y frutas",subrubro,1997-01-01,1997,42.254,FALSE,1. Resto país
Neuquén,Resto de productos,subrubro,1997-01-01,1997,22.029,FALSE,1. Resto país
Neuquén,Total,total,1997-01-01,1997,795.052,FALSE,1. Resto país
Río Negro,Frutas frescas,subrubro,1997-01-01,1997,223.51,FALSE,1. Resto país
Río Negro,Lanas sucias,subrubro,1997-01-01,1997,7.829,FALSE,1. Resto país
Río Negro,Materias plásticas y sus manufacturas,subrubro,1997-01-01,1997,1.533,FALSE,1. Resto país
Río Negro,Petróleo crudo,subrubro,1997-01-01,1997,73.41,FALSE,1. Resto país
Río Negro,"Preparados de hortalizas, legumbres y frutas",subrubro,1997-01-01,1997,59.141,FALSE,1. Resto país
Río Negro,Resto de productos,subrubro,1997-01-01,1997,42.395,FALSE,1. Resto país
Río Negro,Total,total,1997-01-01,1997,407.819,FALSE,1. Resto país
Salta,Carburantes,subrubro,1997-01-01,1997,100.234,FALSE,2. NOA-Resto
Salta,Hortalizas y legumbres sin elaborar,subrubro,1997-01-01,1997,128.406,FALSE,2. NOA-Resto
Salta,Productos químicos y conexos,subrubro,1997-01-01,1997,16.317,FALSE,2. NOA-Resto
Salta,Resto de productos,subrubro,1997-01-01,1997,115.937,FALSE,2. NOA-Resto
Salta,Semillas y frutos oleaginosos,subrubro,1997-01-01,1997,5.344,FALSE,2. NOA-Resto
Salta,Tabaco sin elaborar,subrubro,1997-01-01,1997,54.929,FALSE,2. NOA-Resto
Salta,Total,total,1997-01-01,1997,421.167,FALSE,2. NOA-Resto
San Juan,"Bebidas, líquidos alcohólicos y vinagre",subrubro,1997-01-01,1997,16.725,FALSE,1. Resto país
San Juan,Frutas frescas,subrubro,1997-01-01,1997,2.643,FALSE,1. Resto país
San Juan,Hortalizas y legumbres sin elaborar,subrubro,1997-01-01,1997,23.325,FALSE,1. Resto país
San Juan,"Preparados de hortalizas, legumbres y frutas",subrubro,1997-01-01,1997,30.827,FALSE,1. Resto país
San Juan,Productos químicos y conexos,subrubro,1997-01-01,1997,26.404,FALSE,1. Resto país
San Juan,Resto de productos,subrubro,1997-01-01,1997,36.642,FALSE,1. Resto país
San Juan,Total,total,1997-01-01,1997,136.566,FALSE,1. Resto país
San Luis,Carnes,subrubro,1997-01-01,1997,25.207,FALSE,1. Resto país
San Luis,Grasas y aceites,subrubro,1997-01-01,1997,12.06,FALSE,1. Resto país
San Luis,Metales comunes y sus manufacturas,subrubro,1997-01-01,1997,16.818,FALSE,1. Resto país
San Luis,"Papel, cartón, impresos y publicaciones",subrubro,1997-01-01,1997,52.73,FALSE,1. Resto país
San Luis,Pieles y cueros,subrubro,1997-01-01,1997,48.381,FALSE,1. Resto país
San Luis,Resto de productos,subrubro,1997-01-01,1997,125.695,FALSE,1. Resto país
San Luis,Total,total,1997-01-01,1997,280.892,FALSE,1. Resto país
Santa Cruz,Gas de petróleo y otros hidrocarburos gaseosos,subrubro,1997-01-01,1997,2.523,FALSE,1. Resto país
Santa Cruz,Pescados y mariscos elaborados,subrubro,1997-01-01,1997,49.161,FALSE,1. Resto país
Santa Cruz,Pescados y mariscos sin elaborar,subrubro,1997-01-01,1997,229.259,FALSE,1. Resto país
Santa Cruz,Petróleo crudo,subrubro,1997-01-01,1997,752.95,FALSE,1. Resto país
Santa Cruz,"Piedras, metales preciosos y sus manufacturas, monedas",subrubro,1997-01-01,1997,0,FALSE,1. Resto país
Santa Cruz,Resto de productos,subrubro,1997-01-01,1997,21.414,FALSE,1. Resto país
Santa Cruz,Total,total,1997-01-01,1997,1055.307,FALSE,1. Resto país
Santa Fe,Carnes,subrubro,1997-01-01,1997,386.713,FALSE,1. Resto país
Santa Fe,Cereales,subrubro,1997-01-01,1997,444.581,FALSE,1. Resto país
Santa Fe,Grasas y aceites,subrubro,1997-01-01,1997,999.04,FALSE,1. Resto país
Santa Fe,Residuos y desperdicios de la industria alimenticia,subrubro,1997-01-01,1997,1603.544,FALSE,1. Resto país
Santa Fe,Resto de productos,subrubro,1997-01-01,1997,761.387,FALSE,1. Resto país
Santa Fe,Semillas y frutos oleaginosos,subrubro,1997-01-01,1997,58.054,FALSE,1. Resto país
Santa Fe,Total,total,1997-01-01,1997,4253.32,FALSE,1. Resto país
Santiago del Estero,Cereales,subrubro,1997-01-01,1997,38.739,FALSE,2. NOA-Resto
Santiago del Estero,Fibras de algodón,subrubro,1997-01-01,1997,74.863,FALSE,2. NOA-Resto
Santiago del Estero,Hortalizas y legumbres sin elaborar,subrubro,1997-01-01,1997,18.936,FALSE,2. NOA-Resto
Santiago del Estero,Miel,subrubro,1997-01-01,1997,1.701,FALSE,2. NOA-Resto
Santiago del Estero,Resto de productos,subrubro,1997-01-01,1997,2.968,FALSE,2. NOA-Resto
Santiago del Estero,Semillas y frutos oleaginosos,subrubro,1997-01-01,1997,5.509,FALSE,2. NOA-Resto
Santiago del Estero,Total,total,1997-01-01,1997,142.715,FALSE,2. NOA-Resto
Tierra del Fuego,Gas de petróleo y otros hidrocarburos gaseosos,subrubro,1997-01-01,1997,18.801,FALSE,1. Resto país
Tierra del Fuego,"Máquinas y aparatos, material eléctrico",subrubro,1997-01-01,1997,41.228,FALSE,1. Resto país
Tierra del Fuego,Pescados y mariscos elaborados,subrubro,1997-01-01,1997,58.062,FALSE,1. Resto país
Tierra del Fuego,Pescados y mariscos sin elaborar,subrubro,1997-01-01,1997,25.913,FALSE,1. Resto país
Tierra del Fuego,Petróleo crudo,subrubro,1997-01-01,1997,92.475,FALSE,1. Resto país
Tierra del Fuego,Resto de productos,subrubro,1997-01-01,1997,14.991,FALSE,1. Resto país
Tierra del Fuego,Total,total,1997-01-01,1997,251.471,FALSE,1. Resto país
Tucumán,"Azúcar, cacao y artículos de confitería",subrubro,1997-01-01,1997,50.243,FALSE,2. NOA-Resto
Tucumán,Frutas frescas,subrubro,1997-01-01,1997,81.713,FALSE,2. NOA-Resto
Tucumán,Material de transporte terrestre,subrubro,1997-01-01,1997,63.968,FALSE,2. NOA-Resto
Tucumán,"Preparados de hortalizas, legumbres y frutas",subrubro,1997-01-01,1997,30.184,FALSE,2. NOA-Resto
Tucumán,Productos químicos y conexos,subrubro,1997-01-01,1997,41.591,FALSE,2. NOA-Resto
Tucumán,Resto de productos,subrubro,1997-01-01,1997,148.774,FALSE,2. NOA-Resto
Tucumán,Total,total,1997-01-01,1997,416.472,FALSE,2. NOA-Resto
Buenos Aires,Carburantes,subrubro,1998-01-01,1998,295.603,FALSE,1. Resto país
Buenos Aires,Cereales,subrubro,1998-01-01,1998,1615.893,FALSE,1. Resto país
Buenos Aires,Material de transporte terrestre,subrubro,1998-01-01,1998,1862.744,FALSE,1. Resto país
Buenos Aires,Metales comunes y sus manufacturas,subrubro,1998-01-01,1998,845.937,FALSE,1. Resto país
Buenos Aires,Productos químicos y conexos,subrubro,1998-01-01,1998,840.625,FALSE,1. Resto país
Buenos Aires,Resto de productos,subrubro,1998-01-01,1998,4966.395,FALSE,1. Resto país
Buenos Aires,Total,total,1998-01-01,1998,10427.197,FALSE,1. Resto país
C.A.B.A.,Carnes,subrubro,1998-01-01,1998,26.888,FALSE,1. Resto país
C.A.B.A.,"Máquinas y aparatos, material eléctrico",subrubro,1998-01-01,1998,29.22,FALSE,1. Resto país
C.A.B.A.,"Papel, cartón, impresos y publicaciones",subrubro,1998-01-01,1998,17.916,FALSE,1. Resto país
C.A.B.A.,Pieles y cueros,subrubro,1998-01-01,1998,36.878,FALSE,1. Resto país
C.A.B.A.,Productos químicos y conexos,subrubro,1998-01-01,1998,72.265,FALSE,1. Resto país
C.A.B.A.,Resto de productos,subrubro,1998-01-01,1998,104.031,FALSE,1. Resto país
C.A.B.A.,Total,total,1998-01-01,1998,287.199,FALSE,1. Resto país
Catamarca,"Azúcar, cacao y artículos de confitería",subrubro,1998-01-01,1998,4.473,FALSE,2. NOA-Resto
Catamarca,Cereales,subrubro,1998-01-01,1998,3.223,FALSE,2. NOA-Resto
Catamarca,Hortalizas y legumbres sin elaborar,subrubro,1998-01-01,1998,15.419,FALSE,2. NOA-Resto
Catamarca,"Minerales metalíferos,escorias y cenizas",subrubro,1998-01-01,1998,438.642,FALSE,2. NOA-Resto
Catamarca,"Piedras, metales preciosos y sus manufacturas, monedas",subrubro,1998-01-01,1998,14.628,FALSE,2. NOA-Resto
Catamarca,Resto de productos,subrubro,1998-01-01,1998,13.881,FALSE,2. NOA-Resto
Catamarca,Total,total,1998-01-01,1998,490.266,FALSE,2. NOA-Resto
Chaco,Cereales,subrubro,1998-01-01,1998,25.646,FALSE,1. Resto país
Chaco,"Extractos curtientes y tintóreos y materias albuminoideas, productos a base de almidón o féculas modificadas, colas enzimas",subrubro,1998-01-01,1998,45.179,FALSE,1. Resto país
Chaco,Fibras de algodón,subrubro,1998-01-01,1998,117.892,FALSE,1. Resto país
Chaco,Productos químicos y conexos,subrubro,1998-01-01,1998,3.923,FALSE,1. Resto país
Chaco,Resto de productos,subrubro,1998-01-01,1998,11.098,FALSE,1. Resto país
Chaco,Semillas y frutos oleaginosos,subrubro,1998-01-01,1998,10.147,FALSE,1. Resto país
Chaco,Total,total,1998-01-01,1998,213.884,FALSE,1. Resto país
Chubut,Lanas elaboradas,subrubro,1998-01-01,1998,48.266,FALSE,1. Resto país
Chubut,Lanas sucias,subrubro,1998-01-01,1998,15.177,FALSE,1. Resto país
Chubut,Metales comunes y sus manufacturas,subrubro,1998-01-01,1998,177.506,FALSE,1. Resto país
Chubut,Pescados y mariscos sin elaborar,subrubro,1998-01-01,1998,208.017,FALSE,1. Resto país
Chubut,Petróleo crudo,subrubro,1998-01-01,1998,346.356,FALSE,1. Resto país
Chubut,Resto de productos,subrubro,1998-01-01,1998,95.363,FALSE,1. Resto país
Chubut,Total,total,1998-01-01,1998,890.684,FALSE,1. Resto país
Corrientes,"Café, té, yerba mate y especias",subrubro,1998-01-01,1998,3.984,FALSE,1. Resto país
Corrientes,Cereales,subrubro,1998-01-01,1998,55.851,FALSE,1. Resto país
Corrientes,Frutas frescas,subrubro,1998-01-01,1998,13.945,FALSE,1. Resto país
Corrientes,Resto de productos,subrubro,1998-01-01,1998,20.864,FALSE,1. Resto país
Corrientes,Tabaco sin elaborar,subrubro,1998-01-01,1998,3.691,FALSE,1. Resto país
Corrientes,Textiles y confecciones,subrubro,1998-01-01,1998,13.488,FALSE,1. Resto país
Corrientes,Total,total,1998-01-01,1998,111.823,FALSE,1. Resto país
Córdoba,Cereales,subrubro,1998-01-01,1998,411.931,FALSE,1. Resto país
Córdoba,Grasas y aceites,subrubro,1998-01-01,1998,404.118,FALSE,1. Resto país
Córdoba,Material de transporte terrestre,subrubro,1998-01-01,1998,887.125,FALSE,1. Resto país
Córdoba,Residuos y desperdicios de la industria alimenticia,subrubro,1998-01-01,1998,338.431,FALSE,1. Resto país
Córdoba,Resto de productos,subrubro,1998-01-01,1998,617.357,FALSE,1. Resto país
Córdoba,Semillas y frutos oleaginosos,subrubro,1998-01-01,1998,439.484,FALSE,1. Resto país
Córdoba,Total,total,1998-01-01,1998,3098.446,FALSE,1. Resto país
Entre Ríos,Cereales,subrubro,1998-01-01,1998,297.779,FALSE,1. Resto país
Entre Ríos,Frutas frescas,subrubro,1998-01-01,1998,37.559,FALSE,1. Resto país
Entre Ríos,Productos lácteos,subrubro,1998-01-01,1998,15.164,FALSE,1. Resto país
Entre Ríos,Productos químicos y conexos,subrubro,1998-01-01,1998,32.273,FALSE,1. Resto país
Entre Ríos,Resto de productos,subrubro,1998-01-01,1998,89.321,FALSE,1. Resto país
Entre Ríos,Semillas y frutos oleaginosos,subrubro,1998-01-01,1998,30.877,FALSE,1. Resto país
Entre Ríos,Total,total,1998-01-01,1998,502.973,FALSE,1. Resto país
Formosa,Cereales,subrubro,1998-01-01,1998,8.873,FALSE,1. Resto país
Formosa,"Extractos curtientes y tintóreos y materias albuminoideas, productos a base de almidón o féculas modificadas, colas enzimas",subrubro,1998-01-01,1998,0,FALSE,1. Resto país
Formosa,Fibras de algodón,subrubro,1998-01-01,1998,8.358,FALSE,1. Resto país
Formosa,Petróleo crudo,subrubro,1998-01-01,1998,9.068,FALSE,1. Resto país
Formosa,Resto de productos,subrubro,1998-01-01,1998,3.126,FALSE,1. Resto país
Formosa,Semillas y frutos oleaginosos,subrubro,1998-01-01,1998,0,FALSE,1. Resto país
Formosa,Total,total,1998-01-01,1998,29.837,FALSE,1. Resto país
Jujuy,"Azúcar, cacao y artículos de confitería",subrubro,1998-01-01,1998,13.146,FALSE,2. NOA-Resto
Jujuy,Frutas frescas,subrubro,1998-01-01,1998,5.373,FALSE,2. NOA-Resto
Jujuy,Hortalizas y legumbres sin elaborar,subrubro,1998-01-01,1998,21.033,FALSE,2. NOA-Resto
Jujuy,Metales comunes y sus manufacturas,subrubro,1998-01-01,1998,3.075,FALSE,2. NOA-Resto
Jujuy,Resto de productos,subrubro,1998-01-01,1998,26.107,FALSE,2. NOA-Resto
Jujuy,Tabaco sin elaborar,subrubro,1998-01-01,1998,51.124,FALSE,2. NOA-Resto
Jujuy,Total,total,1998-01-01,1998,119.857,FALSE,2. NOA-Resto
La Pampa,Carnes,subrubro,1998-01-01,1998,9.221,FALSE,1. Resto país
La Pampa,Cereales,subrubro,1998-01-01,1998,146.447,FALSE,1. Resto país
La Pampa,Miel,subrubro,1998-01-01,1998,6.794,FALSE,1. Resto país
La Pampa,Petróleo crudo,subrubro,1998-01-01,1998,10.385,FALSE,1. Resto país
La Pampa,Resto de productos,subrubro,1998-01-01,1998,7.214,FALSE,1. Resto país
La Pampa,Semillas y frutos oleaginosos,subrubro,1998-01-01,1998,29.961,FALSE,1. Resto país
La Pampa,Total,total,1998-01-01,1998,210.022,FALSE,1. Resto país
La Rioja,"Bebidas, líquidos alcohólicos y vinagre",subrubro,1998-01-01,1998,1.092,FALSE,3. La Rioja
La Rioja,Grasas y aceites,subrubro,1998-01-01,1998,23.784,FALSE,3. La Rioja
La Rioja,"Papel, cartón, impresos y publicaciones",subrubro,1998-01-01,1998,23.83,FALSE,3. La Rioja
La Rioja,Pieles y cueros,subrubro,1998-01-01,1998,32.308,FALSE,3. La Rioja
La Rioja,"Preparados de hortalizas, legumbres y frutas",subrubro,1998-01-01,1998,29.154,FALSE,3. La Rioja
La Rioja,Resto de productos,subrubro,1998-01-01,1998,13.323,FALSE,3. La Rioja
La Rioja,Total,total,1998-01-01,1998,123.492,FALSE,3. La Rioja
Mendoza,"Bebidas, líquidos alcohólicos y vinagre",subrubro,1998-01-01,1998,146.378,FALSE,1. Resto país
Mendoza,Carburantes,subrubro,1998-01-01,1998,129.551,FALSE,1. Resto país
Mendoza,Hortalizas y legumbres sin elaborar,subrubro,1998-01-01,1998,117.608,FALSE,1. Resto país
Mendoza,Petróleo crudo,subrubro,1998-01-01,1998,82.932,FALSE,1. Resto país
Mendoza,"Preparados de hortalizas, legumbres y frutas",subrubro,1998-01-01,1998,84.886,FALSE,1. Resto país
Mendoza,Resto de productos,subrubro,1998-01-01,1998,254.005,FALSE,1. Resto país
Mendoza,Total,total,1998-01-01,1998,815.36,FALSE,1. Resto país
Misiones,"Café, té, yerba mate y especias",subrubro,1998-01-01,1998,77.341,FALSE,1. Resto país
Misiones,Carnes,subrubro,1998-01-01,1998,0,FALSE,1. Resto país
Misiones,Frutas frescas,subrubro,1998-01-01,1998,4.026,FALSE,1. Resto país
Misiones,"Papel, cartón, impresos y publicaciones",subrubro,1998-01-01,1998,97.252,FALSE,1. Resto país
Misiones,Resto de productos,subrubro,1998-01-01,1998,24.632,FALSE,1. Resto país
Misiones,Tabaco sin elaborar,subrubro,1998-01-01,1998,34.696,FALSE,1. Resto país
Misiones,Total,total,1998-01-01,1998,237.983,FALSE,1. Resto país
Neuquén,Carburantes,subrubro,1998-01-01,1998,17.822,FALSE,1. Resto país
Neuquén,Frutas frescas,subrubro,1998-01-01,1998,47.933,FALSE,1. Resto país
Neuquén,Gas de petróleo y otros hidrocarburos gaseosos,subrubro,1998-01-01,1998,55.089,FALSE,1. Resto país
Neuquén,Petróleo crudo,subrubro,1998-01-01,1998,415.1,FALSE,1. Resto país
Neuquén,"Preparados de hortalizas, legumbres y frutas",subrubro,1998-01-01,1998,33.657,FALSE,1. Resto país
Neuquén,Resto de productos,subrubro,1998-01-01,1998,101.92,FALSE,1. Resto país
Neuquén,Total,total,1998-01-01,1998,671.522,FALSE,1. Resto país
Río Negro,Frutas frescas,subrubro,1998-01-01,1998,227.991,FALSE,1. Resto país
Río Negro,Lanas sucias,subrubro,1998-01-01,1998,5.117,FALSE,1. Resto país
Río Negro,Materias plásticas y sus manufacturas,subrubro,1998-01-01,1998,5.246,FALSE,1. Resto país
Río Negro,Petróleo crudo,subrubro,1998-01-01,1998,48.414,FALSE,1. Resto país
Río Negro,"Preparados de hortalizas, legumbres y frutas",subrubro,1998-01-01,1998,32.543,FALSE,1. Resto país
Río Negro,Resto de productos,subrubro,1998-01-01,1998,22.078,FALSE,1. Resto país
Río Negro,Total,total,1998-01-01,1998,341.387,FALSE,1. Resto país
Salta,Carburantes,subrubro,1998-01-01,1998,69.299,FALSE,2. NOA-Resto
Salta,Hortalizas y legumbres sin elaborar,subrubro,1998-01-01,1998,155.214,FALSE,2. NOA-Resto
Salta,Productos químicos y conexos,subrubro,1998-01-01,1998,36.644,FALSE,2. NOA-Resto
Salta,Resto de productos,subrubro,1998-01-01,1998,100.513,FALSE,2. NOA-Resto
Salta,Semillas y frutos oleaginosos,subrubro,1998-01-01,1998,8.986,FALSE,2. NOA-Resto
Salta,Tabaco sin elaborar,subrubro,1998-01-01,1998,37.798,FALSE,2. NOA-Resto
Salta,Total,total,1998-01-01,1998,408.454,FALSE,2. NOA-Resto
San Juan,"Bebidas, líquidos alcohólicos y vinagre",subrubro,1998-01-01,1998,20.022,FALSE,1. Resto país
San Juan,Frutas frescas,subrubro,1998-01-01,1998,8.828,FALSE,1. Resto país
San Juan,Hortalizas y legumbres sin elaborar,subrubro,1998-01-01,1998,24.616,FALSE,1. Resto país
San Juan,"Preparados de hortalizas, legumbres y frutas",subrubro,1998-01-01,1998,15.483,FALSE,1. Resto país
San Juan,Productos químicos y conexos,subrubro,1998-01-01,1998,34.375,FALSE,1. Resto país
San Juan,Resto de productos,subrubro,1998-01-01,1998,35.479,FALSE,1. Resto país
San Juan,Total,total,1998-01-01,1998,138.802,FALSE,1. Resto país
San Luis,Carnes,subrubro,1998-01-01,1998,18.213,FALSE,1. Resto país
San Luis,Grasas y aceites,subrubro,1998-01-01,1998,34.379,FALSE,1. Resto país
San Luis,Metales comunes y sus manufacturas,subrubro,1998-01-01,1998,15.869,FALSE,1. Resto país
San Luis,"Papel, cartón, impresos y publicaciones",subrubro,1998-01-01,1998,54.117,FALSE,1. Resto país
San Luis,Pieles y cueros,subrubro,1998-01-01,1998,43.498,FALSE,1. Resto país
San Luis,Resto de productos,subrubro,1998-01-01,1998,146.198,FALSE,1. Resto país
San Luis,Total,total,1998-01-01,1998,312.272,FALSE,1. Resto país
Santa Cruz,Gas de petróleo y otros hidrocarburos gaseosos,subrubro,1998-01-01,1998,2.21,FALSE,1. Resto país
Santa Cruz,Pescados y mariscos elaborados,subrubro,1998-01-01,1998,49.273,FALSE,1. Resto país
Santa Cruz,Pescados y mariscos sin elaborar,subrubro,1998-01-01,1998,182.582,FALSE,1. Resto país
Santa Cruz,Petróleo crudo,subrubro,1998-01-01,1998,428.264,FALSE,1. Resto país
Santa Cruz,"Piedras, metales preciosos y sus manufacturas, monedas",subrubro,1998-01-01,1998,12.981,FALSE,1. Resto país
Santa Cruz,Resto de productos,subrubro,1998-01-01,1998,17.376,FALSE,1. Resto país
Santa Cruz,Total,total,1998-01-01,1998,692.687,FALSE,1. Resto país
Santa Fe,Carnes,subrubro,1998-01-01,1998,337.194,FALSE,1. Resto país
Santa Fe,Cereales,subrubro,1998-01-01,1998,387.936,FALSE,1. Resto país
Santa Fe,Grasas y aceites,subrubro,1998-01-01,1998,1362.119,FALSE,1. Resto país
Santa Fe,Residuos y desperdicios de la industria alimenticia,subrubro,1998-01-01,1998,1429.08,FALSE,1. Resto país
Santa Fe,Resto de productos,subrubro,1998-01-01,1998,874.863,FALSE,1. Resto país
Santa Fe,Semillas y frutos oleaginosos,subrubro,1998-01-01,1998,262.865,FALSE,1. Resto país
Santa Fe,Total,total,1998-01-01,1998,4654.055,FALSE,1. Resto país
Santiago del Estero,Cereales,subrubro,1998-01-01,1998,31.614,FALSE,2. NOA-Resto
Santiago del Estero,Fibras de algodón,subrubro,1998-01-01,1998,70.047,FALSE,2. NOA-Resto
Santiago del Estero,Hortalizas y legumbres sin elaborar,subrubro,1998-01-01,1998,25.564,FALSE,2. NOA-Resto
Santiago del Estero,Miel,subrubro,1998-01-01,1998,1.4,FALSE,2. NOA-Resto
Santiago del Estero,Resto de productos,subrubro,1998-01-01,1998,2.873,FALSE,2. NOA-Resto
Santiago del Estero,Semillas y frutos oleaginosos,subrubro,1998-01-01,1998,11.421,FALSE,2. NOA-Resto
Santiago del Estero,Total,total,1998-01-01,1998,142.918,FALSE,2. NOA-Resto
Tierra del Fuego,Gas de petróleo y otros hidrocarburos gaseosos,subrubro,1998-01-01,1998,27.024,FALSE,1. Resto país
Tierra del Fuego,"Máquinas y aparatos, material eléctrico",subrubro,1998-01-01,1998,26.305,FALSE,1. Resto país
Tierra del Fuego,Pescados y mariscos elaborados,subrubro,1998-01-01,1998,44.516,FALSE,1. Resto país
Tierra del Fuego,Pescados y mariscos sin elaborar,subrubro,1998-01-01,1998,20.25,FALSE,1. Resto país
Tierra del Fuego,Petróleo crudo,subrubro,1998-01-01,1998,119.937,FALSE,1. Resto país
Tierra del Fuego,Resto de productos,subrubro,1998-01-01,1998,10.063,FALSE,1. Resto país
Tierra del Fuego,Total,total,1998-01-01,1998,248.097,FALSE,1. Resto país
Tucumán,"Azúcar, cacao y artículos de confitería",subrubro,1998-01-01,1998,52.356,FALSE,2. NOA-Resto
Tucumán,Frutas frescas,subrubro,1998-01-01,1998,71.406,FALSE,2. NOA-Resto
Tucumán,Material de transporte terrestre,subrubro,1998-01-01,1998,60.393,FALSE,2. NOA-Resto
Tucumán,"Preparados de hortalizas, legumbres y frutas",subrubro,1998-01-01,1998,23.577,FALSE,2. NOA-Resto
Tucumán,Productos químicos y conexos,subrubro,1998-01-01,1998,30.04,FALSE,2. NOA-Resto
Tucumán,Resto de productos,subrubro,1998-01-01,1998,145.53,FALSE,2. NOA-Resto
Tucumán,Total,total,1998-01-01,1998,383.302,FALSE,2. NOA-Resto
Buenos Aires,Carburantes,subrubro,1999-01-01,1999,474.718,FALSE,1. Resto país
Buenos Aires,Cereales,subrubro,1999-01-01,1999,963.397,FALSE,1. Resto país
Buenos Aires,Material de transporte terrestre,subrubro,1999-01-01,1999,959.344,FALSE,1. Resto país
Buenos Aires,Metales comunes y sus manufacturas,subrubro,1999-01-01,1999,690.662,FALSE,1. Resto país
Buenos Aires,Productos químicos y conexos,subrubro,1999-01-01,1999,835.213,FALSE,1. Resto país
Buenos Aires,Resto de productos,subrubro,1999-01-01,1999,4648.876,FALSE,1. Resto país
Buenos Aires,Total,total,1999-01-01,1999,8572.211,FALSE,1. Resto país
C.A.B.A.,Carnes,subrubro,1999-01-01,1999,20.762,FALSE,1. Resto país
C.A.B.A.,"Máquinas y aparatos, material eléctrico",subrubro,1999-01-01,1999,28.689,FALSE,1. Resto país
C.A.B.A.,"Papel, cartón, impresos y publicaciones",subrubro,1999-01-01,1999,14.19,FALSE,1. Resto país
C.A.B.A.,Pieles y cueros,subrubro,1999-01-01,1999,30.785,FALSE,1. Resto país
C.A.B.A.,Productos químicos y conexos,subrubro,1999-01-01,1999,82.041,FALSE,1. Resto país
C.A.B.A.,Resto de productos,subrubro,1999-01-01,1999,76.332,FALSE,1. Resto país
C.A.B.A.,Total,total,1999-01-01,1999,252.798,FALSE,1. Resto país
Catamarca,"Azúcar, cacao y artículos de confitería",subrubro,1999-01-01,1999,3.343,FALSE,2. NOA-Resto
Catamarca,Cereales,subrubro,1999-01-01,1999,3.028,FALSE,2. NOA-Resto
Catamarca,Hortalizas y legumbres sin elaborar,subrubro,1999-01-01,1999,5.649,FALSE,2. NOA-Resto
Catamarca,"Minerales metalíferos,escorias y cenizas",subrubro,1999-01-01,1999,412.484,FALSE,2. NOA-Resto
Catamarca,"Piedras, metales preciosos y sus manufacturas, monedas",subrubro,1999-01-01,1999,18.066,FALSE,2. NOA-Resto
Catamarca,Resto de productos,subrubro,1999-01-01,1999,12.139,FALSE,2. NOA-Resto
Catamarca,Total,total,1999-01-01,1999,454.709,FALSE,2. NOA-Resto
Chaco,Cereales,subrubro,1999-01-01,1999,29.816,FALSE,1. Resto país
Chaco,"Extractos curtientes y tintóreos y materias albuminoideas, productos a base de almidón o féculas modificadas, colas enzimas",subrubro,1999-01-01,1999,38.206,FALSE,1. Resto país
Chaco,Fibras de algodón,subrubro,1999-01-01,1999,101.246,FALSE,1. Resto país
Chaco,Productos químicos y conexos,subrubro,1999-01-01,1999,3.749,FALSE,1. Resto país
Chaco,Resto de productos,subrubro,1999-01-01,1999,10.638,FALSE,1. Resto país
Chaco,Semillas y frutos oleaginosos,subrubro,1999-01-01,1999,32.553,FALSE,1. Resto país
Chaco,Total,total,1999-01-01,1999,216.209,FALSE,1. Resto país
Chubut,Lanas elaboradas,subrubro,1999-01-01,1999,53.403,FALSE,1. Resto país
Chubut,Lanas sucias,subrubro,1999-01-01,1999,19.73,FALSE,1. Resto país
Chubut,Metales comunes y sus manufacturas,subrubro,1999-01-01,1999,208.156,FALSE,1. Resto país
Chubut,Pescados y mariscos sin elaborar,subrubro,1999-01-01,1999,197.074,FALSE,1. Resto país
Chubut,Petróleo crudo,subrubro,1999-01-01,1999,333.047,FALSE,1. Resto país
Chubut,Resto de productos,subrubro,1999-01-01,1999,66.613,FALSE,1. Resto país
Chubut,Total,total,1999-01-01,1999,878.023,FALSE,1. Resto país
Corrientes,"Café, té, yerba mate y especias",subrubro,1999-01-01,1999,4.12,FALSE,1. Resto país
Corrientes,Cereales,subrubro,1999-01-01,1999,67.067,FALSE,1. Resto país
Corrientes,Frutas frescas,subrubro,1999-01-01,1999,13.557,FALSE,1. Resto país
Corrientes,Resto de productos,subrubro,1999-01-01,1999,18.313,FALSE,1. Resto país
Corrientes,Tabaco sin elaborar,subrubro,1999-01-01,1999,5.064,FALSE,1. Resto país
Corrientes,Textiles y confecciones,subrubro,1999-01-01,1999,9.516,FALSE,1. Resto país
Corrientes,Total,total,1999-01-01,1999,117.637,FALSE,1. Resto país
Córdoba,Cereales,subrubro,1999-01-01,1999,377.848,FALSE,1. Resto país
Córdoba,Grasas y aceites,subrubro,1999-01-01,1999,356.522,FALSE,1. Resto país
Córdoba,Material de transporte terrestre,subrubro,1999-01-01,1999,441.075,FALSE,1. Resto país
Córdoba,Residuos y desperdicios de la industria alimenticia,subrubro,1999-01-01,1999,391.352,FALSE,1. Resto país
Córdoba,Resto de productos,subrubro,1999-01-01,1999,624.65,FALSE,1. Resto país
Córdoba,Semillas y frutos oleaginosos,subrubro,1999-01-01,1999,358.923,FALSE,1. Resto país
Córdoba,Total,total,1999-01-01,1999,2550.369,FALSE,1. Resto país
Entre Ríos,Cereales,subrubro,1999-01-01,1999,148.346,FALSE,1. Resto país
Entre Ríos,Frutas frescas,subrubro,1999-01-01,1999,26.135,FALSE,1. Resto país
Entre Ríos,Productos lácteos,subrubro,1999-01-01,1999,26.988,FALSE,1. Resto país
Entre Ríos,Productos químicos y conexos,subrubro,1999-01-01,1999,33.636,FALSE,1. Resto país
Entre Ríos,Resto de productos,subrubro,1999-01-01,1999,81.278,FALSE,1. Resto país
Entre Ríos,Semillas y frutos oleaginosos,subrubro,1999-01-01,1999,15.067,FALSE,1. Resto país
Entre Ríos,Total,total,1999-01-01,1999,331.451,FALSE,1. Resto país
Formosa,Cereales,subrubro,1999-01-01,1999,4.719,FALSE,1. Resto país
Formosa,"Extractos curtientes y tintóreos y materias albuminoideas, productos a base de almidón o féculas modificadas, colas enzimas",subrubro,1999-01-01,1999,0,FALSE,1. Resto país
Formosa,Fibras de algodón,subrubro,1999-01-01,1999,3.464,FALSE,1. Resto país
Formosa,Petróleo crudo,subrubro,1999-01-01,1999,10.321,FALSE,1. Resto país
Formosa,Resto de productos,subrubro,1999-01-01,1999,1.777,FALSE,1. Resto país
Formosa,Semillas y frutos oleaginosos,subrubro,1999-01-01,1999,0,FALSE,1. Resto país
Formosa,Total,total,1999-01-01,1999,20.638,FALSE,1. Resto país
Jujuy,"Azúcar, cacao y artículos de confitería",subrubro,1999-01-01,1999,13.72,FALSE,2. NOA-Resto
Jujuy,Frutas frescas,subrubro,1999-01-01,1999,7.393,FALSE,2. NOA-Resto
Jujuy,Hortalizas y legumbres sin elaborar,subrubro,1999-01-01,1999,12.565,FALSE,2. NOA-Resto
Jujuy,Metales comunes y sus manufacturas,subrubro,1999-01-01,1999,3.077,FALSE,2. NOA-Resto
Jujuy,Resto de productos,subrubro,1999-01-01,1999,19.713,FALSE,2. NOA-Resto
Jujuy,Tabaco sin elaborar,subrubro,1999-01-01,1999,59.894,FALSE,2. NOA-Resto
Jujuy,Total,total,1999-01-01,1999,116.364,FALSE,2. NOA-Resto
La Pampa,Carnes,subrubro,1999-01-01,1999,14.319,FALSE,1. Resto país
La Pampa,Cereales,subrubro,1999-01-01,1999,55.123,FALSE,1. Resto país
La Pampa,Miel,subrubro,1999-01-01,1999,7.241,FALSE,1. Resto país
La Pampa,Petróleo crudo,subrubro,1999-01-01,1999,17.827,FALSE,1. Resto país
La Pampa,Resto de productos,subrubro,1999-01-01,1999,2.951,FALSE,1. Resto país
La Pampa,Semillas y frutos oleaginosos,subrubro,1999-01-01,1999,24.209,FALSE,1. Resto país
La Pampa,Total,total,1999-01-01,1999,121.67,FALSE,1. Resto país
La Rioja,"Bebidas, líquidos alcohólicos y vinagre",subrubro,1999-01-01,1999,2.286,FALSE,3. La Rioja
La Rioja,Grasas y aceites,subrubro,1999-01-01,1999,20.047,FALSE,3. La Rioja
La Rioja,"Papel, cartón, impresos y publicaciones",subrubro,1999-01-01,1999,22.059,FALSE,3. La Rioja
La Rioja,Pieles y cueros,subrubro,1999-01-01,1999,36.67,FALSE,3. La Rioja
La Rioja,"Preparados de hortalizas, legumbres y frutas",subrubro,1999-01-01,1999,24.964,FALSE,3. La Rioja
La Rioja,Resto de productos,subrubro,1999-01-01,1999,11.922,FALSE,3. La Rioja
La Rioja,Total,total,1999-01-01,1999,117.947,FALSE,3. La Rioja
Mendoza,"Bebidas, líquidos alcohólicos y vinagre",subrubro,1999-01-01,1999,124.074,FALSE,1. Resto país
Mendoza,Carburantes,subrubro,1999-01-01,1999,180.269,FALSE,1. Resto país
Mendoza,Hortalizas y legumbres sin elaborar,subrubro,1999-01-01,1999,86.251,FALSE,1. Resto país
Mendoza,Petróleo crudo,subrubro,1999-01-01,1999,98.799,FALSE,1. Resto país
Mendoza,"Preparados de hortalizas, legumbres y frutas",subrubro,1999-01-01,1999,90.773,FALSE,1. Resto país
Mendoza,Resto de productos,subrubro,1999-01-01,1999,220.392,FALSE,1. Resto país
Mendoza,Total,total,1999-01-01,1999,800.557,FALSE,1. Resto país
Misiones,"Café, té, yerba mate y especias",subrubro,1999-01-01,1999,58.529,FALSE,1. Resto país
Misiones,Carnes,subrubro,1999-01-01,1999,0.967,FALSE,1. Resto país
Misiones,Frutas frescas,subrubro,1999-01-01,1999,3.268,FALSE,1. Resto país
Misiones,"Papel, cartón, impresos y publicaciones",subrubro,1999-01-01,1999,94.582,FALSE,1. Resto país
Misiones,Resto de productos,subrubro,1999-01-01,1999,27.702,FALSE,1. Resto país
Misiones,Tabaco sin elaborar,subrubro,1999-01-01,1999,50.037,FALSE,1. Resto país
Misiones,Total,total,1999-01-01,1999,235.084,FALSE,1. Resto país
Neuquén,Carburantes,subrubro,1999-01-01,1999,23.377,FALSE,1. Resto país
Neuquén,Frutas frescas,subrubro,1999-01-01,1999,39.573,FALSE,1. Resto país
Neuquén,Gas de petróleo y otros hidrocarburos gaseosos,subrubro,1999-01-01,1999,96.831,FALSE,1. Resto país
Neuquén,Petróleo crudo,subrubro,1999-01-01,1999,570.005,FALSE,1. Resto país
Neuquén,"Preparados de hortalizas, legumbres y frutas",subrubro,1999-01-01,1999,35.277,FALSE,1. Resto país
Neuquén,Resto de productos,subrubro,1999-01-01,1999,71.486,FALSE,1. Resto país
Neuquén,Total,total,1999-01-01,1999,836.55,FALSE,1. Resto país
Río Negro,Frutas frescas,subrubro,1999-01-01,1999,186.55,FALSE,1. Resto país
Río Negro,Lanas sucias,subrubro,1999-01-01,1999,7.027,FALSE,1. Resto país
Río Negro,Materias plásticas y sus manufacturas,subrubro,1999-01-01,1999,5.166,FALSE,1. Resto país
Río Negro,Petróleo crudo,subrubro,1999-01-01,1999,93.062,FALSE,1. Resto país
Río Negro,"Preparados de hortalizas, legumbres y frutas",subrubro,1999-01-01,1999,53.439,FALSE,1. Resto país
Río Negro,Resto de productos,subrubro,1999-01-01,1999,22.57,FALSE,1. Resto país
Río Negro,Total,total,1999-01-01,1999,367.813,FALSE,1. Resto país
Salta,Carburantes,subrubro,1999-01-01,1999,93.901,FALSE,2. NOA-Resto
Salta,Hortalizas y legumbres sin elaborar,subrubro,1999-01-01,1999,93.486,FALSE,2. NOA-Resto
Salta,Productos químicos y conexos,subrubro,1999-01-01,1999,29.754,FALSE,2. NOA-Resto
Salta,Resto de productos,subrubro,1999-01-01,1999,78.468,FALSE,2. NOA-Resto
Salta,Semillas y frutos oleaginosos,subrubro,1999-01-01,1999,14.458,FALSE,2. NOA-Resto
Salta,Tabaco sin elaborar,subrubro,1999-01-01,1999,46.836,FALSE,2. NOA-Resto
Salta,Total,total,1999-01-01,1999,356.903,FALSE,2. NOA-Resto
San Juan,"Bebidas, líquidos alcohólicos y vinagre",subrubro,1999-01-01,1999,20.058,FALSE,1. Resto país
San Juan,Frutas frescas,subrubro,1999-01-01,1999,31.296,FALSE,1. Resto país
San Juan,Hortalizas y legumbres sin elaborar,subrubro,1999-01-01,1999,19.64,FALSE,1. Resto país
San Juan,"Preparados de hortalizas, legumbres y frutas",subrubro,1999-01-01,1999,18.738,FALSE,1. Resto país
San Juan,Productos químicos y conexos,subrubro,1999-01-01,1999,32.757,FALSE,1. Resto país
San Juan,Resto de productos,subrubro,1999-01-01,1999,44.973,FALSE,1. Resto país
San Juan,Total,total,1999-01-01,1999,167.461,FALSE,1. Resto país
San Luis,Carnes,subrubro,1999-01-01,1999,23.146,FALSE,1. Resto país
San Luis,Grasas y aceites,subrubro,1999-01-01,1999,24.102,FALSE,1. Resto país
San Luis,Metales comunes y sus manufacturas,subrubro,1999-01-01,1999,11.923,FALSE,1. Resto país
San Luis,"Papel, cartón, impresos y publicaciones",subrubro,1999-01-01,1999,52.053,FALSE,1. Resto país
San Luis,Pieles y cueros,subrubro,1999-01-01,1999,54.001,FALSE,1. Resto país
San Luis,Resto de productos,subrubro,1999-01-01,1999,130.207,FALSE,1. Resto país
San Luis,Total,total,1999-01-01,1999,295.433,FALSE,1. Resto país
Santa Cruz,Gas de petróleo y otros hidrocarburos gaseosos,subrubro,1999-01-01,1999,8.726,FALSE,1. Resto país
Santa Cruz,Pescados y mariscos elaborados,subrubro,1999-01-01,1999,42.088,FALSE,1. Resto país
Santa Cruz,Pescados y mariscos sin elaborar,subrubro,1999-01-01,1999,172.468,FALSE,1. Resto país
Santa Cruz,Petróleo crudo,subrubro,1999-01-01,1999,353.544,FALSE,1. Resto país
Santa Cruz,"Piedras, metales preciosos y sus manufacturas, monedas",subrubro,1999-01-01,1999,91.839,FALSE,1. Resto país
Santa Cruz,Resto de productos,subrubro,1999-01-01,1999,13.444,FALSE,1. Resto país
Santa Cruz,Total,total,1999-01-01,1999,682.11,FALSE,1. Resto país
Santa Fe,Carnes,subrubro,1999-01-01,1999,302.225,FALSE,1. Resto país
Santa Fe,Cereales,subrubro,1999-01-01,1999,337.86,FALSE,1. Resto país
Santa Fe,Grasas y aceites,subrubro,1999-01-01,1999,1162.146,FALSE,1. Resto país
Santa Fe,Residuos y desperdicios de la industria alimenticia,subrubro,1999-01-01,1999,1429.298,FALSE,1. Resto país
Santa Fe,Resto de productos,subrubro,1999-01-01,1999,866.112,FALSE,1. Resto país
Santa Fe,Semillas y frutos oleaginosos,subrubro,1999-01-01,1999,185.53,FALSE,1. Resto país
Santa Fe,Total,total,1999-01-01,1999,4283.171,FALSE,1. Resto país
Santiago del Estero,Cereales,subrubro,1999-01-01,1999,26.459,FALSE,2. NOA-Resto
Santiago del Estero,Fibras de algodón,subrubro,1999-01-01,1999,57.731,FALSE,2. NOA-Resto
Santiago del Estero,Hortalizas y legumbres sin elaborar,subrubro,1999-01-01,1999,11.83,FALSE,2. NOA-Resto
Santiago del Estero,Miel,subrubro,1999-01-01,1999,1.439,FALSE,2. NOA-Resto
Santiago del Estero,Resto de productos,subrubro,1999-01-01,1999,0.515,FALSE,2. NOA-Resto
Santiago del Estero,Semillas y frutos oleaginosos,subrubro,1999-01-01,1999,7,FALSE,2. NOA-Resto
Santiago del Estero,Total,total,1999-01-01,1999,104.975,FALSE,2. NOA-Resto
Tierra del Fuego,Gas de petróleo y otros hidrocarburos gaseosos,subrubro,1999-01-01,1999,26.707,FALSE,1. Resto país
Tierra del Fuego,"Máquinas y aparatos, material eléctrico",subrubro,1999-01-01,1999,18.545,FALSE,1. Resto país
Tierra del Fuego,Pescados y mariscos elaborados,subrubro,1999-01-01,1999,50.22,FALSE,1. Resto país
Tierra del Fuego,Pescados y mariscos sin elaborar,subrubro,1999-01-01,1999,21.16,FALSE,1. Resto país
Tierra del Fuego,Petróleo crudo,subrubro,1999-01-01,1999,112.503,FALSE,1. Resto país
Tierra del Fuego,Resto de productos,subrubro,1999-01-01,1999,5.652,FALSE,1. Resto país
Tierra del Fuego,Total,total,1999-01-01,1999,234.786,FALSE,1. Resto país
Tucumán,"Azúcar, cacao y artículos de confitería",subrubro,1999-01-01,1999,32.238,FALSE,2. NOA-Resto
Tucumán,Frutas frescas,subrubro,1999-01-01,1999,85.54,FALSE,2. NOA-Resto
Tucumán,Material de transporte terrestre,subrubro,1999-01-01,1999,54.245,FALSE,2. NOA-Resto
Tucumán,"Preparados de hortalizas, legumbres y frutas",subrubro,1999-01-01,1999,20.359,FALSE,2. NOA-Resto
Tucumán,Productos químicos y conexos,subrubro,1999-01-01,1999,43.506,FALSE,2. NOA-Resto
Tucumán,Resto de productos,subrubro,1999-01-01,1999,98.562,FALSE,2. NOA-Resto
Tucumán,Total,total,1999-01-01,1999,334.45,FALSE,2. NOA-Resto
Buenos Aires,Carburantes,subrubro,2000-01-01,2000,690.331,FALSE,1. Resto país
Buenos Aires,Cereales,subrubro,2000-01-01,2000,1184.856,FALSE,1. Resto país
Buenos Aires,Material de transporte terrestre,subrubro,2000-01-01,2000,1177.317,FALSE,1. Resto país
Buenos Aires,Metales comunes y sus manufacturas,subrubro,2000-01-01,2000,866.979,FALSE,1. Resto país
Buenos Aires,Productos químicos y conexos,subrubro,2000-01-01,2000,876.639,FALSE,1. Resto país
Buenos Aires,Resto de productos,subrubro,2000-01-01,2000,4843.956,FALSE,1. Resto país
Buenos Aires,Total,total,2000-01-01,2000,9640.077,FALSE,1. Resto país
C.A.B.A.,Carnes,subrubro,2000-01-01,2000,24.489,FALSE,1. Resto país
C.A.B.A.,"Máquinas y aparatos, material eléctrico",subrubro,2000-01-01,2000,31.814,FALSE,1. Resto país
C.A.B.A.,"Papel, cartón, impresos y publicaciones",subrubro,2000-01-01,2000,13.906,FALSE,1. Resto país
C.A.B.A.,Pieles y cueros,subrubro,2000-01-01,2000,22.932,FALSE,1. Resto país
C.A.B.A.,Productos químicos y conexos,subrubro,2000-01-01,2000,83.08,FALSE,1. Resto país
C.A.B.A.,Resto de productos,subrubro,2000-01-01,2000,59.729,FALSE,1. Resto país
C.A.B.A.,Total,total,2000-01-01,2000,235.949,FALSE,1. Resto país
Catamarca,"Azúcar, cacao y artículos de confitería",subrubro,2000-01-01,2000,4.228,FALSE,2. NOA-Resto
Catamarca,Cereales,subrubro,2000-01-01,2000,3.335,FALSE,2. NOA-Resto
Catamarca,Hortalizas y legumbres sin elaborar,subrubro,2000-01-01,2000,4.545,FALSE,2. NOA-Resto
Catamarca,"Minerales metalíferos,escorias y cenizas",subrubro,2000-01-01,2000,307.018,FALSE,2. NOA-Resto
Catamarca,"Piedras, metales preciosos y sus manufacturas, monedas",subrubro,2000-01-01,2000,5.568,FALSE,2. NOA-Resto
Catamarca,Resto de productos,subrubro,2000-01-01,2000,12.757,FALSE,2. NOA-Resto
Catamarca,Total,total,2000-01-01,2000,337.45,FALSE,2. NOA-Resto
Chaco,Cereales,subrubro,2000-01-01,2000,31.733,FALSE,1. Resto país
Chaco,"Extractos curtientes y tintóreos y materias albuminoideas, productos a base de almidón o féculas modificadas, colas enzimas",subrubro,2000-01-01,2000,39.248,FALSE,1. Resto país
Chaco,Fibras de algodón,subrubro,2000-01-01,2000,31.118,FALSE,1. Resto país
Chaco,Productos químicos y conexos,subrubro,2000-01-01,2000,4.216,FALSE,1. Resto país
Chaco,Resto de productos,subrubro,2000-01-01,2000,10.41,FALSE,1. Resto país
Chaco,Semillas y frutos oleaginosos,subrubro,2000-01-01,2000,34.329,FALSE,1. Resto país
Chaco,Total,total,2000-01-01,2000,151.054,FALSE,1. Resto país
Chubut,Lanas elaboradas,subrubro,2000-01-01,2000,74.42,FALSE,1. Resto país
Chubut,Lanas sucias,subrubro,2000-01-01,2000,23.767,FALSE,1. Resto país
Chubut,Metales comunes y sus manufacturas,subrubro,2000-01-01,2000,348.239,FALSE,1. Resto país
Chubut,Pescados y mariscos sin elaborar,subrubro,2000-01-01,2000,205.552,FALSE,1. Resto país
Chubut,Petróleo crudo,subrubro,2000-01-01,2000,586.453,FALSE,1. Resto país
Chubut,Resto de productos,subrubro,2000-01-01,2000,47.831,FALSE,1. Resto país
Chubut,Total,total,2000-01-01,2000,1286.261,FALSE,1. Resto país
Corrientes,"Café, té, yerba mate y especias",subrubro,2000-01-01,2000,4.365,FALSE,1. Resto país
Corrientes,Cereales,subrubro,2000-01-01,2000,46.334,FALSE,1. Resto país
Corrientes,Frutas frescas,subrubro,2000-01-01,2000,9.62,FALSE,1. Resto país
Corrientes,Resto de productos,subrubro,2000-01-01,2000,16.837,FALSE,1. Resto país
Corrientes,Tabaco sin elaborar,subrubro,2000-01-01,2000,5.049,FALSE,1. Resto país
Corrientes,Textiles y confecciones,subrubro,2000-01-01,2000,11.223,FALSE,1. Resto país
Corrientes,Total,total,2000-01-01,2000,93.428,FALSE,1. Resto país
Córdoba,Cereales,subrubro,2000-01-01,2000,486.073,FALSE,1. Resto país
Córdoba,Grasas y aceites,subrubro,2000-01-01,2000,278.281,FALSE,1. Resto país
Córdoba,Material de transporte terrestre,subrubro,2000-01-01,2000,491.375,FALSE,1. Resto país
Córdoba,Residuos y desperdicios de la industria alimenticia,subrubro,2000-01-01,2000,515.762,FALSE,1. Resto país
Córdoba,Resto de productos,subrubro,2000-01-01,2000,556.692,FALSE,1. Resto país
Córdoba,Semillas y frutos oleaginosos,subrubro,2000-01-01,2000,442.036,FALSE,1. Resto país
Córdoba,Total,total,2000-01-01,2000,2770.218,FALSE,1. Resto país
Entre Ríos,Cereales,subrubro,2000-01-01,2000,124.687,FALSE,1. Resto país
Entre Ríos,Frutas frescas,subrubro,2000-01-01,2000,18.757,FALSE,1. Resto país
Entre Ríos,Productos lácteos,subrubro,2000-01-01,2000,16.102,FALSE,1. Resto país
Entre Ríos,Productos químicos y conexos,subrubro,2000-01-01,2000,30.124,FALSE,1. Resto país
Entre Ríos,Resto de productos,subrubro,2000-01-01,2000,79.416,FALSE,1. Resto país
Entre Ríos,Semillas y frutos oleaginosos,subrubro,2000-01-01,2000,20.223,FALSE,1. Resto país
Entre Ríos,Total,total,2000-01-01,2000,289.309,FALSE,1. Resto país
Formosa,Cereales,subrubro,2000-01-01,2000,0.883,FALSE,1. Resto país
Formosa,"Extractos curtientes y tintóreos y materias albuminoideas, productos a base de almidón o féculas modificadas, colas enzimas",subrubro,2000-01-01,2000,0,FALSE,1. Resto país
Formosa,Fibras de algodón,subrubro,2000-01-01,2000,0,FALSE,1. Resto país
Formosa,Petróleo crudo,subrubro,2000-01-01,2000,11.631,FALSE,1. Resto país
Formosa,Resto de productos,subrubro,2000-01-01,2000,1.007,FALSE,1. Resto país
Formosa,Semillas y frutos oleaginosos,subrubro,2000-01-01,2000,0,FALSE,1. Resto país
Formosa,Total,total,2000-01-01,2000,14.164,FALSE,1. Resto país
Jujuy,"Azúcar, cacao y artículos de confitería",subrubro,2000-01-01,2000,19.603,FALSE,2. NOA-Resto
Jujuy,Frutas frescas,subrubro,2000-01-01,2000,5.628,FALSE,2. NOA-Resto
Jujuy,Hortalizas y legumbres sin elaborar,subrubro,2000-01-01,2000,11.536,FALSE,2. NOA-Resto
Jujuy,Metales comunes y sus manufacturas,subrubro,2000-01-01,2000,6.61,FALSE,2. NOA-Resto
Jujuy,Resto de productos,subrubro,2000-01-01,2000,21.504,FALSE,2. NOA-Resto
Jujuy,Tabaco sin elaborar,subrubro,2000-01-01,2000,30.156,FALSE,2. NOA-Resto
Jujuy,Total,total,2000-01-01,2000,95.038,FALSE,2. NOA-Resto
La Pampa,Carnes,subrubro,2000-01-01,2000,4.503,FALSE,1. Resto país
La Pampa,Cereales,subrubro,2000-01-01,2000,68.99,FALSE,1. Resto país
La Pampa,Miel,subrubro,2000-01-01,2000,6.595,FALSE,1. Resto país
La Pampa,Petróleo crudo,subrubro,2000-01-01,2000,31.55,FALSE,1. Resto país
La Pampa,Resto de productos,subrubro,2000-01-01,2000,2.28,FALSE,1. Resto país
La Pampa,Semillas y frutos oleaginosos,subrubro,2000-01-01,2000,10.584,FALSE,1. Resto país
La Pampa,Total,total,2000-01-01,2000,124.502,FALSE,1. Resto país
La Rioja,"Bebidas, líquidos alcohólicos y vinagre",subrubro,2000-01-01,2000,5.636,FALSE,3. La Rioja
La Rioja,Grasas y aceites,subrubro,2000-01-01,2000,18.175,FALSE,3. La Rioja
La Rioja,"Papel, cartón, impresos y publicaciones",subrubro,2000-01-01,2000,16.03,FALSE,3. La Rioja
La Rioja,Pieles y cueros,subrubro,2000-01-01,2000,72.542,FALSE,3. La Rioja
La Rioja,"Preparados de hortalizas, legumbres y frutas",subrubro,2000-01-01,2000,26.168,FALSE,3. La Rioja
La Rioja,Resto de productos,subrubro,2000-01-01,2000,11.077,FALSE,3. La Rioja
La Rioja,Total,total,2000-01-01,2000,149.627,FALSE,3. La Rioja
Mendoza,"Bebidas, líquidos alcohólicos y vinagre",subrubro,2000-01-01,2000,133.832,FALSE,1. Resto país
Mendoza,Carburantes,subrubro,2000-01-01,2000,232.427,FALSE,1. Resto país
Mendoza,Hortalizas y legumbres sin elaborar,subrubro,2000-01-01,2000,64.038,FALSE,1. Resto país
Mendoza,Petróleo crudo,subrubro,2000-01-01,2000,176.218,FALSE,1. Resto país
Mendoza,"Preparados de hortalizas, legumbres y frutas",subrubro,2000-01-01,2000,71.004,FALSE,1. Resto país
Mendoza,Resto de productos,subrubro,2000-01-01,2000,227.301,FALSE,1. Resto país
Mendoza,Total,total,2000-01-01,2000,904.82,FALSE,1. Resto país
Misiones,"Café, té, yerba mate y especias",subrubro,2000-01-01,2000,58.519,FALSE,1. Resto país
Misiones,Carnes,subrubro,2000-01-01,2000,1.684,FALSE,1. Resto país
Misiones,Frutas frescas,subrubro,2000-01-01,2000,2.636,FALSE,1. Resto país
Misiones,"Papel, cartón, impresos y publicaciones",subrubro,2000-01-01,2000,156.504,FALSE,1. Resto país
Misiones,Resto de productos,subrubro,2000-01-01,2000,25.12,FALSE,1. Resto país
Misiones,Tabaco sin elaborar,subrubro,2000-01-01,2000,37.634,FALSE,1. Resto país
Misiones,Total,total,2000-01-01,2000,282.096,FALSE,1. Resto país
Neuquén,Carburantes,subrubro,2000-01-01,2000,35.75,FALSE,1. Resto país
Neuquén,Frutas frescas,subrubro,2000-01-01,2000,32.698,FALSE,1. Resto país
Neuquén,Gas de petróleo y otros hidrocarburos gaseosos,subrubro,2000-01-01,2000,143.043,FALSE,1. Resto país
Neuquén,Petróleo crudo,subrubro,2000-01-01,2000,1009.781,FALSE,1. Resto país
Neuquén,"Preparados de hortalizas, legumbres y frutas",subrubro,2000-01-01,2000,27.529,FALSE,1. Resto país
Neuquén,Resto de productos,subrubro,2000-01-01,2000,26.874,FALSE,1. Resto país
Neuquén,Total,total,2000-01-01,2000,1275.676,FALSE,1. Resto país
Río Negro,Frutas frescas,subrubro,2000-01-01,2000,158.135,FALSE,1. Resto país
Río Negro,Lanas sucias,subrubro,2000-01-01,2000,8.603,FALSE,1. Resto país
Río Negro,Materias plásticas y sus manufacturas,subrubro,2000-01-01,2000,14.852,FALSE,1. Resto país
Río Negro,Petróleo crudo,subrubro,2000-01-01,2000,163.739,FALSE,1. Resto país
Río Negro,"Preparados de hortalizas, legumbres y frutas",subrubro,2000-01-01,2000,33,FALSE,1. Resto país
Río Negro,Resto de productos,subrubro,2000-01-01,2000,21.538,FALSE,1. Resto país
Río Negro,Total,total,2000-01-01,2000,399.867,FALSE,1. Resto país
Salta,Carburantes,subrubro,2000-01-01,2000,124.753,FALSE,2. NOA-Resto
Salta,Hortalizas y legumbres sin elaborar,subrubro,2000-01-01,2000,77.241,FALSE,2. NOA-Resto
Salta,Productos químicos y conexos,subrubro,2000-01-01,2000,42.154,FALSE,2. NOA-Resto
Salta,Resto de productos,subrubro,2000-01-01,2000,101.527,FALSE,2. NOA-Resto
Salta,Semillas y frutos oleaginosos,subrubro,2000-01-01,2000,22.215,FALSE,2. NOA-Resto
Salta,Tabaco sin elaborar,subrubro,2000-01-01,2000,39.749,FALSE,2. NOA-Resto
Salta,Total,total,2000-01-01,2000,407.638,FALSE,2. NOA-Resto
San Juan,"Bebidas, líquidos alcohólicos y vinagre",subrubro,2000-01-01,2000,20.822,FALSE,1. Resto país
San Juan,Frutas frescas,subrubro,2000-01-01,2000,40.172,FALSE,1. Resto país
San Juan,Hortalizas y legumbres sin elaborar,subrubro,2000-01-01,2000,12.984,FALSE,1. Resto país
San Juan,"Preparados de hortalizas, legumbres y frutas",subrubro,2000-01-01,2000,10.58,FALSE,1. Resto país
San Juan,Productos químicos y conexos,subrubro,2000-01-01,2000,29.441,FALSE,1. Resto país
San Juan,Resto de productos,subrubro,2000-01-01,2000,43.401,FALSE,1. Resto país
San Juan,Total,total,2000-01-01,2000,157.401,FALSE,1. Resto país
San Luis,Carnes,subrubro,2000-01-01,2000,22.075,FALSE,1. Resto país
San Luis,Grasas y aceites,subrubro,2000-01-01,2000,23.149,FALSE,1. Resto país
San Luis,Metales comunes y sus manufacturas,subrubro,2000-01-01,2000,20.355,FALSE,1. Resto país
San Luis,"Papel, cartón, impresos y publicaciones",subrubro,2000-01-01,2000,58.666,FALSE,1. Resto país
San Luis,Pieles y cueros,subrubro,2000-01-01,2000,48.785,FALSE,1. Resto país
San Luis,Resto de productos,subrubro,2000-01-01,2000,150.399,FALSE,1. Resto país
San Luis,Total,total,2000-01-01,2000,323.43,FALSE,1. Resto país
Santa Cruz,Gas de petróleo y otros hidrocarburos gaseosos,subrubro,2000-01-01,2000,11.919,FALSE,1. Resto país
Santa Cruz,Pescados y mariscos elaborados,subrubro,2000-01-01,2000,28.869,FALSE,1. Resto país
Santa Cruz,Pescados y mariscos sin elaborar,subrubro,2000-01-01,2000,263.659,FALSE,1. Resto país
Santa Cruz,Petróleo crudo,subrubro,2000-01-01,2000,630.054,FALSE,1. Resto país
Santa Cruz,"Piedras, metales preciosos y sus manufacturas, monedas",subrubro,2000-01-01,2000,87.451,FALSE,1. Resto país
Santa Cruz,Resto de productos,subrubro,2000-01-01,2000,13.619,FALSE,1. Resto país
Santa Cruz,Total,total,2000-01-01,2000,1035.571,FALSE,1. Resto país
Santa Fe,Carnes,subrubro,2000-01-01,2000,279.851,FALSE,1. Resto país
Santa Fe,Cereales,subrubro,2000-01-01,2000,387.074,FALSE,1. Resto país
Santa Fe,Grasas y aceites,subrubro,2000-01-01,2000,844.977,FALSE,1. Resto país
Santa Fe,Residuos y desperdicios de la industria alimenticia,subrubro,2000-01-01,2000,1616.302,FALSE,1. Resto país
Santa Fe,Resto de productos,subrubro,2000-01-01,2000,905.478,FALSE,1. Resto país
Santa Fe,Semillas y frutos oleaginosos,subrubro,2000-01-01,2000,270.811,FALSE,1. Resto país
Santa Fe,Total,total,2000-01-01,2000,4304.493,FALSE,1. Resto país
Santiago del Estero,Cereales,subrubro,2000-01-01,2000,26.342,FALSE,2. NOA-Resto
Santiago del Estero,Fibras de algodón,subrubro,2000-01-01,2000,17.076,FALSE,2. NOA-Resto
Santiago del Estero,Hortalizas y legumbres sin elaborar,subrubro,2000-01-01,2000,7.757,FALSE,2. NOA-Resto
Santiago del Estero,Miel,subrubro,2000-01-01,2000,1.263,FALSE,2. NOA-Resto
Santiago del Estero,Resto de productos,subrubro,2000-01-01,2000,1.3,FALSE,2. NOA-Resto
Santiago del Estero,Semillas y frutos oleaginosos,subrubro,2000-01-01,2000,6.052,FALSE,2. NOA-Resto
Santiago del Estero,Total,total,2000-01-01,2000,59.791,FALSE,2. NOA-Resto
Tierra del Fuego,Gas de petróleo y otros hidrocarburos gaseosos,subrubro,2000-01-01,2000,81.241,FALSE,1. Resto país
Tierra del Fuego,"Máquinas y aparatos, material eléctrico",subrubro,2000-01-01,2000,14.578,FALSE,1. Resto país
Tierra del Fuego,Pescados y mariscos elaborados,subrubro,2000-01-01,2000,40.226,FALSE,1. Resto país
Tierra del Fuego,Pescados y mariscos sin elaborar,subrubro,2000-01-01,2000,18.064,FALSE,1. Resto país
Tierra del Fuego,Petróleo crudo,subrubro,2000-01-01,2000,198.395,FALSE,1. Resto país
Tierra del Fuego,Resto de productos,subrubro,2000-01-01,2000,13.774,FALSE,1. Resto país
Tierra del Fuego,Total,total,2000-01-01,2000,366.279,FALSE,1. Resto país
Tucumán,"Azúcar, cacao y artículos de confitería",subrubro,2000-01-01,2000,38.286,FALSE,2. NOA-Resto
Tucumán,Frutas frescas,subrubro,2000-01-01,2000,87.336,FALSE,2. NOA-Resto
Tucumán,Material de transporte terrestre,subrubro,2000-01-01,2000,81.723,FALSE,2. NOA-Resto
Tucumán,"Preparados de hortalizas, legumbres y frutas",subrubro,2000-01-01,2000,36.014,FALSE,2. NOA-Resto
Tucumán,Productos químicos y conexos,subrubro,2000-01-01,2000,45.861,FALSE,2. NOA-Resto
Tucumán,Resto de productos,subrubro,2000-01-01,2000,118.544,FALSE,2. NOA-Resto
Tucumán,Total,total,2000-01-01,2000,407.764,FALSE,2. NOA-Resto
Buenos Aires,Carburantes,subrubro,2001-01-01,2001,752.396,FALSE,1. Resto país
Buenos Aires,Cereales,subrubro,2001-01-01,2001,1254.105,FALSE,1. Resto país
Buenos Aires,Material de transporte terrestre,subrubro,2001-01-01,2001,1353.026,FALSE,1. Resto país
Buenos Aires,Metales comunes y sus manufacturas,subrubro,2001-01-01,2001,949.771,FALSE,1. Resto país
Buenos Aires,Productos químicos y conexos,subrubro,2001-01-01,2001,939.702,FALSE,1. Resto país
Buenos Aires,Resto de productos,subrubro,2001-01-01,2001,4842.943,FALSE,1. Resto país
Buenos Aires,Total,total,2001-01-01,2001,10091.944,FALSE,1. Resto país
C.A.B.A.,Carnes,subrubro,2001-01-01,2001,11.552,FALSE,1. Resto país
C.A.B.A.,"Máquinas y aparatos, material eléctrico",subrubro,2001-01-01,2001,35.308,FALSE,1. Resto país
C.A.B.A.,"Papel, cartón, impresos y publicaciones",subrubro,2001-01-01,2001,10.266,FALSE,1. Resto país
C.A.B.A.,Pieles y cueros,subrubro,2001-01-01,2001,20.939,FALSE,1. Resto país
C.A.B.A.,Productos químicos y conexos,subrubro,2001-01-01,2001,88.376,FALSE,1. Resto país
C.A.B.A.,Resto de productos,subrubro,2001-01-01,2001,43.034,FALSE,1. Resto país
C.A.B.A.,Total,total,2001-01-01,2001,209.476,FALSE,1. Resto país
Catamarca,Hortalizas y legumbres sin elaborar,subrubro,2001-01-01,2001,2.6,FALSE,2. NOA-Resto
Catamarca,"Minerales metalíferos,escorias y cenizas",subrubro,2001-01-01,2001,346.764,FALSE,2. NOA-Resto
Catamarca,"Piedras, metales preciosos y sus manufacturas, monedas",subrubro,2001-01-01,2001,6.157,FALSE,2. NOA-Resto
Catamarca,Productos químicos y conexos,subrubro,2001-01-01,2001,2.468,FALSE,2. NOA-Resto
Catamarca,Residuos y desperdicios de la industria alimenticia,subrubro,2001-01-01,2001,0.578,FALSE,2. NOA-Resto
Catamarca,Resto de productos,subrubro,2001-01-01,2001,9.824,FALSE,2. NOA-Resto
Catamarca,Total,total,2001-01-01,2001,368.391,FALSE,2. NOA-Resto
Chaco,Cereales,subrubro,2001-01-01,2001,19.752,FALSE,1. Resto país
Chaco,"Extractos curtientes y tintóreos y materias albuminoideas, productos a base de almidón o féculas modificadas, colas enzimas",subrubro,2001-01-01,2001,38.746,FALSE,1. Resto país
Chaco,Fibras de algodón,subrubro,2001-01-01,2001,50.358,FALSE,1. Resto país
Chaco,Productos químicos y conexos,subrubro,2001-01-01,2001,4.108,FALSE,1. Resto país
Chaco,Resto de productos,subrubro,2001-01-01,2001,10.156,FALSE,1. Resto país
Chaco,Semillas y frutos oleaginosos,subrubro,2001-01-01,2001,42.076,FALSE,1. Resto país
Chaco,Total,total,2001-01-01,2001,165.195,FALSE,1. Resto país
Chubut,Lanas elaboradas,subrubro,2001-01-01,2001,82.688,FALSE,1. Resto país
Chubut,Metales comunes y sus manufacturas,subrubro,2001-01-01,2001,294.077,FALSE,1. Resto país
Chubut,Pescados y mariscos elaborados,subrubro,2001-01-01,2001,17.776,FALSE,1. Resto país
Chubut,Pescados y mariscos sin elaborar,subrubro,2001-01-01,2001,298.232,FALSE,1. Resto país
Chubut,Petróleo crudo,subrubro,2001-01-01,2001,552.369,FALSE,1. Resto país
Chubut,Resto de productos,subrubro,2001-01-01,2001,43.013,FALSE,1. Resto país
Chubut,Total,total,2001-01-01,2001,1288.156,FALSE,1. Resto país
Corrientes,"Café, té, yerba mate y especias",subrubro,2001-01-01,2001,4.895,FALSE,1. Resto país
Corrientes,Cereales,subrubro,2001-01-01,2001,34.992,FALSE,1. Resto país
Corrientes,Frutas frescas,subrubro,2001-01-01,2001,15.134,FALSE,1. Resto país
Corrientes,Resto de productos,subrubro,2001-01-01,2001,16.626,FALSE,1. Resto país
Corrientes,Tabaco sin elaborar,subrubro,2001-01-01,2001,1.983,FALSE,1. Resto país
Corrientes,Textiles y confecciones,subrubro,2001-01-01,2001,6.277,FALSE,1. Resto país
Corrientes,Total,total,2001-01-01,2001,79.907,FALSE,1. Resto país
Córdoba,Cereales,subrubro,2001-01-01,2001,450.021,FALSE,1. Resto país
Córdoba,Grasas y aceites,subrubro,2001-01-01,2001,318.087,FALSE,1. Resto país
Córdoba,Material de transporte terrestre,subrubro,2001-01-01,2001,388.978,FALSE,1. Resto país
Córdoba,Residuos y desperdicios de la industria alimenticia,subrubro,2001-01-01,2001,600.006,FALSE,1. Resto país
Córdoba,Resto de productos,subrubro,2001-01-01,2001,502.921,FALSE,1. Resto país
Córdoba,Semillas y frutos oleaginosos,subrubro,2001-01-01,2001,509.619,FALSE,1. Resto país
Córdoba,Total,total,2001-01-01,2001,2769.633,FALSE,1. Resto país
Entre Ríos,Carnes,subrubro,2001-01-01,2001,7.198,FALSE,1. Resto país
Entre Ríos,Cereales,subrubro,2001-01-01,2001,158.344,FALSE,1. Resto país
Entre Ríos,Frutas frescas,subrubro,2001-01-01,2001,38.725,FALSE,1. Resto país
Entre Ríos,Productos lácteos,subrubro,2001-01-01,2001,10.686,FALSE,1. Resto país
Entre Ríos,Resto de productos,subrubro,2001-01-01,2001,92.162,FALSE,1. Resto país
Entre Ríos,Semillas y frutos oleaginosos,subrubro,2001-01-01,2001,72.087,FALSE,1. Resto país
Entre Ríos,Total,total,2001-01-01,2001,379.202,FALSE,1. Resto país
Formosa,Cereales,subrubro,2001-01-01,2001,0.557,FALSE,1. Resto país
Formosa,"Extractos curtientes y tintóreos y materias albuminoideas, productos a base de almidón o féculas modificadas, colas enzimas",subrubro,2001-01-01,2001,0,FALSE,1. Resto país
Formosa,Fibras de algodón,subrubro,2001-01-01,2001,2.332,FALSE,1. Resto país
Formosa,Petróleo crudo,subrubro,2001-01-01,2001,12.387,FALSE,1. Resto país
Formosa,Resto de productos,subrubro,2001-01-01,2001,1.202,FALSE,1. Resto país
Formosa,Semillas y frutos oleaginosos,subrubro,2001-01-01,2001,0,FALSE,1. Resto país
Formosa,Total,total,2001-01-01,2001,16.715,FALSE,1. Resto país
Jujuy,"Azúcar, cacao y artículos de confitería",subrubro,2001-01-01,2001,18.585,FALSE,2. NOA-Resto
Jujuy,Frutas frescas,subrubro,2001-01-01,2001,9.065,FALSE,2. NOA-Resto
Jujuy,Hortalizas y legumbres sin elaborar,subrubro,2001-01-01,2001,13.802,FALSE,2. NOA-Resto
Jujuy,Metales comunes y sus manufacturas,subrubro,2001-01-01,2001,8.109,FALSE,2. NOA-Resto
Jujuy,Resto de productos,subrubro,2001-01-01,2001,19.044,FALSE,2. NOA-Resto
Jujuy,Tabaco sin elaborar,subrubro,2001-01-01,2001,42.963,FALSE,2. NOA-Resto
Jujuy,Total,total,2001-01-01,2001,111.568,FALSE,2. NOA-Resto
La Pampa,Cereales,subrubro,2001-01-01,2001,70.371,FALSE,1. Resto país
La Pampa,"Manufacturas de piedra, yeso, etc, productos cerámicos, vidrio y sus manufacturas.",subrubro,2001-01-01,2001,0,FALSE,1. Resto país
La Pampa,Miel,subrubro,2001-01-01,2001,5.562,FALSE,1. Resto país
La Pampa,Petróleo crudo,subrubro,2001-01-01,2001,29.228,FALSE,1. Resto país
La Pampa,Resto de productos,subrubro,2001-01-01,2001,2.631,FALSE,1. Resto país
La Pampa,Semillas y frutos oleaginosos,subrubro,2001-01-01,2001,12.453,FALSE,1. Resto país
La Pampa,Total,total,2001-01-01,2001,120.474,FALSE,1. Resto país
La Rioja,Grasas y aceites,subrubro,2001-01-01,2001,8.969,FALSE,3. La Rioja
La Rioja,"Papel, cartón, impresos y publicaciones",subrubro,2001-01-01,2001,17.884,FALSE,3. La Rioja
La Rioja,Pieles y cueros,subrubro,2001-01-01,2001,95.892,FALSE,3. La Rioja
La Rioja,"Preparados de hortalizas, legumbres y frutas",subrubro,2001-01-01,2001,19.716,FALSE,3. La Rioja
La Rioja,Resto de productos,subrubro,2001-01-01,2001,20.529,FALSE,3. La Rioja
La Rioja,Textiles y confecciones,subrubro,2001-01-01,2001,2.259,FALSE,3. La Rioja
La Rioja,Total,total,2001-01-01,2001,165.248,FALSE,3. La Rioja
Mendoza,"Bebidas, líquidos alcohólicos y vinagre",subrubro,2001-01-01,2001,129.194,FALSE,1. Resto país
Mendoza,Carburantes,subrubro,2001-01-01,2001,248.62,FALSE,1. Resto país
Mendoza,Frutas frescas,subrubro,2001-01-01,2001,49.051,FALSE,1. Resto país
Mendoza,Petróleo crudo,subrubro,2001-01-01,2001,171.935,FALSE,1. Resto país
Mendoza,"Preparados de hortalizas, legumbres y frutas",subrubro,2001-01-01,2001,63.336,FALSE,1. Resto país
Mendoza,Resto de productos,subrubro,2001-01-01,2001,213.065,FALSE,1. Resto país
Mendoza,Total,total,2001-01-01,2001,875.202,FALSE,1. Resto país
Misiones,"Café, té, yerba mate y especias",subrubro,2001-01-01,2001,59.288,FALSE,1. Resto país
Misiones,Frutas frescas,subrubro,2001-01-01,2001,1.878,FALSE,1. Resto país
Misiones,Grasas y aceites,subrubro,2001-01-01,2001,0.673,FALSE,1. Resto país
Misiones,"Papel, cartón, impresos y publicaciones",subrubro,2001-01-01,2001,104.62,FALSE,1. Resto país
Misiones,Resto de productos,subrubro,2001-01-01,2001,27.282,FALSE,1. Resto país
Misiones,Tabaco sin elaborar,subrubro,2001-01-01,2001,50.765,FALSE,1. Resto país
Misiones,Total,total,2001-01-01,2001,244.505,FALSE,1. Resto país
Neuquén,Carburantes,subrubro,2001-01-01,2001,38.242,FALSE,1. Resto país
Neuquén,Frutas frescas,subrubro,2001-01-01,2001,34.907,FALSE,1. Resto país
Neuquén,Gas de petróleo y otros hidrocarburos gaseosos,subrubro,2001-01-01,2001,172.349,FALSE,1. Resto país
Neuquén,Petróleo crudo,subrubro,2001-01-01,2001,722.264,FALSE,1. Resto país
Neuquén,"Preparados de hortalizas, legumbres y frutas",subrubro,2001-01-01,2001,29.584,FALSE,1. Resto país
Neuquén,Resto de productos,subrubro,2001-01-01,2001,9.084,FALSE,1. Resto país
Neuquén,Total,total,2001-01-01,2001,1006.429,FALSE,1. Resto país
Río Negro,Frutas frescas,subrubro,2001-01-01,2001,195.879,FALSE,1. Resto país
Río Negro,Lanas sucias,subrubro,2001-01-01,2001,6.189,FALSE,1. Resto país
Río Negro,Materias plásticas y sus manufacturas,subrubro,2001-01-01,2001,13.742,FALSE,1. Resto país
Río Negro,Petróleo crudo,subrubro,2001-01-01,2001,120.264,FALSE,1. Resto país
Río Negro,"Preparados de hortalizas, legumbres y frutas",subrubro,2001-01-01,2001,41.295,FALSE,1. Resto país
Río Negro,Resto de productos,subrubro,2001-01-01,2001,16.112,FALSE,1. Resto país
Río Negro,Total,total,2001-01-01,2001,393.482,FALSE,1. Resto país
Salta,Carburantes,subrubro,2001-01-01,2001,115.748,FALSE,2. NOA-Resto
Salta,Gas de petróleo y otros hidrocarburos gaseosos,subrubro,2001-01-01,2001,74.051,FALSE,2. NOA-Resto
Salta,Hortalizas y legumbres sin elaborar,subrubro,2001-01-01,2001,95.597,FALSE,2. NOA-Resto
Salta,Productos químicos y conexos,subrubro,2001-01-01,2001,39.392,FALSE,2. NOA-Resto
Salta,Resto de productos,subrubro,2001-01-01,2001,91.204,FALSE,2. NOA-Resto
Salta,Tabaco sin elaborar,subrubro,2001-01-01,2001,53.116,FALSE,2. NOA-Resto
Salta,Total,total,2001-01-01,2001,469.108,FALSE,2. NOA-Resto
San Juan,Frutas frescas,subrubro,2001-01-01,2001,34.975,FALSE,1. Resto país
San Juan,Frutas secas o procesadas,subrubro,2001-01-01,2001,7.002,FALSE,1. Resto país
San Juan,Hortalizas y legumbres sin elaborar,subrubro,2001-01-01,2001,11.863,FALSE,1. Resto país
San Juan,"Preparados de hortalizas, legumbres y frutas",subrubro,2001-01-01,2001,5.3,FALSE,1. Resto país
San Juan,Productos químicos y conexos,subrubro,2001-01-01,2001,29.943,FALSE,1. Resto país
San Juan,Resto de productos,subrubro,2001-01-01,2001,48.059,FALSE,1. Resto país
San Juan,Total,total,2001-01-01,2001,137.142,FALSE,1. Resto país
San Luis,Carnes,subrubro,2001-01-01,2001,7.189,FALSE,1. Resto país
San Luis,Metales comunes y sus manufacturas,subrubro,2001-01-01,2001,27.776,FALSE,1. Resto país
San Luis,"Máquinas y aparatos, material eléctrico",subrubro,2001-01-01,2001,33.119,FALSE,1. Resto país
San Luis,"Papel, cartón, impresos y publicaciones",subrubro,2001-01-01,2001,59.28,FALSE,1. Resto país
San Luis,"Preparados de hortalizas, legumbres y frutas",subrubro,2001-01-01,2001,23.77,FALSE,1. Resto país
San Luis,Resto de productos,subrubro,2001-01-01,2001,189.468,FALSE,1. Resto país
San Luis,Total,total,2001-01-01,2001,340.603,FALSE,1. Resto país
Santa Cruz,Gas de petróleo y otros hidrocarburos gaseosos,subrubro,2001-01-01,2001,11.102,FALSE,1. Resto país
Santa Cruz,Pescados y mariscos elaborados,subrubro,2001-01-01,2001,21.945,FALSE,1. Resto país
Santa Cruz,Pescados y mariscos sin elaborar,subrubro,2001-01-01,2001,295.533,FALSE,1. Resto país
Santa Cruz,Petróleo crudo,subrubro,2001-01-01,2001,630.511,FALSE,1. Resto país
Santa Cruz,"Piedras, metales preciosos y sus manufacturas, monedas",subrubro,2001-01-01,2001,88.748,FALSE,1. Resto país
Santa Cruz,Resto de productos,subrubro,2001-01-01,2001,14.718,FALSE,1. Resto país
Santa Cruz,Total,total,2001-01-01,2001,1062.558,FALSE,1. Resto país
Santa Fe,Carnes,subrubro,2001-01-01,2001,126.151,FALSE,1. Resto país
Santa Fe,Cereales,subrubro,2001-01-01,2001,380.382,FALSE,1. Resto país
Santa Fe,Grasas y aceites,subrubro,2001-01-01,2001,792.906,FALSE,1. Resto país
Santa Fe,Residuos y desperdicios de la industria alimenticia,subrubro,2001-01-01,2001,1715.123,FALSE,1. Resto país
Santa Fe,Resto de productos,subrubro,2001-01-01,2001,903.796,FALSE,1. Resto país
Santa Fe,Semillas y frutos oleaginosos,subrubro,2001-01-01,2001,420.81,FALSE,1. Resto país
Santa Fe,Total,total,2001-01-01,2001,4339.167,FALSE,1. Resto país
Santiago del Estero,Cereales,subrubro,2001-01-01,2001,13.692,FALSE,2. NOA-Resto
Santiago del Estero,Fibras de algodón,subrubro,2001-01-01,2001,15.375,FALSE,2. NOA-Resto
Santiago del Estero,Hortalizas y legumbres sin elaborar,subrubro,2001-01-01,2001,10.092,FALSE,2. NOA-Resto
Santiago del Estero,Resto de productos,subrubro,2001-01-01,2001,2.281,FALSE,2. NOA-Resto
Santiago del Estero,Semillas y frutos oleaginosos,subrubro,2001-01-01,2001,6.005,FALSE,2. NOA-Resto
Santiago del Estero,Textiles y confecciones,subrubro,2001-01-01,2001,0,FALSE,2. NOA-Resto
Santiago del Estero,Total,total,2001-01-01,2001,47.516,FALSE,2. NOA-Resto
Tierra del Fuego,Gas de petróleo y otros hidrocarburos gaseosos,subrubro,2001-01-01,2001,123.366,FALSE,1. Resto país
Tierra del Fuego,"Máquinas y aparatos, material eléctrico",subrubro,2001-01-01,2001,2.807,FALSE,1. Resto país
Tierra del Fuego,Pescados y mariscos elaborados,subrubro,2001-01-01,2001,13.346,FALSE,1. Resto país
Tierra del Fuego,Pescados y mariscos sin elaborar,subrubro,2001-01-01,2001,7.048,FALSE,1. Resto país
Tierra del Fuego,Petróleo crudo,subrubro,2001-01-01,2001,124.358,FALSE,1. Resto país
Tierra del Fuego,Resto de productos,subrubro,2001-01-01,2001,12.177,FALSE,1. Resto país
Tierra del Fuego,Total,total,2001-01-01,2001,283.103,FALSE,1. Resto país
Tucumán,"Azúcar, cacao y artículos de confitería",subrubro,2001-01-01,2001,27.682,FALSE,2. NOA-Resto
Tucumán,Frutas frescas,subrubro,2001-01-01,2001,102.97,FALSE,2. NOA-Resto
Tucumán,Material de transporte terrestre,subrubro,2001-01-01,2001,65.265,FALSE,2. NOA-Resto
Tucumán,"Preparados de hortalizas, legumbres y frutas",subrubro,2001-01-01,2001,40.182,FALSE,2. NOA-Resto
Tucumán,Productos químicos y conexos,subrubro,2001-01-01,2001,50.993,FALSE,2. NOA-Resto
Tucumán,Resto de productos,subrubro,2001-01-01,2001,130.882,FALSE,2. NOA-Resto
Tucumán,Total,total,2001-01-01,2001,417.974,FALSE,2. NOA-Resto
Buenos Aires,Carburantes,subrubro,2002-01-01,2002,862.427,FALSE,1. Resto país
Buenos Aires,Cereales,subrubro,2002-01-01,2002,899.209,FALSE,1. Resto país
Buenos Aires,Material de transporte terrestre,subrubro,2002-01-01,2002,980.746,FALSE,1. Resto país
Buenos Aires,Metales comunes y sus manufacturas,subrubro,2002-01-01,2002,1051.497,FALSE,1. Resto país
Buenos Aires,Productos químicos y conexos,subrubro,2002-01-01,2002,888.44,FALSE,1. Resto país
Buenos Aires,Resto de productos,subrubro,2002-01-01,2002,4515.744,FALSE,1. Resto país
Buenos Aires,Total,total,2002-01-01,2002,9198.062,FALSE,1. Resto país
C.A.B.A.,Carnes,subrubro,2002-01-01,2002,13.016,FALSE,1. Resto país
C.A.B.A.,"Máquinas y aparatos, material eléctrico",subrubro,2002-01-01,2002,14.672,FALSE,1. Resto país
C.A.B.A.,"Papel, cartón, impresos y publicaciones",subrubro,2002-01-01,2002,6.968,FALSE,1. Resto país
C.A.B.A.,Pieles y cueros,subrubro,2002-01-01,2002,14.477,FALSE,1. Resto país
C.A.B.A.,Productos químicos y conexos,subrubro,2002-01-01,2002,89.902,FALSE,1. Resto país
C.A.B.A.,Resto de productos,subrubro,2002-01-01,2002,39.05,FALSE,1. Resto país
C.A.B.A.,Total,total,2002-01-01,2002,178.084,FALSE,1. Resto país
Catamarca,Hortalizas y legumbres sin elaborar,subrubro,2002-01-01,2002,4.865,FALSE,2. NOA-Resto
Catamarca,"Minerales metalíferos,escorias y cenizas",subrubro,2002-01-01,2002,437.319,FALSE,2. NOA-Resto
Catamarca,"Piedras, metales preciosos y sus manufacturas, monedas",subrubro,2002-01-01,2002,19.775,FALSE,2. NOA-Resto
Catamarca,Productos químicos y conexos,subrubro,2002-01-01,2002,1.019,FALSE,2. NOA-Resto
Catamarca,Residuos y desperdicios de la industria alimenticia,subrubro,2002-01-01,2002,1.892,FALSE,2. NOA-Resto
Catamarca,Resto de productos,subrubro,2002-01-01,2002,9.593,FALSE,2. NOA-Resto
Catamarca,Total,total,2002-01-01,2002,474.465,FALSE,2. NOA-Resto
Chaco,Cereales,subrubro,2002-01-01,2002,34.817,FALSE,1. Resto país
Chaco,"Extractos curtientes y tintóreos y materias albuminoideas, productos a base de almidón o féculas modificadas, colas enzimas",subrubro,2002-01-01,2002,33.335,FALSE,1. Resto país
Chaco,Fibras de algodón,subrubro,2002-01-01,2002,6.281,FALSE,1. Resto país
Chaco,Productos químicos y conexos,subrubro,2002-01-01,2002,3.774,FALSE,1. Resto país
Chaco,Resto de productos,subrubro,2002-01-01,2002,7.03,FALSE,1. Resto país
Chaco,Semillas y frutos oleaginosos,subrubro,2002-01-01,2002,52.372,FALSE,1. Resto país
Chaco,Total,total,2002-01-01,2002,137.608,FALSE,1. Resto país
Chubut,Lanas elaboradas,subrubro,2002-01-01,2002,92.575,FALSE,1. Resto país
Chubut,Metales comunes y sus manufacturas,subrubro,2002-01-01,2002,316.596,FALSE,1. Resto país
Chubut,Pescados y mariscos elaborados,subrubro,2002-01-01,2002,32.971,FALSE,1. Resto país
Chubut,Pescados y mariscos sin elaborar,subrubro,2002-01-01,2002,182.123,FALSE,1. Resto país
Chubut,Petróleo crudo,subrubro,2002-01-01,2002,597.262,FALSE,1. Resto país
Chubut,Resto de productos,subrubro,2002-01-01,2002,43.09,FALSE,1. Resto país
Chubut,Total,total,2002-01-01,2002,1264.616,FALSE,1. Resto país
Corrientes,"Café, té, yerba mate y especias",subrubro,2002-01-01,2002,5.226,FALSE,1. Resto país
Corrientes,Cereales,subrubro,2002-01-01,2002,24.831,FALSE,1. Resto país
Corrientes,Frutas frescas,subrubro,2002-01-01,2002,11.81,FALSE,1. Resto país
Corrientes,Resto de productos,subrubro,2002-01-01,2002,21.191,FALSE,1. Resto país
Corrientes,Tabaco sin elaborar,subrubro,2002-01-01,2002,3.432,FALSE,1. Resto país
Corrientes,Textiles y confecciones,subrubro,2002-01-01,2002,10.332,FALSE,1. Resto país
Corrientes,Total,total,2002-01-01,2002,76.821,FALSE,1. Resto país
Córdoba,Cereales,subrubro,2002-01-01,2002,537.643,FALSE,1. Resto país
Córdoba,Grasas y aceites,subrubro,2002-01-01,2002,429.718,FALSE,1. Resto país
Córdoba,Material de transporte terrestre,subrubro,2002-01-01,2002,310.059,FALSE,1. Resto país
Córdoba,Residuos y desperdicios de la industria alimenticia,subrubro,2002-01-01,2002,588.876,FALSE,1. Resto país
Córdoba,Resto de productos,subrubro,2002-01-01,2002,447.135,FALSE,1. Resto país
Córdoba,Semillas y frutos oleaginosos,subrubro,2002-01-01,2002,438.759,FALSE,1. Resto país
Córdoba,Total,total,2002-01-01,2002,2752.19,FALSE,1. Resto país
Entre Ríos,Carnes,subrubro,2002-01-01,2002,21.071,FALSE,1. Resto país
Entre Ríos,Cereales,subrubro,2002-01-01,2002,116.45,FALSE,1. Resto país
Entre Ríos,Frutas frescas,subrubro,2002-01-01,2002,19.428,FALSE,1. Resto país
Entre Ríos,Productos lácteos,subrubro,2002-01-01,2002,12.154,FALSE,1. Resto país
Entre Ríos,Resto de productos,subrubro,2002-01-01,2002,104.904,FALSE,1. Resto país
Entre Ríos,Semillas y frutos oleaginosos,subrubro,2002-01-01,2002,73.009,FALSE,1. Resto país
Entre Ríos,Total,total,2002-01-01,2002,347.016,FALSE,1. Resto país
Formosa,Cereales,subrubro,2002-01-01,2002,5.531,FALSE,1. Resto país
Formosa,"Extractos curtientes y tintóreos y materias albuminoideas, productos a base de almidón o féculas modificadas, colas enzimas",subrubro,2002-01-01,2002,0.584,FALSE,1. Resto país
Formosa,Fibras de algodón,subrubro,2002-01-01,2002,0.833,FALSE,1. Resto país
Formosa,Petróleo crudo,subrubro,2002-01-01,2002,14.279,FALSE,1. Resto país
Formosa,Resto de productos,subrubro,2002-01-01,2002,1.525,FALSE,1. Resto país
Formosa,Semillas y frutos oleaginosos,subrubro,2002-01-01,2002,0,FALSE,1. Resto país
Formosa,Total,total,2002-01-01,2002,22.772,FALSE,1. Resto país
Jujuy,"Azúcar, cacao y artículos de confitería",subrubro,2002-01-01,2002,25.881,FALSE,2. NOA-Resto
Jujuy,Frutas frescas,subrubro,2002-01-01,2002,7.466,FALSE,2. NOA-Resto
Jujuy,Hortalizas y legumbres sin elaborar,subrubro,2002-01-01,2002,11.831,FALSE,2. NOA-Resto
Jujuy,Metales comunes y sus manufacturas,subrubro,2002-01-01,2002,7.32,FALSE,2. NOA-Resto
Jujuy,Resto de productos,subrubro,2002-01-01,2002,28.375,FALSE,2. NOA-Resto
Jujuy,Tabaco sin elaborar,subrubro,2002-01-01,2002,27.747,FALSE,2. NOA-Resto
Jujuy,Total,total,2002-01-01,2002,108.62,FALSE,2. NOA-Resto
La Pampa,Cereales,subrubro,2002-01-01,2002,92.657,FALSE,1. Resto país
La Pampa,"Manufacturas de piedra, yeso, etc, productos cerámicos, vidrio y sus manufacturas.",subrubro,2002-01-01,2002,0,FALSE,1. Resto país
La Pampa,Miel,subrubro,2002-01-01,2002,11.954,FALSE,1. Resto país
La Pampa,Petróleo crudo,subrubro,2002-01-01,2002,23.426,FALSE,1. Resto país
La Pampa,Resto de productos,subrubro,2002-01-01,2002,4.035,FALSE,1. Resto país
La Pampa,Semillas y frutos oleaginosos,subrubro,2002-01-01,2002,22.899,FALSE,1. Resto país
La Pampa,Total,total,2002-01-01,2002,155.156,FALSE,1. Resto país
La Rioja,Grasas y aceites,subrubro,2002-01-01,2002,12.595,FALSE,3. La Rioja
La Rioja,"Papel, cartón, impresos y publicaciones",subrubro,2002-01-01,2002,9.801,FALSE,3. La Rioja
La Rioja,Pieles y cueros,subrubro,2002-01-01,2002,76.009,FALSE,3. La Rioja
La Rioja,"Preparados de hortalizas, legumbres y frutas",subrubro,2002-01-01,2002,13.491,FALSE,3. La Rioja
La Rioja,Resto de productos,subrubro,2002-01-01,2002,14.577,FALSE,3. La Rioja
La Rioja,Textiles y confecciones,subrubro,2002-01-01,2002,8.542,FALSE,3. La Rioja
La Rioja,Total,total,2002-01-01,2002,135.015,FALSE,3. La Rioja
Mendoza,"Bebidas, líquidos alcohólicos y vinagre",subrubro,2002-01-01,2002,114.826,FALSE,1. Resto país
Mendoza,Carburantes,subrubro,2002-01-01,2002,264.282,FALSE,1. Resto país
Mendoza,Frutas frescas,subrubro,2002-01-01,2002,57.888,FALSE,1. Resto país
Mendoza,Petróleo crudo,subrubro,2002-01-01,2002,158.184,FALSE,1. Resto país
Mendoza,"Preparados de hortalizas, legumbres y frutas",subrubro,2002-01-01,2002,71.957,FALSE,1. Resto país
Mendoza,Resto de productos,subrubro,2002-01-01,2002,209.356,FALSE,1. Resto país
Mendoza,Total,total,2002-01-01,2002,876.493,FALSE,1. Resto país
Misiones,"Café, té, yerba mate y especias",subrubro,2002-01-01,2002,53.673,FALSE,1. Resto país
Misiones,Frutas frescas,subrubro,2002-01-01,2002,1.924,FALSE,1. Resto país
Misiones,Grasas y aceites,subrubro,2002-01-01,2002,0.531,FALSE,1. Resto país
Misiones,"Papel, cartón, impresos y publicaciones",subrubro,2002-01-01,2002,108.371,FALSE,1. Resto país
Misiones,Resto de productos,subrubro,2002-01-01,2002,60.586,FALSE,1. Resto país
Misiones,Tabaco sin elaborar,subrubro,2002-01-01,2002,46.184,FALSE,1. Resto país
Misiones,Total,total,2002-01-01,2002,271.269,FALSE,1. Resto país
Neuquén,Carburantes,subrubro,2002-01-01,2002,42.171,FALSE,1. Resto país
Neuquén,Frutas frescas,subrubro,2002-01-01,2002,18.765,FALSE,1. Resto país
Neuquén,Gas de petróleo y otros hidrocarburos gaseosos,subrubro,2002-01-01,2002,154.262,FALSE,1. Resto país
Neuquén,Petróleo crudo,subrubro,2002-01-01,2002,605.294,FALSE,1. Resto país
Neuquén,"Preparados de hortalizas, legumbres y frutas",subrubro,2002-01-01,2002,16.984,FALSE,1. Resto país
Neuquén,Resto de productos,subrubro,2002-01-01,2002,7.108,FALSE,1. Resto país
Neuquén,Total,total,2002-01-01,2002,844.585,FALSE,1. Resto país
Río Negro,Frutas frescas,subrubro,2002-01-01,2002,140.224,FALSE,1. Resto país
Río Negro,Lanas sucias,subrubro,2002-01-01,2002,4.95,FALSE,1. Resto país
Río Negro,Materias plásticas y sus manufacturas,subrubro,2002-01-01,2002,14.377,FALSE,1. Resto país
Río Negro,Petróleo crudo,subrubro,2002-01-01,2002,98.391,FALSE,1. Resto país
Río Negro,"Preparados de hortalizas, legumbres y frutas",subrubro,2002-01-01,2002,22.903,FALSE,1. Resto país
Río Negro,Resto de productos,subrubro,2002-01-01,2002,14.952,FALSE,1. Resto país
Río Negro,Total,total,2002-01-01,2002,295.797,FALSE,1. Resto país
Salta,Carburantes,subrubro,2002-01-01,2002,117.133,FALSE,2. NOA-Resto
Salta,Gas de petróleo y otros hidrocarburos gaseosos,subrubro,2002-01-01,2002,65.264,FALSE,2. NOA-Resto
Salta,Hortalizas y legumbres sin elaborar,subrubro,2002-01-01,2002,73.998,FALSE,2. NOA-Resto
Salta,Productos químicos y conexos,subrubro,2002-01-01,2002,35.793,FALSE,2. NOA-Resto
Salta,Resto de productos,subrubro,2002-01-01,2002,134.733,FALSE,2. NOA-Resto
Salta,Tabaco sin elaborar,subrubro,2002-01-01,2002,55.502,FALSE,2. NOA-Resto
Salta,Total,total,2002-01-01,2002,482.422,FALSE,2. NOA-Resto
San Juan,Frutas frescas,subrubro,2002-01-01,2002,30.816,FALSE,1. Resto país
San Juan,Frutas secas o procesadas,subrubro,2002-01-01,2002,11.711,FALSE,1. Resto país
San Juan,Hortalizas y legumbres sin elaborar,subrubro,2002-01-01,2002,8.711,FALSE,1. Resto país
San Juan,"Preparados de hortalizas, legumbres y frutas",subrubro,2002-01-01,2002,10.202,FALSE,1. Resto país
San Juan,Productos químicos y conexos,subrubro,2002-01-01,2002,31.409,FALSE,1. Resto país
San Juan,Resto de productos,subrubro,2002-01-01,2002,45.21,FALSE,1. Resto país
San Juan,Total,total,2002-01-01,2002,138.059,FALSE,1. Resto país
San Luis,Carnes,subrubro,2002-01-01,2002,20.084,FALSE,1. Resto país
San Luis,Metales comunes y sus manufacturas,subrubro,2002-01-01,2002,23.545,FALSE,1. Resto país
San Luis,"Máquinas y aparatos, material eléctrico",subrubro,2002-01-01,2002,28.637,FALSE,1. Resto país
San Luis,"Papel, cartón, impresos y publicaciones",subrubro,2002-01-01,2002,47.269,FALSE,1. Resto país
San Luis,"Preparados de hortalizas, legumbres y frutas",subrubro,2002-01-01,2002,17.463,FALSE,1. Resto país
San Luis,Resto de productos,subrubro,2002-01-01,2002,123.746,FALSE,1. Resto país
San Luis,Total,total,2002-01-01,2002,260.743,FALSE,1. Resto país
Santa Cruz,Gas de petróleo y otros hidrocarburos gaseosos,subrubro,2002-01-01,2002,31.172,FALSE,1. Resto país
Santa Cruz,Pescados y mariscos elaborados,subrubro,2002-01-01,2002,23.981,FALSE,1. Resto país
Santa Cruz,Pescados y mariscos sin elaborar,subrubro,2002-01-01,2002,199.315,FALSE,1. Resto país
Santa Cruz,Petróleo crudo,subrubro,2002-01-01,2002,510.696,FALSE,1. Resto país
Santa Cruz,"Piedras, metales preciosos y sus manufacturas, monedas",subrubro,2002-01-01,2002,91.058,FALSE,1. Resto país
Santa Cruz,Resto de productos,subrubro,2002-01-01,2002,14.331,FALSE,1. Resto país
Santa Cruz,Total,total,2002-01-01,2002,870.552,FALSE,1. Resto país
Santa Fe,Carnes,subrubro,2002-01-01,2002,194.037,FALSE,1. Resto país
Santa Fe,Cereales,subrubro,2002-01-01,2002,294.065,FALSE,1. Resto país
Santa Fe,Grasas y aceites,subrubro,2002-01-01,2002,1071.211,FALSE,1. Resto país
Santa Fe,Residuos y desperdicios de la industria alimenticia,subrubro,2002-01-01,2002,1900.189,FALSE,1. Resto país
Santa Fe,Resto de productos,subrubro,2002-01-01,2002,1095.125,FALSE,1. Resto país
Santa Fe,Semillas y frutos oleaginosos,subrubro,2002-01-01,2002,316.67,FALSE,1. Resto país
Santa Fe,Total,total,2002-01-01,2002,4871.296,FALSE,1. Resto país
Santiago del Estero,Cereales,subrubro,2002-01-01,2002,29.356,FALSE,2. NOA-Resto
Santiago del Estero,Fibras de algodón,subrubro,2002-01-01,2002,3.723,FALSE,2. NOA-Resto
Santiago del Estero,Hortalizas y legumbres sin elaborar,subrubro,2002-01-01,2002,10.519,FALSE,2. NOA-Resto
Santiago del Estero,Resto de productos,subrubro,2002-01-01,2002,2.987,FALSE,2. NOA-Resto
Santiago del Estero,Semillas y frutos oleaginosos,subrubro,2002-01-01,2002,52.984,FALSE,2. NOA-Resto
Santiago del Estero,Textiles y confecciones,subrubro,2002-01-01,2002,0,FALSE,2. NOA-Resto
Santiago del Estero,Total,total,2002-01-01,2002,99.572,FALSE,2. NOA-Resto
Tierra del Fuego,Gas de petróleo y otros hidrocarburos gaseosos,subrubro,2002-01-01,2002,117.345,FALSE,1. Resto país
Tierra del Fuego,"Máquinas y aparatos, material eléctrico",subrubro,2002-01-01,2002,21.475,FALSE,1. Resto país
Tierra del Fuego,Pescados y mariscos elaborados,subrubro,2002-01-01,2002,34.051,FALSE,1. Resto país
Tierra del Fuego,Pescados y mariscos sin elaborar,subrubro,2002-01-01,2002,28.047,FALSE,1. Resto país
Tierra del Fuego,Petróleo crudo,subrubro,2002-01-01,2002,169.563,FALSE,1. Resto país
Tierra del Fuego,Resto de productos,subrubro,2002-01-01,2002,9.538,FALSE,1. Resto país
Tierra del Fuego,Total,total,2002-01-01,2002,380.018,FALSE,1. Resto país
Tucumán,"Azúcar, cacao y artículos de confitería",subrubro,2002-01-01,2002,50.461,FALSE,2. NOA-Resto
Tucumán,Frutas frescas,subrubro,2002-01-01,2002,80.293,FALSE,2. NOA-Resto
Tucumán,Material de transporte terrestre,subrubro,2002-01-01,2002,57.612,FALSE,2. NOA-Resto
Tucumán,"Preparados de hortalizas, legumbres y frutas",subrubro,2002-01-01,2002,34.03,FALSE,2. NOA-Resto
Tucumán,Productos químicos y conexos,subrubro,2002-01-01,2002,57.222,FALSE,2. NOA-Resto
Tucumán,Resto de productos,subrubro,2002-01-01,2002,137.424,FALSE,2. NOA-Resto
Tucumán,Total,total,2002-01-01,2002,417.041,FALSE,2. NOA-Resto
Buenos Aires,Carburantes,subrubro,2003-01-01,2003,1181.457,FALSE,1. Resto país
Buenos Aires,Cereales,subrubro,2003-01-01,2003,886.923,FALSE,1. Resto país
Buenos Aires,Material de transporte terrestre,subrubro,2003-01-01,2003,810.39,FALSE,1. Resto país
Buenos Aires,Metales comunes y sus manufacturas,subrubro,2003-01-01,2003,1006.918,FALSE,1. Resto país
Buenos Aires,Productos químicos y conexos,subrubro,2003-01-01,2003,1128.956,FALSE,1. Resto país
Buenos Aires,Resto de productos,subrubro,2003-01-01,2003,5207.022,FALSE,1. Resto país
Buenos Aires,Total,total,2003-01-01,2003,10221.665,FALSE,1. Resto país
C.A.B.A.,Carnes,subrubro,2003-01-01,2003,23.196,FALSE,1. Resto país
C.A.B.A.,"Máquinas y aparatos, material eléctrico",subrubro,2003-01-01,2003,16.952,FALSE,1. Resto país
C.A.B.A.,"Papel, cartón, impresos y publicaciones",subrubro,2003-01-01,2003,10.037,FALSE,1. Resto país
C.A.B.A.,Pieles y cueros,subrubro,2003-01-01,2003,21.087,FALSE,1. Resto país
C.A.B.A.,Productos químicos y conexos,subrubro,2003-01-01,2003,78.39,FALSE,1. Resto país
C.A.B.A.,Resto de productos,subrubro,2003-01-01,2003,41.007,FALSE,1. Resto país
C.A.B.A.,Total,total,2003-01-01,2003,190.669,FALSE,1. Resto país
Catamarca,Hortalizas y legumbres sin elaborar,subrubro,2003-01-01,2003,4.08,FALSE,2. NOA-Resto
Catamarca,"Minerales metalíferos,escorias y cenizas",subrubro,2003-01-01,2003,473.653,FALSE,2. NOA-Resto
Catamarca,"Piedras, metales preciosos y sus manufacturas, monedas",subrubro,2003-01-01,2003,18.743,FALSE,2. NOA-Resto
Catamarca,Productos químicos y conexos,subrubro,2003-01-01,2003,6.049,FALSE,2. NOA-Resto
Catamarca,Residuos y desperdicios de la industria alimenticia,subrubro,2003-01-01,2003,5.991,FALSE,2. NOA-Resto
Catamarca,Resto de productos,subrubro,2003-01-01,2003,9.304,FALSE,2. NOA-Resto
Catamarca,Total,total,2003-01-01,2003,517.821,FALSE,2. NOA-Resto
Chaco,Cereales,subrubro,2003-01-01,2003,54.662,FALSE,1. Resto país
Chaco,"Extractos curtientes y tintóreos y materias albuminoideas, productos a base de almidón o féculas modificadas, colas enzimas",subrubro,2003-01-01,2003,32.728,FALSE,1. Resto país
Chaco,Fibras de algodón,subrubro,2003-01-01,2003,1.228,FALSE,1. Resto país
Chaco,Productos químicos y conexos,subrubro,2003-01-01,2003,4.72,FALSE,1. Resto país
Chaco,Resto de productos,subrubro,2003-01-01,2003,10.348,FALSE,1. Resto país
Chaco,Semillas y frutos oleaginosos,subrubro,2003-01-01,2003,94.859,FALSE,1. Resto país
Chaco,Total,total,2003-01-01,2003,198.543,FALSE,1. Resto país
Chubut,Lanas elaboradas,subrubro,2003-01-01,2003,107.152,FALSE,1. Resto país
Chubut,Metales comunes y sus manufacturas,subrubro,2003-01-01,2003,326.913,FALSE,1. Resto país
Chubut,Pescados y mariscos elaborados,subrubro,2003-01-01,2003,42.789,FALSE,1. Resto país
Chubut,Pescados y mariscos sin elaborar,subrubro,2003-01-01,2003,211.632,FALSE,1. Resto país
Chubut,Petróleo crudo,subrubro,2003-01-01,2003,767.226,FALSE,1. Resto país
Chubut,Resto de productos,subrubro,2003-01-01,2003,39.655,FALSE,1. Resto país
Chubut,Total,total,2003-01-01,2003,1495.368,FALSE,1. Resto país
Corrientes,"Café, té, yerba mate y especias",subrubro,2003-01-01,2003,4.271,FALSE,1. Resto país
Corrientes,Cereales,subrubro,2003-01-01,2003,23.916,FALSE,1. Resto país
Corrientes,Frutas frescas,subrubro,2003-01-01,2003,14.827,FALSE,1. Resto país
Corrientes,Resto de productos,subrubro,2003-01-01,2003,24.173,FALSE,1. Resto país
Corrientes,Tabaco sin elaborar,subrubro,2003-01-01,2003,3.066,FALSE,1. Resto país
Corrientes,Textiles y confecciones,subrubro,2003-01-01,2003,3.431,FALSE,1. Resto país
Corrientes,Total,total,2003-01-01,2003,73.684,FALSE,1. Resto país
Córdoba,Cereales,subrubro,2003-01-01,2003,658.287,FALSE,1. Resto país
Córdoba,Grasas y aceites,subrubro,2003-01-01,2003,593.626,FALSE,1. Resto país
Córdoba,Material de transporte terrestre,subrubro,2003-01-01,2003,312.295,FALSE,1. Resto país
Córdoba,Residuos y desperdicios de la industria alimenticia,subrubro,2003-01-01,2003,741.692,FALSE,1. Resto país
Córdoba,Resto de productos,subrubro,2003-01-01,2003,467.665,FALSE,1. Resto país
Córdoba,Semillas y frutos oleaginosos,subrubro,2003-01-01,2003,601.133,FALSE,1. Resto país
Córdoba,Total,total,2003-01-01,2003,3374.697,FALSE,1. Resto país
Entre Ríos,Carnes,subrubro,2003-01-01,2003,33.388,FALSE,1. Resto país
Entre Ríos,Cereales,subrubro,2003-01-01,2003,166.664,FALSE,1. Resto país
Entre Ríos,Frutas frescas,subrubro,2003-01-01,2003,24.127,FALSE,1. Resto país
Entre Ríos,Productos lácteos,subrubro,2003-01-01,2003,18.357,FALSE,1. Resto país
Entre Ríos,Resto de productos,subrubro,2003-01-01,2003,139.364,FALSE,1. Resto país
Entre Ríos,Semillas y frutos oleaginosos,subrubro,2003-01-01,2003,150.847,FALSE,1. Resto país
Entre Ríos,Total,total,2003-01-01,2003,532.748,FALSE,1. Resto país
Formosa,Cereales,subrubro,2003-01-01,2003,1.118,FALSE,1. Resto país
Formosa,"Extractos curtientes y tintóreos y materias albuminoideas, productos a base de almidón o féculas modificadas, colas enzimas",subrubro,2003-01-01,2003,0.738,FALSE,1. Resto país
Formosa,Fibras de algodón,subrubro,2003-01-01,2003,0,FALSE,1. Resto país
Formosa,Petróleo crudo,subrubro,2003-01-01,2003,15.386,FALSE,1. Resto país
Formosa,Resto de productos,subrubro,2003-01-01,2003,1.977,FALSE,1. Resto país
Formosa,Semillas y frutos oleaginosos,subrubro,2003-01-01,2003,0.558,FALSE,1. Resto país
Formosa,Total,total,2003-01-01,2003,20.055,FALSE,1. Resto país
Jujuy,"Azúcar, cacao y artículos de confitería",subrubro,2003-01-01,2003,15.158,FALSE,2. NOA-Resto
Jujuy,Frutas frescas,subrubro,2003-01-01,2003,10.257,FALSE,2. NOA-Resto
Jujuy,Hortalizas y legumbres sin elaborar,subrubro,2003-01-01,2003,13.645,FALSE,2. NOA-Resto
Jujuy,Metales comunes y sus manufacturas,subrubro,2003-01-01,2003,7.658,FALSE,2. NOA-Resto
Jujuy,Resto de productos,subrubro,2003-01-01,2003,27.229,FALSE,2. NOA-Resto
Jujuy,Tabaco sin elaborar,subrubro,2003-01-01,2003,37.666,FALSE,2. NOA-Resto
Jujuy,Total,total,2003-01-01,2003,111.614,FALSE,2. NOA-Resto
La Pampa,Cereales,subrubro,2003-01-01,2003,89.029,FALSE,1. Resto país
La Pampa,"Manufacturas de piedra, yeso, etc, productos cerámicos, vidrio y sus manufacturas.",subrubro,2003-01-01,2003,0.523,FALSE,1. Resto país
La Pampa,Miel,subrubro,2003-01-01,2003,16.741,FALSE,1. Resto país
La Pampa,Petróleo crudo,subrubro,2003-01-01,2003,26.638,FALSE,1. Resto país
La Pampa,Resto de productos,subrubro,2003-01-01,2003,8.251,FALSE,1. Resto país
La Pampa,Semillas y frutos oleaginosos,subrubro,2003-01-01,2003,22.195,FALSE,1. Resto país
La Pampa,Total,total,2003-01-01,2003,163.377,FALSE,1. Resto país
La Rioja,Grasas y aceites,subrubro,2003-01-01,2003,10.102,FALSE,3. La Rioja
La Rioja,"Papel, cartón, impresos y publicaciones",subrubro,2003-01-01,2003,18.718,FALSE,3. La Rioja
La Rioja,Pieles y cueros,subrubro,2003-01-01,2003,92.177,FALSE,3. La Rioja
La Rioja,"Preparados de hortalizas, legumbres y frutas",subrubro,2003-01-01,2003,15.079,FALSE,3. La Rioja
La Rioja,Resto de productos,subrubro,2003-01-01,2003,17.271,FALSE,3. La Rioja
La Rioja,Textiles y confecciones,subrubro,2003-01-01,2003,7.047,FALSE,3. La Rioja
La Rioja,Total,total,2003-01-01,2003,160.394,FALSE,3. La Rioja
Mendoza,"Bebidas, líquidos alcohólicos y vinagre",subrubro,2003-01-01,2003,157.411,FALSE,1. Resto país
Mendoza,Carburantes,subrubro,2003-01-01,2003,182.613,FALSE,1. Resto país
Mendoza,Frutas frescas,subrubro,2003-01-01,2003,61.466,FALSE,1. Resto país
Mendoza,Petróleo crudo,subrubro,2003-01-01,2003,173.608,FALSE,1. Resto país
Mendoza,"Preparados de hortalizas, legumbres y frutas",subrubro,2003-01-01,2003,105.193,FALSE,1. Resto país
Mendoza,Resto de productos,subrubro,2003-01-01,2003,229.742,FALSE,1. Resto país
Mendoza,Total,total,2003-01-01,2003,910.033,FALSE,1. Resto país
Misiones,"Café, té, yerba mate y especias",subrubro,2003-01-01,2003,47.583,FALSE,1. Resto país
Misiones,Frutas frescas,subrubro,2003-01-01,2003,2.463,FALSE,1. Resto país
Misiones,Grasas y aceites,subrubro,2003-01-01,2003,1.94,FALSE,1. Resto país
Misiones,"Papel, cartón, impresos y publicaciones",subrubro,2003-01-01,2003,117.79,FALSE,1. Resto país
Misiones,Resto de productos,subrubro,2003-01-01,2003,97.255,FALSE,1. Resto país
Misiones,Tabaco sin elaborar,subrubro,2003-01-01,2003,52.162,FALSE,1. Resto país
Misiones,Total,total,2003-01-01,2003,319.192,FALSE,1. Resto país
Neuquén,Carburantes,subrubro,2003-01-01,2003,151.293,FALSE,1. Resto país
Neuquén,Frutas frescas,subrubro,2003-01-01,2003,22.427,FALSE,1. Resto país
Neuquén,Gas de petróleo y otros hidrocarburos gaseosos,subrubro,2003-01-01,2003,179.764,FALSE,1. Resto país
Neuquén,Petróleo crudo,subrubro,2003-01-01,2003,594.307,FALSE,1. Resto país
Neuquén,"Preparados de hortalizas, legumbres y frutas",subrubro,2003-01-01,2003,27.238,FALSE,1. Resto país
Neuquén,Resto de productos,subrubro,2003-01-01,2003,6.642,FALSE,1. Resto país
Neuquén,Total,total,2003-01-01,2003,981.672,FALSE,1. Resto país
Río Negro,Frutas frescas,subrubro,2003-01-01,2003,163.708,FALSE,1. Resto país
Río Negro,Lanas sucias,subrubro,2003-01-01,2003,7.523,FALSE,1. Resto país
Río Negro,Materias plásticas y sus manufacturas,subrubro,2003-01-01,2003,15.135,FALSE,1. Resto país
Río Negro,Petróleo crudo,subrubro,2003-01-01,2003,88.411,FALSE,1. Resto país
Río Negro,"Preparados de hortalizas, legumbres y frutas",subrubro,2003-01-01,2003,34.445,FALSE,1. Resto país
Río Negro,Resto de productos,subrubro,2003-01-01,2003,22.675,FALSE,1. Resto país
Río Negro,Total,total,2003-01-01,2003,331.898,FALSE,1. Resto país
Salta,Carburantes,subrubro,2003-01-01,2003,136.982,FALSE,2. NOA-Resto
Salta,Gas de petróleo y otros hidrocarburos gaseosos,subrubro,2003-01-01,2003,89.859,FALSE,2. NOA-Resto
Salta,Hortalizas y legumbres sin elaborar,subrubro,2003-01-01,2003,62.697,FALSE,2. NOA-Resto
Salta,Productos químicos y conexos,subrubro,2003-01-01,2003,36.675,FALSE,2. NOA-Resto
Salta,Resto de productos,subrubro,2003-01-01,2003,138.854,FALSE,2. NOA-Resto
Salta,Tabaco sin elaborar,subrubro,2003-01-01,2003,53.01,FALSE,2. NOA-Resto
Salta,Total,total,2003-01-01,2003,518.077,FALSE,2. NOA-Resto
San Juan,Frutas frescas,subrubro,2003-01-01,2003,30.697,FALSE,1. Resto país
San Juan,Frutas secas o procesadas,subrubro,2003-01-01,2003,8.506,FALSE,1. Resto país
San Juan,Hortalizas y legumbres sin elaborar,subrubro,2003-01-01,2003,14.881,FALSE,1. Resto país
San Juan,"Preparados de hortalizas, legumbres y frutas",subrubro,2003-01-01,2003,18.673,FALSE,1. Resto país
San Juan,Productos químicos y conexos,subrubro,2003-01-01,2003,30.348,FALSE,1. Resto país
San Juan,Resto de productos,subrubro,2003-01-01,2003,47.107,FALSE,1. Resto país
San Juan,Total,total,2003-01-01,2003,150.211,FALSE,1. Resto país
San Luis,Carnes,subrubro,2003-01-01,2003,24.38,FALSE,1. Resto país
San Luis,Metales comunes y sus manufacturas,subrubro,2003-01-01,2003,24.388,FALSE,1. Resto país
San Luis,"Máquinas y aparatos, material eléctrico",subrubro,2003-01-01,2003,24.702,FALSE,1. Resto país
San Luis,"Papel, cartón, impresos y publicaciones",subrubro,2003-01-01,2003,53.789,FALSE,1. Resto país
San Luis,"Preparados de hortalizas, legumbres y frutas",subrubro,2003-01-01,2003,24.299,FALSE,1. Resto país
San Luis,Resto de productos,subrubro,2003-01-01,2003,127.409,FALSE,1. Resto país
San Luis,Total,total,2003-01-01,2003,278.967,FALSE,1. Resto país
Santa Cruz,Gas de petróleo y otros hidrocarburos gaseosos,subrubro,2003-01-01,2003,50.412,FALSE,1. Resto país
Santa Cruz,Pescados y mariscos elaborados,subrubro,2003-01-01,2003,22.882,FALSE,1. Resto país
Santa Cruz,Pescados y mariscos sin elaborar,subrubro,2003-01-01,2003,290.669,FALSE,1. Resto país
Santa Cruz,Petróleo crudo,subrubro,2003-01-01,2003,487.295,FALSE,1. Resto país
Santa Cruz,"Piedras, metales preciosos y sus manufacturas, monedas",subrubro,2003-01-01,2003,92.16,FALSE,1. Resto país
Santa Cruz,Resto de productos,subrubro,2003-01-01,2003,19.827,FALSE,1. Resto país
Santa Cruz,Total,total,2003-01-01,2003,963.245,FALSE,1. Resto país
Santa Fe,Carnes,subrubro,2003-01-01,2003,241.435,FALSE,1. Resto país
Santa Fe,Cereales,subrubro,2003-01-01,2003,304.866,FALSE,1. Resto país
Santa Fe,Grasas y aceites,subrubro,2003-01-01,2003,1579.579,FALSE,1. Resto país
Santa Fe,Residuos y desperdicios de la industria alimenticia,subrubro,2003-01-01,2003,2430.723,FALSE,1. Resto país
Santa Fe,Resto de productos,subrubro,2003-01-01,2003,1172.138,FALSE,1. Resto país
Santa Fe,Semillas y frutos oleaginosos,subrubro,2003-01-01,2003,545.514,FALSE,1. Resto país
Santa Fe,Total,total,2003-01-01,2003,6274.255,FALSE,1. Resto país
Santiago del Estero,Cereales,subrubro,2003-01-01,2003,50.835,FALSE,2. NOA-Resto
Santiago del Estero,Fibras de algodón,subrubro,2003-01-01,2003,0.624,FALSE,2. NOA-Resto
Santiago del Estero,Hortalizas y legumbres sin elaborar,subrubro,2003-01-01,2003,8.643,FALSE,2. NOA-Resto
Santiago del Estero,Resto de productos,subrubro,2003-01-01,2003,4.082,FALSE,2. NOA-Resto
Santiago del Estero,Semillas y frutos oleaginosos,subrubro,2003-01-01,2003,81.063,FALSE,2. NOA-Resto
Santiago del Estero,Textiles y confecciones,subrubro,2003-01-01,2003,0,FALSE,2. NOA-Resto
Santiago del Estero,Total,total,2003-01-01,2003,145.252,FALSE,2. NOA-Resto
Tierra del Fuego,Gas de petróleo y otros hidrocarburos gaseosos,subrubro,2003-01-01,2003,125.358,FALSE,1. Resto país
Tierra del Fuego,"Máquinas y aparatos, material eléctrico",subrubro,2003-01-01,2003,24.612,FALSE,1. Resto país
Tierra del Fuego,Pescados y mariscos elaborados,subrubro,2003-01-01,2003,34.502,FALSE,1. Resto país
Tierra del Fuego,Pescados y mariscos sin elaborar,subrubro,2003-01-01,2003,24.49,FALSE,1. Resto país
Tierra del Fuego,Petróleo crudo,subrubro,2003-01-01,2003,86.115,FALSE,1. Resto país
Tierra del Fuego,Resto de productos,subrubro,2003-01-01,2003,25.64,FALSE,1. Resto país
Tierra del Fuego,Total,total,2003-01-01,2003,320.718,FALSE,1. Resto país
Tucumán,"Azúcar, cacao y artículos de confitería",subrubro,2003-01-01,2003,35.773,FALSE,2. NOA-Resto
Tucumán,Frutas frescas,subrubro,2003-01-01,2003,119.612,FALSE,2. NOA-Resto
Tucumán,Material de transporte terrestre,subrubro,2003-01-01,2003,65.158,FALSE,2. NOA-Resto
Tucumán,"Preparados de hortalizas, legumbres y frutas",subrubro,2003-01-01,2003,27.04,FALSE,2. NOA-Resto
Tucumán,Productos químicos y conexos,subrubro,2003-01-01,2003,40.713,FALSE,2. NOA-Resto
Tucumán,Resto de productos,subrubro,2003-01-01,2003,99.44,FALSE,2. NOA-Resto
Tucumán,Total,total,2003-01-01,2003,387.735,FALSE,2. NOA-Resto
Buenos Aires,Carburantes,subrubro,2004-01-01,2004,1467.075,FALSE,1. Resto país
Buenos Aires,Cereales,subrubro,2004-01-01,2004,1287.27,FALSE,1. Resto país
Buenos Aires,Material de transporte terrestre,subrubro,2004-01-01,2004,1259.472,FALSE,1. Resto país
Buenos Aires,Metales comunes y sus manufacturas,subrubro,2004-01-01,2004,1094.33,FALSE,1. Resto país
Buenos Aires,Productos químicos y conexos,subrubro,2004-01-01,2004,1486.326,FALSE,1. Resto país
Buenos Aires,Resto de productos,subrubro,2004-01-01,2004,6526.485,FALSE,1. Resto país
Buenos Aires,Total,total,2004-01-01,2004,13120.958,FALSE,1. Resto país
C.A.B.A.,Carnes,subrubro,2004-01-01,2004,38.892,FALSE,1. Resto país
C.A.B.A.,"Máquinas y aparatos, material eléctrico",subrubro,2004-01-01,2004,22.21,FALSE,1. Resto país
C.A.B.A.,"Papel, cartón, impresos y publicaciones",subrubro,2004-01-01,2004,11.74,FALSE,1. Resto país
C.A.B.A.,Pieles y cueros,subrubro,2004-01-01,2004,25.505,FALSE,1. Resto país
C.A.B.A.,Productos químicos y conexos,subrubro,2004-01-01,2004,95.881,FALSE,1. Resto país
C.A.B.A.,Resto de productos,subrubro,2004-01-01,2004,45.644,FALSE,1. Resto país
C.A.B.A.,Total,total,2004-01-01,2004,239.873,FALSE,1. Resto país
Catamarca,Hortalizas y legumbres sin elaborar,subrubro,2004-01-01,2004,6.686,FALSE,2. NOA-Resto
Catamarca,"Minerales metalíferos,escorias y cenizas",subrubro,2004-01-01,2004,664.696,FALSE,2. NOA-Resto
Catamarca,"Piedras, metales preciosos y sus manufacturas, monedas",subrubro,2004-01-01,2004,19.031,FALSE,2. NOA-Resto
Catamarca,Productos químicos y conexos,subrubro,2004-01-01,2004,13.065,FALSE,2. NOA-Resto
Catamarca,Residuos y desperdicios de la industria alimenticia,subrubro,2004-01-01,2004,5.873,FALSE,2. NOA-Resto
Catamarca,Resto de productos,subrubro,2004-01-01,2004,10.594,FALSE,2. NOA-Resto
Catamarca,Total,total,2004-01-01,2004,719.945,FALSE,2. NOA-Resto
Chaco,Cereales,subrubro,2004-01-01,2004,41.682,FALSE,1. Resto país
Chaco,"Extractos curtientes y tintóreos y materias albuminoideas, productos a base de almidón o féculas modificadas, colas enzimas",subrubro,2004-01-01,2004,34.572,FALSE,1. Resto país
Chaco,Fibras de algodón,subrubro,2004-01-01,2004,6.85,FALSE,1. Resto país
Chaco,Productos químicos y conexos,subrubro,2004-01-01,2004,5.445,FALSE,1. Resto país
Chaco,Resto de productos,subrubro,2004-01-01,2004,13.72,FALSE,1. Resto país
Chaco,Semillas y frutos oleaginosos,subrubro,2004-01-01,2004,50.642,FALSE,1. Resto país
Chaco,Total,total,2004-01-01,2004,152.912,FALSE,1. Resto país
Chubut,Lanas elaboradas,subrubro,2004-01-01,2004,113.608,FALSE,1. Resto país
Chubut,Metales comunes y sus manufacturas,subrubro,2004-01-01,2004,325.666,FALSE,1. Resto país
Chubut,Pescados y mariscos elaborados,subrubro,2004-01-01,2004,57.336,FALSE,1. Resto país
Chubut,Pescados y mariscos sin elaborar,subrubro,2004-01-01,2004,153.903,FALSE,1. Resto país
Chubut,Petróleo crudo,subrubro,2004-01-01,2004,1086.735,FALSE,1. Resto país
Chubut,Resto de productos,subrubro,2004-01-01,2004,66.152,FALSE,1. Resto país
Chubut,Total,total,2004-01-01,2004,1803.4,FALSE,1. Resto país
Corrientes,"Café, té, yerba mate y especias",subrubro,2004-01-01,2004,3.045,FALSE,1. Resto país
Corrientes,Cereales,subrubro,2004-01-01,2004,34.175,FALSE,1. Resto país
Corrientes,Frutas frescas,subrubro,2004-01-01,2004,25.639,FALSE,1. Resto país
Corrientes,Resto de productos,subrubro,2004-01-01,2004,33.895,FALSE,1. Resto país
Corrientes,Tabaco sin elaborar,subrubro,2004-01-01,2004,5.024,FALSE,1. Resto país
Corrientes,Textiles y confecciones,subrubro,2004-01-01,2004,8.985,FALSE,1. Resto país
Corrientes,Total,total,2004-01-01,2004,110.761,FALSE,1. Resto país
Córdoba,Cereales,subrubro,2004-01-01,2004,506.242,FALSE,1. Resto país
Córdoba,Grasas y aceites,subrubro,2004-01-01,2004,667.311,FALSE,1. Resto país
Córdoba,Material de transporte terrestre,subrubro,2004-01-01,2004,414.659,FALSE,1. Resto país
Córdoba,Residuos y desperdicios de la industria alimenticia,subrubro,2004-01-01,2004,860.943,FALSE,1. Resto país
Córdoba,Resto de productos,subrubro,2004-01-01,2004,682.348,FALSE,1. Resto país
Córdoba,Semillas y frutos oleaginosos,subrubro,2004-01-01,2004,511.808,FALSE,1. Resto país
Córdoba,Total,total,2004-01-01,2004,3643.31,FALSE,1. Resto país
Entre Ríos,Carnes,subrubro,2004-01-01,2004,69.165,FALSE,1. Resto país
Entre Ríos,Cereales,subrubro,2004-01-01,2004,215.892,FALSE,1. Resto país
Entre Ríos,Frutas frescas,subrubro,2004-01-01,2004,44.038,FALSE,1. Resto país
Entre Ríos,Productos lácteos,subrubro,2004-01-01,2004,45.332,FALSE,1. Resto país
Entre Ríos,Resto de productos,subrubro,2004-01-01,2004,180.584,FALSE,1. Resto país
Entre Ríos,Semillas y frutos oleaginosos,subrubro,2004-01-01,2004,131.429,FALSE,1. Resto país
Entre Ríos,Total,total,2004-01-01,2004,686.438,FALSE,1. Resto país
Formosa,Cereales,subrubro,2004-01-01,2004,1.675,FALSE,1. Resto país
Formosa,"Extractos curtientes y tintóreos y materias albuminoideas, productos a base de almidón o féculas modificadas, colas enzimas",subrubro,2004-01-01,2004,0,FALSE,1. Resto país
Formosa,Fibras de algodón,subrubro,2004-01-01,2004,0.963,FALSE,1. Resto país
Formosa,Petróleo crudo,subrubro,2004-01-01,2004,13.579,FALSE,1. Resto país
Formosa,Resto de productos,subrubro,2004-01-01,2004,2.048,FALSE,1. Resto país
Formosa,Semillas y frutos oleaginosos,subrubro,2004-01-01,2004,0,FALSE,1. Resto país
Formosa,Total,total,2004-01-01,2004,18.924,FALSE,1. Resto país
Jujuy,"Azúcar, cacao y artículos de confitería",subrubro,2004-01-01,2004,20.695,FALSE,2. NOA-Resto
Jujuy,Frutas frescas,subrubro,2004-01-01,2004,15.036,FALSE,2. NOA-Resto
Jujuy,Hortalizas y legumbres sin elaborar,subrubro,2004-01-01,2004,11.891,FALSE,2. NOA-Resto
Jujuy,Metales comunes y sus manufacturas,subrubro,2004-01-01,2004,11.904,FALSE,2. NOA-Resto
Jujuy,Resto de productos,subrubro,2004-01-01,2004,28.793,FALSE,2. NOA-Resto
Jujuy,Tabaco sin elaborar,subrubro,2004-01-01,2004,49.528,FALSE,2. NOA-Resto
Jujuy,Total,total,2004-01-01,2004,137.847,FALSE,2. NOA-Resto
La Pampa,Cereales,subrubro,2004-01-01,2004,68.243,FALSE,1. Resto país
La Pampa,"Manufacturas de piedra, yeso, etc, productos cerámicos, vidrio y sus manufacturas.",subrubro,2004-01-01,2004,5.677,FALSE,1. Resto país
La Pampa,Miel,subrubro,2004-01-01,2004,12.744,FALSE,1. Resto país
La Pampa,Petróleo crudo,subrubro,2004-01-01,2004,23.31,FALSE,1. Resto país
La Pampa,Resto de productos,subrubro,2004-01-01,2004,10.168,FALSE,1. Resto país
La Pampa,Semillas y frutos oleaginosos,subrubro,2004-01-01,2004,18.731,FALSE,1. Resto país
La Pampa,Total,total,2004-01-01,2004,138.872,FALSE,1. Resto país
La Rioja,Grasas y aceites,subrubro,2004-01-01,2004,8.43,FALSE,3. La Rioja
La Rioja,"Papel, cartón, impresos y publicaciones",subrubro,2004-01-01,2004,30.31,FALSE,3. La Rioja
La Rioja,Pieles y cueros,subrubro,2004-01-01,2004,105.471,FALSE,3. La Rioja
La Rioja,"Preparados de hortalizas, legumbres y frutas",subrubro,2004-01-01,2004,27.334,FALSE,3. La Rioja
La Rioja,Resto de productos,subrubro,2004-01-01,2004,17.548,FALSE,3. La Rioja
La Rioja,Textiles y confecciones,subrubro,2004-01-01,2004,8.21,FALSE,3. La Rioja
La Rioja,Total,total,2004-01-01,2004,197.304,FALSE,3. La Rioja
Mendoza,"Bebidas, líquidos alcohólicos y vinagre",subrubro,2004-01-01,2004,205.284,FALSE,1. Resto país
Mendoza,Carburantes,subrubro,2004-01-01,2004,173.767,FALSE,1. Resto país
Mendoza,Frutas frescas,subrubro,2004-01-01,2004,66.28,FALSE,1. Resto país
Mendoza,Petróleo crudo,subrubro,2004-01-01,2004,122.433,FALSE,1. Resto país
Mendoza,"Preparados de hortalizas, legumbres y frutas",subrubro,2004-01-01,2004,124.78,FALSE,1. Resto país
Mendoza,Resto de productos,subrubro,2004-01-01,2004,272.739,FALSE,1. Resto país
Mendoza,Total,total,2004-01-01,2004,965.283,FALSE,1. Resto país
Misiones,"Café, té, yerba mate y especias",subrubro,2004-01-01,2004,55.083,FALSE,1. Resto país
Misiones,Frutas frescas,subrubro,2004-01-01,2004,3.67,FALSE,1. Resto país
Misiones,Grasas y aceites,subrubro,2004-01-01,2004,1.526,FALSE,1. Resto país
Misiones,"Papel, cartón, impresos y publicaciones",subrubro,2004-01-01,2004,136.384,FALSE,1. Resto país
Misiones,Resto de productos,subrubro,2004-01-01,2004,139.903,FALSE,1. Resto país
Misiones,Tabaco sin elaborar,subrubro,2004-01-01,2004,61.496,FALSE,1. Resto país
Misiones,Total,total,2004-01-01,2004,398.063,FALSE,1. Resto país
Neuquén,Carburantes,subrubro,2004-01-01,2004,176.897,FALSE,1. Resto país
Neuquén,Frutas frescas,subrubro,2004-01-01,2004,23.868,FALSE,1. Resto país
Neuquén,Gas de petróleo y otros hidrocarburos gaseosos,subrubro,2004-01-01,2004,244.653,FALSE,1. Resto país
Neuquén,Petróleo crudo,subrubro,2004-01-01,2004,438.36,FALSE,1. Resto país
Neuquén,"Preparados de hortalizas, legumbres y frutas",subrubro,2004-01-01,2004,24.623,FALSE,1. Resto país
Neuquén,Resto de productos,subrubro,2004-01-01,2004,11.384,FALSE,1. Resto país
Neuquén,Total,total,2004-01-01,2004,919.784,FALSE,1. Resto país
Río Negro,Frutas frescas,subrubro,2004-01-01,2004,172.558,FALSE,1. Resto país
Río Negro,Lanas sucias,subrubro,2004-01-01,2004,8.897,FALSE,1. Resto país
Río Negro,Materias plásticas y sus manufacturas,subrubro,2004-01-01,2004,19.406,FALSE,1. Resto país
Río Negro,Petróleo crudo,subrubro,2004-01-01,2004,69.25,FALSE,1. Resto país
Río Negro,"Preparados de hortalizas, legumbres y frutas",subrubro,2004-01-01,2004,29.205,FALSE,1. Resto país
Río Negro,Resto de productos,subrubro,2004-01-01,2004,45.651,FALSE,1. Resto país
Río Negro,Total,total,2004-01-01,2004,344.967,FALSE,1. Resto país
Salta,Carburantes,subrubro,2004-01-01,2004,181.002,FALSE,2. NOA-Resto
Salta,Gas de petróleo y otros hidrocarburos gaseosos,subrubro,2004-01-01,2004,105.077,FALSE,2. NOA-Resto
Salta,Hortalizas y legumbres sin elaborar,subrubro,2004-01-01,2004,55.2,FALSE,2. NOA-Resto
Salta,Productos químicos y conexos,subrubro,2004-01-01,2004,54.624,FALSE,2. NOA-Resto
Salta,Resto de productos,subrubro,2004-01-01,2004,156.88,FALSE,2. NOA-Resto
Salta,Tabaco sin elaborar,subrubro,2004-01-01,2004,52.491,FALSE,2. NOA-Resto
Salta,Total,total,2004-01-01,2004,605.274,FALSE,2. NOA-Resto
San Juan,Frutas frescas,subrubro,2004-01-01,2004,37.644,FALSE,1. Resto país
San Juan,Frutas secas o procesadas,subrubro,2004-01-01,2004,19.983,FALSE,1. Resto país
San Juan,Hortalizas y legumbres sin elaborar,subrubro,2004-01-01,2004,17.622,FALSE,1. Resto país
San Juan,"Preparados de hortalizas, legumbres y frutas",subrubro,2004-01-01,2004,36.847,FALSE,1. Resto país
San Juan,Productos químicos y conexos,subrubro,2004-01-01,2004,35.091,FALSE,1. Resto país
San Juan,Resto de productos,subrubro,2004-01-01,2004,63.341,FALSE,1. Resto país
San Juan,Total,total,2004-01-01,2004,210.527,FALSE,1. Resto país
San Luis,Carnes,subrubro,2004-01-01,2004,32.843,FALSE,1. Resto país
San Luis,Metales comunes y sus manufacturas,subrubro,2004-01-01,2004,26.781,FALSE,1. Resto país
San Luis,"Máquinas y aparatos, material eléctrico",subrubro,2004-01-01,2004,35.042,FALSE,1. Resto país
San Luis,"Papel, cartón, impresos y publicaciones",subrubro,2004-01-01,2004,52.592,FALSE,1. Resto país
San Luis,"Preparados de hortalizas, legumbres y frutas",subrubro,2004-01-01,2004,34.551,FALSE,1. Resto país
San Luis,Resto de productos,subrubro,2004-01-01,2004,148.13,FALSE,1. Resto país
San Luis,Total,total,2004-01-01,2004,329.94,FALSE,1. Resto país
Santa Cruz,Gas de petróleo y otros hidrocarburos gaseosos,subrubro,2004-01-01,2004,50.966,FALSE,1. Resto país
Santa Cruz,Pescados y mariscos elaborados,subrubro,2004-01-01,2004,24.023,FALSE,1. Resto país
Santa Cruz,Pescados y mariscos sin elaborar,subrubro,2004-01-01,2004,190.007,FALSE,1. Resto país
Santa Cruz,Petróleo crudo,subrubro,2004-01-01,2004,373.862,FALSE,1. Resto país
Santa Cruz,"Piedras, metales preciosos y sus manufacturas, monedas",subrubro,2004-01-01,2004,113.854,FALSE,1. Resto país
Santa Cruz,Resto de productos,subrubro,2004-01-01,2004,28.905,FALSE,1. Resto país
Santa Cruz,Total,total,2004-01-01,2004,781.616,FALSE,1. Resto país
Santa Fe,Carnes,subrubro,2004-01-01,2004,349.982,FALSE,1. Resto país
Santa Fe,Cereales,subrubro,2004-01-01,2004,396.134,FALSE,1. Resto país
Santa Fe,Grasas y aceites,subrubro,2004-01-01,2004,1709.741,FALSE,1. Resto país
Santa Fe,Residuos y desperdicios de la industria alimenticia,subrubro,2004-01-01,2004,2649.458,FALSE,1. Resto país
Santa Fe,Resto de productos,subrubro,2004-01-01,2004,1558.396,FALSE,1. Resto país
Santa Fe,Semillas y frutos oleaginosos,subrubro,2004-01-01,2004,506.447,FALSE,1. Resto país
Santa Fe,Total,total,2004-01-01,2004,7170.157,FALSE,1. Resto país
Santiago del Estero,Cereales,subrubro,2004-01-01,2004,63.179,FALSE,2. NOA-Resto
Santiago del Estero,Fibras de algodón,subrubro,2004-01-01,2004,1.938,FALSE,2. NOA-Resto
Santiago del Estero,Hortalizas y legumbres sin elaborar,subrubro,2004-01-01,2004,3.041,FALSE,2. NOA-Resto
Santiago del Estero,Resto de productos,subrubro,2004-01-01,2004,4.996,FALSE,2. NOA-Resto
Santiago del Estero,Semillas y frutos oleaginosos,subrubro,2004-01-01,2004,68.761,FALSE,2. NOA-Resto
Santiago del Estero,Textiles y confecciones,subrubro,2004-01-01,2004,8.386,FALSE,2. NOA-Resto
Santiago del Estero,Total,total,2004-01-01,2004,150.301,FALSE,2. NOA-Resto
Tierra del Fuego,Gas de petróleo y otros hidrocarburos gaseosos,subrubro,2004-01-01,2004,155.464,FALSE,1. Resto país
Tierra del Fuego,"Máquinas y aparatos, material eléctrico",subrubro,2004-01-01,2004,28.872,FALSE,1. Resto país
Tierra del Fuego,Pescados y mariscos elaborados,subrubro,2004-01-01,2004,40.145,FALSE,1. Resto país
Tierra del Fuego,Pescados y mariscos sin elaborar,subrubro,2004-01-01,2004,35.032,FALSE,1. Resto país
Tierra del Fuego,Petróleo crudo,subrubro,2004-01-01,2004,71.061,FALSE,1. Resto país
Tierra del Fuego,Resto de productos,subrubro,2004-01-01,2004,38.193,FALSE,1. Resto país
Tierra del Fuego,Total,total,2004-01-01,2004,368.767,FALSE,1. Resto país
Tucumán,"Azúcar, cacao y artículos de confitería",subrubro,2004-01-01,2004,38.877,FALSE,2. NOA-Resto
Tucumán,Frutas frescas,subrubro,2004-01-01,2004,120.857,FALSE,2. NOA-Resto
Tucumán,Material de transporte terrestre,subrubro,2004-01-01,2004,90.945,FALSE,2. NOA-Resto
Tucumán,"Preparados de hortalizas, legumbres y frutas",subrubro,2004-01-01,2004,27.936,FALSE,2. NOA-Resto
Tucumán,Productos químicos y conexos,subrubro,2004-01-01,2004,45.344,FALSE,2. NOA-Resto
Tucumán,Resto de productos,subrubro,2004-01-01,2004,114.246,FALSE,2. NOA-Resto
Tucumán,Total,total,2004-01-01,2004,438.205,FALSE,2. NOA-Resto
Buenos Aires,Carburantes,subrubro,2005-01-01,2005,1663.94,FALSE,1. Resto país
Buenos Aires,Cereales,subrubro,2005-01-01,2005,1262.58,FALSE,1. Resto país
Buenos Aires,Material de transporte terrestre,subrubro,2005-01-01,2005,1970.081,FALSE,1. Resto país
Buenos Aires,Metales comunes y sus manufacturas,subrubro,2005-01-01,2005,1601.415,FALSE,1. Resto país
Buenos Aires,Productos químicos y conexos,subrubro,2005-01-01,2005,1645.626,FALSE,1. Resto país
Buenos Aires,Resto de productos,subrubro,2005-01-01,2005,7483.223,FALSE,1. Resto país
Buenos Aires,Total,total,2005-01-01,2005,15626.865,FALSE,1. Resto país
C.A.B.A.,Carnes,subrubro,2005-01-01,2005,49.603,FALSE,1. Resto país
C.A.B.A.,"Máquinas y aparatos, material eléctrico",subrubro,2005-01-01,2005,24.968,FALSE,1. Resto país
C.A.B.A.,Pieles y cueros,subrubro,2005-01-01,2005,19.332,FALSE,1. Resto país
C.A.B.A.,Productos químicos y conexos,subrubro,2005-01-01,2005,94.203,FALSE,1. Resto país
C.A.B.A.,Residuos y desperdicios de la industria alimenticia,subrubro,2005-01-01,2005,8.379,FALSE,1. Resto país
C.A.B.A.,Resto de productos,subrubro,2005-01-01,2005,74.809,FALSE,1. Resto país
C.A.B.A.,Total,total,2005-01-01,2005,271.295,FALSE,1. Resto país
Catamarca,"Azúcar, cacao y artículos de confitería",subrubro,2005-01-01,2005,8.243,FALSE,2. NOA-Resto
Catamarca,Grasas y aceites,subrubro,2005-01-01,2005,3.949,FALSE,2. NOA-Resto
Catamarca,"Minerales metalíferos,escorias y cenizas",subrubro,2005-01-01,2005,995.717,FALSE,2. NOA-Resto
Catamarca,"Piedras, metales preciosos y sus manufacturas, monedas",subrubro,2005-01-01,2005,26.709,FALSE,2. NOA-Resto
Catamarca,Productos químicos y conexos,subrubro,2005-01-01,2005,16.652,FALSE,2. NOA-Resto
Catamarca,Resto de productos,subrubro,2005-01-01,2005,15.566,FALSE,2. NOA-Resto
Catamarca,Total,total,2005-01-01,2005,1066.835,FALSE,2. NOA-Resto
Chaco,Cereales,subrubro,2005-01-01,2005,19.348,FALSE,1. Resto país
Chaco,"Extractos curtientes y tintóreos y materias albuminoideas, productos a base de almidón o féculas modificadas, colas enzimas",subrubro,2005-01-01,2005,36.091,FALSE,1. Resto país
Chaco,"Productos de molinería y preparaciones a base de cereales, harina,fécula o leche, productos de pastelería",subrubro,2005-01-01,2005,0,FALSE,1. Resto país
Chaco,Productos químicos y conexos,subrubro,2005-01-01,2005,6.291,FALSE,1. Resto país
Chaco,Resto de productos,subrubro,2005-01-01,2005,32.241,FALSE,1. Resto país
Chaco,Semillas y frutos oleaginosos,subrubro,2005-01-01,2005,57.535,FALSE,1. Resto país
Chaco,Total,total,2005-01-01,2005,151.574,FALSE,1. Resto país
Chubut,Lanas elaboradas,subrubro,2005-01-01,2005,110.729,FALSE,1. Resto país
Chubut,Metales comunes y sus manufacturas,subrubro,2005-01-01,2005,386.633,FALSE,1. Resto país
Chubut,Pescados y mariscos elaborados,subrubro,2005-01-01,2005,69.841,FALSE,1. Resto país
Chubut,Pescados y mariscos sin elaborar,subrubro,2005-01-01,2005,156.195,FALSE,1. Resto país
Chubut,Petróleo crudo,subrubro,2005-01-01,2005,1254.491,FALSE,1. Resto país
Chubut,Resto de productos,subrubro,2005-01-01,2005,60.701,FALSE,1. Resto país
Chubut,Total,total,2005-01-01,2005,2038.589,FALSE,1. Resto país
Corrientes,Cereales,subrubro,2005-01-01,2005,40.499,FALSE,1. Resto país
Corrientes,Energía eléctrica,subrubro,2005-01-01,2005,0,FALSE,1. Resto país
Corrientes,Frutas frescas,subrubro,2005-01-01,2005,17.704,FALSE,1. Resto país
Corrientes,Resto de productos,subrubro,2005-01-01,2005,32.641,FALSE,1. Resto país
Corrientes,Tabaco sin elaborar,subrubro,2005-01-01,2005,2.73,FALSE,1. Resto país
Corrientes,Textiles y confecciones,subrubro,2005-01-01,2005,6.388,FALSE,1. Resto país
Corrientes,Total,total,2005-01-01,2005,99.963,FALSE,1. Resto país
Córdoba,Cereales,subrubro,2005-01-01,2005,649.563,FALSE,1. Resto país
Córdoba,Grasas y aceites,subrubro,2005-01-01,2005,710.547,FALSE,1. Resto país
Córdoba,Material de transporte terrestre,subrubro,2005-01-01,2005,515.596,FALSE,1. Resto país
Córdoba,Residuos y desperdicios de la industria alimenticia,subrubro,2005-01-01,2005,972.576,FALSE,1. Resto país
Córdoba,Resto de productos,subrubro,2005-01-01,2005,861.841,FALSE,1. Resto país
Córdoba,Semillas y frutos oleaginosos,subrubro,2005-01-01,2005,742.055,FALSE,1. Resto país
Córdoba,Total,total,2005-01-01,2005,4452.178,FALSE,1. Resto país
Entre Ríos,Carnes,subrubro,2005-01-01,2005,109.852,FALSE,1. Resto país
Entre Ríos,Cereales,subrubro,2005-01-01,2005,219.691,FALSE,1. Resto país
Entre Ríos,Energía eléctrica,subrubro,2005-01-01,2005,0,FALSE,1. Resto país
Entre Ríos,Frutas frescas,subrubro,2005-01-01,2005,54.228,FALSE,1. Resto país
Entre Ríos,Resto de productos,subrubro,2005-01-01,2005,242.716,FALSE,1. Resto país
Entre Ríos,Semillas y frutos oleaginosos,subrubro,2005-01-01,2005,188.855,FALSE,1. Resto país
Entre Ríos,Total,total,2005-01-01,2005,815.341,FALSE,1. Resto país
Formosa,Cereales,subrubro,2005-01-01,2005,2.334,FALSE,1. Resto país
Formosa,"Extractos curtientes y tintóreos y materias albuminoideas, productos a base de almidón o féculas modificadas, colas enzimas",subrubro,2005-01-01,2005,2.091,FALSE,1. Resto país
Formosa,Frutas frescas,subrubro,2005-01-01,2005,0,FALSE,1. Resto país
Formosa,Petróleo crudo,subrubro,2005-01-01,2005,22.832,FALSE,1. Resto país
Formosa,Productos químicos y conexos,subrubro,2005-01-01,2005,0,FALSE,1. Resto país
Formosa,Resto de productos,subrubro,2005-01-01,2005,5.626,FALSE,1. Resto país
Formosa,Total,total,2005-01-01,2005,33.276,FALSE,1. Resto país
Jujuy,"Azúcar, cacao y artículos de confitería",subrubro,2005-01-01,2005,65.819,FALSE,2. NOA-Resto
Jujuy,Frutas frescas,subrubro,2005-01-01,2005,17.381,FALSE,2. NOA-Resto
Jujuy,Hortalizas y legumbres sin elaborar,subrubro,2005-01-01,2005,16.328,FALSE,2. NOA-Resto
Jujuy,Metales comunes y sus manufacturas,subrubro,2005-01-01,2005,15.025,FALSE,2. NOA-Resto
Jujuy,Resto de productos,subrubro,2005-01-01,2005,40.707,FALSE,2. NOA-Resto
Jujuy,Tabaco sin elaborar,subrubro,2005-01-01,2005,50.636,FALSE,2. NOA-Resto
Jujuy,Total,total,2005-01-01,2005,205.897,FALSE,2. NOA-Resto
La Pampa,Carnes,subrubro,2005-01-01,2005,22.784,FALSE,1. Resto país
La Pampa,Cereales,subrubro,2005-01-01,2005,133.054,FALSE,1. Resto país
La Pampa,"Manufacturas de piedra, yeso, etc, productos cerámicos, vidrio y sus manufacturas",subrubro,2005-01-01,2005,6.856,FALSE,1. Resto país
La Pampa,Miel,subrubro,2005-01-01,2005,13.454,FALSE,1. Resto país
La Pampa,Resto de productos,subrubro,2005-01-01,2005,28.542,FALSE,1. Resto país
La Pampa,Semillas y frutos oleaginosos,subrubro,2005-01-01,2005,38.185,FALSE,1. Resto país
La Pampa,Total,total,2005-01-01,2005,242.874,FALSE,1. Resto país
La Rioja,"Bebidas, líquidos alcohólicos y vinagre",subrubro,2005-01-01,2005,8.736,FALSE,3. La Rioja
La Rioja,Grasas y aceites,subrubro,2005-01-01,2005,17.204,FALSE,3. La Rioja
La Rioja,"Papel, cartón, impresos y publicaciones",subrubro,2005-01-01,2005,31.42,FALSE,3. La Rioja
La Rioja,"Preparados de hortalizas, legumbres y frutas",subrubro,2005-01-01,2005,35.086,FALSE,3. La Rioja
La Rioja,Productos químicos y conexos,subrubro,2005-01-01,2005,4.093,FALSE,3. La Rioja
La Rioja,Resto de productos,subrubro,2005-01-01,2005,78.324,FALSE,3. La Rioja
La Rioja,Total,total,2005-01-01,2005,174.862,FALSE,3. La Rioja
Mendoza,"Bebidas, líquidos alcohólicos y vinagre",subrubro,2005-01-01,2005,266.868,FALSE,1. Resto país
Mendoza,Carburantes,subrubro,2005-01-01,2005,94.542,FALSE,1. Resto país
Mendoza,Frutas frescas,subrubro,2005-01-01,2005,89.464,FALSE,1. Resto país
Mendoza,Hortalizas y legumbres sin elaborar,subrubro,2005-01-01,2005,72.324,FALSE,1. Resto país
Mendoza,"Preparados de hortalizas, legumbres y frutas",subrubro,2005-01-01,2005,138.047,FALSE,1. Resto país
Mendoza,Resto de productos,subrubro,2005-01-01,2005,380.436,FALSE,1. Resto país
Mendoza,Total,total,2005-01-01,2005,1041.681,FALSE,1. Resto país
Misiones,"Café, té, yerba mate y especias",subrubro,2005-01-01,2005,60.684,FALSE,1. Resto país
Misiones,Frutas frescas,subrubro,2005-01-01,2005,4.767,FALSE,1. Resto país
Misiones,Grasas y aceites,subrubro,2005-01-01,2005,1.409,FALSE,1. Resto país
Misiones,"Papel, cartón, impresos y publicaciones",subrubro,2005-01-01,2005,105.417,FALSE,1. Resto país
Misiones,Resto de productos,subrubro,2005-01-01,2005,139.516,FALSE,1. Resto país
Misiones,Tabaco sin elaborar,subrubro,2005-01-01,2005,70.78,FALSE,1. Resto país
Misiones,Total,total,2005-01-01,2005,382.573,FALSE,1. Resto país
Neuquén,Carburantes,subrubro,2005-01-01,2005,245.788,FALSE,1. Resto país
Neuquén,Frutas frescas,subrubro,2005-01-01,2005,32.271,FALSE,1. Resto país
Neuquén,Gas de petróleo y otros hidrocarburos gaseosos,subrubro,2005-01-01,2005,242.085,FALSE,1. Resto país
Neuquén,"Preparados de hortalizas, legumbres y frutas",subrubro,2005-01-01,2005,29.184,FALSE,1. Resto país
Neuquén,Productos químicos y conexos,subrubro,2005-01-01,2005,5.85,FALSE,1. Resto país
Neuquén,Resto de productos,subrubro,2005-01-01,2005,345.404,FALSE,1. Resto país
Neuquén,Total,total,2005-01-01,2005,900.583,FALSE,1. Resto país
Río Negro,Carnes,subrubro,2005-01-01,2005,2.495,FALSE,1. Resto país
Río Negro,Frutas frescas,subrubro,2005-01-01,2005,234.444,FALSE,1. Resto país
Río Negro,Gas de petróleo y otros hidrocarburos gaseosos,subrubro,2005-01-01,2005,4.955,FALSE,1. Resto país
Río Negro,Materias plásticas y sus manufacturas,subrubro,2005-01-01,2005,24.347,FALSE,1. Resto país
Río Negro,"Preparados de hortalizas, legumbres y frutas",subrubro,2005-01-01,2005,32.758,FALSE,1. Resto país
Río Negro,Resto de productos,subrubro,2005-01-01,2005,116.904,FALSE,1. Resto país
Río Negro,Total,total,2005-01-01,2005,415.902,FALSE,1. Resto país
Salta,Carburantes,subrubro,2005-01-01,2005,262.129,FALSE,2. NOA-Resto
Salta,Hortalizas y legumbres sin elaborar,subrubro,2005-01-01,2005,75.366,FALSE,2. NOA-Resto
Salta,Productos químicos y conexos,subrubro,2005-01-01,2005,67.748,FALSE,2. NOA-Resto
Salta,Resto de productos,subrubro,2005-01-01,2005,283.004,FALSE,2. NOA-Resto
Salta,Semillas y frutos oleaginosos,subrubro,2005-01-01,2005,46.747,FALSE,2. NOA-Resto
Salta,Tabaco sin elaborar,subrubro,2005-01-01,2005,74.58,FALSE,2. NOA-Resto
Salta,Total,total,2005-01-01,2005,809.574,FALSE,2. NOA-Resto
San Juan,"Bebidas, líquidos alcohólicos y vinagre",subrubro,2005-01-01,2005,26.906,FALSE,1. Resto país
San Juan,Frutas frescas,subrubro,2005-01-01,2005,44.15,FALSE,1. Resto país
San Juan,"Piedras, metales preciosos y sus manufacturas, monedas",subrubro,2005-01-01,2005,0,FALSE,1. Resto país
San Juan,"Preparados de hortalizas, legumbres y frutas",subrubro,2005-01-01,2005,57.332,FALSE,1. Resto país
San Juan,Productos químicos y conexos,subrubro,2005-01-01,2005,36.023,FALSE,1. Resto país
San Juan,Resto de productos,subrubro,2005-01-01,2005,119.904,FALSE,1. Resto país
San Juan,Total,total,2005-01-01,2005,284.316,FALSE,1. Resto país
San Luis,Carnes,subrubro,2005-01-01,2005,42.531,FALSE,1. Resto país
San Luis,Materias plásticas y sus manufacturas,subrubro,2005-01-01,2005,29.683,FALSE,1. Resto país
San Luis,Metales comunes y sus manufacturas,subrubro,2005-01-01,2005,41.068,FALSE,1. Resto país
San Luis,"Máquinas y aparatos, material eléctrico",subrubro,2005-01-01,2005,45.167,FALSE,1. Resto país
San Luis,"Papel, cartón, impresos y publicaciones",subrubro,2005-01-01,2005,52.403,FALSE,1. Resto país
San Luis,Resto de productos,subrubro,2005-01-01,2005,164.078,FALSE,1. Resto país
San Luis,Total,total,2005-01-01,2005,374.93,FALSE,1. Resto país
Santa Cruz,Carnes,subrubro,2005-01-01,2005,22.426,FALSE,1. Resto país
Santa Cruz,Gas de petróleo y otros hidrocarburos gaseosos,subrubro,2005-01-01,2005,60.446,FALSE,1. Resto país
Santa Cruz,Pescados y mariscos elaborados,subrubro,2005-01-01,2005,24.833,FALSE,1. Resto país
Santa Cruz,Pescados y mariscos sin elaborar,subrubro,2005-01-01,2005,133.013,FALSE,1. Resto país
Santa Cruz,"Piedras, metales preciosos y sus manufacturas, monedas",subrubro,2005-01-01,2005,116.86,FALSE,1. Resto país
Santa Cruz,Resto de productos,subrubro,2005-01-01,2005,500.783,FALSE,1. Resto país
Santa Cruz,Total,total,2005-01-01,2005,858.361,FALSE,1. Resto país
Santa Fe,Cereales,subrubro,2005-01-01,2005,366.116,FALSE,1. Resto país
Santa Fe,Grasas y aceites,subrubro,2005-01-01,2005,1717.8,FALSE,1. Resto país
Santa Fe,Material de transporte terrestre,subrubro,2005-01-01,2005,274.121,FALSE,1. Resto país
Santa Fe,Residuos y desperdicios de la industria alimenticia,subrubro,2005-01-01,2005,2748.195,FALSE,1. Resto país
Santa Fe,Resto de productos,subrubro,2005-01-01,2005,1983.387,FALSE,1. Resto país
Santa Fe,Semillas y frutos oleaginosos,subrubro,2005-01-01,2005,630.812,FALSE,1. Resto país
Santa Fe,Total,total,2005-01-01,2005,7720.431,FALSE,1. Resto país
Santiago del Estero,Cereales,subrubro,2005-01-01,2005,24.591,FALSE,2. NOA-Resto
Santiago del Estero,Hortalizas y legumbres sin elaborar,subrubro,2005-01-01,2005,1.97,FALSE,2. NOA-Resto
Santiago del Estero,Miel,subrubro,2005-01-01,2005,1.748,FALSE,2. NOA-Resto
Santiago del Estero,Resto de productos,subrubro,2005-01-01,2005,8.372,FALSE,2. NOA-Resto
Santiago del Estero,Semillas y frutos oleaginosos,subrubro,2005-01-01,2005,43.568,FALSE,2. NOA-Resto
Santiago del Estero,Textiles y confecciones,subrubro,2005-01-01,2005,21.543,FALSE,2. NOA-Resto
Santiago del Estero,Total,total,2005-01-01,2005,101.791,FALSE,2. NOA-Resto
Tierra del Fuego,Gas de petróleo y otros hidrocarburos gaseosos,subrubro,2005-01-01,2005,189.787,FALSE,1. Resto país
Tierra del Fuego,Materias plásticas y sus manufacturas,subrubro,2005-01-01,2005,3.556,FALSE,1. Resto país
Tierra del Fuego,"Máquinas y aparatos, material eléctrico",subrubro,2005-01-01,2005,13.828,FALSE,1. Resto país
Tierra del Fuego,Pescados y mariscos elaborados,subrubro,2005-01-01,2005,40.867,FALSE,1. Resto país
Tierra del Fuego,Pescados y mariscos sin elaborar,subrubro,2005-01-01,2005,33.638,FALSE,1. Resto país
Tierra del Fuego,Resto de productos,subrubro,2005-01-01,2005,131.47,FALSE,1. Resto país
Tierra del Fuego,Total,total,2005-01-01,2005,413.146,FALSE,1. Resto país
Tucumán,"Azúcar, cacao y artículos de confitería",subrubro,2005-01-01,2005,60.336,FALSE,2. NOA-Resto
Tucumán,Frutas frescas,subrubro,2005-01-01,2005,142.12,FALSE,2. NOA-Resto
Tucumán,Material de transporte terrestre,subrubro,2005-01-01,2005,102.642,FALSE,2. NOA-Resto
Tucumán,Productos químicos y conexos,subrubro,2005-01-01,2005,81.152,FALSE,2. NOA-Resto
Tucumán,Resto de productos,subrubro,2005-01-01,2005,139.741,FALSE,2. NOA-Resto
Tucumán,Semillas y frutos oleaginosos,subrubro,2005-01-01,2005,34.894,FALSE,2. NOA-Resto
Tucumán,Total,total,2005-01-01,2005,560.886,FALSE,2. NOA-Resto
Buenos Aires,Carburantes,subrubro,2006-01-01,2006,1938.557,FALSE,1. Resto país
Buenos Aires,Cereales,subrubro,2006-01-01,2006,1306.367,FALSE,1. Resto país
Buenos Aires,Material de transporte terrestre,subrubro,2006-01-01,2006,2914.948,FALSE,1. Resto país
Buenos Aires,Metales comunes y sus manufacturas,subrubro,2006-01-01,2006,1707.871,FALSE,1. Resto país
Buenos Aires,Productos químicos y conexos,subrubro,2006-01-01,2006,1845.146,FALSE,1. Resto país
Buenos Aires,Resto de productos,subrubro,2006-01-01,2006,8116.268,FALSE,1. Resto país
Buenos Aires,Total,total,2006-01-01,2006,17829.157,FALSE,1. Resto país
C.A.B.A.,Carnes,subrubro,2006-01-01,2006,52.397,FALSE,1. Resto país
C.A.B.A.,"Máquinas y aparatos, material eléctrico",subrubro,2006-01-01,2006,33.725,FALSE,1. Resto país
C.A.B.A.,Pieles y cueros,subrubro,2006-01-01,2006,29.652,FALSE,1. Resto país
C.A.B.A.,Productos químicos y conexos,subrubro,2006-01-01,2006,108.381,FALSE,1. Resto país
C.A.B.A.,Residuos y desperdicios de la industria alimenticia,subrubro,2006-01-01,2006,9.88,FALSE,1. Resto país
C.A.B.A.,Resto de productos,subrubro,2006-01-01,2006,93.089,FALSE,1. Resto país
C.A.B.A.,Total,total,2006-01-01,2006,327.125,FALSE,1. Resto país
Catamarca,"Azúcar, cacao y artículos de confitería",subrubro,2006-01-01,2006,12.806,FALSE,2. NOA-Resto
Catamarca,Grasas y aceites,subrubro,2006-01-01,2006,6.451,FALSE,2. NOA-Resto
Catamarca,"Minerales metalíferos,escorias y cenizas",subrubro,2006-01-01,2006,1335.014,FALSE,2. NOA-Resto
Catamarca,"Piedras, metales preciosos y sus manufacturas, monedas",subrubro,2006-01-01,2006,48.032,FALSE,2. NOA-Resto
Catamarca,Productos químicos y conexos,subrubro,2006-01-01,2006,26.262,FALSE,2. NOA-Resto
Catamarca,Resto de productos,subrubro,2006-01-01,2006,19.198,FALSE,2. NOA-Resto
Catamarca,Total,total,2006-01-01,2006,1447.763,FALSE,2. NOA-Resto
Chaco,Cereales,subrubro,2006-01-01,2006,48.189,FALSE,1. Resto país
Chaco,"Extractos curtientes y tintóreos y materias albuminoideas, productos a base de almidón o féculas modificadas, colas enzimas",subrubro,2006-01-01,2006,40.624,FALSE,1. Resto país
Chaco,"Productos de molinería y preparaciones a base de cereales, harina,fécula o leche, productos de pastelería",subrubro,2006-01-01,2006,1.262,FALSE,1. Resto país
Chaco,Productos químicos y conexos,subrubro,2006-01-01,2006,6.571,FALSE,1. Resto país
Chaco,Resto de productos,subrubro,2006-01-01,2006,27.277,FALSE,1. Resto país
Chaco,Semillas y frutos oleaginosos,subrubro,2006-01-01,2006,68.28,FALSE,1. Resto país
Chaco,Total,total,2006-01-01,2006,192.202,FALSE,1. Resto país
Chubut,Lanas elaboradas,subrubro,2006-01-01,2006,116.651,FALSE,1. Resto país
Chubut,Metales comunes y sus manufacturas,subrubro,2006-01-01,2006,392.261,FALSE,1. Resto país
Chubut,Pescados y mariscos elaborados,subrubro,2006-01-01,2006,84.135,FALSE,1. Resto país
Chubut,Pescados y mariscos sin elaborar,subrubro,2006-01-01,2006,261.618,FALSE,1. Resto país
Chubut,Petróleo crudo,subrubro,2006-01-01,2006,1203.046,FALSE,1. Resto país
Chubut,Resto de productos,subrubro,2006-01-01,2006,56.002,FALSE,1. Resto país
Chubut,Total,total,2006-01-01,2006,2113.713,FALSE,1. Resto país
Corrientes,Cereales,subrubro,2006-01-01,2006,62.83,FALSE,1. Resto país
Corrientes,Energía eléctrica,subrubro,2006-01-01,2006,2.507,FALSE,1. Resto país
Corrientes,Frutas frescas,subrubro,2006-01-01,2006,20.397,FALSE,1. Resto país
Corrientes,Resto de productos,subrubro,2006-01-01,2006,40.418,FALSE,1. Resto país
Corrientes,Tabaco sin elaborar,subrubro,2006-01-01,2006,4.808,FALSE,1. Resto país
Corrientes,Textiles y confecciones,subrubro,2006-01-01,2006,3.631,FALSE,1. Resto país
Corrientes,Total,total,2006-01-01,2006,134.592,FALSE,1. Resto país
Córdoba,Cereales,subrubro,2006-01-01,2006,661.495,FALSE,1. Resto país
Córdoba,Grasas y aceites,subrubro,2006-01-01,2006,778.471,FALSE,1. Resto país
Córdoba,Material de transporte terrestre,subrubro,2006-01-01,2006,670.849,FALSE,1. Resto país
Córdoba,Residuos y desperdicios de la industria alimenticia,subrubro,2006-01-01,2006,1036.802,FALSE,1. Resto país
Córdoba,Resto de productos,subrubro,2006-01-01,2006,1049.83,FALSE,1. Resto país
Córdoba,Semillas y frutos oleaginosos,subrubro,2006-01-01,2006,601.634,FALSE,1. Resto país
Córdoba,Total,total,2006-01-01,2006,4799.082,FALSE,1. Resto país
Entre Ríos,Carnes,subrubro,2006-01-01,2006,114.347,FALSE,1. Resto país
Entre Ríos,Cereales,subrubro,2006-01-01,2006,224.942,FALSE,1. Resto país
Entre Ríos,Energía eléctrica,subrubro,2006-01-01,2006,0,FALSE,1. Resto país
Entre Ríos,Frutas frescas,subrubro,2006-01-01,2006,72.423,FALSE,1. Resto país
Entre Ríos,Resto de productos,subrubro,2006-01-01,2006,272.272,FALSE,1. Resto país
Entre Ríos,Semillas y frutos oleaginosos,subrubro,2006-01-01,2006,127.31,FALSE,1. Resto país
Entre Ríos,Total,total,2006-01-01,2006,811.292,FALSE,1. Resto país
Formosa,Cereales,subrubro,2006-01-01,2006,3.526,FALSE,1. Resto país
Formosa,"Extractos curtientes y tintóreos y materias albuminoideas, productos a base de almidón o féculas modificadas, colas enzimas",subrubro,2006-01-01,2006,6.99,FALSE,1. Resto país
Formosa,Frutas frescas,subrubro,2006-01-01,2006,0,FALSE,1. Resto país
Formosa,Petróleo crudo,subrubro,2006-01-01,2006,21.895,FALSE,1. Resto país
Formosa,Productos químicos y conexos,subrubro,2006-01-01,2006,1.81,FALSE,1. Resto país
Formosa,Resto de productos,subrubro,2006-01-01,2006,5.386,FALSE,1. Resto país
Formosa,Total,total,2006-01-01,2006,39.64,FALSE,1. Resto país
Jujuy,"Azúcar, cacao y artículos de confitería",subrubro,2006-01-01,2006,102.035,FALSE,2. NOA-Resto
Jujuy,Frutas frescas,subrubro,2006-01-01,2006,17.874,FALSE,2. NOA-Resto
Jujuy,Hortalizas y legumbres sin elaborar,subrubro,2006-01-01,2006,19.154,FALSE,2. NOA-Resto
Jujuy,Metales comunes y sus manufacturas,subrubro,2006-01-01,2006,15.662,FALSE,2. NOA-Resto
Jujuy,Resto de productos,subrubro,2006-01-01,2006,55.163,FALSE,2. NOA-Resto
Jujuy,Tabaco sin elaborar,subrubro,2006-01-01,2006,75.926,FALSE,2. NOA-Resto
Jujuy,Total,total,2006-01-01,2006,285.813,FALSE,2. NOA-Resto
La Pampa,Carnes,subrubro,2006-01-01,2006,17.398,FALSE,1. Resto país
La Pampa,Cereales,subrubro,2006-01-01,2006,77.921,FALSE,1. Resto país
La Pampa,"Manufacturas de piedra, yeso, etc, productos cerámicos, vidrio y sus manufacturas",subrubro,2006-01-01,2006,11.272,FALSE,1. Resto país
La Pampa,Miel,subrubro,2006-01-01,2006,16.143,FALSE,1. Resto país
La Pampa,Resto de productos,subrubro,2006-01-01,2006,28.22,FALSE,1. Resto país
La Pampa,Semillas y frutos oleaginosos,subrubro,2006-01-01,2006,18.325,FALSE,1. Resto país
La Pampa,Total,total,2006-01-01,2006,169.28,FALSE,1. Resto país
La Rioja,"Bebidas, líquidos alcohólicos y vinagre",subrubro,2006-01-01,2006,6.52,FALSE,3. La Rioja
La Rioja,Grasas y aceites,subrubro,2006-01-01,2006,16.625,FALSE,3. La Rioja
La Rioja,"Papel, cartón, impresos y publicaciones",subrubro,2006-01-01,2006,35.755,FALSE,3. La Rioja
La Rioja,"Preparados de hortalizas, legumbres y frutas",subrubro,2006-01-01,2006,47.187,FALSE,3. La Rioja
La Rioja,Productos químicos y conexos,subrubro,2006-01-01,2006,5.845,FALSE,3. La Rioja
La Rioja,Resto de productos,subrubro,2006-01-01,2006,50.468,FALSE,3. La Rioja
La Rioja,Total,total,2006-01-01,2006,162.4,FALSE,3. La Rioja
Mendoza,"Bebidas, líquidos alcohólicos y vinagre",subrubro,2006-01-01,2006,334.668,FALSE,1. Resto país
Mendoza,Carburantes,subrubro,2006-01-01,2006,89.99,FALSE,1. Resto país
Mendoza,Frutas frescas,subrubro,2006-01-01,2006,96.28,FALSE,1. Resto país
Mendoza,Hortalizas y legumbres sin elaborar,subrubro,2006-01-01,2006,79.679,FALSE,1. Resto país
Mendoza,"Preparados de hortalizas, legumbres y frutas",subrubro,2006-01-01,2006,164.067,FALSE,1. Resto país
Mendoza,Resto de productos,subrubro,2006-01-01,2006,411.654,FALSE,1. Resto país
Mendoza,Total,total,2006-01-01,2006,1176.338,FALSE,1. Resto país
Misiones,"Café, té, yerba mate y especias",subrubro,2006-01-01,2006,69.986,FALSE,1. Resto país
Misiones,Frutas frescas,subrubro,2006-01-01,2006,5.632,FALSE,1. Resto país
Misiones,Grasas y aceites,subrubro,2006-01-01,2006,1.001,FALSE,1. Resto país
Misiones,"Papel, cartón, impresos y publicaciones",subrubro,2006-01-01,2006,119.643,FALSE,1. Resto país
Misiones,Resto de productos,subrubro,2006-01-01,2006,157.441,FALSE,1. Resto país
Misiones,Tabaco sin elaborar,subrubro,2006-01-01,2006,67.261,FALSE,1. Resto país
Misiones,Total,total,2006-01-01,2006,420.964,FALSE,1. Resto país
Neuquén,Carburantes,subrubro,2006-01-01,2006,176.621,FALSE,1. Resto país
Neuquén,Frutas frescas,subrubro,2006-01-01,2006,32.021,FALSE,1. Resto país
Neuquén,Gas de petróleo y otros hidrocarburos gaseosos,subrubro,2006-01-01,2006,328.797,FALSE,1. Resto país
Neuquén,"Preparados de hortalizas, legumbres y frutas",subrubro,2006-01-01,2006,36.53,FALSE,1. Resto país
Neuquén,Productos químicos y conexos,subrubro,2006-01-01,2006,2.335,FALSE,1. Resto país
Neuquén,Resto de productos,subrubro,2006-01-01,2006,339.576,FALSE,1. Resto país
Neuquén,Total,total,2006-01-01,2006,915.88,FALSE,1. Resto país
Río Negro,Carnes,subrubro,2006-01-01,2006,3.688,FALSE,1. Resto país
Río Negro,Frutas frescas,subrubro,2006-01-01,2006,230.947,FALSE,1. Resto país
Río Negro,Gas de petróleo y otros hidrocarburos gaseosos,subrubro,2006-01-01,2006,19.944,FALSE,1. Resto país
Río Negro,Materias plásticas y sus manufacturas,subrubro,2006-01-01,2006,22.088,FALSE,1. Resto país
Río Negro,"Preparados de hortalizas, legumbres y frutas",subrubro,2006-01-01,2006,36.934,FALSE,1. Resto país
Río Negro,Resto de productos,subrubro,2006-01-01,2006,102.422,FALSE,1. Resto país
Río Negro,Total,total,2006-01-01,2006,416.022,FALSE,1. Resto país
Salta,Carburantes,subrubro,2006-01-01,2006,265.34,FALSE,2. NOA-Resto
Salta,Hortalizas y legumbres sin elaborar,subrubro,2006-01-01,2006,89.978,FALSE,2. NOA-Resto
Salta,Productos químicos y conexos,subrubro,2006-01-01,2006,76.755,FALSE,2. NOA-Resto
Salta,Resto de productos,subrubro,2006-01-01,2006,305.103,FALSE,2. NOA-Resto
Salta,Semillas y frutos oleaginosos,subrubro,2006-01-01,2006,66.98,FALSE,2. NOA-Resto
Salta,Tabaco sin elaborar,subrubro,2006-01-01,2006,74.714,FALSE,2. NOA-Resto
Salta,Total,total,2006-01-01,2006,878.869,FALSE,2. NOA-Resto
San Juan,"Bebidas, líquidos alcohólicos y vinagre",subrubro,2006-01-01,2006,35.977,FALSE,1. Resto país
San Juan,Frutas frescas,subrubro,2006-01-01,2006,66.133,FALSE,1. Resto país
San Juan,"Piedras, metales preciosos y sus manufacturas, monedas",subrubro,2006-01-01,2006,331.577,FALSE,1. Resto país
San Juan,"Preparados de hortalizas, legumbres y frutas",subrubro,2006-01-01,2006,58.313,FALSE,1. Resto país
San Juan,Productos químicos y conexos,subrubro,2006-01-01,2006,48.871,FALSE,1. Resto país
San Juan,Resto de productos,subrubro,2006-01-01,2006,134.131,FALSE,1. Resto país
San Juan,Total,total,2006-01-01,2006,675.001,FALSE,1. Resto país
San Luis,Carnes,subrubro,2006-01-01,2006,40.567,FALSE,1. Resto país
San Luis,Materias plásticas y sus manufacturas,subrubro,2006-01-01,2006,37.331,FALSE,1. Resto país
San Luis,Metales comunes y sus manufacturas,subrubro,2006-01-01,2006,54.279,FALSE,1. Resto país
San Luis,"Máquinas y aparatos, material eléctrico",subrubro,2006-01-01,2006,45.79,FALSE,1. Resto país
San Luis,"Papel, cartón, impresos y publicaciones",subrubro,2006-01-01,2006,80.094,FALSE,1. Resto país
San Luis,Resto de productos,subrubro,2006-01-01,2006,180.587,FALSE,1. Resto país
San Luis,Total,total,2006-01-01,2006,438.649,FALSE,1. Resto país
Santa Cruz,Carnes,subrubro,2006-01-01,2006,18.872,FALSE,1. Resto país
Santa Cruz,Gas de petróleo y otros hidrocarburos gaseosos,subrubro,2006-01-01,2006,92.123,FALSE,1. Resto país
Santa Cruz,Pescados y mariscos elaborados,subrubro,2006-01-01,2006,31.286,FALSE,1. Resto país
Santa Cruz,Pescados y mariscos sin elaborar,subrubro,2006-01-01,2006,316.33,FALSE,1. Resto país
Santa Cruz,"Piedras, metales preciosos y sus manufacturas, monedas",subrubro,2006-01-01,2006,168.028,FALSE,1. Resto país
Santa Cruz,Resto de productos,subrubro,2006-01-01,2006,496.485,FALSE,1. Resto país
Santa Cruz,Total,total,2006-01-01,2006,1123.124,FALSE,1. Resto país
Santa Fe,Cereales,subrubro,2006-01-01,2006,409.324,FALSE,1. Resto país
Santa Fe,Grasas y aceites,subrubro,2006-01-01,2006,2212.598,FALSE,1. Resto país
Santa Fe,Material de transporte terrestre,subrubro,2006-01-01,2006,293.819,FALSE,1. Resto país
Santa Fe,Residuos y desperdicios de la industria alimenticia,subrubro,2006-01-01,2006,3304.051,FALSE,1. Resto país
Santa Fe,Resto de productos,subrubro,2006-01-01,2006,2254.907,FALSE,1. Resto país
Santa Fe,Semillas y frutos oleaginosos,subrubro,2006-01-01,2006,456.228,FALSE,1. Resto país
Santa Fe,Total,total,2006-01-01,2006,8930.927,FALSE,1. Resto país
Santiago del Estero,Cereales,subrubro,2006-01-01,2006,59.637,FALSE,2. NOA-Resto
Santiago del Estero,Hortalizas y legumbres sin elaborar,subrubro,2006-01-01,2006,2.573,FALSE,2. NOA-Resto
Santiago del Estero,Miel,subrubro,2006-01-01,2006,2.097,FALSE,2. NOA-Resto
Santiago del Estero,Resto de productos,subrubro,2006-01-01,2006,4.576,FALSE,2. NOA-Resto
Santiago del Estero,Semillas y frutos oleaginosos,subrubro,2006-01-01,2006,71.085,FALSE,2. NOA-Resto
Santiago del Estero,Textiles y confecciones,subrubro,2006-01-01,2006,19.216,FALSE,2. NOA-Resto
Santiago del Estero,Total,total,2006-01-01,2006,159.183,FALSE,2. NOA-Resto
Tierra del Fuego,Gas de petróleo y otros hidrocarburos gaseosos,subrubro,2006-01-01,2006,227.816,FALSE,1. Resto país
Tierra del Fuego,Materias plásticas y sus manufacturas,subrubro,2006-01-01,2006,5.303,FALSE,1. Resto país
Tierra del Fuego,"Máquinas y aparatos, material eléctrico",subrubro,2006-01-01,2006,39.298,FALSE,1. Resto país
Tierra del Fuego,Pescados y mariscos elaborados,subrubro,2006-01-01,2006,47.695,FALSE,1. Resto país
Tierra del Fuego,Pescados y mariscos sin elaborar,subrubro,2006-01-01,2006,53.923,FALSE,1. Resto país
Tierra del Fuego,Resto de productos,subrubro,2006-01-01,2006,131.57,FALSE,1. Resto país
Tierra del Fuego,Total,total,2006-01-01,2006,505.605,FALSE,1. Resto país
Tucumán,"Azúcar, cacao y artículos de confitería",subrubro,2006-01-01,2006,118.757,FALSE,2. NOA-Resto
Tucumán,Frutas frescas,subrubro,2006-01-01,2006,117.56,FALSE,2. NOA-Resto
Tucumán,Material de transporte terrestre,subrubro,2006-01-01,2006,124.784,FALSE,2. NOA-Resto
Tucumán,Productos químicos y conexos,subrubro,2006-01-01,2006,81.864,FALSE,2. NOA-Resto
Tucumán,Resto de productos,subrubro,2006-01-01,2006,172.963,FALSE,2. NOA-Resto
Tucumán,Semillas y frutos oleaginosos,subrubro,2006-01-01,2006,36.827,FALSE,2. NOA-Resto
Tucumán,Total,total,2006-01-01,2006,652.756,FALSE,2. NOA-Resto
Buenos Aires,Carburantes,subrubro,2007-01-01,2007,2122.288,FALSE,1. Resto país
Buenos Aires,Cereales,subrubro,2007-01-01,2007,1984.604,FALSE,1. Resto país
Buenos Aires,Material de transporte terrestre,subrubro,2007-01-01,2007,3553.179,FALSE,1. Resto país
Buenos Aires,Metales comunes y sus manufacturas,subrubro,2007-01-01,2007,1924.859,FALSE,1. Resto país
Buenos Aires,Productos químicos y conexos,subrubro,2007-01-01,2007,2022.66,FALSE,1. Resto país
Buenos Aires,Resto de productos,subrubro,2007-01-01,2007,9160.297,FALSE,1. Resto país
Buenos Aires,Total,total,2007-01-01,2007,20767.885,FALSE,1. Resto país
C.A.B.A.,Carnes,subrubro,2007-01-01,2007,59.383,FALSE,1. Resto país
C.A.B.A.,"Máquinas y aparatos, material eléctrico",subrubro,2007-01-01,2007,38.303,FALSE,1. Resto país
C.A.B.A.,Pieles y cueros,subrubro,2007-01-01,2007,42.796,FALSE,1. Resto país
C.A.B.A.,Productos químicos y conexos,subrubro,2007-01-01,2007,100.722,FALSE,1. Resto país
C.A.B.A.,Residuos y desperdicios de la industria alimenticia,subrubro,2007-01-01,2007,22.088,FALSE,1. Resto país
C.A.B.A.,Resto de productos,subrubro,2007-01-01,2007,97.497,FALSE,1. Resto país
C.A.B.A.,Total,total,2007-01-01,2007,360.79,FALSE,1. Resto país
Catamarca,"Azúcar, cacao y artículos de confitería",subrubro,2007-01-01,2007,11.265,FALSE,2. NOA-Resto
Catamarca,Grasas y aceites,subrubro,2007-01-01,2007,10.232,FALSE,2. NOA-Resto
Catamarca,"Minerales metalíferos,escorias y cenizas",subrubro,2007-01-01,2007,1485.457,FALSE,2. NOA-Resto
Catamarca,"Piedras, metales preciosos y sus manufacturas, monedas",subrubro,2007-01-01,2007,55.78,FALSE,2. NOA-Resto
Catamarca,Productos químicos y conexos,subrubro,2007-01-01,2007,29.736,FALSE,2. NOA-Resto
Catamarca,Resto de productos,subrubro,2007-01-01,2007,34.325,FALSE,2. NOA-Resto
Catamarca,Total,total,2007-01-01,2007,1626.794,FALSE,2. NOA-Resto
Chaco,Cereales,subrubro,2007-01-01,2007,92.251,FALSE,1. Resto país
Chaco,"Extractos curtientes y tintóreos y materias albuminoideas, productos a base de almidón o féculas modificadas, colas enzimas",subrubro,2007-01-01,2007,47.689,FALSE,1. Resto país
Chaco,"Productos de molinería y preparaciones a base de cereales, harina,fécula o leche, productos de pastelería",subrubro,2007-01-01,2007,11.377,FALSE,1. Resto país
Chaco,Productos químicos y conexos,subrubro,2007-01-01,2007,7.766,FALSE,1. Resto país
Chaco,Resto de productos,subrubro,2007-01-01,2007,30.729,FALSE,1. Resto país
Chaco,Semillas y frutos oleaginosos,subrubro,2007-01-01,2007,103.197,FALSE,1. Resto país
Chaco,Total,total,2007-01-01,2007,293.007,FALSE,1. Resto país
Chubut,Lanas elaboradas,subrubro,2007-01-01,2007,137.951,FALSE,1. Resto país
Chubut,Metales comunes y sus manufacturas,subrubro,2007-01-01,2007,463.981,FALSE,1. Resto país
Chubut,Pescados y mariscos elaborados,subrubro,2007-01-01,2007,74.201,FALSE,1. Resto país
Chubut,Pescados y mariscos sin elaborar,subrubro,2007-01-01,2007,242.101,FALSE,1. Resto país
Chubut,Petróleo crudo,subrubro,2007-01-01,2007,648.001,FALSE,1. Resto país
Chubut,Resto de productos,subrubro,2007-01-01,2007,85.83,FALSE,1. Resto país
Chubut,Total,total,2007-01-01,2007,1652.066,FALSE,1. Resto país
Corrientes,Cereales,subrubro,2007-01-01,2007,61.87,FALSE,1. Resto país
Corrientes,Energía eléctrica,subrubro,2007-01-01,2007,8.374,FALSE,1. Resto país
Corrientes,Frutas frescas,subrubro,2007-01-01,2007,20.222,FALSE,1. Resto país
Corrientes,Resto de productos,subrubro,2007-01-01,2007,36.072,FALSE,1. Resto país
Corrientes,Tabaco sin elaborar,subrubro,2007-01-01,2007,4.517,FALSE,1. Resto país
Corrientes,Textiles y confecciones,subrubro,2007-01-01,2007,5.899,FALSE,1. Resto país
Corrientes,Total,total,2007-01-01,2007,136.954,FALSE,1. Resto país
Córdoba,Cereales,subrubro,2007-01-01,2007,1185.611,FALSE,1. Resto país
Córdoba,Grasas y aceites,subrubro,2007-01-01,2007,977.408,FALSE,1. Resto país
Córdoba,Material de transporte terrestre,subrubro,2007-01-01,2007,946.376,FALSE,1. Resto país
Córdoba,Residuos y desperdicios de la industria alimenticia,subrubro,2007-01-01,2007,1202.74,FALSE,1. Resto país
Córdoba,Resto de productos,subrubro,2007-01-01,2007,1216.39,FALSE,1. Resto país
Córdoba,Semillas y frutos oleaginosos,subrubro,2007-01-01,2007,1190.567,FALSE,1. Resto país
Córdoba,Total,total,2007-01-01,2007,6719.092,FALSE,1. Resto país
Entre Ríos,Carnes,subrubro,2007-01-01,2007,167.133,FALSE,1. Resto país
Entre Ríos,Cereales,subrubro,2007-01-01,2007,354.075,FALSE,1. Resto país
Entre Ríos,Energía eléctrica,subrubro,2007-01-01,2007,47.075,FALSE,1. Resto país
Entre Ríos,Frutas frescas,subrubro,2007-01-01,2007,101.527,FALSE,1. Resto país
Entre Ríos,Resto de productos,subrubro,2007-01-01,2007,278.44,FALSE,1. Resto país
Entre Ríos,Semillas y frutos oleaginosos,subrubro,2007-01-01,2007,292.272,FALSE,1. Resto país
Entre Ríos,Total,total,2007-01-01,2007,1240.521,FALSE,1. Resto país
Formosa,Cereales,subrubro,2007-01-01,2007,4.995,FALSE,1. Resto país
Formosa,"Extractos curtientes y tintóreos y materias albuminoideas, productos a base de almidón o féculas modificadas, colas enzimas",subrubro,2007-01-01,2007,5.491,FALSE,1. Resto país
Formosa,Frutas frescas,subrubro,2007-01-01,2007,1.172,FALSE,1. Resto país
Formosa,Petróleo crudo,subrubro,2007-01-01,2007,11.794,FALSE,1. Resto país
Formosa,Productos químicos y conexos,subrubro,2007-01-01,2007,1.946,FALSE,1. Resto país
Formosa,Resto de productos,subrubro,2007-01-01,2007,5.156,FALSE,1. Resto país
Formosa,Total,total,2007-01-01,2007,30.554,FALSE,1. Resto país
Jujuy,"Azúcar, cacao y artículos de confitería",subrubro,2007-01-01,2007,36.351,FALSE,2. NOA-Resto
Jujuy,Frutas frescas,subrubro,2007-01-01,2007,17.454,FALSE,2. NOA-Resto
Jujuy,Hortalizas y legumbres sin elaborar,subrubro,2007-01-01,2007,29.112,FALSE,2. NOA-Resto
Jujuy,Metales comunes y sus manufacturas,subrubro,2007-01-01,2007,33.248,FALSE,2. NOA-Resto
Jujuy,Resto de productos,subrubro,2007-01-01,2007,69.823,FALSE,2. NOA-Resto
Jujuy,Tabaco sin elaborar,subrubro,2007-01-01,2007,90.335,FALSE,2. NOA-Resto
Jujuy,Total,total,2007-01-01,2007,276.323,FALSE,2. NOA-Resto
La Pampa,Carnes,subrubro,2007-01-01,2007,22.335,FALSE,1. Resto país
La Pampa,Cereales,subrubro,2007-01-01,2007,116.322,FALSE,1. Resto país
La Pampa,"Manufacturas de piedra, yeso, etc, productos cerámicos, vidrio y sus manufacturas",subrubro,2007-01-01,2007,4.464,FALSE,1. Resto país
La Pampa,Miel,subrubro,2007-01-01,2007,14.052,FALSE,1. Resto país
La Pampa,Resto de productos,subrubro,2007-01-01,2007,20.547,FALSE,1. Resto país
La Pampa,Semillas y frutos oleaginosos,subrubro,2007-01-01,2007,47.781,FALSE,1. Resto país
La Pampa,Total,total,2007-01-01,2007,225.502,FALSE,1. Resto país
La Rioja,"Bebidas, líquidos alcohólicos y vinagre",subrubro,2007-01-01,2007,11.663,FALSE,3. La Rioja
La Rioja,Grasas y aceites,subrubro,2007-01-01,2007,20.387,FALSE,3. La Rioja
La Rioja,"Papel, cartón, impresos y publicaciones",subrubro,2007-01-01,2007,36.834,FALSE,3. La Rioja
La Rioja,"Preparados de hortalizas, legumbres y frutas",subrubro,2007-01-01,2007,49.405,FALSE,3. La Rioja
La Rioja,Productos químicos y conexos,subrubro,2007-01-01,2007,10.223,FALSE,3. La Rioja
La Rioja,Resto de productos,subrubro,2007-01-01,2007,35.269,FALSE,3. La Rioja
La Rioja,Total,total,2007-01-01,2007,163.779,FALSE,3. La Rioja
Mendoza,"Bebidas, líquidos alcohólicos y vinagre",subrubro,2007-01-01,2007,429.395,FALSE,1. Resto país
Mendoza,Carburantes,subrubro,2007-01-01,2007,104.746,FALSE,1. Resto país
Mendoza,Frutas frescas,subrubro,2007-01-01,2007,115.301,FALSE,1. Resto país
Mendoza,Hortalizas y legumbres sin elaborar,subrubro,2007-01-01,2007,107.982,FALSE,1. Resto país
Mendoza,"Preparados de hortalizas, legumbres y frutas",subrubro,2007-01-01,2007,200.734,FALSE,1. Resto país
Mendoza,Resto de productos,subrubro,2007-01-01,2007,388.74,FALSE,1. Resto país
Mendoza,Total,total,2007-01-01,2007,1346.897,FALSE,1. Resto país
Misiones,"Café, té, yerba mate y especias",subrubro,2007-01-01,2007,78.478,FALSE,1. Resto país
Misiones,Frutas frescas,subrubro,2007-01-01,2007,8.615,FALSE,1. Resto país
Misiones,Grasas y aceites,subrubro,2007-01-01,2007,1.758,FALSE,1. Resto país
Misiones,"Papel, cartón, impresos y publicaciones",subrubro,2007-01-01,2007,132.481,FALSE,1. Resto país
Misiones,Resto de productos,subrubro,2007-01-01,2007,148.702,FALSE,1. Resto país
Misiones,Tabaco sin elaborar,subrubro,2007-01-01,2007,64.113,FALSE,1. Resto país
Misiones,Total,total,2007-01-01,2007,434.145,FALSE,1. Resto país
Neuquén,Carburantes,subrubro,2007-01-01,2007,161.45,FALSE,1. Resto país
Neuquén,Frutas frescas,subrubro,2007-01-01,2007,42.384,FALSE,1. Resto país
Neuquén,Gas de petróleo y otros hidrocarburos gaseosos,subrubro,2007-01-01,2007,244.632,FALSE,1. Resto país
Neuquén,"Preparados de hortalizas, legumbres y frutas",subrubro,2007-01-01,2007,31.664,FALSE,1. Resto país
Neuquén,Productos químicos y conexos,subrubro,2007-01-01,2007,1.137,FALSE,1. Resto país
Neuquén,Resto de productos,subrubro,2007-01-01,2007,203.97,FALSE,1. Resto país
Neuquén,Total,total,2007-01-01,2007,685.237,FALSE,1. Resto país
Río Negro,Carnes,subrubro,2007-01-01,2007,9.93,FALSE,1. Resto país
Río Negro,Frutas frescas,subrubro,2007-01-01,2007,307.193,FALSE,1. Resto país
Río Negro,Gas de petróleo y otros hidrocarburos gaseosos,subrubro,2007-01-01,2007,20.092,FALSE,1. Resto país
Río Negro,Materias plásticas y sus manufacturas,subrubro,2007-01-01,2007,16.637,FALSE,1. Resto país
Río Negro,"Preparados de hortalizas, legumbres y frutas",subrubro,2007-01-01,2007,54.321,FALSE,1. Resto país
Río Negro,Resto de productos,subrubro,2007-01-01,2007,73.921,FALSE,1. Resto país
Río Negro,Total,total,2007-01-01,2007,482.094,FALSE,1. Resto país
Salta,Carburantes,subrubro,2007-01-01,2007,325.668,FALSE,2. NOA-Resto
Salta,Hortalizas y legumbres sin elaborar,subrubro,2007-01-01,2007,135.453,FALSE,2. NOA-Resto
Salta,Productos químicos y conexos,subrubro,2007-01-01,2007,76.462,FALSE,2. NOA-Resto
Salta,Resto de productos,subrubro,2007-01-01,2007,323.116,FALSE,2. NOA-Resto
Salta,Semillas y frutos oleaginosos,subrubro,2007-01-01,2007,101.709,FALSE,2. NOA-Resto
Salta,Tabaco sin elaborar,subrubro,2007-01-01,2007,84.616,FALSE,2. NOA-Resto
Salta,Total,total,2007-01-01,2007,1047.023,FALSE,2. NOA-Resto
San Juan,"Bebidas, líquidos alcohólicos y vinagre",subrubro,2007-01-01,2007,46.787,FALSE,1. Resto país
San Juan,Frutas frescas,subrubro,2007-01-01,2007,56.995,FALSE,1. Resto país
San Juan,"Piedras, metales preciosos y sus manufacturas, monedas",subrubro,2007-01-01,2007,339.359,FALSE,1. Resto país
San Juan,"Preparados de hortalizas, legumbres y frutas",subrubro,2007-01-01,2007,83.935,FALSE,1. Resto país
San Juan,Productos químicos y conexos,subrubro,2007-01-01,2007,53.024,FALSE,1. Resto país
San Juan,Resto de productos,subrubro,2007-01-01,2007,162.012,FALSE,1. Resto país
San Juan,Total,total,2007-01-01,2007,742.113,FALSE,1. Resto país
San Luis,Carnes,subrubro,2007-01-01,2007,51.337,FALSE,1. Resto país
San Luis,Materias plásticas y sus manufacturas,subrubro,2007-01-01,2007,39.935,FALSE,1. Resto país
San Luis,Metales comunes y sus manufacturas,subrubro,2007-01-01,2007,47.314,FALSE,1. Resto país
San Luis,"Máquinas y aparatos, material eléctrico",subrubro,2007-01-01,2007,66.625,FALSE,1. Resto país
San Luis,"Papel, cartón, impresos y publicaciones",subrubro,2007-01-01,2007,101.393,FALSE,1. Resto país
San Luis,Resto de productos,subrubro,2007-01-01,2007,200.34,FALSE,1. Resto país
San Luis,Total,total,2007-01-01,2007,506.945,FALSE,1. Resto país
Santa Cruz,Carnes,subrubro,2007-01-01,2007,15.547,FALSE,1. Resto país
Santa Cruz,Gas de petróleo y otros hidrocarburos gaseosos,subrubro,2007-01-01,2007,68.96,FALSE,1. Resto país
Santa Cruz,Pescados y mariscos elaborados,subrubro,2007-01-01,2007,34.482,FALSE,1. Resto país
Santa Cruz,Pescados y mariscos sin elaborar,subrubro,2007-01-01,2007,205.679,FALSE,1. Resto país
Santa Cruz,"Piedras, metales preciosos y sus manufacturas, monedas",subrubro,2007-01-01,2007,171.515,FALSE,1. Resto país
Santa Cruz,Resto de productos,subrubro,2007-01-01,2007,301.85,FALSE,1. Resto país
Santa Cruz,Total,total,2007-01-01,2007,798.032,FALSE,1. Resto país
Santa Fe,Cereales,subrubro,2007-01-01,2007,602.377,FALSE,1. Resto país
Santa Fe,Grasas y aceites,subrubro,2007-01-01,2007,3406.003,FALSE,1. Resto país
Santa Fe,Material de transporte terrestre,subrubro,2007-01-01,2007,647.379,FALSE,1. Resto país
Santa Fe,Residuos y desperdicios de la industria alimenticia,subrubro,2007-01-01,2007,4482.012,FALSE,1. Resto país
Santa Fe,Resto de productos,subrubro,2007-01-01,2007,2606.864,FALSE,1. Resto país
Santa Fe,Semillas y frutos oleaginosos,subrubro,2007-01-01,2007,822.581,FALSE,1. Resto país
Santa Fe,Total,total,2007-01-01,2007,12567.216,FALSE,1. Resto país
Santiago del Estero,Cereales,subrubro,2007-01-01,2007,91.5,FALSE,2. NOA-Resto
Santiago del Estero,Hortalizas y legumbres sin elaborar,subrubro,2007-01-01,2007,3.513,FALSE,2. NOA-Resto
Santiago del Estero,Miel,subrubro,2007-01-01,2007,1.825,FALSE,2. NOA-Resto
Santiago del Estero,Resto de productos,subrubro,2007-01-01,2007,6.937,FALSE,2. NOA-Resto
Santiago del Estero,Semillas y frutos oleaginosos,subrubro,2007-01-01,2007,144.163,FALSE,2. NOA-Resto
Santiago del Estero,Textiles y confecciones,subrubro,2007-01-01,2007,22.898,FALSE,2. NOA-Resto
Santiago del Estero,Total,total,2007-01-01,2007,270.837,FALSE,2. NOA-Resto
Tierra del Fuego,Gas de petróleo y otros hidrocarburos gaseosos,subrubro,2007-01-01,2007,223.618,FALSE,1. Resto país
Tierra del Fuego,Materias plásticas y sus manufacturas,subrubro,2007-01-01,2007,6.528,FALSE,1. Resto país
Tierra del Fuego,"Máquinas y aparatos, material eléctrico",subrubro,2007-01-01,2007,67.201,FALSE,1. Resto país
Tierra del Fuego,Pescados y mariscos elaborados,subrubro,2007-01-01,2007,39.527,FALSE,1. Resto país
Tierra del Fuego,Pescados y mariscos sin elaborar,subrubro,2007-01-01,2007,42.318,FALSE,1. Resto país
Tierra del Fuego,Resto de productos,subrubro,2007-01-01,2007,76.941,FALSE,1. Resto país
Tierra del Fuego,Total,total,2007-01-01,2007,456.132,FALSE,1. Resto país
Tucumán,"Azúcar, cacao y artículos de confitería",subrubro,2007-01-01,2007,67.454,FALSE,2. NOA-Resto
Tucumán,Frutas frescas,subrubro,2007-01-01,2007,158.915,FALSE,2. NOA-Resto
Tucumán,Material de transporte terrestre,subrubro,2007-01-01,2007,135.381,FALSE,2. NOA-Resto
Tucumán,Productos químicos y conexos,subrubro,2007-01-01,2007,96.309,FALSE,2. NOA-Resto
Tucumán,Resto de productos,subrubro,2007-01-01,2007,235.666,FALSE,2. NOA-Resto
Tucumán,Semillas y frutos oleaginosos,subrubro,2007-01-01,2007,63.209,FALSE,2. NOA-Resto
Tucumán,Total,total,2007-01-01,2007,756.935,FALSE,2. NOA-Resto
Buenos Aires,Carburantes,subrubro,2008-01-01,2008,2185.378,FALSE,1. Resto país
Buenos Aires,Cereales,subrubro,2008-01-01,2008,2594.663,FALSE,1. Resto país
Buenos Aires,Material de transporte terrestre,subrubro,2008-01-01,2008,4171.431,FALSE,1. Resto país
Buenos Aires,Metales comunes y sus manufacturas,subrubro,2008-01-01,2008,2243.523,FALSE,1. Resto país
Buenos Aires,Productos químicos y conexos,subrubro,2008-01-01,2008,2386.257,FALSE,1. Resto país
Buenos Aires,Resto de productos,subrubro,2008-01-01,2008,11436.732,FALSE,1. Resto país
Buenos Aires,Total,total,2008-01-01,2008,25017.983,FALSE,1. Resto país
C.A.B.A.,Carnes,subrubro,2008-01-01,2008,71.861,FALSE,1. Resto país
C.A.B.A.,"Máquinas y aparatos, material eléctrico",subrubro,2008-01-01,2008,49.804,FALSE,1. Resto país
C.A.B.A.,Pieles y cueros,subrubro,2008-01-01,2008,41.618,FALSE,1. Resto país
C.A.B.A.,Productos químicos y conexos,subrubro,2008-01-01,2008,133.47,FALSE,1. Resto país
C.A.B.A.,Residuos y desperdicios de la industria alimenticia,subrubro,2008-01-01,2008,24.82,FALSE,1. Resto país
C.A.B.A.,Resto de productos,subrubro,2008-01-01,2008,121.954,FALSE,1. Resto país
C.A.B.A.,Total,total,2008-01-01,2008,443.528,FALSE,1. Resto país
Catamarca,"Azúcar, cacao y artículos de confitería",subrubro,2008-01-01,2008,9.736,FALSE,2. NOA-Resto
Catamarca,Grasas y aceites,subrubro,2008-01-01,2008,14.366,FALSE,2. NOA-Resto
Catamarca,"Minerales metalíferos,escorias y cenizas",subrubro,2008-01-01,2008,1121.93,FALSE,2. NOA-Resto
Catamarca,"Piedras, metales preciosos y sus manufacturas, monedas",subrubro,2008-01-01,2008,52.528,FALSE,2. NOA-Resto
Catamarca,Productos químicos y conexos,subrubro,2008-01-01,2008,46.368,FALSE,2. NOA-Resto
Catamarca,Resto de productos,subrubro,2008-01-01,2008,28.26,FALSE,2. NOA-Resto
Catamarca,Total,total,2008-01-01,2008,1273.189,FALSE,2. NOA-Resto
Chaco,Cereales,subrubro,2008-01-01,2008,104.663,FALSE,1. Resto país
Chaco,"Extractos curtientes y tintóreos y materias albuminoideas, productos a base de almidón o féculas modificadas, colas enzimas",subrubro,2008-01-01,2008,41.134,FALSE,1. Resto país
Chaco,"Productos de molinería y preparaciones a base de cereales, harina,fécula o leche, productos de pastelería",subrubro,2008-01-01,2008,16.678,FALSE,1. Resto país
Chaco,Productos químicos y conexos,subrubro,2008-01-01,2008,7.338,FALSE,1. Resto país
Chaco,Resto de productos,subrubro,2008-01-01,2008,39.404,FALSE,1. Resto país
Chaco,Semillas y frutos oleaginosos,subrubro,2008-01-01,2008,182.289,FALSE,1. Resto país
Chaco,Total,total,2008-01-01,2008,391.505,FALSE,1. Resto país
Chubut,Lanas elaboradas,subrubro,2008-01-01,2008,131.402,FALSE,1. Resto país
Chubut,Metales comunes y sus manufacturas,subrubro,2008-01-01,2008,707.04,FALSE,1. Resto país
Chubut,Pescados y mariscos elaborados,subrubro,2008-01-01,2008,73.184,FALSE,1. Resto país
Chubut,Pescados y mariscos sin elaborar,subrubro,2008-01-01,2008,287.162,FALSE,1. Resto país
Chubut,Petróleo crudo,subrubro,2008-01-01,2008,1504.885,FALSE,1. Resto país
Chubut,Resto de productos,subrubro,2008-01-01,2008,69.834,FALSE,1. Resto país
Chubut,Total,total,2008-01-01,2008,2773.506,FALSE,1. Resto país
Corrientes,Cereales,subrubro,2008-01-01,2008,101.646,FALSE,1. Resto país
Corrientes,Energía eléctrica,subrubro,2008-01-01,2008,29.173,FALSE,1. Resto país
Corrientes,Frutas frescas,subrubro,2008-01-01,2008,29.766,FALSE,1. Resto país
Corrientes,Resto de productos,subrubro,2008-01-01,2008,41.549,FALSE,1. Resto país
Corrientes,Tabaco sin elaborar,subrubro,2008-01-01,2008,4.823,FALSE,1. Resto país
Corrientes,Textiles y confecciones,subrubro,2008-01-01,2008,5.775,FALSE,1. Resto país
Corrientes,Total,total,2008-01-01,2008,212.732,FALSE,1. Resto país
Córdoba,Cereales,subrubro,2008-01-01,2008,2067.035,FALSE,1. Resto país
Córdoba,Grasas y aceites,subrubro,2008-01-01,2008,1240.981,FALSE,1. Resto país
Córdoba,Material de transporte terrestre,subrubro,2008-01-01,2008,1449.748,FALSE,1. Resto país
Córdoba,Residuos y desperdicios de la industria alimenticia,subrubro,2008-01-01,2008,1787.205,FALSE,1. Resto país
Córdoba,Resto de productos,subrubro,2008-01-01,2008,1667.207,FALSE,1. Resto país
Córdoba,Semillas y frutos oleaginosos,subrubro,2008-01-01,2008,1418.903,FALSE,1. Resto país
Córdoba,Total,total,2008-01-01,2008,9631.077,FALSE,1. Resto país
Entre Ríos,Carnes,subrubro,2008-01-01,2008,224.258,FALSE,1. Resto país
Entre Ríos,Cereales,subrubro,2008-01-01,2008,466.533,FALSE,1. Resto país
Entre Ríos,Energía eléctrica,subrubro,2008-01-01,2008,69.62,FALSE,1. Resto país
Entre Ríos,Frutas frescas,subrubro,2008-01-01,2008,110.207,FALSE,1. Resto país
Entre Ríos,Resto de productos,subrubro,2008-01-01,2008,283.089,FALSE,1. Resto país
Entre Ríos,Semillas y frutos oleaginosos,subrubro,2008-01-01,2008,331.088,FALSE,1. Resto país
Entre Ríos,Total,total,2008-01-01,2008,1484.795,FALSE,1. Resto país
Formosa,Cereales,subrubro,2008-01-01,2008,5.003,FALSE,1. Resto país
Formosa,"Extractos curtientes y tintóreos y materias albuminoideas, productos a base de almidón o féculas modificadas, colas enzimas",subrubro,2008-01-01,2008,9.162,FALSE,1. Resto país
Formosa,Frutas frescas,subrubro,2008-01-01,2008,1.807,FALSE,1. Resto país
Formosa,Petróleo crudo,subrubro,2008-01-01,2008,3.722,FALSE,1. Resto país
Formosa,Productos químicos y conexos,subrubro,2008-01-01,2008,1.829,FALSE,1. Resto país
Formosa,Resto de productos,subrubro,2008-01-01,2008,3.537,FALSE,1. Resto país
Formosa,Total,total,2008-01-01,2008,25.06,FALSE,1. Resto país
Jujuy,"Azúcar, cacao y artículos de confitería",subrubro,2008-01-01,2008,49.85,FALSE,2. NOA-Resto
Jujuy,Frutas frescas,subrubro,2008-01-01,2008,23.693,FALSE,2. NOA-Resto
Jujuy,Hortalizas y legumbres sin elaborar,subrubro,2008-01-01,2008,26.625,FALSE,2. NOA-Resto
Jujuy,Metales comunes y sus manufacturas,subrubro,2008-01-01,2008,45.738,FALSE,2. NOA-Resto
Jujuy,Resto de productos,subrubro,2008-01-01,2008,78.273,FALSE,2. NOA-Resto
Jujuy,Tabaco sin elaborar,subrubro,2008-01-01,2008,98.096,FALSE,2. NOA-Resto
Jujuy,Total,total,2008-01-01,2008,322.275,FALSE,2. NOA-Resto
La Pampa,Carnes,subrubro,2008-01-01,2008,33.93,FALSE,1. Resto país
La Pampa,Cereales,subrubro,2008-01-01,2008,232.852,FALSE,1. Resto país
La Pampa,"Manufacturas de piedra, yeso, etc, productos cerámicos, vidrio y sus manufacturas",subrubro,2008-01-01,2008,5.543,FALSE,1. Resto país
La Pampa,Miel,subrubro,2008-01-01,2008,18.983,FALSE,1. Resto país
La Pampa,Resto de productos,subrubro,2008-01-01,2008,13.495,FALSE,1. Resto país
La Pampa,Semillas y frutos oleaginosos,subrubro,2008-01-01,2008,77.979,FALSE,1. Resto país
La Pampa,Total,total,2008-01-01,2008,382.782,FALSE,1. Resto país
La Rioja,"Bebidas, líquidos alcohólicos y vinagre",subrubro,2008-01-01,2008,16.28,FALSE,3. La Rioja
La Rioja,Grasas y aceites,subrubro,2008-01-01,2008,16.006,FALSE,3. La Rioja
La Rioja,"Papel, cartón, impresos y publicaciones",subrubro,2008-01-01,2008,44.08,FALSE,3. La Rioja
La Rioja,"Preparados de hortalizas, legumbres y frutas",subrubro,2008-01-01,2008,51.533,FALSE,3. La Rioja
La Rioja,Productos químicos y conexos,subrubro,2008-01-01,2008,14.464,FALSE,3. La Rioja
La Rioja,Resto de productos,subrubro,2008-01-01,2008,36.507,FALSE,3. La Rioja
La Rioja,Total,total,2008-01-01,2008,178.87,FALSE,3. La Rioja
Mendoza,"Bebidas, líquidos alcohólicos y vinagre",subrubro,2008-01-01,2008,553.182,FALSE,1. Resto país
Mendoza,Carburantes,subrubro,2008-01-01,2008,138.702,FALSE,1. Resto país
Mendoza,Frutas frescas,subrubro,2008-01-01,2008,137.207,FALSE,1. Resto país
Mendoza,Hortalizas y legumbres sin elaborar,subrubro,2008-01-01,2008,98.91,FALSE,1. Resto país
Mendoza,"Preparados de hortalizas, legumbres y frutas",subrubro,2008-01-01,2008,236.285,FALSE,1. Resto país
Mendoza,Resto de productos,subrubro,2008-01-01,2008,423.237,FALSE,1. Resto país
Mendoza,Total,total,2008-01-01,2008,1587.524,FALSE,1. Resto país
Misiones,"Café, té, yerba mate y especias",subrubro,2008-01-01,2008,90.461,FALSE,1. Resto país
Misiones,Frutas frescas,subrubro,2008-01-01,2008,12.478,FALSE,1. Resto país
Misiones,Grasas y aceites,subrubro,2008-01-01,2008,1.681,FALSE,1. Resto país
Misiones,"Papel, cartón, impresos y publicaciones",subrubro,2008-01-01,2008,133.3,FALSE,1. Resto país
Misiones,Resto de productos,subrubro,2008-01-01,2008,137.017,FALSE,1. Resto país
Misiones,Tabaco sin elaborar,subrubro,2008-01-01,2008,99.046,FALSE,1. Resto país
Misiones,Total,total,2008-01-01,2008,473.982,FALSE,1. Resto país
Neuquén,Carburantes,subrubro,2008-01-01,2008,72.186,FALSE,1. Resto país
Neuquén,Frutas frescas,subrubro,2008-01-01,2008,49.8,FALSE,1. Resto país
Neuquén,Gas de petróleo y otros hidrocarburos gaseosos,subrubro,2008-01-01,2008,215.017,FALSE,1. Resto país
Neuquén,"Preparados de hortalizas, legumbres y frutas",subrubro,2008-01-01,2008,46.17,FALSE,1. Resto país
Neuquén,Productos químicos y conexos,subrubro,2008-01-01,2008,80.943,FALSE,1. Resto país
Neuquén,Resto de productos,subrubro,2008-01-01,2008,48.951,FALSE,1. Resto país
Neuquén,Total,total,2008-01-01,2008,513.067,FALSE,1. Resto país
Río Negro,Carnes,subrubro,2008-01-01,2008,17.66,FALSE,1. Resto país
Río Negro,Frutas frescas,subrubro,2008-01-01,2008,369.023,FALSE,1. Resto país
Río Negro,Gas de petróleo y otros hidrocarburos gaseosos,subrubro,2008-01-01,2008,37.772,FALSE,1. Resto país
Río Negro,Materias plásticas y sus manufacturas,subrubro,2008-01-01,2008,20.088,FALSE,1. Resto país
Río Negro,"Preparados de hortalizas, legumbres y frutas",subrubro,2008-01-01,2008,57.359,FALSE,1. Resto país
Río Negro,Resto de productos,subrubro,2008-01-01,2008,52.406,FALSE,1. Resto país
Río Negro,Total,total,2008-01-01,2008,554.308,FALSE,1. Resto país
Salta,Carburantes,subrubro,2008-01-01,2008,248.018,FALSE,2. NOA-Resto
Salta,Hortalizas y legumbres sin elaborar,subrubro,2008-01-01,2008,207.268,FALSE,2. NOA-Resto
Salta,Productos químicos y conexos,subrubro,2008-01-01,2008,81.178,FALSE,2. NOA-Resto
Salta,Resto de productos,subrubro,2008-01-01,2008,344.952,FALSE,2. NOA-Resto
Salta,Semillas y frutos oleaginosos,subrubro,2008-01-01,2008,147.475,FALSE,2. NOA-Resto
Salta,Tabaco sin elaborar,subrubro,2008-01-01,2008,120.049,FALSE,2. NOA-Resto
Salta,Total,total,2008-01-01,2008,1148.941,FALSE,2. NOA-Resto
San Juan,"Bebidas, líquidos alcohólicos y vinagre",subrubro,2008-01-01,2008,61.199,FALSE,1. Resto país
San Juan,Frutas frescas,subrubro,2008-01-01,2008,80.283,FALSE,1. Resto país
San Juan,"Piedras, metales preciosos y sus manufacturas, monedas",subrubro,2008-01-01,2008,466.7,FALSE,1. Resto país
San Juan,"Preparados de hortalizas, legumbres y frutas",subrubro,2008-01-01,2008,118.699,FALSE,1. Resto país
San Juan,Productos químicos y conexos,subrubro,2008-01-01,2008,72.437,FALSE,1. Resto país
San Juan,Resto de productos,subrubro,2008-01-01,2008,183.99,FALSE,1. Resto país
San Juan,Total,total,2008-01-01,2008,983.308,FALSE,1. Resto país
San Luis,Carnes,subrubro,2008-01-01,2008,65.037,FALSE,1. Resto país
San Luis,Materias plásticas y sus manufacturas,subrubro,2008-01-01,2008,50.584,FALSE,1. Resto país
San Luis,Metales comunes y sus manufacturas,subrubro,2008-01-01,2008,48.603,FALSE,1. Resto país
San Luis,"Máquinas y aparatos, material eléctrico",subrubro,2008-01-01,2008,75.408,FALSE,1. Resto país
San Luis,"Papel, cartón, impresos y publicaciones",subrubro,2008-01-01,2008,104.196,FALSE,1. Resto país
San Luis,Resto de productos,subrubro,2008-01-01,2008,237.921,FALSE,1. Resto país
San Luis,Total,total,2008-01-01,2008,581.75,FALSE,1. Resto país
Santa Cruz,Carnes,subrubro,2008-01-01,2008,19.057,FALSE,1. Resto país
Santa Cruz,Gas de petróleo y otros hidrocarburos gaseosos,subrubro,2008-01-01,2008,52.635,FALSE,1. Resto país
Santa Cruz,Pescados y mariscos elaborados,subrubro,2008-01-01,2008,24.716,FALSE,1. Resto país
Santa Cruz,Pescados y mariscos sin elaborar,subrubro,2008-01-01,2008,309.544,FALSE,1. Resto país
Santa Cruz,"Piedras, metales preciosos y sus manufacturas, monedas",subrubro,2008-01-01,2008,243.126,FALSE,1. Resto país
Santa Cruz,Resto de productos,subrubro,2008-01-01,2008,86.699,FALSE,1. Resto país
Santa Cruz,Total,total,2008-01-01,2008,735.775,FALSE,1. Resto país
Santa Fe,Cereales,subrubro,2008-01-01,2008,887.919,FALSE,1. Resto país
Santa Fe,Grasas y aceites,subrubro,2008-01-01,2008,4035.604,FALSE,1. Resto país
Santa Fe,Material de transporte terrestre,subrubro,2008-01-01,2008,686.222,FALSE,1. Resto país
Santa Fe,Residuos y desperdicios de la industria alimenticia,subrubro,2008-01-01,2008,5329.895,FALSE,1. Resto país
Santa Fe,Resto de productos,subrubro,2008-01-01,2008,3157.336,FALSE,1. Resto país
Santa Fe,Semillas y frutos oleaginosos,subrubro,2008-01-01,2008,1146.87,FALSE,1. Resto país
Santa Fe,Total,total,2008-01-01,2008,15243.846,FALSE,1. Resto país
Santiago del Estero,Cereales,subrubro,2008-01-01,2008,93.203,FALSE,2. NOA-Resto
Santiago del Estero,Hortalizas y legumbres sin elaborar,subrubro,2008-01-01,2008,18.119,FALSE,2. NOA-Resto
Santiago del Estero,Miel,subrubro,2008-01-01,2008,2.466,FALSE,2. NOA-Resto
Santiago del Estero,Resto de productos,subrubro,2008-01-01,2008,5.974,FALSE,2. NOA-Resto
Santiago del Estero,Semillas y frutos oleaginosos,subrubro,2008-01-01,2008,155.557,FALSE,2. NOA-Resto
Santiago del Estero,Textiles y confecciones,subrubro,2008-01-01,2008,26.485,FALSE,2. NOA-Resto
Santiago del Estero,Total,total,2008-01-01,2008,301.804,FALSE,2. NOA-Resto
Tierra del Fuego,Gas de petróleo y otros hidrocarburos gaseosos,subrubro,2008-01-01,2008,283.055,FALSE,1. Resto país
Tierra del Fuego,Materias plásticas y sus manufacturas,subrubro,2008-01-01,2008,16.887,FALSE,1. Resto país
Tierra del Fuego,"Máquinas y aparatos, material eléctrico",subrubro,2008-01-01,2008,62.784,FALSE,1. Resto país
Tierra del Fuego,Pescados y mariscos elaborados,subrubro,2008-01-01,2008,64.268,FALSE,1. Resto país
Tierra del Fuego,Pescados y mariscos sin elaborar,subrubro,2008-01-01,2008,48.194,FALSE,1. Resto país
Tierra del Fuego,Resto de productos,subrubro,2008-01-01,2008,46.692,FALSE,1. Resto país
Tierra del Fuego,Total,total,2008-01-01,2008,521.879,FALSE,1. Resto país
Tucumán,"Azúcar, cacao y artículos de confitería",subrubro,2008-01-01,2008,79.234,FALSE,2. NOA-Resto
Tucumán,Frutas frescas,subrubro,2008-01-01,2008,351.076,FALSE,2. NOA-Resto
Tucumán,Material de transporte terrestre,subrubro,2008-01-01,2008,149.593,FALSE,2. NOA-Resto
Tucumán,Productos químicos y conexos,subrubro,2008-01-01,2008,90.369,FALSE,2. NOA-Resto
Tucumán,Resto de productos,subrubro,2008-01-01,2008,275.235,FALSE,2. NOA-Resto
Tucumán,Semillas y frutos oleaginosos,subrubro,2008-01-01,2008,79.749,FALSE,2. NOA-Resto
Tucumán,Total,total,2008-01-01,2008,1025.256,FALSE,2. NOA-Resto
Buenos Aires,Cereales,subrubro,2009-01-01,2009,1313.502,FALSE,1. Resto país
Buenos Aires,Material de transporte terrestre,subrubro,2009-01-01,2009,3594.775,FALSE,1. Resto país
Buenos Aires,Metales comunes y sus manufacturas,subrubro,2009-01-01,2009,1703.736,FALSE,1. Resto país
Buenos Aires,Productos químicos y conexos,subrubro,2009-01-01,2009,1986.945,FALSE,1. Resto país
Buenos Aires,Resto de productos,subrubro,2009-01-01,2009,9341.864,FALSE,1. Resto país
Buenos Aires,Semillas y frutos oleaginosos,subrubro,2009-01-01,2009,433.503,FALSE,1. Resto país
Buenos Aires,Total,total,2009-01-01,2009,18374.325,FALSE,1. Resto país
C.A.B.A.,"Máquinas y aparatos, material eléctrico",subrubro,2009-01-01,2009,30.673,FALSE,1. Resto país
C.A.B.A.,"Papel, cartón, impresos y publicaciones",subrubro,2009-01-01,2009,23.843,FALSE,1. Resto país
C.A.B.A.,Pieles y cueros,subrubro,2009-01-01,2009,29.909,FALSE,1. Resto país
C.A.B.A.,Productos químicos y conexos,subrubro,2009-01-01,2009,147.853,FALSE,1. Resto país
C.A.B.A.,Residuos y desperdicios de la industria alimenticia,subrubro,2009-01-01,2009,17.028,FALSE,1. Resto país
C.A.B.A.,Resto de productos,subrubro,2009-01-01,2009,128.244,FALSE,1. Resto país
C.A.B.A.,Total,total,2009-01-01,2009,377.55,FALSE,1. Resto país
Catamarca,"Azúcar, cacao y artículos de confitería",subrubro,2009-01-01,2009,10.233,FALSE,2. NOA-Resto
Catamarca,"Minerales metalíferos, escorias y cenizas",subrubro,2009-01-01,2009,1126.263,FALSE,2. NOA-Resto
Catamarca,"Piedras, metales preciosos y sus manufacturas, monedas",subrubro,2009-01-01,2009,56.486,FALSE,2. NOA-Resto
Catamarca,Productos químicos y conexos,subrubro,2009-01-01,2009,40.575,FALSE,2. NOA-Resto
Catamarca,Residuos y desperdicios de la industria alimenticia,subrubro,2009-01-01,2009,1.88,FALSE,2. NOA-Resto
Catamarca,Resto de productos,subrubro,2009-01-01,2009,61.518,FALSE,2. NOA-Resto
Catamarca,Total,total,2009-01-01,2009,1296.955,FALSE,2. NOA-Resto
Chaco,Cereales,subrubro,2009-01-01,2009,30.724,FALSE,1. Resto país
Chaco,"Extractos curtientes y tintóreos y materias albuminoideas, productos a base de almidón o féculas modificadas, colas enzimas",subrubro,2009-01-01,2009,36.157,FALSE,1. Resto país
Chaco,Fibras de algodón,subrubro,2009-01-01,2009,9.127,FALSE,1. Resto país
Chaco,"Productos de molinería y preparaciones a base de cereales, harina,fécula o leche, productos de pastelería",subrubro,2009-01-01,2009,11.084,FALSE,1. Resto país
Chaco,Resto de productos,subrubro,2009-01-01,2009,41.398,FALSE,1. Resto país
Chaco,Semillas y frutos oleaginosos,subrubro,2009-01-01,2009,41.316,FALSE,1. Resto país
Chaco,Total,total,2009-01-01,2009,169.807,FALSE,1. Resto país
Chubut,Lanas elaboradas,subrubro,2009-01-01,2009,85.186,FALSE,1. Resto país
Chubut,Metales comunes y sus manufacturas,subrubro,2009-01-01,2009,503.931,FALSE,1. Resto país
Chubut,Pescados y mariscos elaborados,subrubro,2009-01-01,2009,61.455,FALSE,1. Resto país
Chubut,Pescados y mariscos sin elaborar,subrubro,2009-01-01,2009,205.49,FALSE,1. Resto país
Chubut,Petróleo crudo,subrubro,2009-01-01,2009,1951.135,FALSE,1. Resto país
Chubut,Resto de productos,subrubro,2009-01-01,2009,119.599,FALSE,1. Resto país
Chubut,Total,total,2009-01-01,2009,2926.795,FALSE,1. Resto país
Corrientes,"Café, té, yerba mate y especias",subrubro,2009-01-01,2009,3.433,FALSE,1. Resto país
Corrientes,Cereales,subrubro,2009-01-01,2009,103.804,FALSE,1. Resto país
Corrientes,Frutas frescas,subrubro,2009-01-01,2009,23.991,FALSE,1. Resto país
Corrientes,Lanas sucias,subrubro,2009-01-01,2009,4.372,FALSE,1. Resto país
Corrientes,Resto de productos,subrubro,2009-01-01,2009,42.36,FALSE,1. Resto país
Corrientes,Tabaco sin elaborar,subrubro,2009-01-01,2009,3.872,FALSE,1. Resto país
Corrientes,Total,total,2009-01-01,2009,181.833,FALSE,1. Resto país
Córdoba,Cereales,subrubro,2009-01-01,2009,978.08,FALSE,1. Resto país
Córdoba,Grasas y aceites,subrubro,2009-01-01,2009,900.23,FALSE,1. Resto país
Córdoba,Material de transporte terrestre,subrubro,2009-01-01,2009,1220.071,FALSE,1. Resto país
Córdoba,Residuos y desperdicios de la industria alimenticia,subrubro,2009-01-01,2009,1773.597,FALSE,1. Resto país
Córdoba,Resto de productos,subrubro,2009-01-01,2009,1392.931,FALSE,1. Resto país
Córdoba,Semillas y frutos oleaginosos,subrubro,2009-01-01,2009,762.235,FALSE,1. Resto país
Córdoba,Total,total,2009-01-01,2009,7027.144,FALSE,1. Resto país
Entre Ríos,Carnes,subrubro,2009-01-01,2009,233.487,FALSE,1. Resto país
Entre Ríos,Cereales,subrubro,2009-01-01,2009,222.155,FALSE,1. Resto país
Entre Ríos,Energía eléctrica,subrubro,2009-01-01,2009,225.136,FALSE,1. Resto país
Entre Ríos,Residuos y desperdicios de la industria alimenticia,subrubro,2009-01-01,2009,6.043,FALSE,1. Resto país
Entre Ríos,Resto de productos,subrubro,2009-01-01,2009,347.511,FALSE,1. Resto país
Entre Ríos,Semillas y frutos oleaginosos,subrubro,2009-01-01,2009,70.287,FALSE,1. Resto país
Entre Ríos,Total,total,2009-01-01,2009,1104.619,FALSE,1. Resto país
Formosa,Cereales,subrubro,2009-01-01,2009,7.794,FALSE,1. Resto país
Formosa,"Extractos curtientes y tintóreos y materias albuminoideas, productos a base de almidón o féculas modificadas, colas enzimas",subrubro,2009-01-01,2009,4.356,FALSE,1. Resto país
Formosa,Fibras de algodón,subrubro,2009-01-01,2009,0.744,FALSE,1. Resto país
Formosa,Otros productos de origen animal,subrubro,2009-01-01,2009,0.569,FALSE,1. Resto país
Formosa,Petróleo crudo,subrubro,2009-01-01,2009,11.839,FALSE,1. Resto país
Formosa,Resto de productos,subrubro,2009-01-01,2009,4.22,FALSE,1. Resto país
Formosa,Total,total,2009-01-01,2009,29.522,FALSE,1. Resto país
Jujuy,"Azúcar, cacao y artículos de confitería",subrubro,2009-01-01,2009,146.462,FALSE,2. NOA-Resto
Jujuy,Hortalizas y legumbres sin elaborar,subrubro,2009-01-01,2009,20.335,FALSE,2. NOA-Resto
Jujuy,Metales comunes y sus manufacturas,subrubro,2009-01-01,2009,21.745,FALSE,2. NOA-Resto
Jujuy,"Minerales metalíferos, escorias y cenizas",subrubro,2009-01-01,2009,0,FALSE,2. NOA-Resto
Jujuy,Resto de productos,subrubro,2009-01-01,2009,102.915,FALSE,2. NOA-Resto
Jujuy,Tabaco sin elaborar,subrubro,2009-01-01,2009,112.491,FALSE,2. NOA-Resto
Jujuy,Total,total,2009-01-01,2009,403.948,FALSE,2. NOA-Resto
La Pampa,Carnes,subrubro,2009-01-01,2009,52.88,FALSE,1. Resto país
La Pampa,Cereales,subrubro,2009-01-01,2009,62.302,FALSE,1. Resto país
La Pampa,Grasas y aceites,subrubro,2009-01-01,2009,9.444,FALSE,1. Resto país
La Pampa,Miel,subrubro,2009-01-01,2009,16.783,FALSE,1. Resto país
La Pampa,Resto de productos,subrubro,2009-01-01,2009,15.934,FALSE,1. Resto país
La Pampa,Semillas y frutos oleaginosos,subrubro,2009-01-01,2009,39.047,FALSE,1. Resto país
La Pampa,Total,total,2009-01-01,2009,196.39,FALSE,1. Resto país
La Rioja,"Bebidas, líquidos alcohólicos y vinagre",subrubro,2009-01-01,2009,12.209,FALSE,3. La Rioja
La Rioja,Grasas y aceites,subrubro,2009-01-01,2009,19.795,FALSE,3. La Rioja
La Rioja,"Papel, cartón, impresos y publicaciones",subrubro,2009-01-01,2009,76.039,FALSE,3. La Rioja
La Rioja,Pieles y cueros,subrubro,2009-01-01,2009,38.671,FALSE,3. La Rioja
La Rioja,"Preparados de hortalizas, legumbres y frutas",subrubro,2009-01-01,2009,43.019,FALSE,3. La Rioja
La Rioja,Resto de productos,subrubro,2009-01-01,2009,33.254,FALSE,3. La Rioja
La Rioja,Total,total,2009-01-01,2009,222.988,FALSE,3. La Rioja
Mendoza,"Bebidas, líquidos alcohólicos y vinagre",subrubro,2009-01-01,2009,546.889,FALSE,1. Resto país
Mendoza,Frutas frescas,subrubro,2009-01-01,2009,124.215,FALSE,1. Resto país
Mendoza,Hortalizas y legumbres sin elaborar,subrubro,2009-01-01,2009,96.441,FALSE,1. Resto país
Mendoza,"Máquinas y aparatos, material eléctrico",subrubro,2009-01-01,2009,200.997,FALSE,1. Resto país
Mendoza,"Preparados de hortalizas, legumbres y frutas",subrubro,2009-01-01,2009,159.948,FALSE,1. Resto país
Mendoza,Resto de productos,subrubro,2009-01-01,2009,400.87,FALSE,1. Resto país
Mendoza,Total,total,2009-01-01,2009,1529.36,FALSE,1. Resto país
Misiones,"Café, té, yerba mate y especias",subrubro,2009-01-01,2009,102.281,FALSE,1. Resto país
Misiones,Calzado y sus componentes,subrubro,2009-01-01,2009,0,FALSE,1. Resto país
Misiones,Frutas frescas,subrubro,2009-01-01,2009,11.784,FALSE,1. Resto país
Misiones,"Papel, cartón, impresos y publicaciones",subrubro,2009-01-01,2009,134.868,FALSE,1. Resto país
Misiones,Resto de productos,subrubro,2009-01-01,2009,93.567,FALSE,1. Resto país
Misiones,Tabaco sin elaborar,subrubro,2009-01-01,2009,109.049,FALSE,1. Resto país
Misiones,Total,total,2009-01-01,2009,451.55,FALSE,1. Resto país
Neuquén,Carburantes,subrubro,2009-01-01,2009,32.322,FALSE,1. Resto país
Neuquén,Frutas frescas,subrubro,2009-01-01,2009,45.928,FALSE,1. Resto país
Neuquén,Gas de petróleo y otros hidrocarburos gaseosos,subrubro,2009-01-01,2009,256.051,FALSE,1. Resto país
Neuquén,"Preparados de hortalizas, legumbres y frutas",subrubro,2009-01-01,2009,29.186,FALSE,1. Resto país
Neuquén,Productos químicos y conexos,subrubro,2009-01-01,2009,9.365,FALSE,1. Resto país
Neuquén,Resto de productos,subrubro,2009-01-01,2009,42.531,FALSE,1. Resto país
Neuquén,Total,total,2009-01-01,2009,415.383,FALSE,1. Resto país
Río Negro,Carnes,subrubro,2009-01-01,2009,16.265,FALSE,1. Resto país
Río Negro,Frutas frescas,subrubro,2009-01-01,2009,346.184,FALSE,1. Resto país
Río Negro,Gas de petróleo y otros hidrocarburos gaseosos,subrubro,2009-01-01,2009,30.117,FALSE,1. Resto país
Río Negro,"Minerales metalíferos, escorias y cenizas",subrubro,2009-01-01,2009,0,FALSE,1. Resto país
Río Negro,"Preparados de hortalizas, legumbres y frutas",subrubro,2009-01-01,2009,31.867,FALSE,1. Resto país
Río Negro,Resto de productos,subrubro,2009-01-01,2009,55.573,FALSE,1. Resto país
Río Negro,Total,total,2009-01-01,2009,480.007,FALSE,1. Resto país
Salta,Carburantes,subrubro,2009-01-01,2009,160.989,FALSE,2. NOA-Resto
Salta,Cereales,subrubro,2009-01-01,2009,50.124,FALSE,2. NOA-Resto
Salta,Hortalizas y legumbres sin elaborar,subrubro,2009-01-01,2009,157.651,FALSE,2. NOA-Resto
Salta,Productos químicos y conexos,subrubro,2009-01-01,2009,67.746,FALSE,2. NOA-Resto
Salta,Resto de productos,subrubro,2009-01-01,2009,333.589,FALSE,2. NOA-Resto
Salta,Tabaco sin elaborar,subrubro,2009-01-01,2009,126.523,FALSE,2. NOA-Resto
Salta,Total,total,2009-01-01,2009,896.622,FALSE,2. NOA-Resto
San Juan,"Bebidas, líquidos alcohólicos y vinagre",subrubro,2009-01-01,2009,57.166,FALSE,1. Resto país
San Juan,Frutas frescas,subrubro,2009-01-01,2009,53.009,FALSE,1. Resto país
San Juan,"Piedras, metales preciosos y sus manufacturas, monedas",subrubro,2009-01-01,2009,726.517,FALSE,1. Resto país
San Juan,"Preparados de hortalizas, legumbres y frutas",subrubro,2009-01-01,2009,78.269,FALSE,1. Resto país
San Juan,Productos químicos y conexos,subrubro,2009-01-01,2009,65.205,FALSE,1. Resto país
San Juan,Resto de productos,subrubro,2009-01-01,2009,155.017,FALSE,1. Resto país
San Juan,Total,total,2009-01-01,2009,1135.183,FALSE,1. Resto país
San Luis,Carnes,subrubro,2009-01-01,2009,53.264,FALSE,1. Resto país
San Luis,Cereales,subrubro,2009-01-01,2009,42.817,FALSE,1. Resto país
San Luis,Materias plásticas y sus manufacturas,subrubro,2009-01-01,2009,49.789,FALSE,1. Resto país
San Luis,Metales comunes y sus manufacturas,subrubro,2009-01-01,2009,21.995,FALSE,1. Resto país
San Luis,"Máquinas y aparatos, material eléctrico",subrubro,2009-01-01,2009,42.782,FALSE,1. Resto país
San Luis,Resto de productos,subrubro,2009-01-01,2009,262.542,FALSE,1. Resto país
San Luis,Total,total,2009-01-01,2009,473.188,FALSE,1. Resto país
Santa Cruz,Gas de petróleo y otros hidrocarburos gaseosos,subrubro,2009-01-01,2009,50.128,FALSE,1. Resto país
Santa Cruz,"Minerales metalíferos, escorias y cenizas",subrubro,2009-01-01,2009,0,FALSE,1. Resto país
Santa Cruz,Pescados y mariscos sin elaborar,subrubro,2009-01-01,2009,228.413,FALSE,1. Resto país
Santa Cruz,Petróleo crudo,subrubro,2009-01-01,2009,492.531,FALSE,1. Resto país
Santa Cruz,"Piedras, metales preciosos y sus manufacturas, monedas",subrubro,2009-01-01,2009,413.995,FALSE,1. Resto país
Santa Cruz,Resto de productos,subrubro,2009-01-01,2009,160.923,FALSE,1. Resto país
Santa Cruz,Total,total,2009-01-01,2009,1345.991,FALSE,1. Resto país
Santa Fe,Cereales,subrubro,2009-01-01,2009,318.643,FALSE,1. Resto país
Santa Fe,Grasas y aceites,subrubro,2009-01-01,2009,2567.519,FALSE,1. Resto país
Santa Fe,Material de transporte terrestre,subrubro,2009-01-01,2009,458.411,FALSE,1. Resto país
Santa Fe,Productos químicos y conexos,subrubro,2009-01-01,2009,969.157,FALSE,1. Resto país
Santa Fe,Residuos y desperdicios de la industria alimenticia,subrubro,2009-01-01,2009,6213.833,FALSE,1. Resto país
Santa Fe,Resto de productos,subrubro,2009-01-01,2009,2443.771,FALSE,1. Resto país
Santa Fe,Total,total,2009-01-01,2009,12971.333,FALSE,1. Resto país
Santiago del Estero,Cereales,subrubro,2009-01-01,2009,18.823,FALSE,2. NOA-Resto
Santiago del Estero,Fibras de algodón,subrubro,2009-01-01,2009,3.24,FALSE,2. NOA-Resto
Santiago del Estero,Hortalizas y legumbres sin elaborar,subrubro,2009-01-01,2009,18.33,FALSE,2. NOA-Resto
Santiago del Estero,Residuos y desperdicios de la industria alimenticia,subrubro,2009-01-01,2009,0,FALSE,2. NOA-Resto
Santiago del Estero,Resto de productos,subrubro,2009-01-01,2009,25.015,FALSE,2. NOA-Resto
Santiago del Estero,Semillas y frutos oleaginosos,subrubro,2009-01-01,2009,21.709,FALSE,2. NOA-Resto
Santiago del Estero,Total,total,2009-01-01,2009,87.118,FALSE,2. NOA-Resto
Tierra del Fuego,Gas de petróleo y otros hidrocarburos gaseosos,subrubro,2009-01-01,2009,149.912,FALSE,1. Resto país
Tierra del Fuego,Materias plásticas y sus manufacturas,subrubro,2009-01-01,2009,13.586,FALSE,1. Resto país
Tierra del Fuego,"Máquinas y aparatos, material eléctrico",subrubro,2009-01-01,2009,27.725,FALSE,1. Resto país
Tierra del Fuego,Pescados y mariscos elaborados,subrubro,2009-01-01,2009,57.817,FALSE,1. Resto país
Tierra del Fuego,Pescados y mariscos sin elaborar,subrubro,2009-01-01,2009,51.075,FALSE,1. Resto país
Tierra del Fuego,Resto de productos,subrubro,2009-01-01,2009,34.523,FALSE,1. Resto país
Tierra del Fuego,Total,total,2009-01-01,2009,334.638,FALSE,1. Resto país
Tucumán,"Azúcar, cacao y artículos de confitería",subrubro,2009-01-01,2009,141.971,FALSE,2. NOA-Resto
Tucumán,Frutas frescas,subrubro,2009-01-01,2009,155.577,FALSE,2. NOA-Resto
Tucumán,Material de transporte terrestre,subrubro,2009-01-01,2009,64.757,FALSE,2. NOA-Resto
Tucumán,"Preparados de hortalizas, legumbres y frutas",subrubro,2009-01-01,2009,105.978,FALSE,2. NOA-Resto
Tucumán,Productos químicos y conexos,subrubro,2009-01-01,2009,114.957,FALSE,2. NOA-Resto
Tucumán,Resto de productos,subrubro,2009-01-01,2009,198.104,FALSE,2. NOA-Resto
Tucumán,Total,total,2009-01-01,2009,781.344,FALSE,2. NOA-Resto
Buenos Aires,Cereales,subrubro,2010-01-01,2010,1804.501,FALSE,1. Resto país
Buenos Aires,Material de transporte terrestre,subrubro,2010-01-01,2010,5378.561,FALSE,1. Resto país
Buenos Aires,Metales comunes y sus manufacturas,subrubro,2010-01-01,2010,1524.231,FALSE,1. Resto país
Buenos Aires,Productos químicos y conexos,subrubro,2010-01-01,2010,2372.886,FALSE,1. Resto país
Buenos Aires,Resto de productos,subrubro,2010-01-01,2010,10091.255,FALSE,1. Resto país
Buenos Aires,Semillas y frutos oleaginosos,subrubro,2010-01-01,2010,1698.059,FALSE,1. Resto país
Buenos Aires,Total,total,2010-01-01,2010,22869.493,FALSE,1. Resto país
C.A.B.A.,"Máquinas y aparatos, material eléctrico",subrubro,2010-01-01,2010,37.968,FALSE,1. Resto país
C.A.B.A.,"Papel, cartón, impresos y publicaciones",subrubro,2010-01-01,2010,23.869,FALSE,1. Resto país
C.A.B.A.,Pieles y cueros,subrubro,2010-01-01,2010,38.906,FALSE,1. Resto país
C.A.B.A.,Productos químicos y conexos,subrubro,2010-01-01,2010,151.507,FALSE,1. Resto país
C.A.B.A.,Residuos y desperdicios de la industria alimenticia,subrubro,2010-01-01,2010,17.189,FALSE,1. Resto país
C.A.B.A.,Resto de productos,subrubro,2010-01-01,2010,106.219,FALSE,1. Resto país
C.A.B.A.,Total,total,2010-01-01,2010,375.658,FALSE,1. Resto país
Catamarca,"Azúcar, cacao y artículos de confitería",subrubro,2010-01-01,2010,11.722,FALSE,2. NOA-Resto
Catamarca,"Minerales metalíferos, escorias y cenizas",subrubro,2010-01-01,2010,1494.473,FALSE,2. NOA-Resto
Catamarca,"Piedras, metales preciosos y sus manufacturas, monedas",subrubro,2010-01-01,2010,56.267,FALSE,2. NOA-Resto
Catamarca,Productos químicos y conexos,subrubro,2010-01-01,2010,48.527,FALSE,2. NOA-Resto
Catamarca,Residuos y desperdicios de la industria alimenticia,subrubro,2010-01-01,2010,14.991,FALSE,2. NOA-Resto
Catamarca,Resto de productos,subrubro,2010-01-01,2010,50.694,FALSE,2. NOA-Resto
Catamarca,Total,total,2010-01-01,2010,1676.674,FALSE,2. NOA-Resto
Chaco,Cereales,subrubro,2010-01-01,2010,71.881,FALSE,1. Resto país
Chaco,"Extractos curtientes y tintóreos y materias albuminoideas, productos a base de almidón o féculas modificadas, colas enzimas",subrubro,2010-01-01,2010,51.954,FALSE,1. Resto país
Chaco,Fibras de algodón,subrubro,2010-01-01,2010,43.135,FALSE,1. Resto país
Chaco,"Productos de molinería y preparaciones a base de cereales, harina,fécula o leche, productos de pastelería",subrubro,2010-01-01,2010,9.451,FALSE,1. Resto país
Chaco,Resto de productos,subrubro,2010-01-01,2010,48.073,FALSE,1. Resto país
Chaco,Semillas y frutos oleaginosos,subrubro,2010-01-01,2010,149.17,FALSE,1. Resto país
Chaco,Total,total,2010-01-01,2010,373.663,FALSE,1. Resto país
Chubut,Lanas elaboradas,subrubro,2010-01-01,2010,129.198,FALSE,1. Resto país
Chubut,Metales comunes y sus manufacturas,subrubro,2010-01-01,2010,660.82,FALSE,1. Resto país
Chubut,Pescados y mariscos elaborados,subrubro,2010-01-01,2010,55.497,FALSE,1. Resto país
Chubut,Pescados y mariscos sin elaborar,subrubro,2010-01-01,2010,306.607,FALSE,1. Resto país
Chubut,Petróleo crudo,subrubro,2010-01-01,2010,2043.833,FALSE,1. Resto país
Chubut,Resto de productos,subrubro,2010-01-01,2010,111.62,FALSE,1. Resto país
Chubut,Total,total,2010-01-01,2010,3307.576,FALSE,1. Resto país
Corrientes,"Café, té, yerba mate y especias",subrubro,2010-01-01,2010,4.956,FALSE,1. Resto país
Corrientes,Cereales,subrubro,2010-01-01,2010,76.31,FALSE,1. Resto país
Corrientes,Frutas frescas,subrubro,2010-01-01,2010,23.225,FALSE,1. Resto país
Corrientes,Lanas sucias,subrubro,2010-01-01,2010,4.649,FALSE,1. Resto país
Corrientes,Resto de productos,subrubro,2010-01-01,2010,43.117,FALSE,1. Resto país
Corrientes,Tabaco sin elaborar,subrubro,2010-01-01,2010,2.756,FALSE,1. Resto país
Corrientes,Total,total,2010-01-01,2010,155.013,FALSE,1. Resto país
Córdoba,Cereales,subrubro,2010-01-01,2010,1024.036,FALSE,1. Resto país
Córdoba,Grasas y aceites,subrubro,2010-01-01,2010,1073.099,FALSE,1. Resto país
Córdoba,Material de transporte terrestre,subrubro,2010-01-01,2010,1519.397,FALSE,1. Resto país
Córdoba,Residuos y desperdicios de la industria alimenticia,subrubro,2010-01-01,2010,1842.799,FALSE,1. Resto país
Córdoba,Resto de productos,subrubro,2010-01-01,2010,1633.186,FALSE,1. Resto país
Córdoba,Semillas y frutos oleaginosos,subrubro,2010-01-01,2010,1394.394,FALSE,1. Resto país
Córdoba,Total,total,2010-01-01,2010,8486.912,FALSE,1. Resto país
Entre Ríos,Carnes,subrubro,2010-01-01,2010,255.24,FALSE,1. Resto país
Entre Ríos,Cereales,subrubro,2010-01-01,2010,481.952,FALSE,1. Resto país
Entre Ríos,Energía eléctrica,subrubro,2010-01-01,2010,11.902,FALSE,1. Resto país
Entre Ríos,Residuos y desperdicios de la industria alimenticia,subrubro,2010-01-01,2010,7.005,FALSE,1. Resto país
Entre Ríos,Resto de productos,subrubro,2010-01-01,2010,424.689,FALSE,1. Resto país
Entre Ríos,Semillas y frutos oleaginosos,subrubro,2010-01-01,2010,396.359,FALSE,1. Resto país
Entre Ríos,Total,total,2010-01-01,2010,1577.147,FALSE,1. Resto país
Formosa,Cereales,subrubro,2010-01-01,2010,7.713,FALSE,1. Resto país
Formosa,"Extractos curtientes y tintóreos y materias albuminoideas, productos a base de almidón o féculas modificadas, colas enzimas",subrubro,2010-01-01,2010,8.834,FALSE,1. Resto país
Formosa,Fibras de algodón,subrubro,2010-01-01,2010,1.205,FALSE,1. Resto país
Formosa,Otros productos de origen animal,subrubro,2010-01-01,2010,1.305,FALSE,1. Resto país
Formosa,Petróleo crudo,subrubro,2010-01-01,2010,12.401,FALSE,1. Resto país
Formosa,Resto de productos,subrubro,2010-01-01,2010,4.522,FALSE,1. Resto país
Formosa,Total,total,2010-01-01,2010,35.98,FALSE,1. Resto país
Jujuy,"Azúcar, cacao y artículos de confitería",subrubro,2010-01-01,2010,32.889,FALSE,2. NOA-Resto
Jujuy,Hortalizas y legumbres sin elaborar,subrubro,2010-01-01,2010,25.049,FALSE,2. NOA-Resto
Jujuy,Metales comunes y sus manufacturas,subrubro,2010-01-01,2010,30.586,FALSE,2. NOA-Resto
Jujuy,"Minerales metalíferos, escorias y cenizas",subrubro,2010-01-01,2010,0,FALSE,2. NOA-Resto
Jujuy,Resto de productos,subrubro,2010-01-01,2010,218.618,FALSE,2. NOA-Resto
Jujuy,Tabaco sin elaborar,subrubro,2010-01-01,2010,75.891,FALSE,2. NOA-Resto
Jujuy,Total,total,2010-01-01,2010,383.032,FALSE,2. NOA-Resto
La Pampa,Carnes,subrubro,2010-01-01,2010,25.405,FALSE,1. Resto país
La Pampa,Cereales,subrubro,2010-01-01,2010,78.098,FALSE,1. Resto país
La Pampa,Grasas y aceites,subrubro,2010-01-01,2010,18.068,FALSE,1. Resto país
La Pampa,Miel,subrubro,2010-01-01,2010,18.158,FALSE,1. Resto país
La Pampa,Resto de productos,subrubro,2010-01-01,2010,17.722,FALSE,1. Resto país
La Pampa,Semillas y frutos oleaginosos,subrubro,2010-01-01,2010,131.769,FALSE,1. Resto país
La Pampa,Total,total,2010-01-01,2010,289.219,FALSE,1. Resto país
La Rioja,"Bebidas, líquidos alcohólicos y vinagre",subrubro,2010-01-01,2010,13.189,FALSE,3. La Rioja
La Rioja,Grasas y aceites,subrubro,2010-01-01,2010,15.401,FALSE,3. La Rioja
La Rioja,"Papel, cartón, impresos y publicaciones",subrubro,2010-01-01,2010,100.012,FALSE,3. La Rioja
La Rioja,Pieles y cueros,subrubro,2010-01-01,2010,59.892,FALSE,3. La Rioja
La Rioja,"Preparados de hortalizas, legumbres y frutas",subrubro,2010-01-01,2010,48.538,FALSE,3. La Rioja
La Rioja,Resto de productos,subrubro,2010-01-01,2010,38.149,FALSE,3. La Rioja
La Rioja,Total,total,2010-01-01,2010,275.182,FALSE,3. La Rioja
Mendoza,"Bebidas, líquidos alcohólicos y vinagre",subrubro,2010-01-01,2010,642.539,FALSE,1. Resto país
Mendoza,Frutas frescas,subrubro,2010-01-01,2010,126.811,FALSE,1. Resto país
Mendoza,Hortalizas y legumbres sin elaborar,subrubro,2010-01-01,2010,165.905,FALSE,1. Resto país
Mendoza,"Máquinas y aparatos, material eléctrico",subrubro,2010-01-01,2010,179.205,FALSE,1. Resto país
Mendoza,"Preparados de hortalizas, legumbres y frutas",subrubro,2010-01-01,2010,159.233,FALSE,1. Resto país
Mendoza,Resto de productos,subrubro,2010-01-01,2010,422.536,FALSE,1. Resto país
Mendoza,Total,total,2010-01-01,2010,1696.229,FALSE,1. Resto país
Misiones,"Café, té, yerba mate y especias",subrubro,2010-01-01,2010,126.745,FALSE,1. Resto país
Misiones,Calzado y sus componentes,subrubro,2010-01-01,2010,0,FALSE,1. Resto país
Misiones,Frutas frescas,subrubro,2010-01-01,2010,11.427,FALSE,1. Resto país
Misiones,"Papel, cartón, impresos y publicaciones",subrubro,2010-01-01,2010,186.264,FALSE,1. Resto país
Misiones,Resto de productos,subrubro,2010-01-01,2010,130.155,FALSE,1. Resto país
Misiones,Tabaco sin elaborar,subrubro,2010-01-01,2010,73.955,FALSE,1. Resto país
Misiones,Total,total,2010-01-01,2010,528.56,FALSE,1. Resto país
Neuquén,Carburantes,subrubro,2010-01-01,2010,64.079,FALSE,1. Resto país
Neuquén,Frutas frescas,subrubro,2010-01-01,2010,46.38,FALSE,1. Resto país
Neuquén,Gas de petróleo y otros hidrocarburos gaseosos,subrubro,2010-01-01,2010,141.689,FALSE,1. Resto país
Neuquén,"Preparados de hortalizas, legumbres y frutas",subrubro,2010-01-01,2010,18.417,FALSE,1. Resto país
Neuquén,Productos químicos y conexos,subrubro,2010-01-01,2010,15.687,FALSE,1. Resto país
Neuquén,Resto de productos,subrubro,2010-01-01,2010,42.078,FALSE,1. Resto país
Neuquén,Total,total,2010-01-01,2010,328.33,FALSE,1. Resto país
Río Negro,Carnes,subrubro,2010-01-01,2010,19.267,FALSE,1. Resto país
Río Negro,Frutas frescas,subrubro,2010-01-01,2010,340.213,FALSE,1. Resto país
Río Negro,Gas de petróleo y otros hidrocarburos gaseosos,subrubro,2010-01-01,2010,38.42,FALSE,1. Resto país
Río Negro,"Minerales metalíferos, escorias y cenizas",subrubro,2010-01-01,2010,0,FALSE,1. Resto país
Río Negro,"Preparados de hortalizas, legumbres y frutas",subrubro,2010-01-01,2010,30.137,FALSE,1. Resto país
Río Negro,Resto de productos,subrubro,2010-01-01,2010,67.126,FALSE,1. Resto país
Río Negro,Total,total,2010-01-01,2010,495.162,FALSE,1. Resto país
Salta,Carburantes,subrubro,2010-01-01,2010,159.147,FALSE,2. NOA-Resto
Salta,Cereales,subrubro,2010-01-01,2010,66.345,FALSE,2. NOA-Resto
Salta,Hortalizas y legumbres sin elaborar,subrubro,2010-01-01,2010,199.503,FALSE,2. NOA-Resto
Salta,Productos químicos y conexos,subrubro,2010-01-01,2010,72.232,FALSE,2. NOA-Resto
Salta,Resto de productos,subrubro,2010-01-01,2010,384.008,FALSE,2. NOA-Resto
Salta,Tabaco sin elaborar,subrubro,2010-01-01,2010,130.839,FALSE,2. NOA-Resto
Salta,Total,total,2010-01-01,2010,1012.075,FALSE,2. NOA-Resto
San Juan,"Bebidas, líquidos alcohólicos y vinagre",subrubro,2010-01-01,2010,61.913,FALSE,1. Resto país
San Juan,Frutas frescas,subrubro,2010-01-01,2010,72.526,FALSE,1. Resto país
San Juan,"Piedras, metales preciosos y sus manufacturas, monedas",subrubro,2010-01-01,2010,1603.923,FALSE,1. Resto país
San Juan,"Preparados de hortalizas, legumbres y frutas",subrubro,2010-01-01,2010,70.819,FALSE,1. Resto país
San Juan,Productos químicos y conexos,subrubro,2010-01-01,2010,64.557,FALSE,1. Resto país
San Juan,Resto de productos,subrubro,2010-01-01,2010,229.709,FALSE,1. Resto país
San Juan,Total,total,2010-01-01,2010,2103.448,FALSE,1. Resto país
San Luis,Carnes,subrubro,2010-01-01,2010,48.298,FALSE,1. Resto país
San Luis,Cereales,subrubro,2010-01-01,2010,48.538,FALSE,1. Resto país
San Luis,Materias plásticas y sus manufacturas,subrubro,2010-01-01,2010,57.579,FALSE,1. Resto país
San Luis,Metales comunes y sus manufacturas,subrubro,2010-01-01,2010,32.032,FALSE,1. Resto país
San Luis,"Máquinas y aparatos, material eléctrico",subrubro,2010-01-01,2010,45.379,FALSE,1. Resto país
San Luis,Resto de productos,subrubro,2010-01-01,2010,307.409,FALSE,1. Resto país
San Luis,Total,total,2010-01-01,2010,539.235,FALSE,1. Resto país
Santa Cruz,Gas de petróleo y otros hidrocarburos gaseosos,subrubro,2010-01-01,2010,25.03,FALSE,1. Resto país
Santa Cruz,"Minerales metalíferos, escorias y cenizas",subrubro,2010-01-01,2010,0,FALSE,1. Resto país
Santa Cruz,Pescados y mariscos sin elaborar,subrubro,2010-01-01,2010,304.259,FALSE,1. Resto país
Santa Cruz,Petróleo crudo,subrubro,2010-01-01,2010,515.932,FALSE,1. Resto país
Santa Cruz,"Piedras, metales preciosos y sus manufacturas, monedas",subrubro,2010-01-01,2010,575.553,FALSE,1. Resto país
Santa Cruz,Resto de productos,subrubro,2010-01-01,2010,211.554,FALSE,1. Resto país
Santa Cruz,Total,total,2010-01-01,2010,1632.326,FALSE,1. Resto país
Santa Fe,Cereales,subrubro,2010-01-01,2010,754.927,FALSE,1. Resto país
Santa Fe,Grasas y aceites,subrubro,2010-01-01,2010,3161.385,FALSE,1. Resto país
Santa Fe,Material de transporte terrestre,subrubro,2010-01-01,2010,923.602,FALSE,1. Resto país
Santa Fe,Productos químicos y conexos,subrubro,2010-01-01,2010,1257.674,FALSE,1. Resto país
Santa Fe,Residuos y desperdicios de la industria alimenticia,subrubro,2010-01-01,2010,5997.458,FALSE,1. Resto país
Santa Fe,Resto de productos,subrubro,2010-01-01,2010,3353.012,FALSE,1. Resto país
Santa Fe,Total,total,2010-01-01,2010,15448.057,FALSE,1. Resto país
Santiago del Estero,Cereales,subrubro,2010-01-01,2010,116.575,FALSE,2. NOA-Resto
Santiago del Estero,Fibras de algodón,subrubro,2010-01-01,2010,16.495,FALSE,2. NOA-Resto
Santiago del Estero,Hortalizas y legumbres sin elaborar,subrubro,2010-01-01,2010,29.598,FALSE,2. NOA-Resto
Santiago del Estero,Residuos y desperdicios de la industria alimenticia,subrubro,2010-01-01,2010,38.018,FALSE,2. NOA-Resto
Santiago del Estero,Resto de productos,subrubro,2010-01-01,2010,40.41,FALSE,2. NOA-Resto
Santiago del Estero,Semillas y frutos oleaginosos,subrubro,2010-01-01,2010,279.631,FALSE,2. NOA-Resto
Santiago del Estero,Total,total,2010-01-01,2010,520.726,FALSE,2. NOA-Resto
Tierra del Fuego,Gas de petróleo y otros hidrocarburos gaseosos,subrubro,2010-01-01,2010,214.96,FALSE,1. Resto país
Tierra del Fuego,Materias plásticas y sus manufacturas,subrubro,2010-01-01,2010,10.01,FALSE,1. Resto país
Tierra del Fuego,"Máquinas y aparatos, material eléctrico",subrubro,2010-01-01,2010,31.487,FALSE,1. Resto país
Tierra del Fuego,Pescados y mariscos elaborados,subrubro,2010-01-01,2010,40.895,FALSE,1. Resto país
Tierra del Fuego,Pescados y mariscos sin elaborar,subrubro,2010-01-01,2010,52.625,FALSE,1. Resto país
Tierra del Fuego,Resto de productos,subrubro,2010-01-01,2010,41.031,FALSE,1. Resto país
Tierra del Fuego,Total,total,2010-01-01,2010,391.008,FALSE,1. Resto país
Tucumán,"Azúcar, cacao y artículos de confitería",subrubro,2010-01-01,2010,124.543,FALSE,2. NOA-Resto
Tucumán,Frutas frescas,subrubro,2010-01-01,2010,204.614,FALSE,2. NOA-Resto
Tucumán,Material de transporte terrestre,subrubro,2010-01-01,2010,112.537,FALSE,2. NOA-Resto
Tucumán,"Preparados de hortalizas, legumbres y frutas",subrubro,2010-01-01,2010,115.797,FALSE,2. NOA-Resto
Tucumán,Productos químicos y conexos,subrubro,2010-01-01,2010,107.288,FALSE,2. NOA-Resto
Tucumán,Resto de productos,subrubro,2010-01-01,2010,248.939,FALSE,2. NOA-Resto
Tucumán,Total,total,2010-01-01,2010,913.718,FALSE,2. NOA-Resto
Buenos Aires,Cereales,subrubro,2011-01-01,2011,3584.347,FALSE,1. Resto país
Buenos Aires,Material de transporte terrestre,subrubro,2011-01-01,2011,6621.328,FALSE,1. Resto país
Buenos Aires,Metales comunes y sus manufacturas,subrubro,2011-01-01,2011,1773.396,FALSE,1. Resto país
Buenos Aires,Productos químicos y conexos,subrubro,2011-01-01,2011,2670.345,FALSE,1. Resto país
Buenos Aires,Resto de productos,subrubro,2011-01-01,2011,11606.786,FALSE,1. Resto país
Buenos Aires,Semillas y frutos oleaginosos,subrubro,2011-01-01,2011,1761.48,FALSE,1. Resto país
Buenos Aires,Total,total,2011-01-01,2011,28017.684,FALSE,1. Resto país
C.A.B.A.,"Máquinas y aparatos, material eléctrico",subrubro,2011-01-01,2011,45.689,FALSE,1. Resto país
C.A.B.A.,"Papel, cartón, impresos y publicaciones",subrubro,2011-01-01,2011,25.876,FALSE,1. Resto país
C.A.B.A.,Pieles y cueros,subrubro,2011-01-01,2011,55.975,FALSE,1. Resto país
C.A.B.A.,Productos químicos y conexos,subrubro,2011-01-01,2011,160.801,FALSE,1. Resto país
C.A.B.A.,Residuos y desperdicios de la industria alimenticia,subrubro,2011-01-01,2011,34.813,FALSE,1. Resto país
C.A.B.A.,Resto de productos,subrubro,2011-01-01,2011,110.899,FALSE,1. Resto país
C.A.B.A.,Total,total,2011-01-01,2011,434.053,FALSE,1. Resto país
Catamarca,"Azúcar, cacao y artículos de confitería",subrubro,2011-01-01,2011,13.086,FALSE,2. NOA-Resto
Catamarca,"Minerales metalíferos, escorias y cenizas",subrubro,2011-01-01,2011,1442.164,FALSE,2. NOA-Resto
Catamarca,"Piedras, metales preciosos y sus manufacturas, monedas",subrubro,2011-01-01,2011,43.826,FALSE,2. NOA-Resto
Catamarca,Productos químicos y conexos,subrubro,2011-01-01,2011,39.218,FALSE,2. NOA-Resto
Catamarca,Residuos y desperdicios de la industria alimenticia,subrubro,2011-01-01,2011,17.614,FALSE,2. NOA-Resto
Catamarca,Resto de productos,subrubro,2011-01-01,2011,93.285,FALSE,2. NOA-Resto
Catamarca,Total,total,2011-01-01,2011,1649.193,FALSE,2. NOA-Resto
Chaco,Cereales,subrubro,2011-01-01,2011,175.307,FALSE,1. Resto país
Chaco,"Extractos curtientes y tintóreos y materias albuminoideas, productos a base de almidón o féculas modificadas, colas enzimas",subrubro,2011-01-01,2011,55.28,FALSE,1. Resto país
Chaco,Fibras de algodón,subrubro,2011-01-01,2011,103.691,FALSE,1. Resto país
Chaco,"Productos de molinería y preparaciones a base de cereales, harina,fécula o leche, productos de pastelería",subrubro,2011-01-01,2011,12.232,FALSE,1. Resto país
Chaco,Resto de productos,subrubro,2011-01-01,2011,53.573,FALSE,1. Resto país
Chaco,Semillas y frutos oleaginosos,subrubro,2011-01-01,2011,189.877,FALSE,1. Resto país
Chaco,Total,total,2011-01-01,2011,589.96,FALSE,1. Resto país
Chubut,Lanas elaboradas,subrubro,2011-01-01,2011,163.581,FALSE,1. Resto país
Chubut,Metales comunes y sus manufacturas,subrubro,2011-01-01,2011,746.934,FALSE,1. Resto país
Chubut,Pescados y mariscos elaborados,subrubro,2011-01-01,2011,59.212,FALSE,1. Resto país
Chubut,Pescados y mariscos sin elaborar,subrubro,2011-01-01,2011,357.856,FALSE,1. Resto país
Chubut,Petróleo crudo,subrubro,2011-01-01,2011,1726.357,FALSE,1. Resto país
Chubut,Resto de productos,subrubro,2011-01-01,2011,94.1,FALSE,1. Resto país
Chubut,Total,total,2011-01-01,2011,3148.039,FALSE,1. Resto país
Corrientes,"Café, té, yerba mate y especias",subrubro,2011-01-01,2011,2.368,FALSE,1. Resto país
Corrientes,Cereales,subrubro,2011-01-01,2011,143.856,FALSE,1. Resto país
Corrientes,Frutas frescas,subrubro,2011-01-01,2011,69.34,FALSE,1. Resto país
Corrientes,Lanas sucias,subrubro,2011-01-01,2011,4.238,FALSE,1. Resto país
Corrientes,Resto de productos,subrubro,2011-01-01,2011,56.051,FALSE,1. Resto país
Corrientes,Tabaco sin elaborar,subrubro,2011-01-01,2011,2.983,FALSE,1. Resto país
Corrientes,Total,total,2011-01-01,2011,278.836,FALSE,1. Resto país
Córdoba,Cereales,subrubro,2011-01-01,2011,1436.128,FALSE,1. Resto país
Córdoba,Grasas y aceites,subrubro,2011-01-01,2011,1204.905,FALSE,1. Resto país
Córdoba,Material de transporte terrestre,subrubro,2011-01-01,2011,2062.159,FALSE,1. Resto país
Córdoba,Residuos y desperdicios de la industria alimenticia,subrubro,2011-01-01,2011,2191.417,FALSE,1. Resto país
Córdoba,Resto de productos,subrubro,2011-01-01,2011,2350.303,FALSE,1. Resto país
Córdoba,Semillas y frutos oleaginosos,subrubro,2011-01-01,2011,1609.983,FALSE,1. Resto país
Córdoba,Total,total,2011-01-01,2011,10854.896,FALSE,1. Resto país
Entre Ríos,Carnes,subrubro,2011-01-01,2011,300.386,FALSE,1. Resto país
Entre Ríos,Cereales,subrubro,2011-01-01,2011,552.985,FALSE,1. Resto país
Entre Ríos,Energía eléctrica,subrubro,2011-01-01,2011,61.592,FALSE,1. Resto país
Entre Ríos,Residuos y desperdicios de la industria alimenticia,subrubro,2011-01-01,2011,55.895,FALSE,1. Resto país
Entre Ríos,Resto de productos,subrubro,2011-01-01,2011,479.547,FALSE,1. Resto país
Entre Ríos,Semillas y frutos oleaginosos,subrubro,2011-01-01,2011,405.817,FALSE,1. Resto país
Entre Ríos,Total,total,2011-01-01,2011,1856.223,FALSE,1. Resto país
Formosa,Cereales,subrubro,2011-01-01,2011,10.42,FALSE,1. Resto país
Formosa,"Extractos curtientes y tintóreos y materias albuminoideas, productos a base de almidón o féculas modificadas, colas enzimas",subrubro,2011-01-01,2011,6.146,FALSE,1. Resto país
Formosa,Fibras de algodón,subrubro,2011-01-01,2011,4.82,FALSE,1. Resto país
Formosa,Otros productos de origen animal,subrubro,2011-01-01,2011,2.579,FALSE,1. Resto país
Formosa,Petróleo crudo,subrubro,2011-01-01,2011,10.475,FALSE,1. Resto país
Formosa,Resto de productos,subrubro,2011-01-01,2011,5.602,FALSE,1. Resto país
Formosa,Total,total,2011-01-01,2011,40.041,FALSE,1. Resto país
Jujuy,"Azúcar, cacao y artículos de confitería",subrubro,2011-01-01,2011,5.309,FALSE,2. NOA-Resto
Jujuy,Hortalizas y legumbres sin elaborar,subrubro,2011-01-01,2011,33.351,FALSE,2. NOA-Resto
Jujuy,Metales comunes y sus manufacturas,subrubro,2011-01-01,2011,33.343,FALSE,2. NOA-Resto
Jujuy,"Minerales metalíferos, escorias y cenizas",subrubro,2011-01-01,2011,0,FALSE,2. NOA-Resto
Jujuy,Resto de productos,subrubro,2011-01-01,2011,279.951,FALSE,2. NOA-Resto
Jujuy,Tabaco sin elaborar,subrubro,2011-01-01,2011,101.166,FALSE,2. NOA-Resto
Jujuy,Total,total,2011-01-01,2011,453.119,FALSE,2. NOA-Resto
La Pampa,Carnes,subrubro,2011-01-01,2011,19.244,FALSE,1. Resto país
La Pampa,Cereales,subrubro,2011-01-01,2011,156.01,FALSE,1. Resto país
La Pampa,Grasas y aceites,subrubro,2011-01-01,2011,23.588,FALSE,1. Resto país
La Pampa,Miel,subrubro,2011-01-01,2011,23.406,FALSE,1. Resto país
La Pampa,Resto de productos,subrubro,2011-01-01,2011,23.024,FALSE,1. Resto país
La Pampa,Semillas y frutos oleaginosos,subrubro,2011-01-01,2011,125.397,FALSE,1. Resto país
La Pampa,Total,total,2011-01-01,2011,370.669,FALSE,1. Resto país
La Rioja,"Bebidas, líquidos alcohólicos y vinagre",subrubro,2011-01-01,2011,14.489,FALSE,3. La Rioja
La Rioja,Grasas y aceites,subrubro,2011-01-01,2011,22.206,FALSE,3. La Rioja
La Rioja,"Papel, cartón, impresos y publicaciones",subrubro,2011-01-01,2011,98.017,FALSE,3. La Rioja
La Rioja,Pieles y cueros,subrubro,2011-01-01,2011,56.815,FALSE,3. La Rioja
La Rioja,"Preparados de hortalizas, legumbres y frutas",subrubro,2011-01-01,2011,49.649,FALSE,3. La Rioja
La Rioja,Resto de productos,subrubro,2011-01-01,2011,40.33,FALSE,3. La Rioja
La Rioja,Total,total,2011-01-01,2011,281.506,FALSE,3. La Rioja
Mendoza,"Bebidas, líquidos alcohólicos y vinagre",subrubro,2011-01-01,2011,739.395,FALSE,1. Resto país
Mendoza,Frutas frescas,subrubro,2011-01-01,2011,95.168,FALSE,1. Resto país
Mendoza,Hortalizas y legumbres sin elaborar,subrubro,2011-01-01,2011,169.057,FALSE,1. Resto país
Mendoza,"Máquinas y aparatos, material eléctrico",subrubro,2011-01-01,2011,145.701,FALSE,1. Resto país
Mendoza,"Preparados de hortalizas, legumbres y frutas",subrubro,2011-01-01,2011,217.162,FALSE,1. Resto país
Mendoza,Resto de productos,subrubro,2011-01-01,2011,433.311,FALSE,1. Resto país
Mendoza,Total,total,2011-01-01,2011,1799.794,FALSE,1. Resto país
Misiones,"Café, té, yerba mate y especias",subrubro,2011-01-01,2011,142.745,FALSE,1. Resto país
Misiones,Calzado y sus componentes,subrubro,2011-01-01,2011,0,FALSE,1. Resto país
Misiones,Frutas frescas,subrubro,2011-01-01,2011,11.03,FALSE,1. Resto país
Misiones,"Papel, cartón, impresos y publicaciones",subrubro,2011-01-01,2011,176.929,FALSE,1. Resto país
Misiones,Resto de productos,subrubro,2011-01-01,2011,116.374,FALSE,1. Resto país
Misiones,Tabaco sin elaborar,subrubro,2011-01-01,2011,88.344,FALSE,1. Resto país
Misiones,Total,total,2011-01-01,2011,535.712,FALSE,1. Resto país
Neuquén,Carburantes,subrubro,2011-01-01,2011,68.024,FALSE,1. Resto país
Neuquén,Frutas frescas,subrubro,2011-01-01,2011,67.341,FALSE,1. Resto país
Neuquén,Gas de petróleo y otros hidrocarburos gaseosos,subrubro,2011-01-01,2011,101.262,FALSE,1. Resto país
Neuquén,"Preparados de hortalizas, legumbres y frutas",subrubro,2011-01-01,2011,58.576,FALSE,1. Resto país
Neuquén,Productos químicos y conexos,subrubro,2011-01-01,2011,11.068,FALSE,1. Resto país
Neuquén,Resto de productos,subrubro,2011-01-01,2011,55.894,FALSE,1. Resto país
Neuquén,Total,total,2011-01-01,2011,362.165,FALSE,1. Resto país
Río Negro,Carnes,subrubro,2011-01-01,2011,23.967,FALSE,1. Resto país
Río Negro,Frutas frescas,subrubro,2011-01-01,2011,478.326,FALSE,1. Resto país
Río Negro,Gas de petróleo y otros hidrocarburos gaseosos,subrubro,2011-01-01,2011,42.532,FALSE,1. Resto país
Río Negro,"Minerales metalíferos, escorias y cenizas",subrubro,2011-01-01,2011,0,FALSE,1. Resto país
Río Negro,"Preparados de hortalizas, legumbres y frutas",subrubro,2011-01-01,2011,80.795,FALSE,1. Resto país
Río Negro,Resto de productos,subrubro,2011-01-01,2011,96.055,FALSE,1. Resto país
Río Negro,Total,total,2011-01-01,2011,721.676,FALSE,1. Resto país
Salta,Carburantes,subrubro,2011-01-01,2011,173.388,FALSE,2. NOA-Resto
Salta,Cereales,subrubro,2011-01-01,2011,175.189,FALSE,2. NOA-Resto
Salta,Hortalizas y legumbres sin elaborar,subrubro,2011-01-01,2011,260.484,FALSE,2. NOA-Resto
Salta,Productos químicos y conexos,subrubro,2011-01-01,2011,85.669,FALSE,2. NOA-Resto
Salta,Resto de productos,subrubro,2011-01-01,2011,439.325,FALSE,2. NOA-Resto
Salta,Tabaco sin elaborar,subrubro,2011-01-01,2011,179.811,FALSE,2. NOA-Resto
Salta,Total,total,2011-01-01,2011,1313.866,FALSE,2. NOA-Resto
San Juan,"Bebidas, líquidos alcohólicos y vinagre",subrubro,2011-01-01,2011,76.209,FALSE,1. Resto país
San Juan,Frutas frescas,subrubro,2011-01-01,2011,79.682,FALSE,1. Resto país
San Juan,"Piedras, metales preciosos y sus manufacturas, monedas",subrubro,2011-01-01,2011,1842.14,FALSE,1. Resto país
San Juan,"Preparados de hortalizas, legumbres y frutas",subrubro,2011-01-01,2011,114.447,FALSE,1. Resto país
San Juan,Productos químicos y conexos,subrubro,2011-01-01,2011,99.619,FALSE,1. Resto país
San Juan,Resto de productos,subrubro,2011-01-01,2011,250.526,FALSE,1. Resto país
San Juan,Total,total,2011-01-01,2011,2462.623,FALSE,1. Resto país
San Luis,Carnes,subrubro,2011-01-01,2011,80.446,FALSE,1. Resto país
San Luis,Cereales,subrubro,2011-01-01,2011,121.87,FALSE,1. Resto país
San Luis,Materias plásticas y sus manufacturas,subrubro,2011-01-01,2011,61.741,FALSE,1. Resto país
San Luis,Metales comunes y sus manufacturas,subrubro,2011-01-01,2011,49.264,FALSE,1. Resto país
San Luis,"Máquinas y aparatos, material eléctrico",subrubro,2011-01-01,2011,48.973,FALSE,1. Resto país
San Luis,Resto de productos,subrubro,2011-01-01,2011,365.973,FALSE,1. Resto país
San Luis,Total,total,2011-01-01,2011,728.267,FALSE,1. Resto país
Santa Cruz,Gas de petróleo y otros hidrocarburos gaseosos,subrubro,2011-01-01,2011,27.518,FALSE,1. Resto país
Santa Cruz,"Minerales metalíferos, escorias y cenizas",subrubro,2011-01-01,2011,0,FALSE,1. Resto país
Santa Cruz,Pescados y mariscos sin elaborar,subrubro,2011-01-01,2011,326.93,FALSE,1. Resto país
Santa Cruz,Petróleo crudo,subrubro,2011-01-01,2011,435.79,FALSE,1. Resto país
Santa Cruz,"Piedras, metales preciosos y sus manufacturas, monedas",subrubro,2011-01-01,2011,818.824,FALSE,1. Resto país
Santa Cruz,Resto de productos,subrubro,2011-01-01,2011,237.866,FALSE,1. Resto país
Santa Cruz,Total,total,2011-01-01,2011,1846.928,FALSE,1. Resto país
Santa Fe,Cereales,subrubro,2011-01-01,2011,1068.805,FALSE,1. Resto país
Santa Fe,Grasas y aceites,subrubro,2011-01-01,2011,3923.456,FALSE,1. Resto país
Santa Fe,Material de transporte terrestre,subrubro,2011-01-01,2011,1139.599,FALSE,1. Resto país
Santa Fe,Productos químicos y conexos,subrubro,2011-01-01,2011,1986.304,FALSE,1. Resto país
Santa Fe,Residuos y desperdicios de la industria alimenticia,subrubro,2011-01-01,2011,6794.128,FALSE,1. Resto país
Santa Fe,Resto de productos,subrubro,2011-01-01,2011,3940.364,FALSE,1. Resto país
Santa Fe,Total,total,2011-01-01,2011,18852.657,FALSE,1. Resto país
Santiago del Estero,Cereales,subrubro,2011-01-01,2011,558.053,FALSE,2. NOA-Resto
Santiago del Estero,Fibras de algodón,subrubro,2011-01-01,2011,80.983,FALSE,2. NOA-Resto
Santiago del Estero,Hortalizas y legumbres sin elaborar,subrubro,2011-01-01,2011,39.595,FALSE,2. NOA-Resto
Santiago del Estero,Residuos y desperdicios de la industria alimenticia,subrubro,2011-01-01,2011,77.126,FALSE,2. NOA-Resto
Santiago del Estero,Resto de productos,subrubro,2011-01-01,2011,31.708,FALSE,2. NOA-Resto
Santiago del Estero,Semillas y frutos oleaginosos,subrubro,2011-01-01,2011,268.051,FALSE,2. NOA-Resto
Santiago del Estero,Total,total,2011-01-01,2011,1055.515,FALSE,2. NOA-Resto
Tierra del Fuego,Gas de petróleo y otros hidrocarburos gaseosos,subrubro,2011-01-01,2011,254.389,FALSE,1. Resto país
Tierra del Fuego,Materias plásticas y sus manufacturas,subrubro,2011-01-01,2011,16.744,FALSE,1. Resto país
Tierra del Fuego,"Máquinas y aparatos, material eléctrico",subrubro,2011-01-01,2011,31.092,FALSE,1. Resto país
Tierra del Fuego,Pescados y mariscos elaborados,subrubro,2011-01-01,2011,40.207,FALSE,1. Resto país
Tierra del Fuego,Pescados y mariscos sin elaborar,subrubro,2011-01-01,2011,62.74,FALSE,1. Resto país
Tierra del Fuego,Resto de productos,subrubro,2011-01-01,2011,37.872,FALSE,1. Resto país
Tierra del Fuego,Total,total,2011-01-01,2011,443.045,FALSE,1. Resto país
Tucumán,"Azúcar, cacao y artículos de confitería",subrubro,2011-01-01,2011,87.877,FALSE,2. NOA-Resto
Tucumán,Frutas frescas,subrubro,2011-01-01,2011,172.024,FALSE,2. NOA-Resto
Tucumán,Material de transporte terrestre,subrubro,2011-01-01,2011,112.305,FALSE,2. NOA-Resto
Tucumán,"Preparados de hortalizas, legumbres y frutas",subrubro,2011-01-01,2011,150.289,FALSE,2. NOA-Resto
Tucumán,Productos químicos y conexos,subrubro,2011-01-01,2011,143.991,FALSE,2. NOA-Resto
Tucumán,Resto de productos,subrubro,2011-01-01,2011,349.241,FALSE,2. NOA-Resto
Tucumán,Total,total,2011-01-01,2011,1015.727,FALSE,2. NOA-Resto
Buenos Aires,Cereales,subrubro,2012-01-01,2012,4393.68,FALSE,1. Resto país
Buenos Aires,Material de transporte terrestre,subrubro,2012-01-01,2012,6608.339,FALSE,1. Resto país
Buenos Aires,Metales comunes y sus manufacturas,subrubro,2012-01-01,2012,1635.791,FALSE,1. Resto país
Buenos Aires,Productos químicos y conexos,subrubro,2012-01-01,2012,2762.029,FALSE,1. Resto país
Buenos Aires,Resto de productos,subrubro,2012-01-01,2012,10683.851,FALSE,1. Resto país
Buenos Aires,Semillas y frutos oleaginosos,subrubro,2012-01-01,2012,1330.63,FALSE,1. Resto país
Buenos Aires,Total,total,2012-01-01,2012,27414.321,FALSE,1. Resto país
C.A.B.A.,"Máquinas y aparatos, material eléctrico",subrubro,2012-01-01,2012,39.769,FALSE,1. Resto país
C.A.B.A.,"Papel, cartón, impresos y publicaciones",subrubro,2012-01-01,2012,29.3,FALSE,1. Resto país
C.A.B.A.,Pieles y cueros,subrubro,2012-01-01,2012,51.49,FALSE,1. Resto país
C.A.B.A.,Productos químicos y conexos,subrubro,2012-01-01,2012,156.381,FALSE,1. Resto país
C.A.B.A.,Residuos y desperdicios de la industria alimenticia,subrubro,2012-01-01,2012,32.326,FALSE,1. Resto país
C.A.B.A.,Resto de productos,subrubro,2012-01-01,2012,112.678,FALSE,1. Resto país
C.A.B.A.,Total,total,2012-01-01,2012,421.944,FALSE,1. Resto país
Catamarca,"Azúcar, cacao y artículos de confitería",subrubro,2012-01-01,2012,11.99,FALSE,2. NOA-Resto
Catamarca,"Minerales metalíferos, escorias y cenizas",subrubro,2012-01-01,2012,1548.981,FALSE,2. NOA-Resto
Catamarca,"Piedras, metales preciosos y sus manufacturas, monedas",subrubro,2012-01-01,2012,50.841,FALSE,2. NOA-Resto
Catamarca,Productos químicos y conexos,subrubro,2012-01-01,2012,41.583,FALSE,2. NOA-Resto
Catamarca,Residuos y desperdicios de la industria alimenticia,subrubro,2012-01-01,2012,29.336,FALSE,2. NOA-Resto
Catamarca,Resto de productos,subrubro,2012-01-01,2012,37.209,FALSE,2. NOA-Resto
Catamarca,Total,total,2012-01-01,2012,1719.94,FALSE,2. NOA-Resto
Chaco,Cereales,subrubro,2012-01-01,2012,110.408,FALSE,1. Resto país
Chaco,"Extractos curtientes y tintóreos y materias albuminoideas, productos a base de almidón o féculas modificadas, colas enzimas",subrubro,2012-01-01,2012,54.682,FALSE,1. Resto país
Chaco,Fibras de algodón,subrubro,2012-01-01,2012,48.312,FALSE,1. Resto país
Chaco,"Productos de molinería y preparaciones a base de cereales, harina,fécula o leche, productos de pastelería",subrubro,2012-01-01,2012,11.385,FALSE,1. Resto país
Chaco,Resto de productos,subrubro,2012-01-01,2012,38.656,FALSE,1. Resto país
Chaco,Semillas y frutos oleaginosos,subrubro,2012-01-01,2012,41.535,FALSE,1. Resto país
Chaco,Total,total,2012-01-01,2012,304.978,FALSE,1. Resto país
Chubut,Lanas elaboradas,subrubro,2012-01-01,2012,114.989,FALSE,1. Resto país
Chubut,Metales comunes y sus manufacturas,subrubro,2012-01-01,2012,628.658,FALSE,1. Resto país
Chubut,Pescados y mariscos elaborados,subrubro,2012-01-01,2012,38.814,FALSE,1. Resto país
Chubut,Pescados y mariscos sin elaborar,subrubro,2012-01-01,2012,322.198,FALSE,1. Resto país
Chubut,Petróleo crudo,subrubro,2012-01-01,2012,2065.739,FALSE,1. Resto país
Chubut,Resto de productos,subrubro,2012-01-01,2012,77.757,FALSE,1. Resto país
Chubut,Total,total,2012-01-01,2012,3248.154,FALSE,1. Resto país
Corrientes,"Café, té, yerba mate y especias",subrubro,2012-01-01,2012,5.725,FALSE,1. Resto país
Corrientes,Cereales,subrubro,2012-01-01,2012,124.474,FALSE,1. Resto país
Corrientes,Frutas frescas,subrubro,2012-01-01,2012,60.896,FALSE,1. Resto país
Corrientes,Lanas sucias,subrubro,2012-01-01,2012,4.779,FALSE,1. Resto país
Corrientes,Resto de productos,subrubro,2012-01-01,2012,38.957,FALSE,1. Resto país
Corrientes,Tabaco sin elaborar,subrubro,2012-01-01,2012,5.023,FALSE,1. Resto país
Corrientes,Total,total,2012-01-01,2012,239.855,FALSE,1. Resto país
Córdoba,Cereales,subrubro,2012-01-01,2012,1524.247,FALSE,1. Resto país
Córdoba,Grasas y aceites,subrubro,2012-01-01,2012,1242.11,FALSE,1. Resto país
Córdoba,Material de transporte terrestre,subrubro,2012-01-01,2012,1821.51,FALSE,1. Resto país
Córdoba,Residuos y desperdicios de la industria alimenticia,subrubro,2012-01-01,2012,2315.064,FALSE,1. Resto país
Córdoba,Resto de productos,subrubro,2012-01-01,2012,2280.782,FALSE,1. Resto país
Córdoba,Semillas y frutos oleaginosos,subrubro,2012-01-01,2012,1128.803,FALSE,1. Resto país
Córdoba,Total,total,2012-01-01,2012,10312.516,FALSE,1. Resto país
Entre Ríos,Carnes,subrubro,2012-01-01,2012,337.87,FALSE,1. Resto país
Entre Ríos,Cereales,subrubro,2012-01-01,2012,742.07,FALSE,1. Resto país
Entre Ríos,Energía eléctrica,subrubro,2012-01-01,2012,108.18,FALSE,1. Resto país
Entre Ríos,Residuos y desperdicios de la industria alimenticia,subrubro,2012-01-01,2012,97.021,FALSE,1. Resto país
Entre Ríos,Resto de productos,subrubro,2012-01-01,2012,439.009,FALSE,1. Resto país
Entre Ríos,Semillas y frutos oleaginosos,subrubro,2012-01-01,2012,270.751,FALSE,1. Resto país
Entre Ríos,Total,total,2012-01-01,2012,1994.901,FALSE,1. Resto país
Formosa,Cereales,subrubro,2012-01-01,2012,10.161,FALSE,1. Resto país
Formosa,"Extractos curtientes y tintóreos y materias albuminoideas, productos a base de almidón o féculas modificadas, colas enzimas",subrubro,2012-01-01,2012,12.581,FALSE,1. Resto país
Formosa,Fibras de algodón,subrubro,2012-01-01,2012,2.246,FALSE,1. Resto país
Formosa,Otros productos de origen animal,subrubro,2012-01-01,2012,2.003,FALSE,1. Resto país
Formosa,Petróleo crudo,subrubro,2012-01-01,2012,12.534,FALSE,1. Resto país
Formosa,Resto de productos,subrubro,2012-01-01,2012,5.318,FALSE,1. Resto país
Formosa,Total,total,2012-01-01,2012,44.842,FALSE,1. Resto país
Jujuy,"Azúcar, cacao y artículos de confitería",subrubro,2012-01-01,2012,36.401,FALSE,2. NOA-Resto
Jujuy,Hortalizas y legumbres sin elaborar,subrubro,2012-01-01,2012,36.233,FALSE,2. NOA-Resto
Jujuy,Metales comunes y sus manufacturas,subrubro,2012-01-01,2012,26.319,FALSE,2. NOA-Resto
Jujuy,"Minerales metalíferos, escorias y cenizas",subrubro,2012-01-01,2012,312.285,FALSE,2. NOA-Resto
Jujuy,Resto de productos,subrubro,2012-01-01,2012,92.405,FALSE,2. NOA-Resto
Jujuy,Tabaco sin elaborar,subrubro,2012-01-01,2012,105.498,FALSE,2. NOA-Resto
Jujuy,Total,total,2012-01-01,2012,609.14,FALSE,2. NOA-Resto
La Pampa,Carnes,subrubro,2012-01-01,2012,12.858,FALSE,1. Resto país
La Pampa,Cereales,subrubro,2012-01-01,2012,261.374,FALSE,1. Resto país
La Pampa,Grasas y aceites,subrubro,2012-01-01,2012,13.842,FALSE,1. Resto país
La Pampa,Miel,subrubro,2012-01-01,2012,22.526,FALSE,1. Resto país
La Pampa,Resto de productos,subrubro,2012-01-01,2012,16.858,FALSE,1. Resto país
La Pampa,Semillas y frutos oleaginosos,subrubro,2012-01-01,2012,118.181,FALSE,1. Resto país
La Pampa,Total,total,2012-01-01,2012,445.639,FALSE,1. Resto país
La Rioja,"Bebidas, líquidos alcohólicos y vinagre",subrubro,2012-01-01,2012,15.162,FALSE,3. La Rioja
La Rioja,Grasas y aceites,subrubro,2012-01-01,2012,22.509,FALSE,3. La Rioja
La Rioja,"Papel, cartón, impresos y publicaciones",subrubro,2012-01-01,2012,101.313,FALSE,3. La Rioja
La Rioja,Pieles y cueros,subrubro,2012-01-01,2012,47.409,FALSE,3. La Rioja
La Rioja,"Preparados de hortalizas, legumbres y frutas",subrubro,2012-01-01,2012,39.109,FALSE,3. La Rioja
La Rioja,Resto de productos,subrubro,2012-01-01,2012,35.26,FALSE,3. La Rioja
La Rioja,Total,total,2012-01-01,2012,260.761,FALSE,3. La Rioja
Mendoza,"Bebidas, líquidos alcohólicos y vinagre",subrubro,2012-01-01,2012,818.355,FALSE,1. Resto país
Mendoza,Frutas frescas,subrubro,2012-01-01,2012,75.412,FALSE,1. Resto país
Mendoza,Hortalizas y legumbres sin elaborar,subrubro,2012-01-01,2012,105.638,FALSE,1. Resto país
Mendoza,"Máquinas y aparatos, material eléctrico",subrubro,2012-01-01,2012,189.466,FALSE,1. Resto país
Mendoza,"Preparados de hortalizas, legumbres y frutas",subrubro,2012-01-01,2012,232.174,FALSE,1. Resto país
Mendoza,Resto de productos,subrubro,2012-01-01,2012,385.98,FALSE,1. Resto país
Mendoza,Total,total,2012-01-01,2012,1807.025,FALSE,1. Resto país
Misiones,"Café, té, yerba mate y especias",subrubro,2012-01-01,2012,160.322,FALSE,1. Resto país
Misiones,Calzado y sus componentes,subrubro,2012-01-01,2012,2.735,FALSE,1. Resto país
Misiones,Frutas frescas,subrubro,2012-01-01,2012,9.486,FALSE,1. Resto país
Misiones,"Papel, cartón, impresos y publicaciones",subrubro,2012-01-01,2012,123.471,FALSE,1. Resto país
Misiones,Resto de productos,subrubro,2012-01-01,2012,68.021,FALSE,1. Resto país
Misiones,Tabaco sin elaborar,subrubro,2012-01-01,2012,77.161,FALSE,1. Resto país
Misiones,Total,total,2012-01-01,2012,441.196,FALSE,1. Resto país
Neuquén,Carburantes,subrubro,2012-01-01,2012,41.337,FALSE,1. Resto país
Neuquén,Frutas frescas,subrubro,2012-01-01,2012,43.662,FALSE,1. Resto país
Neuquén,Gas de petróleo y otros hidrocarburos gaseosos,subrubro,2012-01-01,2012,85.473,FALSE,1. Resto país
Neuquén,"Preparados de hortalizas, legumbres y frutas",subrubro,2012-01-01,2012,44.151,FALSE,1. Resto país
Neuquén,Productos químicos y conexos,subrubro,2012-01-01,2012,15.451,FALSE,1. Resto país
Neuquén,Resto de productos,subrubro,2012-01-01,2012,53.494,FALSE,1. Resto país
Neuquén,Total,total,2012-01-01,2012,283.569,FALSE,1. Resto país
Río Negro,Carnes,subrubro,2012-01-01,2012,29.647,FALSE,1. Resto país
Río Negro,Frutas frescas,subrubro,2012-01-01,2012,394.658,FALSE,1. Resto país
Río Negro,Gas de petróleo y otros hidrocarburos gaseosos,subrubro,2012-01-01,2012,43.103,FALSE,1. Resto país
Río Negro,"Minerales metalíferos, escorias y cenizas",subrubro,2012-01-01,2012,34.562,FALSE,1. Resto país
Río Negro,"Preparados de hortalizas, legumbres y frutas",subrubro,2012-01-01,2012,54.63,FALSE,1. Resto país
Río Negro,Resto de productos,subrubro,2012-01-01,2012,71.586,FALSE,1. Resto país
Río Negro,Total,total,2012-01-01,2012,628.186,FALSE,1. Resto país
Salta,Carburantes,subrubro,2012-01-01,2012,247.281,FALSE,2. NOA-Resto
Salta,Cereales,subrubro,2012-01-01,2012,228.205,FALSE,2. NOA-Resto
Salta,Hortalizas y legumbres sin elaborar,subrubro,2012-01-01,2012,267.075,FALSE,2. NOA-Resto
Salta,Productos químicos y conexos,subrubro,2012-01-01,2012,82.487,FALSE,2. NOA-Resto
Salta,Resto de productos,subrubro,2012-01-01,2012,311.592,FALSE,2. NOA-Resto
Salta,Tabaco sin elaborar,subrubro,2012-01-01,2012,175.835,FALSE,2. NOA-Resto
Salta,Total,total,2012-01-01,2012,1312.475,FALSE,2. NOA-Resto
San Juan,"Bebidas, líquidos alcohólicos y vinagre",subrubro,2012-01-01,2012,82.548,FALSE,1. Resto país
San Juan,Frutas frescas,subrubro,2012-01-01,2012,69.026,FALSE,1. Resto país
San Juan,"Piedras, metales preciosos y sus manufacturas, monedas",subrubro,2012-01-01,2012,1701.94,FALSE,1. Resto país
San Juan,"Preparados de hortalizas, legumbres y frutas",subrubro,2012-01-01,2012,112.463,FALSE,1. Resto país
San Juan,Productos químicos y conexos,subrubro,2012-01-01,2012,103.089,FALSE,1. Resto país
San Juan,Resto de productos,subrubro,2012-01-01,2012,220.723,FALSE,1. Resto país
San Juan,Total,total,2012-01-01,2012,2289.79,FALSE,1. Resto país
San Luis,Carnes,subrubro,2012-01-01,2012,76.553,FALSE,1. Resto país
San Luis,Cereales,subrubro,2012-01-01,2012,122.912,FALSE,1. Resto país
San Luis,Materias plásticas y sus manufacturas,subrubro,2012-01-01,2012,57.442,FALSE,1. Resto país
San Luis,Metales comunes y sus manufacturas,subrubro,2012-01-01,2012,42.857,FALSE,1. Resto país
San Luis,"Máquinas y aparatos, material eléctrico",subrubro,2012-01-01,2012,39.817,FALSE,1. Resto país
San Luis,Resto de productos,subrubro,2012-01-01,2012,351.39,FALSE,1. Resto país
San Luis,Total,total,2012-01-01,2012,690.97,FALSE,1. Resto país
Santa Cruz,Gas de petróleo y otros hidrocarburos gaseosos,subrubro,2012-01-01,2012,14.952,FALSE,1. Resto país
Santa Cruz,"Minerales metalíferos, escorias y cenizas",subrubro,2012-01-01,2012,192.705,FALSE,1. Resto país
Santa Cruz,Pescados y mariscos sin elaborar,subrubro,2012-01-01,2012,347.203,FALSE,1. Resto país
Santa Cruz,Petróleo crudo,subrubro,2012-01-01,2012,521.461,FALSE,1. Resto país
Santa Cruz,"Piedras, metales preciosos y sus manufacturas, monedas",subrubro,2012-01-01,2012,788.275,FALSE,1. Resto país
Santa Cruz,Resto de productos,subrubro,2012-01-01,2012,43.799,FALSE,1. Resto país
Santa Cruz,Total,total,2012-01-01,2012,1908.396,FALSE,1. Resto país
Santa Fe,Cereales,subrubro,2012-01-01,2012,1325.567,FALSE,1. Resto país
Santa Fe,Grasas y aceites,subrubro,2012-01-01,2012,3374.579,FALSE,1. Resto país
Santa Fe,Material de transporte terrestre,subrubro,2012-01-01,2012,1008.477,FALSE,1. Resto país
Santa Fe,Productos químicos y conexos,subrubro,2012-01-01,2012,1737.168,FALSE,1. Resto país
Santa Fe,Residuos y desperdicios de la industria alimenticia,subrubro,2012-01-01,2012,7158.355,FALSE,1. Resto país
Santa Fe,Resto de productos,subrubro,2012-01-01,2012,3327.392,FALSE,1. Resto país
Santa Fe,Total,total,2012-01-01,2012,17931.537,FALSE,1. Resto país
Santiago del Estero,Cereales,subrubro,2012-01-01,2012,559.473,FALSE,2. NOA-Resto
Santiago del Estero,Fibras de algodón,subrubro,2012-01-01,2012,37.732,FALSE,2. NOA-Resto
Santiago del Estero,Hortalizas y legumbres sin elaborar,subrubro,2012-01-01,2012,65.086,FALSE,2. NOA-Resto
Santiago del Estero,Residuos y desperdicios de la industria alimenticia,subrubro,2012-01-01,2012,27.41,FALSE,2. NOA-Resto
Santiago del Estero,Resto de productos,subrubro,2012-01-01,2012,27.093,FALSE,2. NOA-Resto
Santiago del Estero,Semillas y frutos oleaginosos,subrubro,2012-01-01,2012,73.555,FALSE,2. NOA-Resto
Santiago del Estero,Total,total,2012-01-01,2012,790.349,FALSE,2. NOA-Resto
Tierra del Fuego,Gas de petróleo y otros hidrocarburos gaseosos,subrubro,2012-01-01,2012,104.673,FALSE,1. Resto país
Tierra del Fuego,Materias plásticas y sus manufacturas,subrubro,2012-01-01,2012,20.623,FALSE,1. Resto país
Tierra del Fuego,"Máquinas y aparatos, material eléctrico",subrubro,2012-01-01,2012,30.438,FALSE,1. Resto país
Tierra del Fuego,Pescados y mariscos elaborados,subrubro,2012-01-01,2012,37.924,FALSE,1. Resto país
Tierra del Fuego,Pescados y mariscos sin elaborar,subrubro,2012-01-01,2012,63.192,FALSE,1. Resto país
Tierra del Fuego,Resto de productos,subrubro,2012-01-01,2012,24.002,FALSE,1. Resto país
Tierra del Fuego,Total,total,2012-01-01,2012,280.852,FALSE,1. Resto país
Tucumán,"Azúcar, cacao y artículos de confitería",subrubro,2012-01-01,2012,98.07,FALSE,2. NOA-Resto
Tucumán,Frutas frescas,subrubro,2012-01-01,2012,206.537,FALSE,2. NOA-Resto
Tucumán,Material de transporte terrestre,subrubro,2012-01-01,2012,92.213,FALSE,2. NOA-Resto
Tucumán,"Preparados de hortalizas, legumbres y frutas",subrubro,2012-01-01,2012,122.482,FALSE,2. NOA-Resto
Tucumán,Productos químicos y conexos,subrubro,2012-01-01,2012,131.703,FALSE,2. NOA-Resto
Tucumán,Resto de productos,subrubro,2012-01-01,2012,228.561,FALSE,2. NOA-Resto
Tucumán,Total,total,2012-01-01,2012,879.567,FALSE,2. NOA-Resto
Buenos Aires,Cereales,subrubro,2013-01-01,2013,3047.338,FALSE,1. Resto país
Buenos Aires,Grasas y aceites,subrubro,2013-01-01,2013,812.29,FALSE,1. Resto país
Buenos Aires,Material de transporte terrestre,subrubro,2013-01-01,2013,7118.996,FALSE,1. Resto país
Buenos Aires,Materias plásticas y sus manufacturas,subrubro,2013-01-01,2013,1086.121,FALSE,1. Resto país
Buenos Aires,Productos químicos y conexos,subrubro,2013-01-01,2013,2744.687,FALSE,1. Resto país
Buenos Aires,Residuos y desperdicios de la industria alimenticia,subrubro,2013-01-01,2013,1027.337,FALSE,1. Resto país
Buenos Aires,Resto de productos,subrubro,2013-01-01,2013,8103.165,FALSE,1. Resto país
Buenos Aires,Semillas y frutos oleaginosos,subrubro,2013-01-01,2013,1597.054,FALSE,1. Resto país
Buenos Aires,Total,total,2013-01-01,2013,25536.988,FALSE,1. Resto país
C.A.B.A.,Carnes y sus preparados,subrubro,2013-01-01,2013,29.212,FALSE,1. Resto país
C.A.B.A.,"Máquinas y aparatos, material eléctrico",subrubro,2013-01-01,2013,28.976,FALSE,1. Resto país
C.A.B.A.,Otros productos de origen animal,subrubro,2013-01-01,2013,10.099,FALSE,1. Resto país
C.A.B.A.,"Papel, cartón, impresos y publicaciones",subrubro,2013-01-01,2013,22.513,FALSE,1. Resto país
C.A.B.A.,Pieles y cueros,subrubro,2013-01-01,2013,46.855,FALSE,1. Resto país
C.A.B.A.,Productos químicos y conexos,subrubro,2013-01-01,2013,157.401,FALSE,1. Resto país
C.A.B.A.,Resto de productos,subrubro,2013-01-01,2013,97.083,FALSE,1. Resto país
C.A.B.A.,Total,total,2013-01-01,2013,392.139,FALSE,1. Resto país
Catamarca,"Azúcar, cacao y artículos de confitería",subrubro,2013-01-01,2013,5.433,FALSE,2. NOA-Resto
Catamarca,Grasas y aceites,subrubro,2013-01-01,2013,15.931,FALSE,2. NOA-Resto
Catamarca,Hortalizas y legumbres sin elaborar,subrubro,2013-01-01,2013,2.927,FALSE,2. NOA-Resto
Catamarca,"Minerales metalíferos, escorias y cenizas",subrubro,2013-01-01,2013,977.838,FALSE,2. NOA-Resto
Catamarca,"Piedras, metales preciosos y sus manufacturas, monedas",subrubro,2013-01-01,2013,37.738,FALSE,2. NOA-Resto
Catamarca,"Preparados de hortalizas, legumbres y frutas",subrubro,2013-01-01,2013,4.959,FALSE,2. NOA-Resto
Catamarca,Productos químicos y conexos,subrubro,2013-01-01,2013,39.175,FALSE,2. NOA-Resto
Catamarca,Resto de productos,subrubro,2013-01-01,2013,18.071,FALSE,2. NOA-Resto
Catamarca,Total,total,2013-01-01,2013,1102.072,FALSE,2. NOA-Resto
Chaco,Cereales,subrubro,2013-01-01,2013,97.154,FALSE,1. Resto país
Chaco,Extractos curtientes y tintóreos,subrubro,2013-01-01,2013,58.162,FALSE,1. Resto país
Chaco,Fibras de algodón,subrubro,2013-01-01,2013,18.716,FALSE,1. Resto país
Chaco,Productos de molinería y sus preparaciones,subrubro,2013-01-01,2013,4.994,FALSE,1. Resto país
Chaco,Resto de productos,subrubro,2013-01-01,2013,6.181,FALSE,1. Resto país
Chaco,Semillas y frutos oleaginosos,subrubro,2013-01-01,2013,70.188,FALSE,1. Resto país
Chaco,Total,total,2013-01-01,2013,282.537,FALSE,1. Resto país
Chubut,Lanas elaboradas,subrubro,2013-01-01,2013,107.517,FALSE,1. Resto país
Chubut,Lanas sucias,subrubro,2013-01-01,2013,23.147,FALSE,1. Resto país
Chubut,Metales comunes y sus manufacturas,subrubro,2013-01-01,2013,653.786,FALSE,1. Resto país
Chubut,Pescados y mariscos elaborados,subrubro,2013-01-01,2013,43.42,FALSE,1. Resto país
Chubut,Pescados y mariscos sin elaborar,subrubro,2013-01-01,2013,406.265,FALSE,1. Resto país
Chubut,Petróleo crudo,subrubro,2013-01-01,2013,1373.963,FALSE,1. Resto país
Chubut,Resto de productos,subrubro,2013-01-01,2013,25.44,FALSE,1. Resto país
Chubut,Textiles y confecciones,subrubro,2013-01-01,2013,7.765,FALSE,1. Resto país
Chubut,Total,total,2013-01-01,2013,2641.303,FALSE,1. Resto país
Corrientes,"Café, té, yerba mate y especias",subrubro,2013-01-01,2013,8.499,FALSE,1. Resto país
Corrientes,Cereales,subrubro,2013-01-01,2013,140.692,FALSE,1. Resto país
Corrientes,Frutas frescas,subrubro,2013-01-01,2013,58.768,FALSE,1. Resto país
Corrientes,"Preparados de hortalizas, legumbres y frutas",subrubro,2013-01-01,2013,3.01,FALSE,1. Resto país
Corrientes,Resto de productos,subrubro,2013-01-01,2013,40.438,FALSE,1. Resto país
Corrientes,Textiles y confecciones,subrubro,2013-01-01,2013,3.737,FALSE,1. Resto país
Corrientes,Total,total,2013-01-01,2013,255.144,FALSE,1. Resto país
Córdoba,Cereales,subrubro,2013-01-01,2013,2250.029,FALSE,1. Resto país
Córdoba,Grasas y aceites,subrubro,2013-01-01,2013,1003.078,FALSE,1. Resto país
Córdoba,Material de transporte terrestre,subrubro,2013-01-01,2013,1924.354,FALSE,1. Resto país
Córdoba,"Máquinas y aparatos, material eléctrico",subrubro,2013-01-01,2013,398.612,FALSE,1. Resto país
Córdoba,"Preparados de hortalizas, legumbres y frutas",subrubro,2013-01-01,2013,407.121,FALSE,1. Resto país
Córdoba,Productos lácteos,subrubro,2013-01-01,2013,465.681,FALSE,1. Resto país
Córdoba,Productos químicos y conexos,subrubro,2013-01-01,2013,203.55,FALSE,1. Resto país
Córdoba,Residuos y desperdicios de la industria alimenticia,subrubro,2013-01-01,2013,2620.329,FALSE,1. Resto país
Córdoba,Resto de productos,subrubro,2013-01-01,2013,704.091,FALSE,1. Resto país
Córdoba,Semillas y frutos oleaginosos,subrubro,2013-01-01,2013,1323.319,FALSE,1. Resto país
Córdoba,Total,total,2013-01-01,2013,11300.164,FALSE,1. Resto país
Entre Ríos,Carnes y sus preparados,subrubro,2013-01-01,2013,447.157,FALSE,1. Resto país
Entre Ríos,Cereales,subrubro,2013-01-01,2013,541.876,FALSE,1. Resto país
Entre Ríos,Frutas frescas,subrubro,2013-01-01,2013,74.908,FALSE,1. Resto país
Entre Ríos,Productos químicos y conexos,subrubro,2013-01-01,2013,68.516,FALSE,1. Resto país
Entre Ríos,Residuos y desperdicios de la industria alimenticia,subrubro,2013-01-01,2013,104.2,FALSE,1. Resto país
Entre Ríos,Resto de productos,subrubro,2013-01-01,2013,278.353,FALSE,1. Resto país
Entre Ríos,Semillas y frutos oleaginosos,subrubro,2013-01-01,2013,317.778,FALSE,1. Resto país
Entre Ríos,Total,total,2013-01-01,2013,1832.788,FALSE,1. Resto país
Formosa,Cereales,subrubro,2013-01-01,2013,10.126,FALSE,1. Resto país
Formosa,Extractos curtientes y tintóreos,subrubro,2013-01-01,2013,10.619,FALSE,1. Resto país
Formosa,Fibras de algodón,subrubro,2013-01-01,2013,0.87,FALSE,1. Resto país
Formosa,Otros productos de origen animal,subrubro,2013-01-01,2013,2.309,FALSE,1. Resto país
Formosa,Petróleo crudo,subrubro,2013-01-01,2013,8.337,FALSE,1. Resto país
Formosa,Productos químicos y conexos,subrubro,2013-01-01,2013,2.162,FALSE,1. Resto país
Formosa,Resto de productos,subrubro,2013-01-01,2013,2.605,FALSE,1. Resto país
Formosa,Total,total,2013-01-01,2013,37.028,FALSE,1. Resto país
Jujuy,"Azúcar, cacao y artículos de confitería",subrubro,2013-01-01,2013,37.832,FALSE,2. NOA-Resto
Jujuy,Frutas frescas,subrubro,2013-01-01,2013,12.672,FALSE,2. NOA-Resto
Jujuy,Hortalizas y legumbres sin elaborar,subrubro,2013-01-01,2013,16.321,FALSE,2. NOA-Resto
Jujuy,Metales comunes y sus manufacturas,subrubro,2013-01-01,2013,19.72,FALSE,2. NOA-Resto
Jujuy,"Minerales metalíferos, escorias y cenizas",subrubro,2013-01-01,2013,188.201,FALSE,2. NOA-Resto
Jujuy,Productos químicos y conexos,subrubro,2013-01-01,2013,6.121,FALSE,2. NOA-Resto
Jujuy,Resto de productos,subrubro,2013-01-01,2013,52.284,FALSE,2. NOA-Resto
Jujuy,Tabaco sin elaborar,subrubro,2013-01-01,2013,78.176,FALSE,2. NOA-Resto
Jujuy,Total,total,2013-01-01,2013,411.327,FALSE,2. NOA-Resto
La Pampa,Carnes y sus preparados,subrubro,2013-01-01,2013,24.14,FALSE,1. Resto país
La Pampa,Cereales,subrubro,2013-01-01,2013,165.065,FALSE,1. Resto país
La Pampa,Grasas y aceites,subrubro,2013-01-01,2013,8.79,FALSE,1. Resto país
La Pampa,"Manufacturas de piedra, yeso, vidrio, etc.",subrubro,2013-01-01,2013,4.348,FALSE,1. Resto país
La Pampa,Miel,subrubro,2013-01-01,2013,22.263,FALSE,1. Resto país
La Pampa,Resto de productos,subrubro,2013-01-01,2013,7.11,FALSE,1. Resto país
La Pampa,Semillas y frutos oleaginosos,subrubro,2013-01-01,2013,98.079,FALSE,1. Resto país
La Pampa,Total,total,2013-01-01,2013,329.795,FALSE,1. Resto país
La Rioja,"Bebidas, líquidos alcohólicos y vinagre",subrubro,2013-01-01,2013,15.431,FALSE,3. La Rioja
La Rioja,Grasas y aceites,subrubro,2013-01-01,2013,35.274,FALSE,3. La Rioja
La Rioja,"Papel, cartón, impresos y publicaciones",subrubro,2013-01-01,2013,100.796,FALSE,3. La Rioja
La Rioja,Pieles y cueros,subrubro,2013-01-01,2013,70.196,FALSE,3. La Rioja
La Rioja,"Preparados de hortalizas, legumbres y frutas",subrubro,2013-01-01,2013,49.642,FALSE,3. La Rioja
La Rioja,Productos químicos y conexos,subrubro,2013-01-01,2013,12.147,FALSE,3. La Rioja
La Rioja,Resto de productos,subrubro,2013-01-01,2013,21.066,FALSE,3. La Rioja
La Rioja,Semillas y frutos oleaginosos,subrubro,2013-01-01,2013,0.531,FALSE,3. La Rioja
La Rioja,Total,total,2013-01-01,2013,305.083,FALSE,3. La Rioja
Mendoza,"Bebidas, líquidos alcohólicos y vinagre",subrubro,2013-01-01,2013,773.313,FALSE,1. Resto país
Mendoza,Frutas frescas,subrubro,2013-01-01,2013,78.898,FALSE,1. Resto país
Mendoza,Frutas secas o procesadas,subrubro,2013-01-01,2013,82.558,FALSE,1. Resto país
Mendoza,Hortalizas y legumbres sin elaborar,subrubro,2013-01-01,2013,118.916,FALSE,1. Resto país
Mendoza,"Máquinas y aparatos, material eléctrico",subrubro,2013-01-01,2013,148.328,FALSE,1. Resto país
Mendoza,"Preparados de hortalizas, legumbres y frutas",subrubro,2013-01-01,2013,230.484,FALSE,1. Resto país
Mendoza,Resto de productos,subrubro,2013-01-01,2013,249.06,FALSE,1. Resto país
Mendoza,Total,total,2013-01-01,2013,1681.557,FALSE,1. Resto país
Misiones,"Café, té, yerba mate y especias",subrubro,2013-01-01,2013,181.319,FALSE,1. Resto país
Misiones,Frutas frescas,subrubro,2013-01-01,2013,8.887,FALSE,1. Resto país
Misiones,"Papel, cartón, impresos y publicaciones",subrubro,2013-01-01,2013,140.322,FALSE,1. Resto país
Misiones,"Preparados de hortalizas, legumbres y frutas",subrubro,2013-01-01,2013,1.746,FALSE,1. Resto país
Misiones,Resto de productos,subrubro,2013-01-01,2013,78.807,FALSE,1. Resto país
Misiones,Tabaco sin elaborar,subrubro,2013-01-01,2013,74.278,FALSE,1. Resto país
Misiones,Total,total,2013-01-01,2013,485.359,FALSE,1. Resto país
Neuquén,"Bebidas, líquidos alcohólicos y vinagre",subrubro,2013-01-01,2013,9.074,FALSE,1. Resto país
Neuquén,Carburantes,subrubro,2013-01-01,2013,31.994,FALSE,1. Resto país
Neuquén,Frutas frescas,subrubro,2013-01-01,2013,52.872,FALSE,1. Resto país
Neuquén,Gas de petróleo y otros hidrocarburos gaseosos,subrubro,2013-01-01,2013,76.494,FALSE,1. Resto país
Neuquén,"Máquinas y aparatos, material eléctrico",subrubro,2013-01-01,2013,5.179,FALSE,1. Resto país
Neuquén,"Papel, cartón, impresos y publicaciones",subrubro,2013-01-01,2013,0.946,FALSE,1. Resto país
Neuquén,"Preparados de hortalizas, legumbres y frutas",subrubro,2013-01-01,2013,35.387,FALSE,1. Resto país
Neuquén,Productos químicos y conexos,subrubro,2013-01-01,2013,18.329,FALSE,1. Resto país
Neuquén,Resto de productos,subrubro,2013-01-01,2013,24.136,FALSE,1. Resto país
Neuquén,Total,total,2013-01-01,2013,254.411,FALSE,1. Resto país
Río Negro,"Bebidas, líquidos alcohólicos y vinagre",subrubro,2013-01-01,2013,6.444,FALSE,1. Resto país
Río Negro,Carnes y sus preparados,subrubro,2013-01-01,2013,22.07,FALSE,1. Resto país
Río Negro,Frutas frescas,subrubro,2013-01-01,2013,470.417,FALSE,1. Resto país
Río Negro,Frutas secas o procesadas,subrubro,2013-01-01,2013,9.6,FALSE,1. Resto país
Río Negro,Gas de petróleo y otros hidrocarburos gaseosos,subrubro,2013-01-01,2013,48.389,FALSE,1. Resto país
Río Negro,"Minerales metalíferos, escorias y cenizas",subrubro,2013-01-01,2013,41.492,FALSE,1. Resto país
Río Negro,"Preparados de hortalizas, legumbres y frutas",subrubro,2013-01-01,2013,42.803,FALSE,1. Resto país
Río Negro,Resto de productos,subrubro,2013-01-01,2013,35.094,FALSE,1. Resto país
Río Negro,Total,total,2013-01-01,2013,676.309,FALSE,1. Resto país
Salta,"Azúcar, cacao y artículos de confitería",subrubro,2013-01-01,2013,29.06,FALSE,2. NOA-Resto
Salta,Cereales,subrubro,2013-01-01,2013,12.482,FALSE,2. NOA-Resto
Salta,Frutas frescas,subrubro,2013-01-01,2013,20.425,FALSE,2. NOA-Resto
Salta,Hortalizas y legumbres sin elaborar,subrubro,2013-01-01,2013,90.029,FALSE,2. NOA-Resto
Salta,Pieles y cueros,subrubro,2013-01-01,2013,32.547,FALSE,2. NOA-Resto
Salta,Productos químicos y conexos,subrubro,2013-01-01,2013,75.814,FALSE,2. NOA-Resto
Salta,Resto de productos,subrubro,2013-01-01,2013,463.742,FALSE,2. NOA-Resto
Salta,Semillas y frutos oleaginosos,subrubro,2013-01-01,2013,34.634,FALSE,2. NOA-Resto
Salta,Tabaco sin elaborar,subrubro,2013-01-01,2013,163.737,FALSE,2. NOA-Resto
Salta,Total,total,2013-01-01,2013,922.47,FALSE,2. NOA-Resto
San Juan,"Bebidas, líquidos alcohólicos y vinagre",subrubro,2013-01-01,2013,86.125,FALSE,1. Resto país
San Juan,Frutas frescas,subrubro,2013-01-01,2013,36.27,FALSE,1. Resto país
San Juan,Frutas secas o procesadas,subrubro,2013-01-01,2013,61.542,FALSE,1. Resto país
San Juan,Hortalizas y legumbres sin elaborar,subrubro,2013-01-01,2013,47.694,FALSE,1. Resto país
San Juan,"Piedras, metales preciosos y sus manufacturas, monedas",subrubro,2013-01-01,2013,1300.368,FALSE,1. Resto país
San Juan,"Preparados de hortalizas, legumbres y frutas",subrubro,2013-01-01,2013,105.317,FALSE,1. Resto país
San Juan,Productos químicos y conexos,subrubro,2013-01-01,2013,93.194,FALSE,1. Resto país
San Juan,Resto de productos,subrubro,2013-01-01,2013,129.821,FALSE,1. Resto país
San Juan,Total,total,2013-01-01,2013,1860.331,FALSE,1. Resto país
San Luis,Carnes y sus preparados,subrubro,2013-01-01,2013,68.698,FALSE,1. Resto país
San Luis,Cereales,subrubro,2013-01-01,2013,276.26,FALSE,1. Resto país
San Luis,Materias plásticas y sus manufacturas,subrubro,2013-01-01,2013,46.484,FALSE,1. Resto país
San Luis,Metales comunes y sus manufacturas,subrubro,2013-01-01,2013,45.307,FALSE,1. Resto país
San Luis,"Preparados de hortalizas, legumbres y frutas",subrubro,2013-01-01,2013,22.397,FALSE,1. Resto país
San Luis,Productos de molinería y sus preparaciones,subrubro,2013-01-01,2013,28.934,FALSE,1. Resto país
San Luis,Resto de productos,subrubro,2013-01-01,2013,228.125,FALSE,1. Resto país
San Luis,Semillas y frutos oleaginosos,subrubro,2013-01-01,2013,69.579,FALSE,1. Resto país
San Luis,Total,total,2013-01-01,2013,785.784,FALSE,1. Resto país
Santa Cruz,Carnes y sus preparados,subrubro,2013-01-01,2013,6.443,FALSE,1. Resto país
Santa Cruz,Frutas frescas,subrubro,2013-01-01,2013,1,FALSE,1. Resto país
Santa Cruz,Lanas sucias,subrubro,2013-01-01,2013,4.28,FALSE,1. Resto país
Santa Cruz,"Minerales metalíferos, escorias y cenizas",subrubro,2013-01-01,2013,146.748,FALSE,1. Resto país
Santa Cruz,Pescados y mariscos elaborados,subrubro,2013-01-01,2013,4.787,FALSE,1. Resto país
Santa Cruz,Pescados y mariscos sin elaborar,subrubro,2013-01-01,2013,413.743,FALSE,1. Resto país
Santa Cruz,Petróleo crudo,subrubro,2013-01-01,2013,346.834,FALSE,1. Resto país
Santa Cruz,"Piedras, metales preciosos y sus manufacturas, monedas",subrubro,2013-01-01,2013,699.971,FALSE,1. Resto país
Santa Cruz,Resto de productos,subrubro,2013-01-01,2013,24.986,FALSE,1. Resto país
Santa Cruz,Total,total,2013-01-01,2013,1648.792,FALSE,1. Resto país
Santa Fe,Carnes y sus preparados,subrubro,2013-01-01,2013,314.25,FALSE,1. Resto país
Santa Fe,Cereales,subrubro,2013-01-01,2013,1292.226,FALSE,1. Resto país
Santa Fe,Grasas y aceites,subrubro,2013-01-01,2013,2912.93,FALSE,1. Resto país
Santa Fe,Material de transporte terrestre,subrubro,2013-01-01,2013,872.229,FALSE,1. Resto país
Santa Fe,"Máquinas y aparatos, material eléctrico",subrubro,2013-01-01,2013,499.671,FALSE,1. Resto país
Santa Fe,Productos lácteos,subrubro,2013-01-01,2013,685.055,FALSE,1. Resto país
Santa Fe,Productos químicos y conexos,subrubro,2013-01-01,2013,1141.684,FALSE,1. Resto país
Santa Fe,Residuos y desperdicios de la industria alimenticia,subrubro,2013-01-01,2013,7082.065,FALSE,1. Resto país
Santa Fe,Resto de productos,subrubro,2013-01-01,2013,1095.51,FALSE,1. Resto país
Santa Fe,Semillas y frutos oleaginosos,subrubro,2013-01-01,2013,899.034,FALSE,1. Resto país
Santa Fe,Total,total,2013-01-01,2013,16794.654,FALSE,1. Resto país
Santiago del Estero,Carnes y sus preparados,subrubro,2013-01-01,2013,9.932,FALSE,2. NOA-Resto
Santiago del Estero,Cereales,subrubro,2013-01-01,2013,370.688,FALSE,2. NOA-Resto
Santiago del Estero,Fibras de algodón,subrubro,2013-01-01,2013,14.617,FALSE,2. NOA-Resto
Santiago del Estero,Hortalizas y legumbres sin elaborar,subrubro,2013-01-01,2013,19.258,FALSE,2. NOA-Resto
Santiago del Estero,Residuos y desperdicios de la industria alimenticia,subrubro,2013-01-01,2013,17.189,FALSE,2. NOA-Resto
Santiago del Estero,Resto de productos,subrubro,2013-01-01,2013,21.491,FALSE,2. NOA-Resto
Santiago del Estero,Semillas y frutos oleaginosos,subrubro,2013-01-01,2013,149.144,FALSE,2. NOA-Resto
Santiago del Estero,Total,total,2013-01-01,2013,602.319,FALSE,2. NOA-Resto
Tierra del Fuego,Gas de petróleo y otros hidrocarburos gaseosos,subrubro,2013-01-01,2013,54.362,FALSE,1. Resto país
Tierra del Fuego,Materias plásticas y sus manufacturas,subrubro,2013-01-01,2013,15.397,FALSE,1. Resto país
Tierra del Fuego,"Máquinas y aparatos, material eléctrico",subrubro,2013-01-01,2013,21.367,FALSE,1. Resto país
Tierra del Fuego,Pescados y mariscos elaborados,subrubro,2013-01-01,2013,25.296,FALSE,1. Resto país
Tierra del Fuego,Pescados y mariscos sin elaborar,subrubro,2013-01-01,2013,50.087,FALSE,1. Resto país
Tierra del Fuego,Residuos y desperdicios de la industria alimenticia,subrubro,2013-01-01,2013,3.098,FALSE,1. Resto país
Tierra del Fuego,Resto de productos,subrubro,2013-01-01,2013,10.243,FALSE,1. Resto país
Tierra del Fuego,Total,total,2013-01-01,2013,179.85,FALSE,1. Resto país
Tucumán,"Azúcar, cacao y artículos de confitería",subrubro,2013-01-01,2013,87.902,FALSE,2. NOA-Resto
Tucumán,Frutas frescas,subrubro,2013-01-01,2013,224.327,FALSE,2. NOA-Resto
Tucumán,Material de transporte terrestre,subrubro,2013-01-01,2013,147.325,FALSE,2. NOA-Resto
Tucumán,"Preparados de hortalizas, legumbres y frutas",subrubro,2013-01-01,2013,113.316,FALSE,2. NOA-Resto
Tucumán,Productos químicos y conexos,subrubro,2013-01-01,2013,149.711,FALSE,2. NOA-Resto
Tucumán,Residuos y desperdicios de la industria alimenticia,subrubro,2013-01-01,2013,50.959,FALSE,2. NOA-Resto
Tucumán,Resto de productos,subrubro,2013-01-01,2013,147.297,FALSE,2. NOA-Resto
Tucumán,Total,total,2013-01-01,2013,920.837,FALSE,2. NOA-Resto
Buenos Aires,Cereales,subrubro,2014-01-01,2014,1765.284,FALSE,1. Resto país
Buenos Aires,Grasas y aceites,subrubro,2014-01-01,2014,942.638,FALSE,1. Resto país
Buenos Aires,Material de transporte terrestre,subrubro,2014-01-01,2014,6163.473,FALSE,1. Resto país
Buenos Aires,Materias plásticas y sus manufacturas,subrubro,2014-01-01,2014,1080.782,FALSE,1. Resto país
Buenos Aires,Productos químicos y conexos,subrubro,2014-01-01,2014,2665.129,FALSE,1. Resto país
Buenos Aires,Residuos y desperdicios de la industria alimenticia,subrubro,2014-01-01,2014,1738.956,FALSE,1. Resto país
Buenos Aires,Resto de productos,subrubro,2014-01-01,2014,7578.725,FALSE,1. Resto país
Buenos Aires,Semillas y frutos oleaginosos,subrubro,2014-01-01,2014,1334.605,FALSE,1. Resto país
Buenos Aires,Total,total,2014-01-01,2014,23269.592,FALSE,1. Resto país
C.A.B.A.,Carnes y sus preparados,subrubro,2014-01-01,2014,25.689,FALSE,1. Resto país
C.A.B.A.,"Máquinas y aparatos, material eléctrico",subrubro,2014-01-01,2014,21.738,FALSE,1. Resto país
C.A.B.A.,Otros productos de origen animal,subrubro,2014-01-01,2014,8.709,FALSE,1. Resto país
C.A.B.A.,"Papel, cartón, impresos y publicaciones",subrubro,2014-01-01,2014,17.396,FALSE,1. Resto país
C.A.B.A.,Pieles y cueros,subrubro,2014-01-01,2014,53.282,FALSE,1. Resto país
C.A.B.A.,Productos químicos y conexos,subrubro,2014-01-01,2014,155.518,FALSE,1. Resto país
C.A.B.A.,Resto de productos,subrubro,2014-01-01,2014,83.757,FALSE,1. Resto país
C.A.B.A.,Total,total,2014-01-01,2014,366.089,FALSE,1. Resto país
Catamarca,"Azúcar, cacao y artículos de confitería",subrubro,2014-01-01,2014,4.491,FALSE,2. NOA-Resto
Catamarca,Grasas y aceites,subrubro,2014-01-01,2014,2.995,FALSE,2. NOA-Resto
Catamarca,Hortalizas y legumbres sin elaborar,subrubro,2014-01-01,2014,3.616,FALSE,2. NOA-Resto
Catamarca,"Minerales metalíferos, escorias y cenizas",subrubro,2014-01-01,2014,950.412,FALSE,2. NOA-Resto
Catamarca,"Piedras, metales preciosos y sus manufacturas, monedas",subrubro,2014-01-01,2014,38.675,FALSE,2. NOA-Resto
Catamarca,"Preparados de hortalizas, legumbres y frutas",subrubro,2014-01-01,2014,2.5,FALSE,2. NOA-Resto
Catamarca,Productos químicos y conexos,subrubro,2014-01-01,2014,50.168,FALSE,2. NOA-Resto
Catamarca,Resto de productos,subrubro,2014-01-01,2014,7.182,FALSE,2. NOA-Resto
Catamarca,Total,total,2014-01-01,2014,1060.039,FALSE,2. NOA-Resto
Chaco,Cereales,subrubro,2014-01-01,2014,148.589,FALSE,1. Resto país
Chaco,Extractos curtientes y tintóreos,subrubro,2014-01-01,2014,61.572,FALSE,1. Resto país
Chaco,Fibras de algodón,subrubro,2014-01-01,2014,51.56,FALSE,1. Resto país
Chaco,Productos de molinería y sus preparaciones,subrubro,2014-01-01,2014,5.305,FALSE,1. Resto país
Chaco,Resto de productos,subrubro,2014-01-01,2014,30.934,FALSE,1. Resto país
Chaco,Semillas y frutos oleaginosos,subrubro,2014-01-01,2014,107.381,FALSE,1. Resto país
Chaco,Total,total,2014-01-01,2014,405.341,FALSE,1. Resto país
Chubut,Lanas elaboradas,subrubro,2014-01-01,2014,88.753,FALSE,1. Resto país
Chubut,Lanas sucias,subrubro,2014-01-01,2014,26.888,FALSE,1. Resto país
Chubut,Metales comunes y sus manufacturas,subrubro,2014-01-01,2014,579.209,FALSE,1. Resto país
Chubut,Pescados y mariscos elaborados,subrubro,2014-01-01,2014,36.234,FALSE,1. Resto país
Chubut,Pescados y mariscos sin elaborar,subrubro,2014-01-01,2014,478.316,FALSE,1. Resto país
Chubut,Petróleo crudo,subrubro,2014-01-01,2014,1281.291,FALSE,1. Resto país
Chubut,Resto de productos,subrubro,2014-01-01,2014,20.99,FALSE,1. Resto país
Chubut,Textiles y confecciones,subrubro,2014-01-01,2014,6.285,FALSE,1. Resto país
Chubut,Total,total,2014-01-01,2014,2517.966,FALSE,1. Resto país
Corrientes,"Café, té, yerba mate y especias",subrubro,2014-01-01,2014,9.52,FALSE,1. Resto país
Corrientes,Cereales,subrubro,2014-01-01,2014,118.375,FALSE,1. Resto país
Corrientes,Frutas frescas,subrubro,2014-01-01,2014,51.845,FALSE,1. Resto país
Corrientes,"Preparados de hortalizas, legumbres y frutas",subrubro,2014-01-01,2014,2.741,FALSE,1. Resto país
Corrientes,Resto de productos,subrubro,2014-01-01,2014,37.732,FALSE,1. Resto país
Corrientes,Textiles y confecciones,subrubro,2014-01-01,2014,13.223,FALSE,1. Resto país
Corrientes,Total,total,2014-01-01,2014,233.436,FALSE,1. Resto país
Córdoba,Cereales,subrubro,2014-01-01,2014,1390.323,FALSE,1. Resto país
Córdoba,Grasas y aceites,subrubro,2014-01-01,2014,821.301,FALSE,1. Resto país
Córdoba,Material de transporte terrestre,subrubro,2014-01-01,2014,1428.486,FALSE,1. Resto país
Córdoba,"Máquinas y aparatos, material eléctrico",subrubro,2014-01-01,2014,318.395,FALSE,1. Resto país
Córdoba,"Preparados de hortalizas, legumbres y frutas",subrubro,2014-01-01,2014,358.253,FALSE,1. Resto país
Córdoba,Productos lácteos,subrubro,2014-01-01,2014,422.026,FALSE,1. Resto país
Córdoba,Productos químicos y conexos,subrubro,2014-01-01,2014,289.286,FALSE,1. Resto país
Córdoba,Residuos y desperdicios de la industria alimenticia,subrubro,2014-01-01,2014,2714.059,FALSE,1. Resto país
Córdoba,Resto de productos,subrubro,2014-01-01,2014,610.2,FALSE,1. Resto país
Córdoba,Semillas y frutos oleaginosos,subrubro,2014-01-01,2014,1244.567,FALSE,1. Resto país
Córdoba,Total,total,2014-01-01,2014,9596.896,FALSE,1. Resto país
Entre Ríos,Carnes y sus preparados,subrubro,2014-01-01,2014,420.939,FALSE,1. Resto país
Entre Ríos,Cereales,subrubro,2014-01-01,2014,337.609,FALSE,1. Resto país
Entre Ríos,Frutas frescas,subrubro,2014-01-01,2014,98.817,FALSE,1. Resto país
Entre Ríos,Productos químicos y conexos,subrubro,2014-01-01,2014,68.355,FALSE,1. Resto país
Entre Ríos,Residuos y desperdicios de la industria alimenticia,subrubro,2014-01-01,2014,78.604,FALSE,1. Resto país
Entre Ríos,Resto de productos,subrubro,2014-01-01,2014,247.624,FALSE,1. Resto país
Entre Ríos,Semillas y frutos oleaginosos,subrubro,2014-01-01,2014,295.329,FALSE,1. Resto país
Entre Ríos,Total,total,2014-01-01,2014,1547.277,FALSE,1. Resto país
Formosa,Cereales,subrubro,2014-01-01,2014,9.481,FALSE,1. Resto país
Formosa,Extractos curtientes y tintóreos,subrubro,2014-01-01,2014,8.523,FALSE,1. Resto país
Formosa,Fibras de algodón,subrubro,2014-01-01,2014,2.397,FALSE,1. Resto país
Formosa,Otros productos de origen animal,subrubro,2014-01-01,2014,3.362,FALSE,1. Resto país
Formosa,Petróleo crudo,subrubro,2014-01-01,2014,7.774,FALSE,1. Resto país
Formosa,Productos químicos y conexos,subrubro,2014-01-01,2014,1.848,FALSE,1. Resto país
Formosa,Resto de productos,subrubro,2014-01-01,2014,1.453,FALSE,1. Resto país
Formosa,Total,total,2014-01-01,2014,34.838,FALSE,1. Resto país
Jujuy,"Azúcar, cacao y artículos de confitería",subrubro,2014-01-01,2014,7.105,FALSE,2. NOA-Resto
Jujuy,Frutas frescas,subrubro,2014-01-01,2014,16.151,FALSE,2. NOA-Resto
Jujuy,Hortalizas y legumbres sin elaborar,subrubro,2014-01-01,2014,44.676,FALSE,2. NOA-Resto
Jujuy,Metales comunes y sus manufacturas,subrubro,2014-01-01,2014,20.931,FALSE,2. NOA-Resto
Jujuy,"Minerales metalíferos, escorias y cenizas",subrubro,2014-01-01,2014,155.887,FALSE,2. NOA-Resto
Jujuy,Productos químicos y conexos,subrubro,2014-01-01,2014,6.403,FALSE,2. NOA-Resto
Jujuy,Resto de productos,subrubro,2014-01-01,2014,45.074,FALSE,2. NOA-Resto
Jujuy,Tabaco sin elaborar,subrubro,2014-01-01,2014,65.554,FALSE,2. NOA-Resto
Jujuy,Total,total,2014-01-01,2014,361.781,FALSE,2. NOA-Resto
La Pampa,Carnes y sus preparados,subrubro,2014-01-01,2014,29.264,FALSE,1. Resto país
La Pampa,Cereales,subrubro,2014-01-01,2014,116.211,FALSE,1. Resto país
La Pampa,Grasas y aceites,subrubro,2014-01-01,2014,5.561,FALSE,1. Resto país
La Pampa,"Manufacturas de piedra, yeso, vidrio, etc.",subrubro,2014-01-01,2014,3.836,FALSE,1. Resto país
La Pampa,Miel,subrubro,2014-01-01,2014,21.405,FALSE,1. Resto país
La Pampa,Resto de productos,subrubro,2014-01-01,2014,7.604,FALSE,1. Resto país
La Pampa,Semillas y frutos oleaginosos,subrubro,2014-01-01,2014,100.132,FALSE,1. Resto país
La Pampa,Total,total,2014-01-01,2014,284.013,FALSE,1. Resto país
La Rioja,"Bebidas, líquidos alcohólicos y vinagre",subrubro,2014-01-01,2014,18.117,FALSE,3. La Rioja
La Rioja,Grasas y aceites,subrubro,2014-01-01,2014,26.927,FALSE,3. La Rioja
La Rioja,"Papel, cartón, impresos y publicaciones",subrubro,2014-01-01,2014,95.677,FALSE,3. La Rioja
La Rioja,Pieles y cueros,subrubro,2014-01-01,2014,60.885,FALSE,3. La Rioja
La Rioja,"Preparados de hortalizas, legumbres y frutas",subrubro,2014-01-01,2014,39.294,FALSE,3. La Rioja
La Rioja,Productos químicos y conexos,subrubro,2014-01-01,2014,10.114,FALSE,3. La Rioja
La Rioja,Resto de productos,subrubro,2014-01-01,2014,19.836,FALSE,3. La Rioja
La Rioja,Semillas y frutos oleaginosos,subrubro,2014-01-01,2014,1.254,FALSE,3. La Rioja
La Rioja,Total,total,2014-01-01,2014,272.104,FALSE,3. La Rioja
Mendoza,"Bebidas, líquidos alcohólicos y vinagre",subrubro,2014-01-01,2014,734.121,FALSE,1. Resto país
Mendoza,Frutas frescas,subrubro,2014-01-01,2014,70.883,FALSE,1. Resto país
Mendoza,Frutas secas o procesadas,subrubro,2014-01-01,2014,45.207,FALSE,1. Resto país
Mendoza,Hortalizas y legumbres sin elaborar,subrubro,2014-01-01,2014,86.777,FALSE,1. Resto país
Mendoza,"Máquinas y aparatos, material eléctrico",subrubro,2014-01-01,2014,82.94,FALSE,1. Resto país
Mendoza,"Preparados de hortalizas, legumbres y frutas",subrubro,2014-01-01,2014,145.204,FALSE,1. Resto país
Mendoza,Resto de productos,subrubro,2014-01-01,2014,213.503,FALSE,1. Resto país
Mendoza,Total,total,2014-01-01,2014,1378.635,FALSE,1. Resto país
Misiones,"Café, té, yerba mate y especias",subrubro,2014-01-01,2014,196.084,FALSE,1. Resto país
Misiones,Frutas frescas,subrubro,2014-01-01,2014,7.689,FALSE,1. Resto país
Misiones,"Papel, cartón, impresos y publicaciones",subrubro,2014-01-01,2014,142.362,FALSE,1. Resto país
Misiones,"Preparados de hortalizas, legumbres y frutas",subrubro,2014-01-01,2014,1.131,FALSE,1. Resto país
Misiones,Resto de productos,subrubro,2014-01-01,2014,77.329,FALSE,1. Resto país
Misiones,Tabaco sin elaborar,subrubro,2014-01-01,2014,51.591,FALSE,1. Resto país
Misiones,Total,total,2014-01-01,2014,476.186,FALSE,1. Resto país
Neuquén,"Bebidas, líquidos alcohólicos y vinagre",subrubro,2014-01-01,2014,7.848,FALSE,1. Resto país
Neuquén,Carburantes,subrubro,2014-01-01,2014,25.549,FALSE,1. Resto país
Neuquén,Frutas frescas,subrubro,2014-01-01,2014,49.628,FALSE,1. Resto país
Neuquén,Gas de petróleo y otros hidrocarburos gaseosos,subrubro,2014-01-01,2014,48.782,FALSE,1. Resto país
Neuquén,"Máquinas y aparatos, material eléctrico",subrubro,2014-01-01,2014,4.622,FALSE,1. Resto país
Neuquén,"Papel, cartón, impresos y publicaciones",subrubro,2014-01-01,2014,1.415,FALSE,1. Resto país
Neuquén,"Preparados de hortalizas, legumbres y frutas",subrubro,2014-01-01,2014,18.682,FALSE,1. Resto país
Neuquén,Productos químicos y conexos,subrubro,2014-01-01,2014,34.233,FALSE,1. Resto país
Neuquén,Resto de productos,subrubro,2014-01-01,2014,20.677,FALSE,1. Resto país
Neuquén,Total,total,2014-01-01,2014,211.436,FALSE,1. Resto país
Río Negro,"Bebidas, líquidos alcohólicos y vinagre",subrubro,2014-01-01,2014,6.608,FALSE,1. Resto país
Río Negro,Carnes y sus preparados,subrubro,2014-01-01,2014,19.614,FALSE,1. Resto país
Río Negro,Frutas frescas,subrubro,2014-01-01,2014,421.542,FALSE,1. Resto país
Río Negro,Frutas secas o procesadas,subrubro,2014-01-01,2014,6.927,FALSE,1. Resto país
Río Negro,Gas de petróleo y otros hidrocarburos gaseosos,subrubro,2014-01-01,2014,35.265,FALSE,1. Resto país
Río Negro,"Minerales metalíferos, escorias y cenizas",subrubro,2014-01-01,2014,24.968,FALSE,1. Resto país
Río Negro,"Preparados de hortalizas, legumbres y frutas",subrubro,2014-01-01,2014,27.715,FALSE,1. Resto país
Río Negro,Resto de productos,subrubro,2014-01-01,2014,31.891,FALSE,1. Resto país
Río Negro,Total,total,2014-01-01,2014,574.53,FALSE,1. Resto país
Salta,"Azúcar, cacao y artículos de confitería",subrubro,2014-01-01,2014,12.796,FALSE,2. NOA-Resto
Salta,Cereales,subrubro,2014-01-01,2014,101.878,FALSE,2. NOA-Resto
Salta,Frutas frescas,subrubro,2014-01-01,2014,26.31,FALSE,2. NOA-Resto
Salta,Hortalizas y legumbres sin elaborar,subrubro,2014-01-01,2014,202.154,FALSE,2. NOA-Resto
Salta,Pieles y cueros,subrubro,2014-01-01,2014,36.806,FALSE,2. NOA-Resto
Salta,Productos químicos y conexos,subrubro,2014-01-01,2014,69.118,FALSE,2. NOA-Resto
Salta,Resto de productos,subrubro,2014-01-01,2014,415.714,FALSE,2. NOA-Resto
Salta,Semillas y frutos oleaginosos,subrubro,2014-01-01,2014,78.831,FALSE,2. NOA-Resto
Salta,Tabaco sin elaborar,subrubro,2014-01-01,2014,145.044,FALSE,2. NOA-Resto
Salta,Total,total,2014-01-01,2014,1088.651,FALSE,2. NOA-Resto
San Juan,"Bebidas, líquidos alcohólicos y vinagre",subrubro,2014-01-01,2014,79.408,FALSE,1. Resto país
San Juan,Frutas frescas,subrubro,2014-01-01,2014,29.477,FALSE,1. Resto país
San Juan,Frutas secas o procesadas,subrubro,2014-01-01,2014,35.67,FALSE,1. Resto país
San Juan,Hortalizas y legumbres sin elaborar,subrubro,2014-01-01,2014,30.265,FALSE,1. Resto país
San Juan,"Piedras, metales preciosos y sus manufacturas, monedas",subrubro,2014-01-01,2014,1291.076,FALSE,1. Resto país
San Juan,"Preparados de hortalizas, legumbres y frutas",subrubro,2014-01-01,2014,76.504,FALSE,1. Resto país
San Juan,Productos químicos y conexos,subrubro,2014-01-01,2014,84.004,FALSE,1. Resto país
San Juan,Resto de productos,subrubro,2014-01-01,2014,113.098,FALSE,1. Resto país
San Juan,Total,total,2014-01-01,2014,1739.502,FALSE,1. Resto país
San Luis,Carnes y sus preparados,subrubro,2014-01-01,2014,85.522,FALSE,1. Resto país
San Luis,Cereales,subrubro,2014-01-01,2014,96.585,FALSE,1. Resto país
San Luis,Materias plásticas y sus manufacturas,subrubro,2014-01-01,2014,44.378,FALSE,1. Resto país
San Luis,Metales comunes y sus manufacturas,subrubro,2014-01-01,2014,31.866,FALSE,1. Resto país
San Luis,"Preparados de hortalizas, legumbres y frutas",subrubro,2014-01-01,2014,21.01,FALSE,1. Resto país
San Luis,Productos de molinería y sus preparaciones,subrubro,2014-01-01,2014,25.47,FALSE,1. Resto país
San Luis,Resto de productos,subrubro,2014-01-01,2014,169.795,FALSE,1. Resto país
San Luis,Semillas y frutos oleaginosos,subrubro,2014-01-01,2014,69.235,FALSE,1. Resto país
San Luis,Total,total,2014-01-01,2014,543.861,FALSE,1. Resto país
Santa Cruz,Carnes y sus preparados,subrubro,2014-01-01,2014,11.956,FALSE,1. Resto país
Santa Cruz,Frutas frescas,subrubro,2014-01-01,2014,1.212,FALSE,1. Resto país
Santa Cruz,Lanas sucias,subrubro,2014-01-01,2014,4.982,FALSE,1. Resto país
Santa Cruz,"Minerales metalíferos, escorias y cenizas",subrubro,2014-01-01,2014,113.391,FALSE,1. Resto país
Santa Cruz,Pescados y mariscos elaborados,subrubro,2014-01-01,2014,3.56,FALSE,1. Resto país
Santa Cruz,Pescados y mariscos sin elaborar,subrubro,2014-01-01,2014,382.948,FALSE,1. Resto país
Santa Cruz,Petróleo crudo,subrubro,2014-01-01,2014,323.441,FALSE,1. Resto país
Santa Cruz,"Piedras, metales preciosos y sus manufacturas, monedas",subrubro,2014-01-01,2014,732.169,FALSE,1. Resto país
Santa Cruz,Resto de productos,subrubro,2014-01-01,2014,20.064,FALSE,1. Resto país
Santa Cruz,Total,total,2014-01-01,2014,1593.723,FALSE,1. Resto país
Santa Fe,Carnes y sus preparados,subrubro,2014-01-01,2014,333.624,FALSE,1. Resto país
Santa Fe,Cereales,subrubro,2014-01-01,2014,565.328,FALSE,1. Resto país
Santa Fe,Grasas y aceites,subrubro,2014-01-01,2014,2445.404,FALSE,1. Resto país
Santa Fe,Material de transporte terrestre,subrubro,2014-01-01,2014,611.363,FALSE,1. Resto país
Santa Fe,"Máquinas y aparatos, material eléctrico",subrubro,2014-01-01,2014,436.659,FALSE,1. Resto país
Santa Fe,Productos lácteos,subrubro,2014-01-01,2014,678.277,FALSE,1. Resto país
Santa Fe,Productos químicos y conexos,subrubro,2014-01-01,2014,1295.389,FALSE,1. Resto país
Santa Fe,Residuos y desperdicios de la industria alimenticia,subrubro,2014-01-01,2014,7957.415,FALSE,1. Resto país
Santa Fe,Resto de productos,subrubro,2014-01-01,2014,1034.665,FALSE,1. Resto país
Santa Fe,Semillas y frutos oleaginosos,subrubro,2014-01-01,2014,723.652,FALSE,1. Resto país
Santa Fe,Total,total,2014-01-01,2014,16081.776,FALSE,1. Resto país
Santiago del Estero,Carnes y sus preparados,subrubro,2014-01-01,2014,15.105,FALSE,2. NOA-Resto
Santiago del Estero,Cereales,subrubro,2014-01-01,2014,514.033,FALSE,2. NOA-Resto
Santiago del Estero,Fibras de algodón,subrubro,2014-01-01,2014,40.269,FALSE,2. NOA-Resto
Santiago del Estero,Hortalizas y legumbres sin elaborar,subrubro,2014-01-01,2014,33.257,FALSE,2. NOA-Resto
Santiago del Estero,Residuos y desperdicios de la industria alimenticia,subrubro,2014-01-01,2014,36.414,FALSE,2. NOA-Resto
Santiago del Estero,Resto de productos,subrubro,2014-01-01,2014,12.008,FALSE,2. NOA-Resto
Santiago del Estero,Semillas y frutos oleaginosos,subrubro,2014-01-01,2014,194.251,FALSE,2. NOA-Resto
Santiago del Estero,Total,total,2014-01-01,2014,845.337,FALSE,2. NOA-Resto
Tierra del Fuego,Gas de petróleo y otros hidrocarburos gaseosos,subrubro,2014-01-01,2014,7.627,FALSE,1. Resto país
Tierra del Fuego,Materias plásticas y sus manufacturas,subrubro,2014-01-01,2014,24.539,FALSE,1. Resto país
Tierra del Fuego,"Máquinas y aparatos, material eléctrico",subrubro,2014-01-01,2014,47.594,FALSE,1. Resto país
Tierra del Fuego,Pescados y mariscos elaborados,subrubro,2014-01-01,2014,23.512,FALSE,1. Resto país
Tierra del Fuego,Pescados y mariscos sin elaborar,subrubro,2014-01-01,2014,62.379,FALSE,1. Resto país
Tierra del Fuego,Residuos y desperdicios de la industria alimenticia,subrubro,2014-01-01,2014,2.336,FALSE,1. Resto país
Tierra del Fuego,Resto de productos,subrubro,2014-01-01,2014,6.023,FALSE,1. Resto país
Tierra del Fuego,Total,total,2014-01-01,2014,174.01,FALSE,1. Resto país
Tucumán,"Azúcar, cacao y artículos de confitería",subrubro,2014-01-01,2014,39.58,FALSE,2. NOA-Resto
Tucumán,Frutas frescas,subrubro,2014-01-01,2014,165.868,FALSE,2. NOA-Resto
Tucumán,Material de transporte terrestre,subrubro,2014-01-01,2014,103.765,FALSE,2. NOA-Resto
Tucumán,"Preparados de hortalizas, legumbres y frutas",subrubro,2014-01-01,2014,100.584,FALSE,2. NOA-Resto
Tucumán,Productos químicos y conexos,subrubro,2014-01-01,2014,106.259,FALSE,2. NOA-Resto
Tucumán,Residuos y desperdicios de la industria alimenticia,subrubro,2014-01-01,2014,36.082,FALSE,2. NOA-Resto
Tucumán,Resto de productos,subrubro,2014-01-01,2014,140.473,FALSE,2. NOA-Resto
Tucumán,Total,total,2014-01-01,2014,692.611,FALSE,2. NOA-Resto
Buenos Aires,Cereales,subrubro,2015-01-01,2015,1654.42,FALSE,1. Resto país
Buenos Aires,Grasas y aceites,subrubro,2015-01-01,2015,1047.636,FALSE,1. Resto país
Buenos Aires,Material de transporte terrestre,subrubro,2015-01-01,2015,4491.572,FALSE,1. Resto país
Buenos Aires,Materias plásticas y sus manufacturas,subrubro,2015-01-01,2015,789.997,FALSE,1. Resto país
Buenos Aires,Productos químicos y conexos,subrubro,2015-01-01,2015,2507.69,FALSE,1. Resto país
Buenos Aires,Residuos y desperdicios de la industria alimenticia,subrubro,2015-01-01,2015,1519.744,FALSE,1. Resto país
Buenos Aires,Resto de productos,subrubro,2015-01-01,2015,5483.162,FALSE,1. Resto país
Buenos Aires,Semillas y frutos oleaginosos,subrubro,2015-01-01,2015,1468.118,FALSE,1. Resto país
Buenos Aires,Total,total,2015-01-01,2015,18962.339,FALSE,1. Resto país
C.A.B.A.,Carnes y sus preparados,subrubro,2015-01-01,2015,17.6,FALSE,1. Resto país
C.A.B.A.,"Máquinas y aparatos, material eléctrico",subrubro,2015-01-01,2015,16.484,FALSE,1. Resto país
C.A.B.A.,Otros productos de origen animal,subrubro,2015-01-01,2015,7.121,FALSE,1. Resto país
C.A.B.A.,"Papel, cartón, impresos y publicaciones",subrubro,2015-01-01,2015,13.699,FALSE,1. Resto país
C.A.B.A.,Pieles y cueros,subrubro,2015-01-01,2015,40.725,FALSE,1. Resto país
C.A.B.A.,Productos químicos y conexos,subrubro,2015-01-01,2015,161.317,FALSE,1. Resto país
C.A.B.A.,Resto de productos,subrubro,2015-01-01,2015,45.997,FALSE,1. Resto país
C.A.B.A.,Total,total,2015-01-01,2015,302.943,FALSE,1. Resto país
Catamarca,"Azúcar, cacao y artículos de confitería",subrubro,2015-01-01,2015,3.544,FALSE,2. NOA-Resto
Catamarca,Grasas y aceites,subrubro,2015-01-01,2015,11.296,FALSE,2. NOA-Resto
Catamarca,Hortalizas y legumbres sin elaborar,subrubro,2015-01-01,2015,1.641,FALSE,2. NOA-Resto
Catamarca,"Minerales metalíferos, escorias y cenizas",subrubro,2015-01-01,2015,470.294,FALSE,2. NOA-Resto
Catamarca,"Piedras, metales preciosos y sus manufacturas, monedas",subrubro,2015-01-01,2015,22.357,FALSE,2. NOA-Resto
Catamarca,"Preparados de hortalizas, legumbres y frutas",subrubro,2015-01-01,2015,1.841,FALSE,2. NOA-Resto
Catamarca,Productos químicos y conexos,subrubro,2015-01-01,2015,58.854,FALSE,2. NOA-Resto
Catamarca,Resto de productos,subrubro,2015-01-01,2015,15.531,FALSE,2. NOA-Resto
Catamarca,Total,total,2015-01-01,2015,585.358,FALSE,2. NOA-Resto
Chaco,Cereales,subrubro,2015-01-01,2015,74.646,FALSE,1. Resto país
Chaco,Extractos curtientes y tintóreos,subrubro,2015-01-01,2015,50.352,FALSE,1. Resto país
Chaco,Fibras de algodón,subrubro,2015-01-01,2015,17.745,FALSE,1. Resto país
Chaco,Productos de molinería y sus preparaciones,subrubro,2015-01-01,2015,4.938,FALSE,1. Resto país
Chaco,Resto de productos,subrubro,2015-01-01,2015,26.016,FALSE,1. Resto país
Chaco,Semillas y frutos oleaginosos,subrubro,2015-01-01,2015,93.112,FALSE,1. Resto país
Chaco,Total,total,2015-01-01,2015,266.809,FALSE,1. Resto país
Chubut,Lanas elaboradas,subrubro,2015-01-01,2015,80.288,FALSE,1. Resto país
Chubut,Lanas sucias,subrubro,2015-01-01,2015,24.136,FALSE,1. Resto país
Chubut,Metales comunes y sus manufacturas,subrubro,2015-01-01,2015,501.189,FALSE,1. Resto país
Chubut,Pescados y mariscos elaborados,subrubro,2015-01-01,2015,35.248,FALSE,1. Resto país
Chubut,Pescados y mariscos sin elaborar,subrubro,2015-01-01,2015,460.667,FALSE,1. Resto país
Chubut,Petróleo crudo,subrubro,2015-01-01,2015,530.773,FALSE,1. Resto país
Chubut,Resto de productos,subrubro,2015-01-01,2015,19.289,FALSE,1. Resto país
Chubut,Textiles y confecciones,subrubro,2015-01-01,2015,4.513,FALSE,1. Resto país
Chubut,Total,total,2015-01-01,2015,1656.103,FALSE,1. Resto país
Corrientes,"Café, té, yerba mate y especias",subrubro,2015-01-01,2015,20.393,FALSE,1. Resto país
Corrientes,Cereales,subrubro,2015-01-01,2015,71.431,FALSE,1. Resto país
Corrientes,Frutas frescas,subrubro,2015-01-01,2015,43.572,FALSE,1. Resto país
Corrientes,"Preparados de hortalizas, legumbres y frutas",subrubro,2015-01-01,2015,2.565,FALSE,1. Resto país
Corrientes,Resto de productos,subrubro,2015-01-01,2015,35.916,FALSE,1. Resto país
Corrientes,Textiles y confecciones,subrubro,2015-01-01,2015,1.058,FALSE,1. Resto país
Corrientes,Total,total,2015-01-01,2015,174.935,FALSE,1. Resto país
Córdoba,Cereales,subrubro,2015-01-01,2015,1370.922,FALSE,1. Resto país
Córdoba,Grasas y aceites,subrubro,2015-01-01,2015,729.446,FALSE,1. Resto país
Córdoba,Material de transporte terrestre,subrubro,2015-01-01,2015,1101.876,FALSE,1. Resto país
Córdoba,"Máquinas y aparatos, material eléctrico",subrubro,2015-01-01,2015,217.793,FALSE,1. Resto país
Córdoba,"Preparados de hortalizas, legumbres y frutas",subrubro,2015-01-01,2015,431.206,FALSE,1. Resto país
Córdoba,Productos lácteos,subrubro,2015-01-01,2015,321.712,FALSE,1. Resto país
Córdoba,Productos químicos y conexos,subrubro,2015-01-01,2015,191.265,FALSE,1. Resto país
Córdoba,Residuos y desperdicios de la industria alimenticia,subrubro,2015-01-01,2015,2085.207,FALSE,1. Resto país
Córdoba,Resto de productos,subrubro,2015-01-01,2015,514.319,FALSE,1. Resto país
Córdoba,Semillas y frutos oleaginosos,subrubro,2015-01-01,2015,1574.533,FALSE,1. Resto país
Córdoba,Total,total,2015-01-01,2015,8538.279,FALSE,1. Resto país
Entre Ríos,Carnes y sus preparados,subrubro,2015-01-01,2015,267.748,FALSE,1. Resto país
Entre Ríos,Cereales,subrubro,2015-01-01,2015,289.024,FALSE,1. Resto país
Entre Ríos,Frutas frescas,subrubro,2015-01-01,2015,79.221,FALSE,1. Resto país
Entre Ríos,Productos químicos y conexos,subrubro,2015-01-01,2015,70.346,FALSE,1. Resto país
Entre Ríos,Residuos y desperdicios de la industria alimenticia,subrubro,2015-01-01,2015,77.073,FALSE,1. Resto país
Entre Ríos,Resto de productos,subrubro,2015-01-01,2015,184.565,FALSE,1. Resto país
Entre Ríos,Semillas y frutos oleaginosos,subrubro,2015-01-01,2015,308.977,FALSE,1. Resto país
Entre Ríos,Total,total,2015-01-01,2015,1276.954,FALSE,1. Resto país
Formosa,Cereales,subrubro,2015-01-01,2015,12.026,FALSE,1. Resto país
Formosa,Extractos curtientes y tintóreos,subrubro,2015-01-01,2015,8.891,FALSE,1. Resto país
Formosa,Fibras de algodón,subrubro,2015-01-01,2015,1.076,FALSE,1. Resto país
Formosa,Otros productos de origen animal,subrubro,2015-01-01,2015,4.092,FALSE,1. Resto país
Formosa,Petróleo crudo,subrubro,2015-01-01,2015,3.22,FALSE,1. Resto país
Formosa,Productos químicos y conexos,subrubro,2015-01-01,2015,0.921,FALSE,1. Resto país
Formosa,Resto de productos,subrubro,2015-01-01,2015,4.308,FALSE,1. Resto país
Formosa,Total,total,2015-01-01,2015,34.534,FALSE,1. Resto país
Jujuy,"Azúcar, cacao y artículos de confitería",subrubro,2015-01-01,2015,18.633,FALSE,2. NOA-Resto
Jujuy,Frutas frescas,subrubro,2015-01-01,2015,14.9,FALSE,2. NOA-Resto
Jujuy,Hortalizas y legumbres sin elaborar,subrubro,2015-01-01,2015,19.033,FALSE,2. NOA-Resto
Jujuy,Metales comunes y sus manufacturas,subrubro,2015-01-01,2015,18.039,FALSE,2. NOA-Resto
Jujuy,"Minerales metalíferos, escorias y cenizas",subrubro,2015-01-01,2015,143.741,FALSE,2. NOA-Resto
Jujuy,Productos químicos y conexos,subrubro,2015-01-01,2015,12.139,FALSE,2. NOA-Resto
Jujuy,Resto de productos,subrubro,2015-01-01,2015,52.072,FALSE,2. NOA-Resto
Jujuy,Tabaco sin elaborar,subrubro,2015-01-01,2015,29.046,FALSE,2. NOA-Resto
Jujuy,Total,total,2015-01-01,2015,307.603,FALSE,2. NOA-Resto
La Pampa,Carnes y sus preparados,subrubro,2015-01-01,2015,21.288,FALSE,1. Resto país
La Pampa,Cereales,subrubro,2015-01-01,2015,164.654,FALSE,1. Resto país
La Pampa,Grasas y aceites,subrubro,2015-01-01,2015,4.039,FALSE,1. Resto país
La Pampa,"Manufacturas de piedra, yeso, vidrio, etc.",subrubro,2015-01-01,2015,4.56,FALSE,1. Resto país
La Pampa,Miel,subrubro,2015-01-01,2015,17.153,FALSE,1. Resto país
La Pampa,Resto de productos,subrubro,2015-01-01,2015,7.247,FALSE,1. Resto país
La Pampa,Semillas y frutos oleaginosos,subrubro,2015-01-01,2015,108.264,FALSE,1. Resto país
La Pampa,Total,total,2015-01-01,2015,327.205,FALSE,1. Resto país
La Rioja,"Bebidas, líquidos alcohólicos y vinagre",subrubro,2015-01-01,2015,14.764,FALSE,3. La Rioja
La Rioja,Grasas y aceites,subrubro,2015-01-01,2015,41.415,FALSE,3. La Rioja
La Rioja,"Papel, cartón, impresos y publicaciones",subrubro,2015-01-01,2015,78.526,FALSE,3. La Rioja
La Rioja,Pieles y cueros,subrubro,2015-01-01,2015,37.615,FALSE,3. La Rioja
La Rioja,"Preparados de hortalizas, legumbres y frutas",subrubro,2015-01-01,2015,31.93,FALSE,3. La Rioja
La Rioja,Productos químicos y conexos,subrubro,2015-01-01,2015,11.254,FALSE,3. La Rioja
La Rioja,Resto de productos,subrubro,2015-01-01,2015,15.031,FALSE,3. La Rioja
La Rioja,Semillas y frutos oleaginosos,subrubro,2015-01-01,2015,0.842,FALSE,3. La Rioja
La Rioja,Total,total,2015-01-01,2015,231.377,FALSE,3. La Rioja
Mendoza,"Bebidas, líquidos alcohólicos y vinagre",subrubro,2015-01-01,2015,749.776,FALSE,1. Resto país
Mendoza,Frutas frescas,subrubro,2015-01-01,2015,50.916,FALSE,1. Resto país
Mendoza,Frutas secas o procesadas,subrubro,2015-01-01,2015,66.251,FALSE,1. Resto país
Mendoza,Hortalizas y legumbres sin elaborar,subrubro,2015-01-01,2015,67.604,FALSE,1. Resto país
Mendoza,"Máquinas y aparatos, material eléctrico",subrubro,2015-01-01,2015,75.723,FALSE,1. Resto país
Mendoza,"Preparados de hortalizas, legumbres y frutas",subrubro,2015-01-01,2015,135.914,FALSE,1. Resto país
Mendoza,Resto de productos,subrubro,2015-01-01,2015,187.97,FALSE,1. Resto país
Mendoza,Total,total,2015-01-01,2015,1334.154,FALSE,1. Resto país
Misiones,"Café, té, yerba mate y especias",subrubro,2015-01-01,2015,188.566,FALSE,1. Resto país
Misiones,Frutas frescas,subrubro,2015-01-01,2015,4.987,FALSE,1. Resto país
Misiones,"Papel, cartón, impresos y publicaciones",subrubro,2015-01-01,2015,132.095,FALSE,1. Resto país
Misiones,"Preparados de hortalizas, legumbres y frutas",subrubro,2015-01-01,2015,1.075,FALSE,1. Resto país
Misiones,Resto de productos,subrubro,2015-01-01,2015,52.667,FALSE,1. Resto país
Misiones,Tabaco sin elaborar,subrubro,2015-01-01,2015,29.783,FALSE,1. Resto país
Misiones,Total,total,2015-01-01,2015,409.173,FALSE,1. Resto país
Neuquén,"Bebidas, líquidos alcohólicos y vinagre",subrubro,2015-01-01,2015,6.517,FALSE,1. Resto país
Neuquén,Carburantes,subrubro,2015-01-01,2015,6.228,FALSE,1. Resto país
Neuquén,Frutas frescas,subrubro,2015-01-01,2015,34.245,FALSE,1. Resto país
Neuquén,Gas de petróleo y otros hidrocarburos gaseosos,subrubro,2015-01-01,2015,9.643,FALSE,1. Resto país
Neuquén,"Máquinas y aparatos, material eléctrico",subrubro,2015-01-01,2015,2.498,FALSE,1. Resto país
Neuquén,"Papel, cartón, impresos y publicaciones",subrubro,2015-01-01,2015,1.223,FALSE,1. Resto país
Neuquén,"Preparados de hortalizas, legumbres y frutas",subrubro,2015-01-01,2015,18.026,FALSE,1. Resto país
Neuquén,Productos químicos y conexos,subrubro,2015-01-01,2015,45.974,FALSE,1. Resto país
Neuquén,Resto de productos,subrubro,2015-01-01,2015,11.591,FALSE,1. Resto país
Neuquén,Total,total,2015-01-01,2015,135.945,FALSE,1. Resto país
Río Negro,"Bebidas, líquidos alcohólicos y vinagre",subrubro,2015-01-01,2015,11.407,FALSE,1. Resto país
Río Negro,Carnes y sus preparados,subrubro,2015-01-01,2015,17.294,FALSE,1. Resto país
Río Negro,Frutas frescas,subrubro,2015-01-01,2015,301.975,FALSE,1. Resto país
Río Negro,Frutas secas o procesadas,subrubro,2015-01-01,2015,6.765,FALSE,1. Resto país
Río Negro,Gas de petróleo y otros hidrocarburos gaseosos,subrubro,2015-01-01,2015,16.06,FALSE,1. Resto país
Río Negro,"Minerales metalíferos, escorias y cenizas",subrubro,2015-01-01,2015,9.576,FALSE,1. Resto país
Río Negro,"Preparados de hortalizas, legumbres y frutas",subrubro,2015-01-01,2015,35.04,FALSE,1. Resto país
Río Negro,Resto de productos,subrubro,2015-01-01,2015,40.729,FALSE,1. Resto país
Río Negro,Total,total,2015-01-01,2015,438.846,FALSE,1. Resto país
Salta,"Azúcar, cacao y artículos de confitería",subrubro,2015-01-01,2015,10.785,FALSE,2. NOA-Resto
Salta,Cereales,subrubro,2015-01-01,2015,126.228,FALSE,2. NOA-Resto
Salta,Frutas frescas,subrubro,2015-01-01,2015,34.115,FALSE,2. NOA-Resto
Salta,Hortalizas y legumbres sin elaborar,subrubro,2015-01-01,2015,217.151,FALSE,2. NOA-Resto
Salta,Pieles y cueros,subrubro,2015-01-01,2015,31.354,FALSE,2. NOA-Resto
Salta,Productos químicos y conexos,subrubro,2015-01-01,2015,79.267,FALSE,2. NOA-Resto
Salta,Resto de productos,subrubro,2015-01-01,2015,130.049,FALSE,2. NOA-Resto
Salta,Semillas y frutos oleaginosos,subrubro,2015-01-01,2015,98.886,FALSE,2. NOA-Resto
Salta,Tabaco sin elaborar,subrubro,2015-01-01,2015,131.982,FALSE,2. NOA-Resto
Salta,Total,total,2015-01-01,2015,859.817,FALSE,2. NOA-Resto
San Juan,"Bebidas, líquidos alcohólicos y vinagre",subrubro,2015-01-01,2015,27.99,FALSE,1. Resto país
San Juan,Frutas frescas,subrubro,2015-01-01,2015,21.918,FALSE,1. Resto país
San Juan,Frutas secas o procesadas,subrubro,2015-01-01,2015,44.215,FALSE,1. Resto país
San Juan,Hortalizas y legumbres sin elaborar,subrubro,2015-01-01,2015,25.343,FALSE,1. Resto país
San Juan,"Piedras, metales preciosos y sus manufacturas, monedas",subrubro,2015-01-01,2015,1019.525,FALSE,1. Resto país
San Juan,"Preparados de hortalizas, legumbres y frutas",subrubro,2015-01-01,2015,52.046,FALSE,1. Resto país
San Juan,Productos químicos y conexos,subrubro,2015-01-01,2015,85.885,FALSE,1. Resto país
San Juan,Resto de productos,subrubro,2015-01-01,2015,114.151,FALSE,1. Resto país
San Juan,Total,total,2015-01-01,2015,1391.073,FALSE,1. Resto país
San Luis,Carnes y sus preparados,subrubro,2015-01-01,2015,70.889,FALSE,1. Resto país
San Luis,Cereales,subrubro,2015-01-01,2015,155.649,FALSE,1. Resto país
San Luis,Materias plásticas y sus manufacturas,subrubro,2015-01-01,2015,40.582,FALSE,1. Resto país
San Luis,Metales comunes y sus manufacturas,subrubro,2015-01-01,2015,16.455,FALSE,1. Resto país
San Luis,"Preparados de hortalizas, legumbres y frutas",subrubro,2015-01-01,2015,21.946,FALSE,1. Resto país
San Luis,Productos de molinería y sus preparaciones,subrubro,2015-01-01,2015,28.868,FALSE,1. Resto país
San Luis,Resto de productos,subrubro,2015-01-01,2015,139.774,FALSE,1. Resto país
San Luis,Semillas y frutos oleaginosos,subrubro,2015-01-01,2015,77.776,FALSE,1. Resto país
San Luis,Total,total,2015-01-01,2015,551.939,FALSE,1. Resto país
Santa Cruz,Carnes y sus preparados,subrubro,2015-01-01,2015,5.425,FALSE,1. Resto país
Santa Cruz,Frutas frescas,subrubro,2015-01-01,2015,2.841,FALSE,1. Resto país
Santa Cruz,Lanas sucias,subrubro,2015-01-01,2015,3.187,FALSE,1. Resto país
Santa Cruz,"Minerales metalíferos, escorias y cenizas",subrubro,2015-01-01,2015,88.836,FALSE,1. Resto país
Santa Cruz,Pescados y mariscos elaborados,subrubro,2015-01-01,2015,2.589,FALSE,1. Resto país
Santa Cruz,Pescados y mariscos sin elaborar,subrubro,2015-01-01,2015,355.968,FALSE,1. Resto país
Santa Cruz,Petróleo crudo,subrubro,2015-01-01,2015,133.985,FALSE,1. Resto país
Santa Cruz,"Piedras, metales preciosos y sus manufacturas, monedas",subrubro,2015-01-01,2015,1450.552,FALSE,1. Resto país
Santa Cruz,Resto de productos,subrubro,2015-01-01,2015,8.334,FALSE,1. Resto país
Santa Cruz,Total,total,2015-01-01,2015,2051.717,FALSE,1. Resto país
Santa Fe,Carnes y sus preparados,subrubro,2015-01-01,2015,290.95,FALSE,1. Resto país
Santa Fe,Cereales,subrubro,2015-01-01,2015,655.202,FALSE,1. Resto país
Santa Fe,Grasas y aceites,subrubro,2015-01-01,2015,2564.368,FALSE,1. Resto país
Santa Fe,Material de transporte terrestre,subrubro,2015-01-01,2015,280.31,FALSE,1. Resto país
Santa Fe,"Máquinas y aparatos, material eléctrico",subrubro,2015-01-01,2015,318.824,FALSE,1. Resto país
Santa Fe,Productos lácteos,subrubro,2015-01-01,2015,404.785,FALSE,1. Resto país
Santa Fe,Productos químicos y conexos,subrubro,2015-01-01,2015,597.972,FALSE,1. Resto país
Santa Fe,Residuos y desperdicios de la industria alimenticia,subrubro,2015-01-01,2015,6497.777,FALSE,1. Resto país
Santa Fe,Resto de productos,subrubro,2015-01-01,2015,756.22,FALSE,1. Resto país
Santa Fe,Semillas y frutos oleaginosos,subrubro,2015-01-01,2015,840.608,FALSE,1. Resto país
Santa Fe,Total,total,2015-01-01,2015,13207.016,FALSE,1. Resto país
Santiago del Estero,Carnes y sus preparados,subrubro,2015-01-01,2015,11.657,FALSE,2. NOA-Resto
Santiago del Estero,Cereales,subrubro,2015-01-01,2015,249.528,FALSE,2. NOA-Resto
Santiago del Estero,Fibras de algodón,subrubro,2015-01-01,2015,19.52,FALSE,2. NOA-Resto
Santiago del Estero,Hortalizas y legumbres sin elaborar,subrubro,2015-01-01,2015,48.097,FALSE,2. NOA-Resto
Santiago del Estero,Residuos y desperdicios de la industria alimenticia,subrubro,2015-01-01,2015,102.69,FALSE,2. NOA-Resto
Santiago del Estero,Resto de productos,subrubro,2015-01-01,2015,8.614,FALSE,2. NOA-Resto
Santiago del Estero,Semillas y frutos oleaginosos,subrubro,2015-01-01,2015,135.938,FALSE,2. NOA-Resto
Santiago del Estero,Total,total,2015-01-01,2015,576.044,FALSE,2. NOA-Resto
Tierra del Fuego,Gas de petróleo y otros hidrocarburos gaseosos,subrubro,2015-01-01,2015,43.33,FALSE,1. Resto país
Tierra del Fuego,Materias plásticas y sus manufacturas,subrubro,2015-01-01,2015,19.005,FALSE,1. Resto país
Tierra del Fuego,"Máquinas y aparatos, material eléctrico",subrubro,2015-01-01,2015,17.396,FALSE,1. Resto país
Tierra del Fuego,Pescados y mariscos elaborados,subrubro,2015-01-01,2015,30.029,FALSE,1. Resto país
Tierra del Fuego,Pescados y mariscos sin elaborar,subrubro,2015-01-01,2015,82.856,FALSE,1. Resto país
Tierra del Fuego,Residuos y desperdicios de la industria alimenticia,subrubro,2015-01-01,2015,3.313,FALSE,1. Resto país
Tierra del Fuego,Resto de productos,subrubro,2015-01-01,2015,3.576,FALSE,1. Resto país
Tierra del Fuego,Total,total,2015-01-01,2015,199.505,FALSE,1. Resto país
Tucumán,"Azúcar, cacao y artículos de confitería",subrubro,2015-01-01,2015,60.577,FALSE,2. NOA-Resto
Tucumán,Frutas frescas,subrubro,2015-01-01,2015,170.17,FALSE,2. NOA-Resto
Tucumán,Material de transporte terrestre,subrubro,2015-01-01,2015,96.149,FALSE,2. NOA-Resto
Tucumán,"Preparados de hortalizas, legumbres y frutas",subrubro,2015-01-01,2015,163.529,FALSE,2. NOA-Resto
Tucumán,Productos químicos y conexos,subrubro,2015-01-01,2015,190.941,FALSE,2. NOA-Resto
Tucumán,Residuos y desperdicios de la industria alimenticia,subrubro,2015-01-01,2015,87.423,FALSE,2. NOA-Resto
Tucumán,Resto de productos,subrubro,2015-01-01,2015,59.371,FALSE,2. NOA-Resto
Tucumán,Total,total,2015-01-01,2015,828.16,FALSE,2. NOA-Resto
Buenos Aires,Cereales,subrubro,2016-01-01,2016,2476.083,FALSE,1. Resto país
Buenos Aires,Grasas y aceites,subrubro,2016-01-01,2016,1041.777,FALSE,1. Resto país
Buenos Aires,Material de transporte terrestre,subrubro,2016-01-01,2016,3784.633,FALSE,1. Resto país
Buenos Aires,Materias plásticas y sus manufacturas,subrubro,2016-01-01,2016,804.037,FALSE,1. Resto país
Buenos Aires,Productos químicos y conexos,subrubro,2016-01-01,2016,2252.016,FALSE,1. Resto país
Buenos Aires,Residuos y desperdicios de la industria alimenticia,subrubro,2016-01-01,2016,1668.306,FALSE,1. Resto país
Buenos Aires,Resto de productos,subrubro,2016-01-01,2016,5180.193,FALSE,1. Resto país
Buenos Aires,Semillas y frutos oleaginosos,subrubro,2016-01-01,2016,1327.136,FALSE,1. Resto país
Buenos Aires,Total,total,2016-01-01,2016,18534.181,FALSE,1. Resto país
C.A.B.A.,Carnes y sus preparados,subrubro,2016-01-01,2016,17.695,FALSE,1. Resto país
C.A.B.A.,"Máquinas y aparatos, material eléctrico",subrubro,2016-01-01,2016,14.372,FALSE,1. Resto país
C.A.B.A.,Otros productos de origen animal,subrubro,2016-01-01,2016,4.501,FALSE,1. Resto país
C.A.B.A.,"Papel, cartón, impresos y publicaciones",subrubro,2016-01-01,2016,5.841,FALSE,1. Resto país
C.A.B.A.,Pieles y cueros,subrubro,2016-01-01,2016,38.15,FALSE,1. Resto país
C.A.B.A.,Productos químicos y conexos,subrubro,2016-01-01,2016,196.477,FALSE,1. Resto país
C.A.B.A.,Resto de productos,subrubro,2016-01-01,2016,38.035,FALSE,1. Resto país
C.A.B.A.,Total,total,2016-01-01,2016,315.071,FALSE,1. Resto país
Catamarca,"Azúcar, cacao y artículos de confitería",subrubro,2016-01-01,2016,3.21,FALSE,2. NOA-Resto
Catamarca,Grasas y aceites,subrubro,2016-01-01,2016,3.218,FALSE,2. NOA-Resto
Catamarca,Hortalizas y legumbres sin elaborar,subrubro,2016-01-01,2016,1.956,FALSE,2. NOA-Resto
Catamarca,"Minerales metalíferos, escorias y cenizas",subrubro,2016-01-01,2016,643.698,FALSE,2. NOA-Resto
Catamarca,"Piedras, metales preciosos y sus manufacturas, monedas",subrubro,2016-01-01,2016,55.761,FALSE,2. NOA-Resto
Catamarca,"Preparados de hortalizas, legumbres y frutas",subrubro,2016-01-01,2016,2.936,FALSE,2. NOA-Resto
Catamarca,Productos químicos y conexos,subrubro,2016-01-01,2016,66.169,FALSE,2. NOA-Resto
Catamarca,Resto de productos,subrubro,2016-01-01,2016,33.836,FALSE,2. NOA-Resto
Catamarca,Total,total,2016-01-01,2016,810.784,FALSE,2. NOA-Resto
Chaco,Cereales,subrubro,2016-01-01,2016,161.733,FALSE,1. Resto país
Chaco,Extractos curtientes y tintóreos,subrubro,2016-01-01,2016,60.75,FALSE,1. Resto país
Chaco,Fibras de algodón,subrubro,2016-01-01,2016,27.873,FALSE,1. Resto país
Chaco,Productos de molinería y sus preparaciones,subrubro,2016-01-01,2016,3.957,FALSE,1. Resto país
Chaco,Resto de productos,subrubro,2016-01-01,2016,22.256,FALSE,1. Resto país
Chaco,Semillas y frutos oleaginosos,subrubro,2016-01-01,2016,90.978,FALSE,1. Resto país
Chaco,Total,total,2016-01-01,2016,367.547,FALSE,1. Resto país
Chubut,Lanas elaboradas,subrubro,2016-01-01,2016,105.234,FALSE,1. Resto país
Chubut,Lanas sucias,subrubro,2016-01-01,2016,51.642,FALSE,1. Resto país
Chubut,Metales comunes y sus manufacturas,subrubro,2016-01-01,2016,591.431,FALSE,1. Resto país
Chubut,Pescados y mariscos elaborados,subrubro,2016-01-01,2016,36.755,FALSE,1. Resto país
Chubut,Pescados y mariscos sin elaborar,subrubro,2016-01-01,2016,536.413,FALSE,1. Resto país
Chubut,Petróleo crudo,subrubro,2016-01-01,2016,592.173,FALSE,1. Resto país
Chubut,Resto de productos,subrubro,2016-01-01,2016,14.728,FALSE,1. Resto país
Chubut,Textiles y confecciones,subrubro,2016-01-01,2016,4.203,FALSE,1. Resto país
Chubut,Total,total,2016-01-01,2016,1932.579,FALSE,1. Resto país
Corrientes,"Café, té, yerba mate y especias",subrubro,2016-01-01,2016,15.747,FALSE,1. Resto país
Corrientes,Cereales,subrubro,2016-01-01,2016,101.979,FALSE,1. Resto país
Corrientes,Frutas frescas,subrubro,2016-01-01,2016,64.371,FALSE,1. Resto país
Corrientes,"Preparados de hortalizas, legumbres y frutas",subrubro,2016-01-01,2016,3.639,FALSE,1. Resto país
Corrientes,Resto de productos,subrubro,2016-01-01,2016,37.645,FALSE,1. Resto país
Corrientes,Textiles y confecciones,subrubro,2016-01-01,2016,3.277,FALSE,1. Resto país
Corrientes,Total,total,2016-01-01,2016,226.658,FALSE,1. Resto país
Córdoba,Cereales,subrubro,2016-01-01,2016,1690.712,FALSE,1. Resto país
Córdoba,Grasas y aceites,subrubro,2016-01-01,2016,980.729,FALSE,1. Resto país
Córdoba,Material de transporte terrestre,subrubro,2016-01-01,2016,696.803,FALSE,1. Resto país
Córdoba,"Máquinas y aparatos, material eléctrico",subrubro,2016-01-01,2016,177.534,FALSE,1. Resto país
Córdoba,"Preparados de hortalizas, legumbres y frutas",subrubro,2016-01-01,2016,475.419,FALSE,1. Resto país
Córdoba,Productos lácteos,subrubro,2016-01-01,2016,224.465,FALSE,1. Resto país
Córdoba,Productos químicos y conexos,subrubro,2016-01-01,2016,213.457,FALSE,1. Resto país
Córdoba,Residuos y desperdicios de la industria alimenticia,subrubro,2016-01-01,2016,2170.459,FALSE,1. Resto país
Córdoba,Resto de productos,subrubro,2016-01-01,2016,500.934,FALSE,1. Resto país
Córdoba,Semillas y frutos oleaginosos,subrubro,2016-01-01,2016,1288.896,FALSE,1. Resto país
Córdoba,Total,total,2016-01-01,2016,8419.408,FALSE,1. Resto país
Entre Ríos,Carnes y sus preparados,subrubro,2016-01-01,2016,203.954,FALSE,1. Resto país
Entre Ríos,Cereales,subrubro,2016-01-01,2016,370.813,FALSE,1. Resto país
Entre Ríos,Frutas frescas,subrubro,2016-01-01,2016,86.556,FALSE,1. Resto país
Entre Ríos,Productos químicos y conexos,subrubro,2016-01-01,2016,68.326,FALSE,1. Resto país
Entre Ríos,Residuos y desperdicios de la industria alimenticia,subrubro,2016-01-01,2016,54.024,FALSE,1. Resto país
Entre Ríos,Resto de productos,subrubro,2016-01-01,2016,188.37,FALSE,1. Resto país
Entre Ríos,Semillas y frutos oleaginosos,subrubro,2016-01-01,2016,151.284,FALSE,1. Resto país
Entre Ríos,Total,total,2016-01-01,2016,1123.327,FALSE,1. Resto país
Formosa,Cereales,subrubro,2016-01-01,2016,19.358,FALSE,1. Resto país
Formosa,Extractos curtientes y tintóreos,subrubro,2016-01-01,2016,5.458,FALSE,1. Resto país
Formosa,Fibras de algodón,subrubro,2016-01-01,2016,1.467,FALSE,1. Resto país
Formosa,Otros productos de origen animal,subrubro,2016-01-01,2016,3.878,FALSE,1. Resto país
Formosa,Petróleo crudo,subrubro,2016-01-01,2016,3.593,FALSE,1. Resto país
Formosa,Productos químicos y conexos,subrubro,2016-01-01,2016,0.766,FALSE,1. Resto país
Formosa,Resto de productos,subrubro,2016-01-01,2016,3.663,FALSE,1. Resto país
Formosa,Total,total,2016-01-01,2016,38.183,FALSE,1. Resto país
Jujuy,"Azúcar, cacao y artículos de confitería",subrubro,2016-01-01,2016,50.286,FALSE,2. NOA-Resto
Jujuy,Frutas frescas,subrubro,2016-01-01,2016,23.925,FALSE,2. NOA-Resto
Jujuy,Hortalizas y legumbres sin elaborar,subrubro,2016-01-01,2016,23.277,FALSE,2. NOA-Resto
Jujuy,Metales comunes y sus manufacturas,subrubro,2016-01-01,2016,20.872,FALSE,2. NOA-Resto
Jujuy,"Minerales metalíferos, escorias y cenizas",subrubro,2016-01-01,2016,216.06,FALSE,2. NOA-Resto
Jujuy,Productos químicos y conexos,subrubro,2016-01-01,2016,101.064,FALSE,2. NOA-Resto
Jujuy,Resto de productos,subrubro,2016-01-01,2016,49.713,FALSE,2. NOA-Resto
Jujuy,Tabaco sin elaborar,subrubro,2016-01-01,2016,48.494,FALSE,2. NOA-Resto
Jujuy,Total,total,2016-01-01,2016,533.691,FALSE,2. NOA-Resto
La Pampa,Carnes y sus preparados,subrubro,2016-01-01,2016,51.139,FALSE,1. Resto país
La Pampa,Cereales,subrubro,2016-01-01,2016,345.731,FALSE,1. Resto país
La Pampa,Grasas y aceites,subrubro,2016-01-01,2016,4.54,FALSE,1. Resto país
La Pampa,"Manufacturas de piedra, yeso, vidrio, etc.",subrubro,2016-01-01,2016,3.436,FALSE,1. Resto país
La Pampa,Miel,subrubro,2016-01-01,2016,17.68,FALSE,1. Resto país
La Pampa,Resto de productos,subrubro,2016-01-01,2016,4.85,FALSE,1. Resto país
La Pampa,Semillas y frutos oleaginosos,subrubro,2016-01-01,2016,138.06,FALSE,1. Resto país
La Pampa,Total,total,2016-01-01,2016,565.436,FALSE,1. Resto país
La Rioja,"Bebidas, líquidos alcohólicos y vinagre",subrubro,2016-01-01,2016,15.181,FALSE,3. La Rioja
La Rioja,Grasas y aceites,subrubro,2016-01-01,2016,25.245,FALSE,3. La Rioja
La Rioja,"Papel, cartón, impresos y publicaciones",subrubro,2016-01-01,2016,58.223,FALSE,3. La Rioja
La Rioja,Pieles y cueros,subrubro,2016-01-01,2016,39.663,FALSE,3. La Rioja
La Rioja,"Preparados de hortalizas, legumbres y frutas",subrubro,2016-01-01,2016,45.325,FALSE,3. La Rioja
La Rioja,Productos químicos y conexos,subrubro,2016-01-01,2016,8.977,FALSE,3. La Rioja
La Rioja,Resto de productos,subrubro,2016-01-01,2016,10.366,FALSE,3. La Rioja
La Rioja,Semillas y frutos oleaginosos,subrubro,2016-01-01,2016,5.594,FALSE,3. La Rioja
La Rioja,Total,total,2016-01-01,2016,208.574,FALSE,3. La Rioja
Mendoza,"Bebidas, líquidos alcohólicos y vinagre",subrubro,2016-01-01,2016,755.796,FALSE,1. Resto país
Mendoza,Frutas frescas,subrubro,2016-01-01,2016,44.806,FALSE,1. Resto país
Mendoza,Frutas secas o procesadas,subrubro,2016-01-01,2016,58.982,FALSE,1. Resto país
Mendoza,Hortalizas y legumbres sin elaborar,subrubro,2016-01-01,2016,124.052,FALSE,1. Resto país
Mendoza,"Máquinas y aparatos, material eléctrico",subrubro,2016-01-01,2016,55.045,FALSE,1. Resto país
Mendoza,"Preparados de hortalizas, legumbres y frutas",subrubro,2016-01-01,2016,124.622,FALSE,1. Resto país
Mendoza,Resto de productos,subrubro,2016-01-01,2016,161.093,FALSE,1. Resto país
Mendoza,Total,total,2016-01-01,2016,1324.396,FALSE,1. Resto país
Misiones,"Café, té, yerba mate y especias",subrubro,2016-01-01,2016,155.36,FALSE,1. Resto país
Misiones,Frutas frescas,subrubro,2016-01-01,2016,4.975,FALSE,1. Resto país
Misiones,"Papel, cartón, impresos y publicaciones",subrubro,2016-01-01,2016,119.372,FALSE,1. Resto país
Misiones,"Preparados de hortalizas, legumbres y frutas",subrubro,2016-01-01,2016,0.678,FALSE,1. Resto país
Misiones,Resto de productos,subrubro,2016-01-01,2016,42.155,FALSE,1. Resto país
Misiones,Tabaco sin elaborar,subrubro,2016-01-01,2016,33.591,FALSE,1. Resto país
Misiones,Total,total,2016-01-01,2016,356.131,FALSE,1. Resto país
Neuquén,"Bebidas, líquidos alcohólicos y vinagre",subrubro,2016-01-01,2016,6.764,FALSE,1. Resto país
Neuquén,Carburantes,subrubro,2016-01-01,2016,1.164,FALSE,1. Resto país
Neuquén,Frutas frescas,subrubro,2016-01-01,2016,32.941,FALSE,1. Resto país
Neuquén,Gas de petróleo y otros hidrocarburos gaseosos,subrubro,2016-01-01,2016,6.559,FALSE,1. Resto país
Neuquén,"Máquinas y aparatos, material eléctrico",subrubro,2016-01-01,2016,2.314,FALSE,1. Resto país
Neuquén,"Papel, cartón, impresos y publicaciones",subrubro,2016-01-01,2016,1.857,FALSE,1. Resto país
Neuquén,"Preparados de hortalizas, legumbres y frutas",subrubro,2016-01-01,2016,8.56,FALSE,1. Resto país
Neuquén,Productos químicos y conexos,subrubro,2016-01-01,2016,2.305,FALSE,1. Resto país
Neuquén,Resto de productos,subrubro,2016-01-01,2016,10.145,FALSE,1. Resto país
Neuquén,Total,total,2016-01-01,2016,72.609,FALSE,1. Resto país
Río Negro,"Bebidas, líquidos alcohólicos y vinagre",subrubro,2016-01-01,2016,14.785,FALSE,1. Resto país
Río Negro,Carnes y sus preparados,subrubro,2016-01-01,2016,14.329,FALSE,1. Resto país
Río Negro,Frutas frescas,subrubro,2016-01-01,2016,283.615,FALSE,1. Resto país
Río Negro,Frutas secas o procesadas,subrubro,2016-01-01,2016,7.384,FALSE,1. Resto país
Río Negro,Gas de petróleo y otros hidrocarburos gaseosos,subrubro,2016-01-01,2016,12.88,FALSE,1. Resto país
Río Negro,"Minerales metalíferos, escorias y cenizas",subrubro,2016-01-01,2016,7.592,FALSE,1. Resto país
Río Negro,"Preparados de hortalizas, legumbres y frutas",subrubro,2016-01-01,2016,32.583,FALSE,1. Resto país
Río Negro,Resto de productos,subrubro,2016-01-01,2016,22.71,FALSE,1. Resto país
Río Negro,Total,total,2016-01-01,2016,395.878,FALSE,1. Resto país
Salta,"Azúcar, cacao y artículos de confitería",subrubro,2016-01-01,2016,27.779,FALSE,2. NOA-Resto
Salta,Cereales,subrubro,2016-01-01,2016,195.853,FALSE,2. NOA-Resto
Salta,Frutas frescas,subrubro,2016-01-01,2016,40.817,FALSE,2. NOA-Resto
Salta,Hortalizas y legumbres sin elaborar,subrubro,2016-01-01,2016,256.717,FALSE,2. NOA-Resto
Salta,Pieles y cueros,subrubro,2016-01-01,2016,27.14,FALSE,2. NOA-Resto
Salta,Productos químicos y conexos,subrubro,2016-01-01,2016,80.643,FALSE,2. NOA-Resto
Salta,Resto de productos,subrubro,2016-01-01,2016,95.274,FALSE,2. NOA-Resto
Salta,Semillas y frutos oleaginosos,subrubro,2016-01-01,2016,65.593,FALSE,2. NOA-Resto
Salta,Tabaco sin elaborar,subrubro,2016-01-01,2016,285.596,FALSE,2. NOA-Resto
Salta,Total,total,2016-01-01,2016,1075.412,FALSE,2. NOA-Resto
San Juan,"Bebidas, líquidos alcohólicos y vinagre",subrubro,2016-01-01,2016,24.649,FALSE,1. Resto país
San Juan,Frutas frescas,subrubro,2016-01-01,2016,17.655,FALSE,1. Resto país
San Juan,Frutas secas o procesadas,subrubro,2016-01-01,2016,50.532,FALSE,1. Resto país
San Juan,Hortalizas y legumbres sin elaborar,subrubro,2016-01-01,2016,41.521,FALSE,1. Resto país
San Juan,"Piedras, metales preciosos y sus manufacturas, monedas",subrubro,2016-01-01,2016,917.166,FALSE,1. Resto país
San Juan,"Preparados de hortalizas, legumbres y frutas",subrubro,2016-01-01,2016,59.139,FALSE,1. Resto país
San Juan,Productos químicos y conexos,subrubro,2016-01-01,2016,55.988,FALSE,1. Resto país
San Juan,Resto de productos,subrubro,2016-01-01,2016,95.291,FALSE,1. Resto país
San Juan,Total,total,2016-01-01,2016,1261.941,FALSE,1. Resto país
San Luis,Carnes y sus preparados,subrubro,2016-01-01,2016,79.665,FALSE,1. Resto país
San Luis,Cereales,subrubro,2016-01-01,2016,198.698,FALSE,1. Resto país
San Luis,Materias plásticas y sus manufacturas,subrubro,2016-01-01,2016,35.894,FALSE,1. Resto país
San Luis,Metales comunes y sus manufacturas,subrubro,2016-01-01,2016,12.077,FALSE,1. Resto país
San Luis,"Preparados de hortalizas, legumbres y frutas",subrubro,2016-01-01,2016,27.458,FALSE,1. Resto país
San Luis,Productos de molinería y sus preparaciones,subrubro,2016-01-01,2016,21.703,FALSE,1. Resto país
San Luis,Resto de productos,subrubro,2016-01-01,2016,104.369,FALSE,1. Resto país
San Luis,Semillas y frutos oleaginosos,subrubro,2016-01-01,2016,82.896,FALSE,1. Resto país
San Luis,Total,total,2016-01-01,2016,562.76,FALSE,1. Resto país
Santa Cruz,Carnes y sus preparados,subrubro,2016-01-01,2016,6.331,FALSE,1. Resto país
Santa Cruz,Frutas frescas,subrubro,2016-01-01,2016,3.353,FALSE,1. Resto país
Santa Cruz,Lanas sucias,subrubro,2016-01-01,2016,26.436,FALSE,1. Resto país
Santa Cruz,"Minerales metalíferos, escorias y cenizas",subrubro,2016-01-01,2016,119.177,FALSE,1. Resto país
Santa Cruz,Pescados y mariscos elaborados,subrubro,2016-01-01,2016,3.044,FALSE,1. Resto país
Santa Cruz,Pescados y mariscos sin elaborar,subrubro,2016-01-01,2016,480.4,FALSE,1. Resto país
Santa Cruz,Petróleo crudo,subrubro,2016-01-01,2016,149.484,FALSE,1. Resto país
Santa Cruz,"Piedras, metales preciosos y sus manufacturas, monedas",subrubro,2016-01-01,2016,1255.332,FALSE,1. Resto país
Santa Cruz,Resto de productos,subrubro,2016-01-01,2016,6.503,FALSE,1. Resto país
Santa Cruz,Total,total,2016-01-01,2016,2050.06,FALSE,1. Resto país
Santa Fe,Carnes y sus preparados,subrubro,2016-01-01,2016,333.158,FALSE,1. Resto país
Santa Fe,Cereales,subrubro,2016-01-01,2016,776.484,FALSE,1. Resto país
Santa Fe,Grasas y aceites,subrubro,2016-01-01,2016,2826.695,FALSE,1. Resto país
Santa Fe,Material de transporte terrestre,subrubro,2016-01-01,2016,417.584,FALSE,1. Resto país
Santa Fe,"Máquinas y aparatos, material eléctrico",subrubro,2016-01-01,2016,308.387,FALSE,1. Resto país
Santa Fe,Productos lácteos,subrubro,2016-01-01,2016,279.412,FALSE,1. Resto país
Santa Fe,Productos químicos y conexos,subrubro,2016-01-01,2016,1186.407,FALSE,1. Resto país
Santa Fe,Residuos y desperdicios de la industria alimenticia,subrubro,2016-01-01,2016,6580.769,FALSE,1. Resto país
Santa Fe,Resto de productos,subrubro,2016-01-01,2016,643.834,FALSE,1. Resto país
Santa Fe,Semillas y frutos oleaginosos,subrubro,2016-01-01,2016,476.651,FALSE,1. Resto país
Santa Fe,Total,total,2016-01-01,2016,13829.381,FALSE,1. Resto país
Santiago del Estero,Carnes y sus preparados,subrubro,2016-01-01,2016,13.718,FALSE,2. NOA-Resto
Santiago del Estero,Cereales,subrubro,2016-01-01,2016,534.806,FALSE,2. NOA-Resto
Santiago del Estero,Fibras de algodón,subrubro,2016-01-01,2016,30.525,FALSE,2. NOA-Resto
Santiago del Estero,Hortalizas y legumbres sin elaborar,subrubro,2016-01-01,2016,122.279,FALSE,2. NOA-Resto
Santiago del Estero,Residuos y desperdicios de la industria alimenticia,subrubro,2016-01-01,2016,42.414,FALSE,2. NOA-Resto
Santiago del Estero,Resto de productos,subrubro,2016-01-01,2016,7.901,FALSE,2. NOA-Resto
Santiago del Estero,Semillas y frutos oleaginosos,subrubro,2016-01-01,2016,141.619,FALSE,2. NOA-Resto
Santiago del Estero,Total,total,2016-01-01,2016,893.262,FALSE,2. NOA-Resto
Tierra del Fuego,Gas de petróleo y otros hidrocarburos gaseosos,subrubro,2016-01-01,2016,39.151,FALSE,1. Resto país
Tierra del Fuego,Materias plásticas y sus manufacturas,subrubro,2016-01-01,2016,12.943,FALSE,1. Resto país
Tierra del Fuego,"Máquinas y aparatos, material eléctrico",subrubro,2016-01-01,2016,17.453,FALSE,1. Resto país
Tierra del Fuego,Pescados y mariscos elaborados,subrubro,2016-01-01,2016,26.646,FALSE,1. Resto país
Tierra del Fuego,Pescados y mariscos sin elaborar,subrubro,2016-01-01,2016,73.21,FALSE,1. Resto país
Tierra del Fuego,Residuos y desperdicios de la industria alimenticia,subrubro,2016-01-01,2016,3.313,FALSE,1. Resto país
Tierra del Fuego,Resto de productos,subrubro,2016-01-01,2016,3.45,FALSE,1. Resto país
Tierra del Fuego,Total,total,2016-01-01,2016,176.166,FALSE,1. Resto país
Tucumán,"Azúcar, cacao y artículos de confitería",subrubro,2016-01-01,2016,172.897,FALSE,2. NOA-Resto
Tucumán,Frutas frescas,subrubro,2016-01-01,2016,286.484,FALSE,2. NOA-Resto
Tucumán,Material de transporte terrestre,subrubro,2016-01-01,2016,99.298,FALSE,2. NOA-Resto
Tucumán,"Preparados de hortalizas, legumbres y frutas",subrubro,2016-01-01,2016,152.336,FALSE,2. NOA-Resto
Tucumán,Productos químicos y conexos,subrubro,2016-01-01,2016,153.325,FALSE,2. NOA-Resto
Tucumán,Residuos y desperdicios de la industria alimenticia,subrubro,2016-01-01,2016,160.273,FALSE,2. NOA-Resto
Tucumán,Resto de productos,subrubro,2016-01-01,2016,177.939,FALSE,2. NOA-Resto
Tucumán,Total,total,2016-01-01,2016,1202.552,FALSE,2. NOA-Resto
Buenos Aires,"Azúcar ,cacao y artículos de confitería",subrubro,2017-01-01,2017,78.916574,FALSE,1. Resto país
Buenos Aires,"Bebidas, líquidos alcohólicos y vinagre",subrubro,2017-01-01,2017,75.046605,FALSE,1. Resto país
Buenos Aires,Carburantes,subrubro,2017-01-01,2017,403.720011,FALSE,1. Resto país
Buenos Aires,Carnes y sus preparados,subrubro,2017-01-01,2017,986.391028,FALSE,1. Resto país
Buenos Aires,Caucho y sus manufacturas,subrubro,2017-01-01,2017,242.7691,FALSE,1. Resto país
Buenos Aires,Cereales,subrubro,2017-01-01,2017,2422.920484,FALSE,1. Resto país
Buenos Aires,Gas de petróleo y otros hidrocarburos gaseosos,subrubro,2017-01-01,2017,323.274086,FALSE,1. Resto país
Buenos Aires,Grasas y aceites,subrubro,2017-01-01,2017,1095.839961,FALSE,1. Resto país
Buenos Aires,Hortalizas y legumbres sin elaborar,subrubro,2017-01-01,2017,27.30555,FALSE,1. Resto país
Buenos Aires,"Manufacturas de piedra, yeso, vidrio, etc.",subrubro,2017-01-01,2017,65.590778,FALSE,1. Resto país
Buenos Aires,Material de transporte terrestre,subrubro,2017-01-01,2017,4363.671366,FALSE,1. Resto país
Buenos Aires,Materias plásticas y sus manufacturas,subrubro,2017-01-01,2017,830.658376,FALSE,1. Resto país
Buenos Aires,Metales comunes y sus manufacturas,subrubro,2017-01-01,2017,751.453513,FALSE,1. Resto país
Buenos Aires,Miel,subrubro,2017-01-01,2017,88.294923,FALSE,1. Resto país
Buenos Aires,"Máquinas y aparatos, material eléctrico",subrubro,2017-01-01,2017,459.688589,FALSE,1. Resto país
Buenos Aires,"Papel, cartón, impresos y publicaciones",subrubro,2017-01-01,2017,85.297381,FALSE,1. Resto país
Buenos Aires,Pescados y mariscos elaborados,subrubro,2017-01-01,2017,189.51455,FALSE,1. Resto país
Buenos Aires,Pescados y mariscos sin elaborar,subrubro,2017-01-01,2017,323.172882,FALSE,1. Resto país
Buenos Aires,Pieles y cueros,subrubro,2017-01-01,2017,411.49325,FALSE,1. Resto país
Buenos Aires,"Preparados de hortalizas, legumbres y frutas",subrubro,2017-01-01,2017,176.787806,FALSE,1. Resto país
Buenos Aires,Productos de molinería y sus preparaciones,subrubro,2017-01-01,2017,532.412673,FALSE,1. Resto país
Buenos Aires,Productos lácteos,subrubro,2017-01-01,2017,78.819237,FALSE,1. Resto país
Buenos Aires,Productos químicos y conexos,subrubro,2017-01-01,2017,2007.895104,FALSE,1. Resto país
Buenos Aires,Residuos y desperdicios de la industria alimentaria,subrubro,2017-01-01,2017,1486.182114,FALSE,1. Resto país
Buenos Aires,Resto de productos,subrubro,2017-01-01,2017,675.760964,FALSE,1. Resto país
Buenos Aires,Semillas y frutos oleaginosos,subrubro,2017-01-01,2017,936.867066,FALSE,1. Resto país
Buenos Aires,Textiles y confecciones,subrubro,2017-01-01,2017,121.099761,FALSE,1. Resto país
Buenos Aires,Total,total,2017-01-01,2017,19240.843732,FALSE,1. Resto país
C.A.B.A.,Carnes y sus preparados,subrubro,2017-01-01,2017,18.924137,FALSE,1. Resto país
C.A.B.A.,"Máquinas y aparatos, material eléctrico",subrubro,2017-01-01,2017,10.747017,FALSE,1. Resto país
C.A.B.A.,"Papel, cartón, impresos y publicaciones",subrubro,2017-01-01,2017,4.736881,FALSE,1. Resto país
C.A.B.A.,Pieles y cueros,subrubro,2017-01-01,2017,36.526586,FALSE,1. Resto país
C.A.B.A.,Productos de molinería y sus preparaciones,subrubro,2017-01-01,2017,5.340032,FALSE,1. Resto país
C.A.B.A.,Productos químicos y conexos,subrubro,2017-01-01,2017,218.230297,FALSE,1. Resto país
C.A.B.A.,Resto de productos,subrubro,2017-01-01,2017,38.987511,FALSE,1. Resto país
C.A.B.A.,Total,total,2017-01-01,2017,333.492461,FALSE,1. Resto país
Catamarca,"Azúcar ,cacao y artículos de confitería",subrubro,2017-01-01,2017,3.25081,FALSE,2. NOA-Resto
Catamarca,Cereales,subrubro,2017-01-01,2017,8.631643,FALSE,2. NOA-Resto
Catamarca,Frutas frescas,subrubro,2017-01-01,2017,2.085546,FALSE,2. NOA-Resto
Catamarca,Grasas y aceites,subrubro,2017-01-01,2017,18.562607,FALSE,2. NOA-Resto
Catamarca,Hortalizas y legumbres sin elaborar,subrubro,2017-01-01,2017,1.544861,FALSE,2. NOA-Resto
Catamarca,"Piedras, metales preciosos y sus manufacturas, monedas",subrubro,2017-01-01,2017,70.090761,FALSE,2. NOA-Resto
Catamarca,Productos químicos y conexos,subrubro,2017-01-01,2017,75.675823,FALSE,2. NOA-Resto
Catamarca,Resto de productos,subrubro,2017-01-01,2017,425.74589,FALSE,2. NOA-Resto
Catamarca,Semillas y frutos oleaginosos,subrubro,2017-01-01,2017,3.596311,FALSE,2. NOA-Resto
Catamarca,Tabaco sin elaborar,subrubro,2017-01-01,2017,1.123649,FALSE,2. NOA-Resto
Catamarca,Total,total,2017-01-01,2017,610.307902,FALSE,2. NOA-Resto
Chaco,Cereales,subrubro,2017-01-01,2017,178.929218,FALSE,1. Resto país
Chaco,Extractos curtientes y tintóreos,subrubro,2017-01-01,2017,64.018005,FALSE,1. Resto país
Chaco,Fibras de algodón,subrubro,2017-01-01,2017,10.83781,FALSE,1. Resto país
Chaco,Resto de productos,subrubro,2017-01-01,2017,26.463216,FALSE,1. Resto país
Chaco,Semillas y frutos oleaginosos,subrubro,2017-01-01,2017,85.504939,FALSE,1. Resto país
Chaco,Total,total,2017-01-01,2017,365.753187,FALSE,1. Resto país
Chubut,Lanas elaboradas,subrubro,2017-01-01,2017,118.230645,FALSE,1. Resto país
Chubut,Lanas sucias,subrubro,2017-01-01,2017,43.071922,FALSE,1. Resto país
Chubut,Metales comunes y sus manufacturas,subrubro,2017-01-01,2017,755.17214,FALSE,1. Resto país
Chubut,Pescados y mariscos elaborados,subrubro,2017-01-01,2017,28.981344,FALSE,1. Resto país
Chubut,Pescados y mariscos sin elaborar,subrubro,2017-01-01,2017,771.518318,FALSE,1. Resto país
Chubut,Petróleo crudo,subrubro,2017-01-01,2017,462.826507,FALSE,1. Resto país
Chubut,Resto de productos,subrubro,2017-01-01,2017,15.512626,FALSE,1. Resto país
Chubut,Total,total,2017-01-01,2017,2195.313503,FALSE,1. Resto país
Corrientes,"Café, té, yerba mate y especias",subrubro,2017-01-01,2017,16.986668,FALSE,1. Resto país
Corrientes,Cereales,subrubro,2017-01-01,2017,80.082562,FALSE,1. Resto país
Corrientes,Frutas frescas,subrubro,2017-01-01,2017,35.64543,FALSE,1. Resto país
Corrientes,"Preparados de hortalizas, legumbres y frutas",subrubro,2017-01-01,2017,5.602541,FALSE,1. Resto país
Corrientes,Productos químicos y conexos,subrubro,2017-01-01,2017,5.6219,FALSE,1. Resto país
Corrientes,Resto de productos,subrubro,2017-01-01,2017,47.560973,FALSE,1. Resto país
Corrientes,Total,total,2017-01-01,2017,191.500075,FALSE,1. Resto país
Córdoba,"Azúcar ,cacao y artículos de confitería",subrubro,2017-01-01,2017,53.510269,FALSE,1. Resto país
Córdoba,Carnes y sus preparados,subrubro,2017-01-01,2017,83.810753,FALSE,1. Resto país
Córdoba,Cereales,subrubro,2017-01-01,2017,1921.456277,FALSE,1. Resto país
Córdoba,Extractos curtientes y tintóreos,subrubro,2017-01-01,2017,109.962598,FALSE,1. Resto país
Córdoba,Grasas y aceites,subrubro,2017-01-01,2017,873.678134,FALSE,1. Resto país
Córdoba,Hortalizas y legumbres sin elaborar,subrubro,2017-01-01,2017,96.521211,FALSE,1. Resto país
Córdoba,Material de transporte terrestre,subrubro,2017-01-01,2017,625.982042,FALSE,1. Resto país
Córdoba,Materias plásticas y sus manufacturas,subrubro,2017-01-01,2017,32.914743,FALSE,1. Resto país
Córdoba,"Máquinas y aparatos, material eléctrico",subrubro,2017-01-01,2017,196.219073,FALSE,1. Resto país
Córdoba,"Preparados de hortalizas, legumbres y frutas",subrubro,2017-01-01,2017,525.467866,FALSE,1. Resto país
Córdoba,Productos de molinería y sus preparaciones,subrubro,2017-01-01,2017,46.473139,FALSE,1. Resto país
Córdoba,Productos lácteos,subrubro,2017-01-01,2017,183.622346,FALSE,1. Resto país
Córdoba,Productos químicos y conexos,subrubro,2017-01-01,2017,225.451059,FALSE,1. Resto país
Córdoba,Residuos y desperdicios de la industria alimentaria,subrubro,2017-01-01,2017,1956.336208,FALSE,1. Resto país
Córdoba,Resto de productos,subrubro,2017-01-01,2017,128.73175,FALSE,1. Resto país
Córdoba,Semillas y frutos oleaginosos,subrubro,2017-01-01,2017,1008.038406,FALSE,1. Resto país
Córdoba,Total,total,2017-01-01,2017,8068.175876,FALSE,1. Resto país
Entre Ríos,Carnes y sus preparados,subrubro,2017-01-01,2017,240.424093,FALSE,1. Resto país
Entre Ríos,Cereales,subrubro,2017-01-01,2017,412.797185,FALSE,1. Resto país
Entre Ríos,Energía eléctrica,subrubro,2017-01-01,2017,NA,FALSE,1. Resto país
Entre Ríos,Frutas frescas,subrubro,2017-01-01,2017,68.82577,FALSE,1. Resto país
Entre Ríos,Miel,subrubro,2017-01-01,2017,15.175116,FALSE,1. Resto país
Entre Ríos,Productos de molinería y sus preparaciones,subrubro,2017-01-01,2017,44.156961,FALSE,1. Resto país
Entre Ríos,Productos lácteos,subrubro,2017-01-01,2017,31.565799,FALSE,1. Resto país
Entre Ríos,Productos químicos y conexos,subrubro,2017-01-01,2017,70.603566,FALSE,1. Resto país
Entre Ríos,Resto de productos,subrubro,2017-01-01,2017,159.999244,FALSE,1. Resto país
Entre Ríos,Semillas y frutos oleaginosos,subrubro,2017-01-01,2017,191.660548,FALSE,1. Resto país
Entre Ríos,Total,total,2017-01-01,2017,1235.208281,FALSE,1. Resto país
Formosa,Cereales,subrubro,2017-01-01,2017,18.526148,FALSE,1. Resto país
Formosa,Extractos curtientes y tintóreos,subrubro,2017-01-01,2017,5.516639,FALSE,1. Resto país
Formosa,Fibras de algodón,subrubro,2017-01-01,2017,0.514686,FALSE,1. Resto país
Formosa,Otros productos de origen animal,subrubro,2017-01-01,2017,5.403595,FALSE,1. Resto país
Formosa,Productos químicos y conexos,subrubro,2017-01-01,2017,0.895696,FALSE,1. Resto país
Formosa,Resto de productos,subrubro,2017-01-01,2017,6.85388,FALSE,1. Resto país
Formosa,Total,total,2017-01-01,2017,37.710644,FALSE,1. Resto país
Jujuy,"Azúcar ,cacao y artículos de confitería",subrubro,2017-01-01,2017,35.734444,FALSE,2. NOA-Resto
Jujuy,Frutas frescas,subrubro,2017-01-01,2017,16.320172,FALSE,2. NOA-Resto
Jujuy,Hortalizas y legumbres sin elaborar,subrubro,2017-01-01,2017,17.282215,FALSE,2. NOA-Resto
Jujuy,"Minerales metalíferos, escorias y cenizas",subrubro,2017-01-01,2017,174.862322,FALSE,2. NOA-Resto
Jujuy,"Papel, cartón, impresos y publicaciones",subrubro,2017-01-01,2017,11.345952,FALSE,2. NOA-Resto
Jujuy,Productos de molinería y sus preparaciones,subrubro,2017-01-01,2017,13.390036,FALSE,2. NOA-Resto
Jujuy,Productos químicos y conexos,subrubro,2017-01-01,2017,133.532636,FALSE,2. NOA-Resto
Jujuy,Resto de productos,subrubro,2017-01-01,2017,62.800525,FALSE,2. NOA-Resto
Jujuy,Tabaco sin elaborar,subrubro,2017-01-01,2017,71.641245,FALSE,2. NOA-Resto
Jujuy,Total,total,2017-01-01,2017,536.909547,FALSE,2. NOA-Resto
La Pampa,Carnes y sus preparados,subrubro,2017-01-01,2017,46.548003,FALSE,1. Resto país
La Pampa,Cereales,subrubro,2017-01-01,2017,235.563353,FALSE,1. Resto país
La Pampa,Grasas y aceites,subrubro,2017-01-01,2017,7.425066,FALSE,1. Resto país
La Pampa,"Manufacturas de piedra, yeso, vidrio, etc.",subrubro,2017-01-01,2017,2.757601,FALSE,1. Resto país
La Pampa,Miel,subrubro,2017-01-01,2017,19.235286,FALSE,1. Resto país
La Pampa,Resto de productos,subrubro,2017-01-01,2017,5.907246,FALSE,1. Resto país
La Pampa,Semillas y frutos oleaginosos,subrubro,2017-01-01,2017,78.994744,FALSE,1. Resto país
La Pampa,Total,total,2017-01-01,2017,396.431299,FALSE,1. Resto país
La Rioja,"Bebidas, líquidos alcohólicos y vinagre",subrubro,2017-01-01,2017,14.92492,FALSE,3. La Rioja
La Rioja,Grasas y aceites,subrubro,2017-01-01,2017,56.22785,FALSE,3. La Rioja
La Rioja,"Papel, cartón, impresos y publicaciones",subrubro,2017-01-01,2017,63.102916,FALSE,3. La Rioja
La Rioja,"Preparados de hortalizas, legumbres y frutas",subrubro,2017-01-01,2017,40.455469,FALSE,3. La Rioja
La Rioja,Resto de productos,subrubro,2017-01-01,2017,71.134307,FALSE,3. La Rioja
La Rioja,Total,total,2017-01-01,2017,245.845463,FALSE,3. La Rioja
Mendoza,"Bebidas, líquidos alcohólicos y vinagre",subrubro,2017-01-01,2017,738.081823,FALSE,1. Resto país
Mendoza,Frutas frescas,subrubro,2017-01-01,2017,47.992642,FALSE,1. Resto país
Mendoza,Frutas secas o procesadas,subrubro,2017-01-01,2017,46.737788,FALSE,1. Resto país
Mendoza,Grasas y aceites,subrubro,2017-01-01,2017,58.531025,FALSE,1. Resto país
Mendoza,Hortalizas y legumbres sin elaborar,subrubro,2017-01-01,2017,136.447685,FALSE,1. Resto país
Mendoza,Materias plásticas y sus manufacturas,subrubro,2017-01-01,2017,10.188429,FALSE,1. Resto país
Mendoza,Metales comunes y sus manufacturas,subrubro,2017-01-01,2017,30.104604,FALSE,1. Resto país
Mendoza,"Máquinas y aparatos, material eléctrico",subrubro,2017-01-01,2017,57.317176,FALSE,1. Resto país
Mendoza,"Preparados de hortalizas, legumbres y frutas",subrubro,2017-01-01,2017,104.322439,FALSE,1. Resto país
Mendoza,Productos químicos y conexos,subrubro,2017-01-01,2017,18.908424,FALSE,1. Resto país
Mendoza,Resto de productos,subrubro,2017-01-01,2017,101.043887,FALSE,1. Resto país
Mendoza,Total,total,2017-01-01,2017,1349.675922,FALSE,1. Resto país
Misiones,"Café, té, yerba mate y especias",subrubro,2017-01-01,2017,159.528143,FALSE,1. Resto país
Misiones,Cereales,subrubro,2017-01-01,2017,6.216301,FALSE,1. Resto país
Misiones,"Papel, cartón, impresos y publicaciones",subrubro,2017-01-01,2017,142.086883,FALSE,1. Resto país
Misiones,Resto de productos,subrubro,2017-01-01,2017,52.589095,FALSE,1. Resto país
Misiones,Tabaco sin elaborar,subrubro,2017-01-01,2017,62.324154,FALSE,1. Resto país
Misiones,Total,total,2017-01-01,2017,422.744576,FALSE,1. Resto país
Neuquén,Frutas frescas,subrubro,2017-01-01,2017,33.645106,FALSE,1. Resto país
Neuquén,Gas de petróleo y otros hidrocarburos gaseosos,subrubro,2017-01-01,2017,2.825127,FALSE,1. Resto país
Neuquén,Petróleo crudo,subrubro,2017-01-01,2017,NA,FALSE,1. Resto país
Neuquén,Productos químicos y conexos,subrubro,2017-01-01,2017,2.696597,FALSE,1. Resto país
Neuquén,Resto de productos,subrubro,2017-01-01,2017,20.768123,FALSE,1. Resto país
Neuquén,Total,total,2017-01-01,2017,59.934954,FALSE,1. Resto país
Río Negro,"Bebidas, líquidos alcohólicos y vinagre",subrubro,2017-01-01,2017,12.574196,FALSE,1. Resto país
Río Negro,Carnes y sus preparados,subrubro,2017-01-01,2017,15.885692,FALSE,1. Resto país
Río Negro,Frutas frescas,subrubro,2017-01-01,2017,274.413076,FALSE,1. Resto país
Río Negro,Gas de petróleo y otros hidrocarburos gaseosos,subrubro,2017-01-01,2017,17.987767,FALSE,1. Resto país
Río Negro,Petróleo crudo,subrubro,2017-01-01,2017,NA,FALSE,1. Resto país
Río Negro,"Preparados de hortalizas, legumbres y frutas",subrubro,2017-01-01,2017,23.552323,FALSE,1. Resto país
Río Negro,Resto de productos,subrubro,2017-01-01,2017,34.26699,FALSE,1. Resto país
Río Negro,Total,total,2017-01-01,2017,378.680044,FALSE,1. Resto país
Salta,"Azúcar ,cacao y artículos de confitería",subrubro,2017-01-01,2017,25.243224,FALSE,2. NOA-Resto
Salta,"Bebidas, líquidos alcohólicos y vinagre",subrubro,2017-01-01,2017,19.751508,FALSE,2. NOA-Resto
Salta,Cereales,subrubro,2017-01-01,2017,130.615104,FALSE,2. NOA-Resto
Salta,Hortalizas y legumbres sin elaborar,subrubro,2017-01-01,2017,257.694916,FALSE,2. NOA-Resto
Salta,"Piedras, metales preciosos y sus manufacturas, monedas",subrubro,2017-01-01,2017,0.035537,FALSE,2. NOA-Resto
Salta,"Preparados de hortalizas, legumbres y frutas",subrubro,2017-01-01,2017,16.307619,FALSE,2. NOA-Resto
Salta,Productos químicos y conexos,subrubro,2017-01-01,2017,76.414064,FALSE,2. NOA-Resto
Salta,Resto de productos,subrubro,2017-01-01,2017,119.441054,FALSE,2. NOA-Resto
Salta,Semillas y frutos oleaginosos,subrubro,2017-01-01,2017,73.52932,FALSE,2. NOA-Resto
Salta,Tabaco sin elaborar,subrubro,2017-01-01,2017,161.859011,FALSE,2. NOA-Resto
Salta,Total,total,2017-01-01,2017,880.891356,FALSE,2. NOA-Resto
San Juan,"Bebidas, líquidos alcohólicos y vinagre",subrubro,2017-01-01,2017,32.948203,FALSE,1. Resto país
San Juan,Frutas frescas,subrubro,2017-01-01,2017,9.683867,FALSE,1. Resto país
San Juan,Frutas secas o procesadas,subrubro,2017-01-01,2017,46.646062,FALSE,1. Resto país
San Juan,Grasas y aceites,subrubro,2017-01-01,2017,38.604186,FALSE,1. Resto país
San Juan,Hortalizas y legumbres sin elaborar,subrubro,2017-01-01,2017,43.162739,FALSE,1. Resto país
San Juan,"Máquinas y aparatos, material eléctrico",subrubro,2017-01-01,2017,8.080772,FALSE,1. Resto país
San Juan,"Piedras, metales preciosos y sus manufacturas, monedas",subrubro,2017-01-01,2017,1077.651434,FALSE,1. Resto país
San Juan,"Preparados de hortalizas, legumbres y frutas",subrubro,2017-01-01,2017,52.964957,FALSE,1. Resto país
San Juan,Productos químicos y conexos,subrubro,2017-01-01,2017,58.427371,FALSE,1. Resto país
San Juan,Resto de productos,subrubro,2017-01-01,2017,60.97363,FALSE,1. Resto país
San Juan,Semillas y frutos oleaginosos,subrubro,2017-01-01,2017,11.081487,FALSE,1. Resto país
San Juan,Total,total,2017-01-01,2017,1440.22471,FALSE,1. Resto país
San Luis,Carnes y sus preparados,subrubro,2017-01-01,2017,86.363294,FALSE,1. Resto país
San Luis,Cereales,subrubro,2017-01-01,2017,204.379623,FALSE,1. Resto país
San Luis,Materias plásticas y sus manufacturas,subrubro,2017-01-01,2017,34.396012,FALSE,1. Resto país
San Luis,"Papel, cartón, impresos y publicaciones",subrubro,2017-01-01,2017,8.818906,FALSE,1. Resto país
San Luis,"Preparados de hortalizas, legumbres y frutas",subrubro,2017-01-01,2017,34.90094,FALSE,1. Resto país
San Luis,Productos de molinería y sus preparaciones,subrubro,2017-01-01,2017,21.352323,FALSE,1. Resto país
San Luis,Resto de productos,subrubro,2017-01-01,2017,138.695829,FALSE,1. Resto país
San Luis,Semillas y frutos oleaginosos,subrubro,2017-01-01,2017,57.995599,FALSE,1. Resto país
San Luis,Total,total,2017-01-01,2017,586.902527,FALSE,1. Resto país
Santa Cruz,Gas de petróleo y otros hidrocarburos gaseosos,subrubro,2017-01-01,2017,0.954906,FALSE,1. Resto país
Santa Cruz,"Minerales metalíferos, escorias y cenizas",subrubro,2017-01-01,2017,123.274328,FALSE,1. Resto país
Santa Cruz,Pescados y mariscos sin elaborar,subrubro,2017-01-01,2017,460.026299,FALSE,1. Resto país
Santa Cruz,Petróleo crudo,subrubro,2017-01-01,2017,116.832832,FALSE,1. Resto país
Santa Cruz,"Piedras, metales preciosos y sus manufacturas, monedas",subrubro,2017-01-01,2017,1360.708275,FALSE,1. Resto país
Santa Cruz,Resto de productos,subrubro,2017-01-01,2017,24.025463,FALSE,1. Resto país
Santa Cruz,Total,total,2017-01-01,2017,2085.822102,FALSE,1. Resto país
Santa Fe,Carburantes,subrubro,2017-01-01,2017,53.276367,FALSE,1. Resto país
Santa Fe,Carnes y sus preparados,subrubro,2017-01-01,2017,420.671134,FALSE,1. Resto país
Santa Fe,Caucho y sus manufacturas,subrubro,2017-01-01,2017,26.569745,FALSE,1. Resto país
Santa Fe,Cereales,subrubro,2017-01-01,2017,874.38031,FALSE,1. Resto país
Santa Fe,Extractos curtientes y tintóreos,subrubro,2017-01-01,2017,40.146575,FALSE,1. Resto país
Santa Fe,Grasas y aceites,subrubro,2017-01-01,2017,2676.935855,FALSE,1. Resto país
Santa Fe,Material de transporte terrestre,subrubro,2017-01-01,2017,613.875146,FALSE,1. Resto país
Santa Fe,Metales comunes y sus manufacturas,subrubro,2017-01-01,2017,77.939176,FALSE,1. Resto país
Santa Fe,"Máquinas y aparatos, material eléctrico",subrubro,2017-01-01,2017,327.502302,FALSE,1. Resto país
Santa Fe,Pieles y cueros,subrubro,2017-01-01,2017,215.401029,FALSE,1. Resto país
Santa Fe,Productos de molinería y sus preparaciones,subrubro,2017-01-01,2017,75.832455,FALSE,1. Resto país
Santa Fe,Productos lácteos,subrubro,2017-01-01,2017,289.687033,FALSE,1. Resto país
Santa Fe,Productos químicos y conexos,subrubro,2017-01-01,2017,1223.368226,FALSE,1. Resto país
Santa Fe,Residuos y desperdicios de la industria alimentaria,subrubro,2017-01-01,2017,6169.554417,FALSE,1. Resto país
Santa Fe,Resto de productos,subrubro,2017-01-01,2017,177.522997,FALSE,1. Resto país
Santa Fe,Semillas y frutos oleaginosos,subrubro,2017-01-01,2017,498.370927,FALSE,1. Resto país
Santa Fe,Total,total,2017-01-01,2017,13761.033694,FALSE,1. Resto país
Santiago del Estero,Carnes y sus preparados,subrubro,2017-01-01,2017,15.311316,FALSE,2. NOA-Resto
Santiago del Estero,Cereales,subrubro,2017-01-01,2017,430.574388,FALSE,2. NOA-Resto
Santiago del Estero,Fibras de algodón,subrubro,2017-01-01,2017,26.293085,FALSE,2. NOA-Resto
Santiago del Estero,Hortalizas y legumbres sin elaborar,subrubro,2017-01-01,2017,117.382232,FALSE,2. NOA-Resto
Santiago del Estero,Resto de productos,subrubro,2017-01-01,2017,44.050587,FALSE,2. NOA-Resto
Santiago del Estero,Semillas y frutos oleaginosos,subrubro,2017-01-01,2017,159.940733,FALSE,2. NOA-Resto
Santiago del Estero,Total,total,2017-01-01,2017,793.552341,FALSE,2. NOA-Resto
Tierra del Fuego,Gas de petróleo y otros hidrocarburos gaseosos,subrubro,2017-01-01,2017,26.341488,FALSE,1. Resto país
Tierra del Fuego,Pescados y mariscos elaborados,subrubro,2017-01-01,2017,19.699751,FALSE,1. Resto país
Tierra del Fuego,Pescados y mariscos sin elaborar,subrubro,2017-01-01,2017,69.749113,FALSE,1. Resto país
Tierra del Fuego,Petróleo crudo,subrubro,2017-01-01,2017,NA,FALSE,1. Resto país
Tierra del Fuego,Resto de productos,subrubro,2017-01-01,2017,46.168399,FALSE,1. Resto país
Tierra del Fuego,Total,total,2017-01-01,2017,161.95875,FALSE,1. Resto país
Tucumán,"Azúcar ,cacao y artículos de confitería",subrubro,2017-01-01,2017,95.84693,FALSE,2. NOA-Resto
Tucumán,Cereales,subrubro,2017-01-01,2017,41.216932,FALSE,2. NOA-Resto
Tucumán,Frutas frescas,subrubro,2017-01-01,2017,249.335686,FALSE,2. NOA-Resto
Tucumán,Frutas secas o procesadas,subrubro,2017-01-01,2017,9.3066,FALSE,2. NOA-Resto
Tucumán,Hortalizas y legumbres sin elaborar,subrubro,2017-01-01,2017,13.632195,FALSE,2. NOA-Resto
Tucumán,Material de transporte terrestre,subrubro,2017-01-01,2017,157.936122,FALSE,2. NOA-Resto
Tucumán,"Preparados de hortalizas, legumbres y frutas",subrubro,2017-01-01,2017,141.098413,FALSE,2. NOA-Resto
Tucumán,Productos químicos y conexos,subrubro,2017-01-01,2017,165.147977,FALSE,2. NOA-Resto
Tucumán,Residuos y desperdicios de la industria alimentaria,subrubro,2017-01-01,2017,110.130383,FALSE,2. NOA-Resto
Tucumán,Resto de productos,subrubro,2017-01-01,2017,43.063555,FALSE,2. NOA-Resto
Tucumán,Semillas y frutos oleaginosos,subrubro,2017-01-01,2017,24.669375,FALSE,2. NOA-Resto
Tucumán,Total,total,2017-01-01,2017,1051.384166,FALSE,2. NOA-Resto
Buenos Aires,"Azúcar ,cacao y artículos de confitería",subrubro,2018-01-01,2018,97.224652,FALSE,1. Resto país
Buenos Aires,"Bebidas, líquidos alcohólicos y vinagre",subrubro,2018-01-01,2018,73.569861,FALSE,1. Resto país
Buenos Aires,Carburantes,subrubro,2018-01-01,2018,698.613831,FALSE,1. Resto país
Buenos Aires,Carnes y sus preparados,subrubro,2018-01-01,2018,1380.570919,FALSE,1. Resto país
Buenos Aires,Caucho y sus manufacturas,subrubro,2018-01-01,2018,216.939452,FALSE,1. Resto país
Buenos Aires,Cereales,subrubro,2018-01-01,2018,2971.547294,FALSE,1. Resto país
Buenos Aires,Gas de petróleo y otros hidrocarburos gaseosos,subrubro,2018-01-01,2018,396.757059,FALSE,1. Resto país
Buenos Aires,Grasas y aceites,subrubro,2018-01-01,2018,864.053601,FALSE,1. Resto país
Buenos Aires,Hortalizas y legumbres sin elaborar,subrubro,2018-01-01,2018,20.275485,FALSE,1. Resto país
Buenos Aires,"Manufacturas de piedra, yeso, vidrio, etc.",subrubro,2018-01-01,2018,70.210089,FALSE,1. Resto país
Buenos Aires,Material de transporte terrestre,subrubro,2018-01-01,2018,5380.45232,FALSE,1. Resto país
Buenos Aires,Materias plásticas y sus manufacturas,subrubro,2018-01-01,2018,810.78547,FALSE,1. Resto país
Buenos Aires,Metales comunes y sus manufacturas,subrubro,2018-01-01,2018,972.442559,FALSE,1. Resto país
Buenos Aires,Miel,subrubro,2018-01-01,2018,61.092576,FALSE,1. Resto país
Buenos Aires,"Máquinas y aparatos, material eléctrico",subrubro,2018-01-01,2018,482.801959,FALSE,1. Resto país
Buenos Aires,"Papel, cartón, impresos y publicaciones",subrubro,2018-01-01,2018,110.533709,FALSE,1. Resto país
Buenos Aires,Pescados y mariscos elaborados,subrubro,2018-01-01,2018,207.249751,FALSE,1. Resto país
Buenos Aires,Pescados y mariscos sin elaborar,subrubro,2018-01-01,2018,362.113213,FALSE,1. Resto país
Buenos Aires,Pieles y cueros,subrubro,2018-01-01,2018,403.281844,FALSE,1. Resto país
Buenos Aires,"Preparados de hortalizas, legumbres y frutas",subrubro,2018-01-01,2018,173.916419,FALSE,1. Resto país
Buenos Aires,Productos de molinería y sus preparaciones,subrubro,2018-01-01,2018,489.737637,FALSE,1. Resto país
Buenos Aires,Productos lácteos,subrubro,2018-01-01,2018,127.491006,FALSE,1. Resto país
Buenos Aires,Productos químicos y conexos,subrubro,2018-01-01,2018,1982.317664,FALSE,1. Resto país
Buenos Aires,Residuos y desperdicios de la industria alimentaria,subrubro,2018-01-01,2018,1596.477041,FALSE,1. Resto país
Buenos Aires,Resto de productos,subrubro,2018-01-01,2018,687.168948,FALSE,1. Resto país
Buenos Aires,Semillas y frutos oleaginosos,subrubro,2018-01-01,2018,538.555495,FALSE,1. Resto país
Buenos Aires,Textiles y confecciones,subrubro,2018-01-01,2018,116.529545,FALSE,1. Resto país
Buenos Aires,Total,total,2018-01-01,2018,21292.7094,FALSE,1. Resto país
C.A.B.A.,Carnes y sus preparados,subrubro,2018-01-01,2018,NA,FALSE,1. Resto país
C.A.B.A.,"Máquinas y aparatos, material eléctrico",subrubro,2018-01-01,2018,13.978192,FALSE,1. Resto país
C.A.B.A.,"Papel, cartón, impresos y publicaciones",subrubro,2018-01-01,2018,5.157657,FALSE,1. Resto país
C.A.B.A.,Pieles y cueros,subrubro,2018-01-01,2018,43.468224,FALSE,1. Resto país
C.A.B.A.,Productos de molinería y sus preparaciones,subrubro,2018-01-01,2018,6.642965,FALSE,1. Resto país
C.A.B.A.,Productos químicos y conexos,subrubro,2018-01-01,2018,202.114773,FALSE,1. Resto país
C.A.B.A.,Resto de productos,subrubro,2018-01-01,2018,NA,FALSE,1. Resto país
C.A.B.A.,Total,total,2018-01-01,2018,323.992888,FALSE,1. Resto país
Catamarca,"Azúcar ,cacao y artículos de confitería",subrubro,2018-01-01,2018,NA,FALSE,2. NOA-Resto
Catamarca,Cereales,subrubro,2018-01-01,2018,11.888161,FALSE,2. NOA-Resto
Catamarca,Frutas frescas,subrubro,2018-01-01,2018,1.398434,FALSE,2. NOA-Resto
Catamarca,Grasas y aceites,subrubro,2018-01-01,2018,3.182857,FALSE,2. NOA-Resto
Catamarca,Hortalizas y legumbres sin elaborar,subrubro,2018-01-01,2018,0.864857,FALSE,2. NOA-Resto
Catamarca,"Piedras, metales preciosos y sus manufacturas, monedas",subrubro,2018-01-01,2018,51.171205,FALSE,2. NOA-Resto
Catamarca,Productos químicos y conexos,subrubro,2018-01-01,2018,106.283894,FALSE,2. NOA-Resto
Catamarca,Resto de productos,subrubro,2018-01-01,2018,NA,FALSE,2. NOA-Resto
Catamarca,Semillas y frutos oleaginosos,subrubro,2018-01-01,2018,3.667961,FALSE,2. NOA-Resto
Catamarca,Tabaco sin elaborar,subrubro,2018-01-01,2018,1.386926,FALSE,2. NOA-Resto
Catamarca,Total,total,2018-01-01,2018,469.244821,FALSE,2. NOA-Resto
Chaco,Cereales,subrubro,2018-01-01,2018,132.708844,FALSE,1. Resto país
Chaco,Extractos curtientes y tintóreos,subrubro,2018-01-01,2018,NA,FALSE,1. Resto país
Chaco,Fibras de algodón,subrubro,2018-01-01,2018,54.067352,FALSE,1. Resto país
Chaco,Resto de productos,subrubro,2018-01-01,2018,NA,FALSE,1. Resto país
Chaco,Semillas y frutos oleaginosos,subrubro,2018-01-01,2018,38.506265,FALSE,1. Resto país
Chaco,Total,total,2018-01-01,2018,312.947373,FALSE,1. Resto país
Chubut,Lanas elaboradas,subrubro,2018-01-01,2018,136.483141,FALSE,1. Resto país
Chubut,Lanas sucias,subrubro,2018-01-01,2018,61.529764,FALSE,1. Resto país
Chubut,Metales comunes y sus manufacturas,subrubro,2018-01-01,2018,875.897378,FALSE,1. Resto país
Chubut,Pescados y mariscos elaborados,subrubro,2018-01-01,2018,26.550311,FALSE,1. Resto país
Chubut,Pescados y mariscos sin elaborar,subrubro,2018-01-01,2018,817.646199,FALSE,1. Resto país
Chubut,Petróleo crudo,subrubro,2018-01-01,2018,1194.668903,FALSE,1. Resto país
Chubut,Resto de productos,subrubro,2018-01-01,2018,22.994648,FALSE,1. Resto país
Chubut,Total,total,2018-01-01,2018,3135.770344,FALSE,1. Resto país
Corrientes,"Café, té, yerba mate y especias",subrubro,2018-01-01,2018,18.969075,FALSE,1. Resto país
Corrientes,Cereales,subrubro,2018-01-01,2018,87.138453,FALSE,1. Resto país
Corrientes,Frutas frescas,subrubro,2018-01-01,2018,34.468324,FALSE,1. Resto país
Corrientes,"Preparados de hortalizas, legumbres y frutas",subrubro,2018-01-01,2018,4.357642,FALSE,1. Resto país
Corrientes,Productos químicos y conexos,subrubro,2018-01-01,2018,7.755818,FALSE,1. Resto país
Corrientes,Resto de productos,subrubro,2018-01-01,2018,75.825667,FALSE,1. Resto país
Corrientes,Total,total,2018-01-01,2018,228.51498,FALSE,1. Resto país
Córdoba,"Azúcar ,cacao y artículos de confitería",subrubro,2018-01-01,2018,49.709918,FALSE,1. Resto país
Córdoba,Carnes y sus preparados,subrubro,2018-01-01,2018,82.391081,FALSE,1. Resto país
Córdoba,Cereales,subrubro,2018-01-01,2018,1853.588406,FALSE,1. Resto país
Córdoba,Extractos curtientes y tintóreos,subrubro,2018-01-01,2018,97.785924,FALSE,1. Resto país
Córdoba,Grasas y aceites,subrubro,2018-01-01,2018,678.956646,FALSE,1. Resto país
Córdoba,Hortalizas y legumbres sin elaborar,subrubro,2018-01-01,2018,62.094504,FALSE,1. Resto país
Córdoba,Material de transporte terrestre,subrubro,2018-01-01,2018,1241.864217,FALSE,1. Resto país
Córdoba,Materias plásticas y sus manufacturas,subrubro,2018-01-01,2018,27.855105,FALSE,1. Resto país
Córdoba,"Máquinas y aparatos, material eléctrico",subrubro,2018-01-01,2018,211.427586,FALSE,1. Resto país
Córdoba,"Preparados de hortalizas, legumbres y frutas",subrubro,2018-01-01,2018,443.712145,FALSE,1. Resto país
Córdoba,Productos de molinería y sus preparaciones,subrubro,2018-01-01,2018,48.921289,FALSE,1. Resto país
Córdoba,Productos lácteos,subrubro,2018-01-01,2018,246.844463,FALSE,1. Resto país
Córdoba,Productos químicos y conexos,subrubro,2018-01-01,2018,193.758245,FALSE,1. Resto país
Córdoba,Residuos y desperdicios de la industria alimentaria,subrubro,2018-01-01,2018,1921.074176,FALSE,1. Resto país
Córdoba,Resto de productos,subrubro,2018-01-01,2018,131.293475,FALSE,1. Resto país
Córdoba,Semillas y frutos oleaginosos,subrubro,2018-01-01,2018,563.114154,FALSE,1. Resto país
Córdoba,Total,total,2018-01-01,2018,7854.391333,FALSE,1. Resto país
Entre Ríos,Carnes y sus preparados,subrubro,2018-01-01,2018,307.87517,FALSE,1. Resto país
Entre Ríos,Cereales,subrubro,2018-01-01,2018,517.401605,FALSE,1. Resto país
Entre Ríos,Energía eléctrica,subrubro,2018-01-01,2018,NA,FALSE,1. Resto país
Entre Ríos,Frutas frescas,subrubro,2018-01-01,2018,68.987862,FALSE,1. Resto país
Entre Ríos,Miel,subrubro,2018-01-01,2018,40.237681,FALSE,1. Resto país
Entre Ríos,Productos de molinería y sus preparaciones,subrubro,2018-01-01,2018,42.44249,FALSE,1. Resto país
Entre Ríos,Productos lácteos,subrubro,2018-01-01,2018,51.519468,FALSE,1. Resto país
Entre Ríos,Productos químicos y conexos,subrubro,2018-01-01,2018,74.022679,FALSE,1. Resto país
Entre Ríos,Resto de productos,subrubro,2018-01-01,2018,NA,FALSE,1. Resto país
Entre Ríos,Semillas y frutos oleaginosos,subrubro,2018-01-01,2018,92.443723,FALSE,1. Resto país
Entre Ríos,Total,total,2018-01-01,2018,1355.755785,FALSE,1. Resto país
Formosa,Cereales,subrubro,2018-01-01,2018,15.499594,FALSE,1. Resto país
Formosa,Extractos curtientes y tintóreos,subrubro,2018-01-01,2018,NA,FALSE,1. Resto país
Formosa,Fibras de algodón,subrubro,2018-01-01,2018,2.650195,FALSE,1. Resto país
Formosa,Otros productos de origen animal,subrubro,2018-01-01,2018,NA,FALSE,1. Resto país
Formosa,Productos químicos y conexos,subrubro,2018-01-01,2018,NA,FALSE,1. Resto país
Formosa,Resto de productos,subrubro,2018-01-01,2018,12.694722,FALSE,1. Resto país
Formosa,Total,total,2018-01-01,2018,45.246121,FALSE,1. Resto país
Jujuy,"Azúcar ,cacao y artículos de confitería",subrubro,2018-01-01,2018,NA,FALSE,2. NOA-Resto
Jujuy,Frutas frescas,subrubro,2018-01-01,2018,15.906693,FALSE,2. NOA-Resto
Jujuy,Hortalizas y legumbres sin elaborar,subrubro,2018-01-01,2018,13.048692,FALSE,2. NOA-Resto
Jujuy,"Minerales metalíferos, escorias y cenizas",subrubro,2018-01-01,2018,112.030968,FALSE,2. NOA-Resto
Jujuy,"Papel, cartón, impresos y publicaciones",subrubro,2018-01-01,2018,17.06063,FALSE,2. NOA-Resto
Jujuy,Productos de molinería y sus preparaciones,subrubro,2018-01-01,2018,12.441945,FALSE,2. NOA-Resto
Jujuy,Productos químicos y conexos,subrubro,2018-01-01,2018,165.856532,FALSE,2. NOA-Resto
Jujuy,Resto de productos,subrubro,2018-01-01,2018,81.175023,FALSE,2. NOA-Resto
Jujuy,Tabaco sin elaborar,subrubro,2018-01-01,2018,NA,FALSE,2. NOA-Resto
Jujuy,Total,total,2018-01-01,2018,486.158487,FALSE,2. NOA-Resto
La Pampa,Carnes y sus preparados,subrubro,2018-01-01,2018,56.091256,FALSE,1. Resto país
La Pampa,Cereales,subrubro,2018-01-01,2018,278.502573,FALSE,1. Resto país
La Pampa,Grasas y aceites,subrubro,2018-01-01,2018,9.330447,FALSE,1. Resto país
La Pampa,"Manufacturas de piedra, yeso, vidrio, etc.",subrubro,2018-01-01,2018,NA,FALSE,1. Resto país
La Pampa,Miel,subrubro,2018-01-01,2018,13.354143,FALSE,1. Resto país
La Pampa,Resto de productos,subrubro,2018-01-01,2018,NA,FALSE,1. Resto país
La Pampa,Semillas y frutos oleaginosos,subrubro,2018-01-01,2018,52.208709,FALSE,1. Resto país
La Pampa,Total,total,2018-01-01,2018,417.465262,FALSE,1. Resto país
La Rioja,"Bebidas, líquidos alcohólicos y vinagre",subrubro,2018-01-01,2018,16.016497,FALSE,3. La Rioja
La Rioja,Grasas y aceites,subrubro,2018-01-01,2018,28.536892,FALSE,3. La Rioja
La Rioja,"Papel, cartón, impresos y publicaciones",subrubro,2018-01-01,2018,60.129964,FALSE,3. La Rioja
La Rioja,"Preparados de hortalizas, legumbres y frutas",subrubro,2018-01-01,2018,42.724167,FALSE,3. La Rioja
La Rioja,Resto de productos,subrubro,2018-01-01,2018,76.5516,FALSE,3. La Rioja
La Rioja,Total,total,2018-01-01,2018,223.959119,FALSE,3. La Rioja
Mendoza,"Bebidas, líquidos alcohólicos y vinagre",subrubro,2018-01-01,2018,759.427163,FALSE,1. Resto país
Mendoza,Frutas frescas,subrubro,2018-01-01,2018,37.16519,FALSE,1. Resto país
Mendoza,Frutas secas o procesadas,subrubro,2018-01-01,2018,58.131053,FALSE,1. Resto país
Mendoza,Grasas y aceites,subrubro,2018-01-01,2018,27.074247,FALSE,1. Resto país
Mendoza,Hortalizas y legumbres sin elaborar,subrubro,2018-01-01,2018,118.903062,FALSE,1. Resto país
Mendoza,Materias plásticas y sus manufacturas,subrubro,2018-01-01,2018,120.515178,FALSE,1. Resto país
Mendoza,Metales comunes y sus manufacturas,subrubro,2018-01-01,2018,47.30316,FALSE,1. Resto país
Mendoza,"Máquinas y aparatos, material eléctrico",subrubro,2018-01-01,2018,60.98131,FALSE,1. Resto país
Mendoza,"Preparados de hortalizas, legumbres y frutas",subrubro,2018-01-01,2018,151.743975,FALSE,1. Resto país
Mendoza,Productos químicos y conexos,subrubro,2018-01-01,2018,25.480676,FALSE,1. Resto país
Mendoza,Resto de productos,subrubro,2018-01-01,2018,115.637343,FALSE,1. Resto país
Mendoza,Total,total,2018-01-01,2018,1522.362358,FALSE,1. Resto país
Misiones,"Café, té, yerba mate y especias",subrubro,2018-01-01,2018,170.751954,FALSE,1. Resto país
Misiones,Cereales,subrubro,2018-01-01,2018,11.476796,FALSE,1. Resto país
Misiones,"Papel, cartón, impresos y publicaciones",subrubro,2018-01-01,2018,179.383543,FALSE,1. Resto país
Misiones,Resto de productos,subrubro,2018-01-01,2018,59.539803,FALSE,1. Resto país
Misiones,Tabaco sin elaborar,subrubro,2018-01-01,2018,63.637775,FALSE,1. Resto país
Misiones,Total,total,2018-01-01,2018,484.789872,FALSE,1. Resto país
Neuquén,Frutas frescas,subrubro,2018-01-01,2018,52.26692,FALSE,1. Resto país
Neuquén,Gas de petróleo y otros hidrocarburos gaseosos,subrubro,2018-01-01,2018,8.29562,FALSE,1. Resto país
Neuquén,Petróleo crudo,subrubro,2018-01-01,2018,NA,FALSE,1. Resto país
Neuquén,Productos químicos y conexos,subrubro,2018-01-01,2018,39.489234,FALSE,1. Resto país
Neuquén,Resto de productos,subrubro,2018-01-01,2018,22.993552,FALSE,1. Resto país
Neuquén,Total,total,2018-01-01,2018,123.045328,FALSE,1. Resto país
Río Negro,"Bebidas, líquidos alcohólicos y vinagre",subrubro,2018-01-01,2018,12.709451,FALSE,1. Resto país
Río Negro,Carnes y sus preparados,subrubro,2018-01-01,2018,17.781889,FALSE,1. Resto país
Río Negro,Frutas frescas,subrubro,2018-01-01,2018,329.861416,FALSE,1. Resto país
Río Negro,Gas de petróleo y otros hidrocarburos gaseosos,subrubro,2018-01-01,2018,NA,FALSE,1. Resto país
Río Negro,Petróleo crudo,subrubro,2018-01-01,2018,NA,FALSE,1. Resto país
Río Negro,"Preparados de hortalizas, legumbres y frutas",subrubro,2018-01-01,2018,28.01114,FALSE,1. Resto país
Río Negro,Resto de productos,subrubro,2018-01-01,2018,NA,FALSE,1. Resto país
Río Negro,Total,total,2018-01-01,2018,449.366223,FALSE,1. Resto país
Salta,"Azúcar ,cacao y artículos de confitería",subrubro,2018-01-01,2018,NA,FALSE,2. NOA-Resto
Salta,"Bebidas, líquidos alcohólicos y vinagre",subrubro,2018-01-01,2018,23.64853,FALSE,2. NOA-Resto
Salta,Cereales,subrubro,2018-01-01,2018,146.404404,FALSE,2. NOA-Resto
Salta,Hortalizas y legumbres sin elaborar,subrubro,2018-01-01,2018,238.771267,FALSE,2. NOA-Resto
Salta,"Piedras, metales preciosos y sus manufacturas, monedas",subrubro,2018-01-01,2018,NA,FALSE,2. NOA-Resto
Salta,"Preparados de hortalizas, legumbres y frutas",subrubro,2018-01-01,2018,NA,FALSE,2. NOA-Resto
Salta,Productos químicos y conexos,subrubro,2018-01-01,2018,77.159217,FALSE,2. NOA-Resto
Salta,Resto de productos,subrubro,2018-01-01,2018,120.396259,FALSE,2. NOA-Resto
Salta,Semillas y frutos oleaginosos,subrubro,2018-01-01,2018,48.154903,FALSE,2. NOA-Resto
Salta,Tabaco sin elaborar,subrubro,2018-01-01,2018,158.800577,FALSE,2. NOA-Resto
Salta,Total,total,2018-01-01,2018,854.451045,FALSE,2. NOA-Resto
San Juan,"Bebidas, líquidos alcohólicos y vinagre",subrubro,2018-01-01,2018,27.724818,FALSE,1. Resto país
San Juan,Frutas frescas,subrubro,2018-01-01,2018,12.862377,FALSE,1. Resto país
San Juan,Frutas secas o procesadas,subrubro,2018-01-01,2018,77.782745,FALSE,1. Resto país
San Juan,Grasas y aceites,subrubro,2018-01-01,2018,26.402836,FALSE,1. Resto país
San Juan,Hortalizas y legumbres sin elaborar,subrubro,2018-01-01,2018,23.633198,FALSE,1. Resto país
San Juan,"Máquinas y aparatos, material eléctrico",subrubro,2018-01-01,2018,7.145753,FALSE,1. Resto país
San Juan,"Piedras, metales preciosos y sus manufacturas, monedas",subrubro,2018-01-01,2018,898.302788,FALSE,1. Resto país
San Juan,"Preparados de hortalizas, legumbres y frutas",subrubro,2018-01-01,2018,73.241379,FALSE,1. Resto país
San Juan,Productos químicos y conexos,subrubro,2018-01-01,2018,55.845127,FALSE,1. Resto país
San Juan,Resto de productos,subrubro,2018-01-01,2018,62.113546,FALSE,1. Resto país
San Juan,Semillas y frutos oleaginosos,subrubro,2018-01-01,2018,13.821932,FALSE,1. Resto país
San Juan,Total,total,2018-01-01,2018,1278.876498,FALSE,1. Resto país
San Luis,Carnes y sus preparados,subrubro,2018-01-01,2018,NA,FALSE,1. Resto país
San Luis,Cereales,subrubro,2018-01-01,2018,143.855275,FALSE,1. Resto país
San Luis,Materias plásticas y sus manufacturas,subrubro,2018-01-01,2018,37.271678,FALSE,1. Resto país
San Luis,"Papel, cartón, impresos y publicaciones",subrubro,2018-01-01,2018,53.527533,FALSE,1. Resto país
San Luis,"Preparados de hortalizas, legumbres y frutas",subrubro,2018-01-01,2018,36.741232,FALSE,1. Resto país
San Luis,Productos de molinería y sus preparaciones,subrubro,2018-01-01,2018,23.17205,FALSE,1. Resto país
San Luis,Resto de productos,subrubro,2018-01-01,2018,NA,FALSE,1. Resto país
San Luis,Semillas y frutos oleaginosos,subrubro,2018-01-01,2018,23.495606,FALSE,1. Resto país
San Luis,Total,total,2018-01-01,2018,534.647851,FALSE,1. Resto país
Santa Cruz,Gas de petróleo y otros hidrocarburos gaseosos,subrubro,2018-01-01,2018,NA,FALSE,1. Resto país
Santa Cruz,"Minerales metalíferos, escorias y cenizas",subrubro,2018-01-01,2018,NA,FALSE,1. Resto país
Santa Cruz,Pescados y mariscos sin elaborar,subrubro,2018-01-01,2018,420.363581,FALSE,1. Resto país
Santa Cruz,Petróleo crudo,subrubro,2018-01-01,2018,301.574238,FALSE,1. Resto país
Santa Cruz,"Piedras, metales preciosos y sus manufacturas, monedas",subrubro,2018-01-01,2018,1532.226085,FALSE,1. Resto país
Santa Cruz,Resto de productos,subrubro,2018-01-01,2018,33.144729,FALSE,1. Resto país
Santa Cruz,Total,total,2018-01-01,2018,2414.542695,FALSE,1. Resto país
Santa Fe,Carburantes,subrubro,2018-01-01,2018,68.393381,FALSE,1. Resto país
Santa Fe,Carnes y sus preparados,subrubro,2018-01-01,2018,663.763857,FALSE,1. Resto país
Santa Fe,Caucho y sus manufacturas,subrubro,2018-01-01,2018,23.280631,FALSE,1. Resto país
Santa Fe,Cereales,subrubro,2018-01-01,2018,898.216153,FALSE,1. Resto país
Santa Fe,Extractos curtientes y tintóreos,subrubro,2018-01-01,2018,54.22806,FALSE,1. Resto país
Santa Fe,Grasas y aceites,subrubro,2018-01-01,2018,2332.764946,FALSE,1. Resto país
Santa Fe,Material de transporte terrestre,subrubro,2018-01-01,2018,602.571627,FALSE,1. Resto país
Santa Fe,Metales comunes y sus manufacturas,subrubro,2018-01-01,2018,157.508235,FALSE,1. Resto país
Santa Fe,"Máquinas y aparatos, material eléctrico",subrubro,2018-01-01,2018,352.980186,FALSE,1. Resto país
Santa Fe,Pieles y cueros,subrubro,2018-01-01,2018,209.932031,FALSE,1. Resto país
Santa Fe,Productos de molinería y sus preparaciones,subrubro,2018-01-01,2018,78.887011,FALSE,1. Resto país
Santa Fe,Productos lácteos,subrubro,2018-01-01,2018,418.659745,FALSE,1. Resto país
Santa Fe,Productos químicos y conexos,subrubro,2018-01-01,2018,1061.009486,FALSE,1. Resto país
Santa Fe,Residuos y desperdicios de la industria alimentaria,subrubro,2018-01-01,2018,6264.456939,FALSE,1. Resto país
Santa Fe,Resto de productos,subrubro,2018-01-01,2018,183.730046,FALSE,1. Resto país
Santa Fe,Semillas y frutos oleaginosos,subrubro,2018-01-01,2018,289.244906,FALSE,1. Resto país
Santa Fe,Total,total,2018-01-01,2018,13659.627239,FALSE,1. Resto país
Santiago del Estero,Carnes y sus preparados,subrubro,2018-01-01,2018,27.651144,FALSE,2. NOA-Resto
Santiago del Estero,Cereales,subrubro,2018-01-01,2018,429.509868,FALSE,2. NOA-Resto
Santiago del Estero,Fibras de algodón,subrubro,2018-01-01,2018,81.885958,FALSE,2. NOA-Resto
Santiago del Estero,Hortalizas y legumbres sin elaborar,subrubro,2018-01-01,2018,100.949582,FALSE,2. NOA-Resto
Santiago del Estero,Resto de productos,subrubro,2018-01-01,2018,45.484676,FALSE,2. NOA-Resto
Santiago del Estero,Semillas y frutos oleaginosos,subrubro,2018-01-01,2018,86.573833,FALSE,2. NOA-Resto
Santiago del Estero,Total,total,2018-01-01,2018,772.055061,FALSE,2. NOA-Resto
Tierra del Fuego,Gas de petróleo y otros hidrocarburos gaseosos,subrubro,2018-01-01,2018,56.020302,FALSE,1. Resto país
Tierra del Fuego,Pescados y mariscos elaborados,subrubro,2018-01-01,2018,34.095199,FALSE,1. Resto país
Tierra del Fuego,Pescados y mariscos sin elaborar,subrubro,2018-01-01,2018,66.088393,FALSE,1. Resto país
Tierra del Fuego,Petróleo crudo,subrubro,2018-01-01,2018,NA,FALSE,1. Resto país
Tierra del Fuego,Resto de productos,subrubro,2018-01-01,2018,30.347628,FALSE,1. Resto país
Tierra del Fuego,Total,total,2018-01-01,2018,186.551521,FALSE,1. Resto país
Tucumán,"Azúcar ,cacao y artículos de confitería",subrubro,2018-01-01,2018,41.749618,FALSE,2. NOA-Resto
Tucumán,Cereales,subrubro,2018-01-01,2018,55.931087,FALSE,2. NOA-Resto
Tucumán,Frutas frescas,subrubro,2018-01-01,2018,277.688703,FALSE,2. NOA-Resto
Tucumán,Frutas secas o procesadas,subrubro,2018-01-01,2018,8.248742,FALSE,2. NOA-Resto
Tucumán,Hortalizas y legumbres sin elaborar,subrubro,2018-01-01,2018,10.383048,FALSE,2. NOA-Resto
Tucumán,Material de transporte terrestre,subrubro,2018-01-01,2018,173.414871,FALSE,2. NOA-Resto
Tucumán,"Preparados de hortalizas, legumbres y frutas",subrubro,2018-01-01,2018,194.025722,FALSE,2. NOA-Resto
Tucumán,Productos químicos y conexos,subrubro,2018-01-01,2018,206.819881,FALSE,2. NOA-Resto
Tucumán,Residuos y desperdicios de la industria alimentaria,subrubro,2018-01-01,2018,94.945706,FALSE,2. NOA-Resto
Tucumán,Resto de productos,subrubro,2018-01-01,2018,37.396575,FALSE,2. NOA-Resto
Tucumán,Semillas y frutos oleaginosos,subrubro,2018-01-01,2018,16.251828,FALSE,2. NOA-Resto
Tucumán,Total,total,2018-01-01,2018,1116.855782,FALSE,2. NOA-Resto
Buenos Aires,"Azúcar ,cacao y artículos de confitería",subrubro,2019-01-01,2019,79.67248,FALSE,1. Resto país
Buenos Aires,"Bebidas, líquidos alcohólicos y vinagre",subrubro,2019-01-01,2019,58.654066,FALSE,1. Resto país
Buenos Aires,Carburantes,subrubro,2019-01-01,2019,1848.034386,FALSE,1. Resto país
Buenos Aires,Carnes y sus preparados,subrubro,2019-01-01,2019,1979.178546,FALSE,1. Resto país
Buenos Aires,Caucho y sus manufacturas,subrubro,2019-01-01,2019,238.888698,FALSE,1. Resto país
Buenos Aires,Cereales,subrubro,2019-01-01,2019,3464.24382,FALSE,1. Resto país
Buenos Aires,Gas de petróleo y otros hidrocarburos gaseosos,subrubro,2019-01-01,2019,339.208965,FALSE,1. Resto país
Buenos Aires,Grasas y aceites,subrubro,2019-01-01,2019,972.870843,FALSE,1. Resto país
Buenos Aires,Hortalizas y legumbres sin elaborar,subrubro,2019-01-01,2019,37.629784,FALSE,1. Resto país
Buenos Aires,"Manufacturas de piedra, yeso, vidrio, etc.",subrubro,2019-01-01,2019,93.240292,FALSE,1. Resto país
Buenos Aires,Material de transporte terrestre,subrubro,2019-01-01,2019,4775.166661,FALSE,1. Resto país
Buenos Aires,Materias plásticas y sus manufacturas,subrubro,2019-01-01,2019,566.519739,FALSE,1. Resto país
Buenos Aires,Metales comunes y sus manufacturas,subrubro,2019-01-01,2019,1008.661206,FALSE,1. Resto país
Buenos Aires,Miel,subrubro,2019-01-01,2019,51.139506,FALSE,1. Resto país
Buenos Aires,"Máquinas y aparatos, material eléctrico",subrubro,2019-01-01,2019,487.015426,FALSE,1. Resto país
Buenos Aires,"Papel, cartón, impresos y publicaciones",subrubro,2019-01-01,2019,98.896667,FALSE,1. Resto país
Buenos Aires,Pescados y mariscos elaborados,subrubro,2019-01-01,2019,196.786664,FALSE,1. Resto país
Buenos Aires,Pescados y mariscos sin elaborar,subrubro,2019-01-01,2019,286.652092,FALSE,1. Resto país
Buenos Aires,Pieles y cueros,subrubro,2019-01-01,2019,291.484793,FALSE,1. Resto país
Buenos Aires,"Preparados de hortalizas, legumbres y frutas",subrubro,2019-01-01,2019,197.824046,FALSE,1. Resto país
Buenos Aires,Productos de molinería y sus preparaciones,subrubro,2019-01-01,2019,489.360027,FALSE,1. Resto país
Buenos Aires,Productos lácteos,subrubro,2019-01-01,2019,126.702788,FALSE,1. Resto país
Buenos Aires,Productos químicos y conexos,subrubro,2019-01-01,2019,1866.652581,FALSE,1. Resto país
Buenos Aires,Residuos y desperdicios de la industria alimentaria,subrubro,2019-01-01,2019,1517.600568,FALSE,1. Resto país
Buenos Aires,Resto de productos,subrubro,2019-01-01,2019,630.214819,FALSE,1. Resto país
Buenos Aires,Semillas y frutos oleaginosos,subrubro,2019-01-01,2019,1184.971473,FALSE,1. Resto país
Buenos Aires,Textiles y confecciones,subrubro,2019-01-01,2019,112.72176,FALSE,1. Resto país
Buenos Aires,Total,total,2019-01-01,2019,22999.992696,FALSE,1. Resto país
C.A.B.A.,Carnes y sus preparados,subrubro,2019-01-01,2019,NA,FALSE,1. Resto país
C.A.B.A.,"Máquinas y aparatos, material eléctrico",subrubro,2019-01-01,2019,15.18169,FALSE,1. Resto país
C.A.B.A.,"Papel, cartón, impresos y publicaciones",subrubro,2019-01-01,2019,5.295777,FALSE,1. Resto país
C.A.B.A.,Pieles y cueros,subrubro,2019-01-01,2019,41.292914,FALSE,1. Resto país
C.A.B.A.,Productos de molinería y sus preparaciones,subrubro,2019-01-01,2019,7.046664,FALSE,1. Resto país
C.A.B.A.,Productos químicos y conexos,subrubro,2019-01-01,2019,215.176377,FALSE,1. Resto país
C.A.B.A.,Resto de productos,subrubro,2019-01-01,2019,NA,FALSE,1. Resto país
C.A.B.A.,Total,total,2019-01-01,2019,328.245435,FALSE,1. Resto país
Catamarca,"Azúcar ,cacao y artículos de confitería",subrubro,2019-01-01,2019,NA,FALSE,2. NOA-Resto
Catamarca,Cereales,subrubro,2019-01-01,2019,16.488478,FALSE,2. NOA-Resto
Catamarca,Frutas frescas,subrubro,2019-01-01,2019,1.568373,FALSE,2. NOA-Resto
Catamarca,Grasas y aceites,subrubro,2019-01-01,2019,4.513652,FALSE,2. NOA-Resto
Catamarca,Hortalizas y legumbres sin elaborar,subrubro,2019-01-01,2019,1.16396,FALSE,2. NOA-Resto
Catamarca,"Piedras, metales preciosos y sus manufacturas, monedas",subrubro,2019-01-01,2019,26.621634,FALSE,2. NOA-Resto
Catamarca,Productos químicos y conexos,subrubro,2019-01-01,2019,75.575178,FALSE,2. NOA-Resto
Catamarca,Resto de productos,subrubro,2019-01-01,2019,NA,FALSE,2. NOA-Resto
Catamarca,Semillas y frutos oleaginosos,subrubro,2019-01-01,2019,8.358894,FALSE,2. NOA-Resto
Catamarca,Tabaco sin elaborar,subrubro,2019-01-01,2019,0.803295,FALSE,2. NOA-Resto
Catamarca,Total,total,2019-01-01,2019,143.078994,FALSE,2. NOA-Resto
Chaco,Cereales,subrubro,2019-01-01,2019,256.208553,FALSE,1. Resto país
Chaco,Extractos curtientes y tintóreos,subrubro,2019-01-01,2019,NA,FALSE,1. Resto país
Chaco,Fibras de algodón,subrubro,2019-01-01,2019,40.144269,FALSE,1. Resto país
Chaco,Resto de productos,subrubro,2019-01-01,2019,NA,FALSE,1. Resto país
Chaco,Semillas y frutos oleaginosos,subrubro,2019-01-01,2019,115.656424,FALSE,1. Resto país
Chaco,Total,total,2019-01-01,2019,500.354988,FALSE,1. Resto país
Chubut,Lanas elaboradas,subrubro,2019-01-01,2019,114.155246,FALSE,1. Resto país
Chubut,Lanas sucias,subrubro,2019-01-01,2019,45.808197,FALSE,1. Resto país
Chubut,Metales comunes y sus manufacturas,subrubro,2019-01-01,2019,752.634933,FALSE,1. Resto país
Chubut,Pescados y mariscos elaborados,subrubro,2019-01-01,2019,28.330547,FALSE,1. Resto país
Chubut,Pescados y mariscos sin elaborar,subrubro,2019-01-01,2019,707.451845,FALSE,1. Resto país
Chubut,Petróleo crudo,subrubro,2019-01-01,2019,1173.491906,FALSE,1. Resto país
Chubut,Resto de productos,subrubro,2019-01-01,2019,31.773326,FALSE,1. Resto país
Chubut,Total,total,2019-01-01,2019,2853.646001,FALSE,1. Resto país
Corrientes,"Café, té, yerba mate y especias",subrubro,2019-01-01,2019,16.63584,FALSE,1. Resto país
Corrientes,Cereales,subrubro,2019-01-01,2019,87.914717,FALSE,1. Resto país
Corrientes,Frutas frescas,subrubro,2019-01-01,2019,30.138202,FALSE,1. Resto país
Corrientes,"Preparados de hortalizas, legumbres y frutas",subrubro,2019-01-01,2019,3.743995,FALSE,1. Resto país
Corrientes,Productos químicos y conexos,subrubro,2019-01-01,2019,NA,FALSE,1. Resto país
Corrientes,Resto de productos,subrubro,2019-01-01,2019,NA,FALSE,1. Resto país
Corrientes,Total,total,2019-01-01,2019,217.405396,FALSE,1. Resto país
Córdoba,"Azúcar ,cacao y artículos de confitería",subrubro,2019-01-01,2019,46.842036,FALSE,1. Resto país
Córdoba,Carnes y sus preparados,subrubro,2019-01-01,2019,115.132749,FALSE,1. Resto país
Córdoba,Cereales,subrubro,2019-01-01,2019,2397.140551,FALSE,1. Resto país
Córdoba,Extractos curtientes y tintóreos,subrubro,2019-01-01,2019,98.598818,FALSE,1. Resto país
Córdoba,Grasas y aceites,subrubro,2019-01-01,2019,882.2383,FALSE,1. Resto país
Córdoba,Hortalizas y legumbres sin elaborar,subrubro,2019-01-01,2019,27.693959,FALSE,1. Resto país
Córdoba,Material de transporte terrestre,subrubro,2019-01-01,2019,1044.358419,FALSE,1. Resto país
Córdoba,Materias plásticas y sus manufacturas,subrubro,2019-01-01,2019,34.995035,FALSE,1. Resto país
Córdoba,"Máquinas y aparatos, material eléctrico",subrubro,2019-01-01,2019,211.611392,FALSE,1. Resto país
Córdoba,"Preparados de hortalizas, legumbres y frutas",subrubro,2019-01-01,2019,247.477221,FALSE,1. Resto país
Córdoba,Productos de molinería y sus preparaciones,subrubro,2019-01-01,2019,58.766626,FALSE,1. Resto país
Córdoba,Productos lácteos,subrubro,2019-01-01,2019,237.892891,FALSE,1. Resto país
Córdoba,Productos químicos y conexos,subrubro,2019-01-01,2019,160.918193,FALSE,1. Resto país
Córdoba,Residuos y desperdicios de la industria alimentaria,subrubro,2019-01-01,2019,1941.149263,FALSE,1. Resto país
Córdoba,Resto de productos,subrubro,2019-01-01,2019,155.20052,FALSE,1. Resto país
Córdoba,Semillas y frutos oleaginosos,subrubro,2019-01-01,2019,1380.774066,FALSE,1. Resto país
Córdoba,Total,total,2019-01-01,2019,9040.790041,FALSE,1. Resto país
Entre Ríos,Carnes y sus preparados,subrubro,2019-01-01,2019,454.104936,FALSE,1. Resto país
Entre Ríos,Cereales,subrubro,2019-01-01,2019,468.785347,FALSE,1. Resto país
Entre Ríos,Energía eléctrica,subrubro,2019-01-01,2019,NA,FALSE,1. Resto país
Entre Ríos,Frutas frescas,subrubro,2019-01-01,2019,56.21808,FALSE,1. Resto país
Entre Ríos,Miel,subrubro,2019-01-01,2019,33.682245,FALSE,1. Resto país
Entre Ríos,Productos de molinería y sus preparaciones,subrubro,2019-01-01,2019,44.367066,FALSE,1. Resto país
Entre Ríos,Productos lácteos,subrubro,2019-01-01,2019,39.79019,FALSE,1. Resto país
Entre Ríos,Productos químicos y conexos,subrubro,2019-01-01,2019,69.141324,FALSE,1. Resto país
Entre Ríos,Resto de productos,subrubro,2019-01-01,2019,NA,FALSE,1. Resto país
Entre Ríos,Semillas y frutos oleaginosos,subrubro,2019-01-01,2019,131.655952,FALSE,1. Resto país
Entre Ríos,Total,total,2019-01-01,2019,1463.14403,FALSE,1. Resto país
Formosa,Cereales,subrubro,2019-01-01,2019,50.702148,FALSE,1. Resto país
Formosa,Extractos curtientes y tintóreos,subrubro,2019-01-01,2019,NA,FALSE,1. Resto país
Formosa,Fibras de algodón,subrubro,2019-01-01,2019,1.967733,FALSE,1. Resto país
Formosa,Otros productos de origen animal,subrubro,2019-01-01,2019,NA,FALSE,1. Resto país
Formosa,Productos químicos y conexos,subrubro,2019-01-01,2019,NA,FALSE,1. Resto país
Formosa,Resto de productos,subrubro,2019-01-01,2019,15.37793,FALSE,1. Resto país
Formosa,Total,total,2019-01-01,2019,80.163952,FALSE,1. Resto país
Jujuy,"Azúcar ,cacao y artículos de confitería",subrubro,2019-01-01,2019,NA,FALSE,2. NOA-Resto
Jujuy,Frutas frescas,subrubro,2019-01-01,2019,13.387507,FALSE,2. NOA-Resto
Jujuy,Hortalizas y legumbres sin elaborar,subrubro,2019-01-01,2019,16.774972000000002,FALSE,2. NOA-Resto
Jujuy,"Minerales metalíferos, escorias y cenizas",subrubro,2019-01-01,2019,199.975941,FALSE,2. NOA-Resto
Jujuy,"Papel, cartón, impresos y publicaciones",subrubro,2019-01-01,2019,17.894779,FALSE,2. NOA-Resto
Jujuy,Productos de molinería y sus preparaciones,subrubro,2019-01-01,2019,14.729873,FALSE,2. NOA-Resto
Jujuy,Productos químicos y conexos,subrubro,2019-01-01,2019,104.840871,FALSE,2. NOA-Resto
Jujuy,Resto de productos,subrubro,2019-01-01,2019,NA,FALSE,2. NOA-Resto
Jujuy,Tabaco sin elaborar,subrubro,2019-01-01,2019,46.18146,FALSE,2. NOA-Resto
Jujuy,Total,total,2019-01-01,2019,488.670705,FALSE,2. NOA-Resto
La Pampa,Carnes y sus preparados,subrubro,2019-01-01,2019,106.675241,FALSE,1. Resto país
La Pampa,Cereales,subrubro,2019-01-01,2019,293.00315,FALSE,1. Resto país
La Pampa,Grasas y aceites,subrubro,2019-01-01,2019,8.502558,FALSE,1. Resto país
La Pampa,"Manufacturas de piedra, yeso, vidrio, etc.",subrubro,2019-01-01,2019,NA,FALSE,1. Resto país
La Pampa,Miel,subrubro,2019-01-01,2019,11.178515,FALSE,1. Resto país
La Pampa,Resto de productos,subrubro,2019-01-01,2019,NA,FALSE,1. Resto país
La Pampa,Semillas y frutos oleaginosos,subrubro,2019-01-01,2019,128.230577,FALSE,1. Resto país
La Pampa,Total,total,2019-01-01,2019,555.942204,FALSE,1. Resto país
La Rioja,"Bebidas, líquidos alcohólicos y vinagre",subrubro,2019-01-01,2019,14.364105,FALSE,3. La Rioja
La Rioja,Grasas y aceites,subrubro,2019-01-01,2019,36.901169,FALSE,3. La Rioja
La Rioja,"Papel, cartón, impresos y publicaciones",subrubro,2019-01-01,2019,72.92688,FALSE,3. La Rioja
La Rioja,"Preparados de hortalizas, legumbres y frutas",subrubro,2019-01-01,2019,44.003713,FALSE,3. La Rioja
La Rioja,Resto de productos,subrubro,2019-01-01,2019,76.24052,FALSE,3. La Rioja
La Rioja,Total,total,2019-01-01,2019,244.436386,FALSE,3. La Rioja
Mendoza,"Bebidas, líquidos alcohólicos y vinagre",subrubro,2019-01-01,2019,735.487736,FALSE,1. Resto país
Mendoza,Frutas frescas,subrubro,2019-01-01,2019,35.376057,FALSE,1. Resto país
Mendoza,Frutas secas o procesadas,subrubro,2019-01-01,2019,45.201044,FALSE,1. Resto país
Mendoza,Grasas y aceites,subrubro,2019-01-01,2019,18.166995,FALSE,1. Resto país
Mendoza,Hortalizas y legumbres sin elaborar,subrubro,2019-01-01,2019,118.257029,FALSE,1. Resto país
Mendoza,Materias plásticas y sus manufacturas,subrubro,2019-01-01,2019,123.744011,FALSE,1. Resto país
Mendoza,Metales comunes y sus manufacturas,subrubro,2019-01-01,2019,39.217682,FALSE,1. Resto país
Mendoza,"Máquinas y aparatos, material eléctrico",subrubro,2019-01-01,2019,37.640528,FALSE,1. Resto país
Mendoza,"Preparados de hortalizas, legumbres y frutas",subrubro,2019-01-01,2019,180.491196,FALSE,1. Resto país
Mendoza,Productos químicos y conexos,subrubro,2019-01-01,2019,16.630258,FALSE,1. Resto país
Mendoza,Resto de productos,subrubro,2019-01-01,2019,104.231975,FALSE,1. Resto país
Mendoza,Total,total,2019-01-01,2019,1454.444511,FALSE,1. Resto país
Misiones,"Café, té, yerba mate y especias",subrubro,2019-01-01,2019,153.475723,FALSE,1. Resto país
Misiones,Cereales,subrubro,2019-01-01,2019,11.931117,FALSE,1. Resto país
Misiones,"Papel, cartón, impresos y publicaciones",subrubro,2019-01-01,2019,142.766007,FALSE,1. Resto país
Misiones,Resto de productos,subrubro,2019-01-01,2019,74.59899,FALSE,1. Resto país
Misiones,Tabaco sin elaborar,subrubro,2019-01-01,2019,47.285211,FALSE,1. Resto país
Misiones,Total,total,2019-01-01,2019,430.057048,FALSE,1. Resto país
Neuquén,Frutas frescas,subrubro,2019-01-01,2019,45.878545,FALSE,1. Resto país
Neuquén,Gas de petróleo y otros hidrocarburos gaseosos,subrubro,2019-01-01,2019,260.997727,FALSE,1. Resto país
Neuquén,Petróleo crudo,subrubro,2019-01-01,2019,NA,FALSE,1. Resto país
Neuquén,Productos químicos y conexos,subrubro,2019-01-01,2019,29.204431,FALSE,1. Resto país
Neuquén,Resto de productos,subrubro,2019-01-01,2019,23.719102,FALSE,1. Resto país
Neuquén,Total,total,2019-01-01,2019,359.799805,FALSE,1. Resto país
Río Negro,"Bebidas, líquidos alcohólicos y vinagre",subrubro,2019-01-01,2019,9.265951,FALSE,1. Resto país
Río Negro,Carnes y sus preparados,subrubro,2019-01-01,2019,23.883527,FALSE,1. Resto país
Río Negro,Frutas frescas,subrubro,2019-01-01,2019,279.907151,FALSE,1. Resto país
Río Negro,Gas de petróleo y otros hidrocarburos gaseosos,subrubro,2019-01-01,2019,NA,FALSE,1. Resto país
Río Negro,Petróleo crudo,subrubro,2019-01-01,2019,NA,FALSE,1. Resto país
Río Negro,"Preparados de hortalizas, legumbres y frutas",subrubro,2019-01-01,2019,38.159607,FALSE,1. Resto país
Río Negro,Resto de productos,subrubro,2019-01-01,2019,NA,FALSE,1. Resto país
Río Negro,Total,total,2019-01-01,2019,409.130018,FALSE,1. Resto país
Salta,"Azúcar ,cacao y artículos de confitería",subrubro,2019-01-01,2019,NA,FALSE,2. NOA-Resto
Salta,"Bebidas, líquidos alcohólicos y vinagre",subrubro,2019-01-01,2019,25.858129,FALSE,2. NOA-Resto
Salta,Cereales,subrubro,2019-01-01,2019,223.424322,FALSE,2. NOA-Resto
Salta,Hortalizas y legumbres sin elaborar,subrubro,2019-01-01,2019,280.288698,FALSE,2. NOA-Resto
Salta,"Piedras, metales preciosos y sus manufacturas, monedas",subrubro,2019-01-01,2019,0.083529,FALSE,2. NOA-Resto
Salta,"Preparados de hortalizas, legumbres y frutas",subrubro,2019-01-01,2019,16.900971,FALSE,2. NOA-Resto
Salta,Productos químicos y conexos,subrubro,2019-01-01,2019,74.282819,FALSE,2. NOA-Resto
Salta,Resto de productos,subrubro,2019-01-01,2019,NA,FALSE,2. NOA-Resto
Salta,Semillas y frutos oleaginosos,subrubro,2019-01-01,2019,109.079011,FALSE,2. NOA-Resto
Salta,Tabaco sin elaborar,subrubro,2019-01-01,2019,139.098742,FALSE,2. NOA-Resto
Salta,Total,total,2019-01-01,2019,993.151457,FALSE,2. NOA-Resto
San Juan,"Bebidas, líquidos alcohólicos y vinagre",subrubro,2019-01-01,2019,27.671791,FALSE,1. Resto país
San Juan,Frutas frescas,subrubro,2019-01-01,2019,14.596797,FALSE,1. Resto país
San Juan,Frutas secas o procesadas,subrubro,2019-01-01,2019,66.643204,FALSE,1. Resto país
San Juan,Grasas y aceites,subrubro,2019-01-01,2019,15.667348,FALSE,1. Resto país
San Juan,Hortalizas y legumbres sin elaborar,subrubro,2019-01-01,2019,26.827939,FALSE,1. Resto país
San Juan,"Máquinas y aparatos, material eléctrico",subrubro,2019-01-01,2019,6.768986,FALSE,1. Resto país
San Juan,"Piedras, metales preciosos y sus manufacturas, monedas",subrubro,2019-01-01,2019,911.304001,FALSE,1. Resto país
San Juan,"Preparados de hortalizas, legumbres y frutas",subrubro,2019-01-01,2019,64.862272,FALSE,1. Resto país
San Juan,Productos químicos y conexos,subrubro,2019-01-01,2019,44.194535,FALSE,1. Resto país
San Juan,Resto de productos,subrubro,2019-01-01,2019,59.879644,FALSE,1. Resto país
San Juan,Semillas y frutos oleaginosos,subrubro,2019-01-01,2019,7.569184,FALSE,1. Resto país
San Juan,Total,total,2019-01-01,2019,1245.985702,FALSE,1. Resto país
San Luis,Carnes y sus preparados,subrubro,2019-01-01,2019,NA,FALSE,1. Resto país
San Luis,Cereales,subrubro,2019-01-01,2019,199.989247,FALSE,1. Resto país
San Luis,Materias plásticas y sus manufacturas,subrubro,2019-01-01,2019,35.711551,FALSE,1. Resto país
San Luis,"Papel, cartón, impresos y publicaciones",subrubro,2019-01-01,2019,48.783567,FALSE,1. Resto país
San Luis,"Preparados de hortalizas, legumbres y frutas",subrubro,2019-01-01,2019,36.069912,FALSE,1. Resto país
San Luis,Productos de molinería y sus preparaciones,subrubro,2019-01-01,2019,24.249262,FALSE,1. Resto país
San Luis,Resto de productos,subrubro,2019-01-01,2019,NA,FALSE,1. Resto país
San Luis,Semillas y frutos oleaginosos,subrubro,2019-01-01,2019,99.014534,FALSE,1. Resto país
San Luis,Total,total,2019-01-01,2019,730.287712,FALSE,1. Resto país
Santa Cruz,Gas de petróleo y otros hidrocarburos gaseosos,subrubro,2019-01-01,2019,22.880298,FALSE,1. Resto país
Santa Cruz,"Minerales metalíferos, escorias y cenizas",subrubro,2019-01-01,2019,170.63018,FALSE,1. Resto país
Santa Cruz,Pescados y mariscos sin elaborar,subrubro,2019-01-01,2019,310.148704,FALSE,1. Resto país
Santa Cruz,Petróleo crudo,subrubro,2019-01-01,2019,296.228459,FALSE,1. Resto país
Santa Cruz,"Piedras, metales preciosos y sus manufacturas, monedas",subrubro,2019-01-01,2019,1611.441594,FALSE,1. Resto país
Santa Cruz,Resto de productos,subrubro,2019-01-01,2019,47.201633,FALSE,1. Resto país
Santa Cruz,Total,total,2019-01-01,2019,2458.530866,FALSE,1. Resto país
Santa Fe,Carburantes,subrubro,2019-01-01,2019,65.875293,FALSE,1. Resto país
Santa Fe,Carnes y sus preparados,subrubro,2019-01-01,2019,986.898031,FALSE,1. Resto país
Santa Fe,Caucho y sus manufacturas,subrubro,2019-01-01,2019,21.171611,FALSE,1. Resto país
Santa Fe,Cereales,subrubro,2019-01-01,2019,1187.58754,FALSE,1. Resto país
Santa Fe,Extractos curtientes y tintóreos,subrubro,2019-01-01,2019,49.086369,FALSE,1. Resto país
Santa Fe,Grasas y aceites,subrubro,2019-01-01,2019,2712.597267,FALSE,1. Resto país
Santa Fe,Material de transporte terrestre,subrubro,2019-01-01,2019,441.709907,FALSE,1. Resto país
Santa Fe,Metales comunes y sus manufacturas,subrubro,2019-01-01,2019,162.3481,FALSE,1. Resto país
Santa Fe,"Máquinas y aparatos, material eléctrico",subrubro,2019-01-01,2019,341.50797,FALSE,1. Resto país
Santa Fe,Pieles y cueros,subrubro,2019-01-01,2019,175.444536,FALSE,1. Resto país
Santa Fe,Productos de molinería y sus preparaciones,subrubro,2019-01-01,2019,85.987716,FALSE,1. Resto país
Santa Fe,Productos lácteos,subrubro,2019-01-01,2019,363.461178,FALSE,1. Resto país
Santa Fe,Productos químicos y conexos,subrubro,2019-01-01,2019,874.613668,FALSE,1. Resto país
Santa Fe,Residuos y desperdicios de la industria alimentaria,subrubro,2019-01-01,2019,5969.100173,FALSE,1. Resto país
Santa Fe,Resto de productos,subrubro,2019-01-01,2019,193.475045,FALSE,1. Resto país
Santa Fe,Semillas y frutos oleaginosos,subrubro,2019-01-01,2019,645.706489,FALSE,1. Resto país
Santa Fe,Total,total,2019-01-01,2019,14276.570893,FALSE,1. Resto país
Santiago del Estero,Carnes y sus preparados,subrubro,2019-01-01,2019,55.553178,FALSE,2. NOA-Resto
Santiago del Estero,Cereales,subrubro,2019-01-01,2019,659.719192,FALSE,2. NOA-Resto
Santiago del Estero,Fibras de algodón,subrubro,2019-01-01,2019,60.799203,FALSE,2. NOA-Resto
Santiago del Estero,Hortalizas y legumbres sin elaborar,subrubro,2019-01-01,2019,104.474928,FALSE,2. NOA-Resto
Santiago del Estero,Resto de productos,subrubro,2019-01-01,2019,14.052687,FALSE,2. NOA-Resto
Santiago del Estero,Semillas y frutos oleaginosos,subrubro,2019-01-01,2019,218.065167,FALSE,2. NOA-Resto
Santiago del Estero,Total,total,2019-01-01,2019,1112.664356,FALSE,2. NOA-Resto
Tierra del Fuego,Gas de petróleo y otros hidrocarburos gaseosos,subrubro,2019-01-01,2019,114.186874,FALSE,1. Resto país
Tierra del Fuego,Pescados y mariscos elaborados,subrubro,2019-01-01,2019,32.732321,FALSE,1. Resto país
Tierra del Fuego,Pescados y mariscos sin elaborar,subrubro,2019-01-01,2019,63.135718,FALSE,1. Resto país
Tierra del Fuego,Petróleo crudo,subrubro,2019-01-01,2019,NA,FALSE,1. Resto país
Tierra del Fuego,Resto de productos,subrubro,2019-01-01,2019,42.842212,FALSE,1. Resto país
Tierra del Fuego,Total,total,2019-01-01,2019,252.897125,FALSE,1. Resto país
Tucumán,"Azúcar ,cacao y artículos de confitería",subrubro,2019-01-01,2019,61.560454,FALSE,2. NOA-Resto
Tucumán,Cereales,subrubro,2019-01-01,2019,87.422775,FALSE,2. NOA-Resto
Tucumán,Frutas frescas,subrubro,2019-01-01,2019,186.806597,FALSE,2. NOA-Resto
Tucumán,Frutas secas o procesadas,subrubro,2019-01-01,2019,12.407772,FALSE,2. NOA-Resto
Tucumán,Hortalizas y legumbres sin elaborar,subrubro,2019-01-01,2019,13.872808,FALSE,2. NOA-Resto
Tucumán,Material de transporte terrestre,subrubro,2019-01-01,2019,NA,FALSE,2. NOA-Resto
Tucumán,"Preparados de hortalizas, legumbres y frutas",subrubro,2019-01-01,2019,150.696701,FALSE,2. NOA-Resto
Tucumán,Productos químicos y conexos,subrubro,2019-01-01,2019,171.118985,FALSE,2. NOA-Resto
Tucumán,Residuos y desperdicios de la industria alimentaria,subrubro,2019-01-01,2019,43.684098,FALSE,2. NOA-Resto
Tucumán,Resto de productos,subrubro,2019-01-01,2019,NA,FALSE,2. NOA-Resto
Tucumán,Semillas y frutos oleaginosos,subrubro,2019-01-01,2019,45.600784,FALSE,2. NOA-Resto
Tucumán,Total,total,2019-01-01,2019,951.895895,FALSE,2. NOA-Resto
Buenos Aires,"Azúcar ,cacao y artículos de confitería",subrubro,2020-01-01,2020,65.4698,FALSE,1. Resto país
Buenos Aires,"Bebidas, líquidos alcohólicos y vinagre",subrubro,2020-01-01,2020,48.367869,FALSE,1. Resto país
Buenos Aires,Carburantes,subrubro,2020-01-01,2020,1333.941938,FALSE,1. Resto país
Buenos Aires,Carnes y sus preparados,subrubro,2020-01-01,2020,1765.786055,FALSE,1. Resto país
Buenos Aires,Caucho y sus manufacturas,subrubro,2020-01-01,2020,103.403364,FALSE,1. Resto país
Buenos Aires,Cereales,subrubro,2020-01-01,2020,2972.559255,FALSE,1. Resto país
Buenos Aires,Gas de petróleo y otros hidrocarburos gaseosos,subrubro,2020-01-01,2020,221.330363,FALSE,1. Resto país
Buenos Aires,Grasas y aceites,subrubro,2020-01-01,2020,1545.561819,FALSE,1. Resto país
Buenos Aires,Hortalizas y legumbres sin elaborar,subrubro,2020-01-01,2020,45.670527,FALSE,1. Resto país
Buenos Aires,"Manufacturas de piedra, yeso, vidrio, etc.",subrubro,2020-01-01,2020,59.452367,FALSE,1. Resto país
Buenos Aires,Material de transporte terrestre,subrubro,2020-01-01,2020,2923.83167,FALSE,1. Resto país
Buenos Aires,Materias plásticas y sus manufacturas,subrubro,2020-01-01,2020,531.655693,FALSE,1. Resto país
Buenos Aires,Metales comunes y sus manufacturas,subrubro,2020-01-01,2020,603.089002,FALSE,1. Resto país
Buenos Aires,Miel,subrubro,2020-01-01,2020,81.849313,FALSE,1. Resto país
Buenos Aires,"Máquinas y aparatos, material eléctrico",subrubro,2020-01-01,2020,403.357697,FALSE,1. Resto país
Buenos Aires,"Papel, cartón, impresos y publicaciones",subrubro,2020-01-01,2020,81.856001,FALSE,1. Resto país
Buenos Aires,Pescados y mariscos elaborados,subrubro,2020-01-01,2020,145.196703,FALSE,1. Resto país
Buenos Aires,Pescados y mariscos sin elaborar,subrubro,2020-01-01,2020,220.942383,FALSE,1. Resto país
Buenos Aires,Pieles y cueros,subrubro,2020-01-01,2020,179.271848,FALSE,1. Resto país
Buenos Aires,"Preparados de hortalizas, legumbres y frutas",subrubro,2020-01-01,2020,149.594954,FALSE,1. Resto país
Buenos Aires,Productos de molinería y sus preparaciones,subrubro,2020-01-01,2020,277.867864,FALSE,1. Resto país
Buenos Aires,Productos lácteos,subrubro,2020-01-01,2020,190.023156,FALSE,1. Resto país
Buenos Aires,Productos químicos y conexos,subrubro,2020-01-01,2020,1616.138092,FALSE,1. Resto país
Buenos Aires,Residuos y desperdicios de la industria alimentaria,subrubro,2020-01-01,2020,2391.983459,FALSE,1. Resto país
Buenos Aires,Resto de productos,subrubro,2020-01-01,2020,500.097695,FALSE,1. Resto país
Buenos Aires,Semillas y frutos oleaginosos,subrubro,2020-01-01,2020,880.355652,FALSE,1. Resto país
Buenos Aires,Textiles y confecciones,subrubro,2020-01-01,2020,78.187841,FALSE,1. Resto país
Buenos Aires,Total,total,2020-01-01,2020,19416.842381,FALSE,1. Resto país
C.A.B.A.,Carnes y sus preparados,subrubro,2020-01-01,2020,NA,FALSE,1. Resto país
C.A.B.A.,"Máquinas y aparatos, material eléctrico",subrubro,2020-01-01,2020,13.30192,FALSE,1. Resto país
C.A.B.A.,"Papel, cartón, impresos y publicaciones",subrubro,2020-01-01,2020,4.594796,FALSE,1. Resto país
C.A.B.A.,Pieles y cueros,subrubro,2020-01-01,2020,18.664065,FALSE,1. Resto país
C.A.B.A.,Productos de molinería y sus preparaciones,subrubro,2020-01-01,2020,6.799792,FALSE,1. Resto país
C.A.B.A.,Productos químicos y conexos,subrubro,2020-01-01,2020,203.656234,FALSE,1. Resto país
C.A.B.A.,Resto de productos,subrubro,2020-01-01,2020,NA,FALSE,1. Resto país
C.A.B.A.,Total,total,2020-01-01,2020,280.854323,FALSE,1. Resto país
Catamarca,"Azúcar ,cacao y artículos de confitería",subrubro,2020-01-01,2020,NA,FALSE,2. NOA-Resto
Catamarca,Cereales,subrubro,2020-01-01,2020,13.488153,FALSE,2. NOA-Resto
Catamarca,Frutas frescas,subrubro,2020-01-01,2020,1.335915,FALSE,2. NOA-Resto
Catamarca,Grasas y aceites,subrubro,2020-01-01,2020,3.735708,FALSE,2. NOA-Resto
Catamarca,Hortalizas y legumbres sin elaborar,subrubro,2020-01-01,2020,1.915463,FALSE,2. NOA-Resto
Catamarca,"Piedras, metales preciosos y sus manufacturas, monedas",subrubro,2020-01-01,2020,29.887449,FALSE,2. NOA-Resto
Catamarca,Productos químicos y conexos,subrubro,2020-01-01,2020,73.880477,FALSE,2. NOA-Resto
Catamarca,Resto de productos,subrubro,2020-01-01,2020,NA,FALSE,2. NOA-Resto
Catamarca,Semillas y frutos oleaginosos,subrubro,2020-01-01,2020,5.862298,FALSE,2. NOA-Resto
Catamarca,Tabaco sin elaborar,subrubro,2020-01-01,2020,1.345456,FALSE,2. NOA-Resto
Catamarca,Total,total,2020-01-01,2020,137.01474,FALSE,2. NOA-Resto
Chaco,Cereales,subrubro,2020-01-01,2020,183.107209,FALSE,1. Resto país
Chaco,Extractos curtientes y tintóreos,subrubro,2020-01-01,2020,43.258545,FALSE,1. Resto país
Chaco,Fibras de algodón,subrubro,2020-01-01,2020,37.476034,FALSE,1. Resto país
Chaco,Resto de productos,subrubro,2020-01-01,2020,28.168082,FALSE,1. Resto país
Chaco,Semillas y frutos oleaginosos,subrubro,2020-01-01,2020,83.950617,FALSE,1. Resto país
Chaco,Total,total,2020-01-01,2020,375.960486,FALSE,1. Resto país
Chubut,Lanas elaboradas,subrubro,2020-01-01,2020,54.100986,FALSE,1. Resto país
Chubut,Lanas sucias,subrubro,2020-01-01,2020,18.811671,FALSE,1. Resto país
Chubut,Metales comunes y sus manufacturas,subrubro,2020-01-01,2020,489.06624,FALSE,1. Resto país
Chubut,Pescados y mariscos elaborados,subrubro,2020-01-01,2020,14.847143,FALSE,1. Resto país
Chubut,Pescados y mariscos sin elaborar,subrubro,2020-01-01,2020,574.408904,FALSE,1. Resto país
Chubut,Petróleo crudo,subrubro,2020-01-01,2020,660.081491,FALSE,1. Resto país
Chubut,Resto de productos,subrubro,2020-01-01,2020,23.610698,FALSE,1. Resto país
Chubut,Total,total,2020-01-01,2020,1834.927133,FALSE,1. Resto país
Corrientes,"Café, té, yerba mate y especias",subrubro,2020-01-01,2020,16.783831,FALSE,1. Resto país
Corrientes,Cereales,subrubro,2020-01-01,2020,90.963397,FALSE,1. Resto país
Corrientes,Frutas frescas,subrubro,2020-01-01,2020,27.963166,FALSE,1. Resto país
Corrientes,"Preparados de hortalizas, legumbres y frutas",subrubro,2020-01-01,2020,2.645143,FALSE,1. Resto país
Corrientes,Productos químicos y conexos,subrubro,2020-01-01,2020,17.636067,FALSE,1. Resto país
Corrientes,Resto de productos,subrubro,2020-01-01,2020,55.885976,FALSE,1. Resto país
Corrientes,Total,total,2020-01-01,2020,211.87758,FALSE,1. Resto país
Córdoba,"Azúcar ,cacao y artículos de confitería",subrubro,2020-01-01,2020,41.986094,FALSE,1. Resto país
Córdoba,Carnes y sus preparados,subrubro,2020-01-01,2020,90.308789,FALSE,1. Resto país
Córdoba,Cereales,subrubro,2020-01-01,2020,2457.408028,FALSE,1. Resto país
Córdoba,Extractos curtientes y tintóreos,subrubro,2020-01-01,2020,82.340331,FALSE,1. Resto país
Córdoba,Grasas y aceites,subrubro,2020-01-01,2020,843.117539,FALSE,1. Resto país
Córdoba,Hortalizas y legumbres sin elaborar,subrubro,2020-01-01,2020,39.441627,FALSE,1. Resto país
Córdoba,Material de transporte terrestre,subrubro,2020-01-01,2020,707.448875,FALSE,1. Resto país
Córdoba,Materias plásticas y sus manufacturas,subrubro,2020-01-01,2020,28.824809,FALSE,1. Resto país
Córdoba,"Máquinas y aparatos, material eléctrico",subrubro,2020-01-01,2020,159.018561,FALSE,1. Resto país
Córdoba,"Preparados de hortalizas, legumbres y frutas",subrubro,2020-01-01,2020,55.744467,FALSE,1. Resto país
Córdoba,Productos de molinería y sus preparaciones,subrubro,2020-01-01,2020,106.335548,FALSE,1. Resto país
Córdoba,Productos lácteos,subrubro,2020-01-01,2020,300.715807,FALSE,1. Resto país
Córdoba,Productos químicos y conexos,subrubro,2020-01-01,2020,114.265728,FALSE,1. Resto país
Córdoba,Residuos y desperdicios de la industria alimentaria,subrubro,2020-01-01,2020,1558.809251,FALSE,1. Resto país
Córdoba,Resto de productos,subrubro,2020-01-01,2020,177.739141,FALSE,1. Resto país
Córdoba,Semillas y frutos oleaginosos,subrubro,2020-01-01,2020,1413.502134,FALSE,1. Resto país
Córdoba,Total,total,2020-01-01,2020,8177.006731,FALSE,1. Resto país
Entre Ríos,Carnes y sus preparados,subrubro,2020-01-01,2020,379.287743,FALSE,1. Resto país
Entre Ríos,Cereales,subrubro,2020-01-01,2020,516.095696,FALSE,1. Resto país
Entre Ríos,Energía eléctrica,subrubro,2020-01-01,2020,NA,FALSE,1. Resto país
Entre Ríos,Frutas frescas,subrubro,2020-01-01,2020,42.548449,FALSE,1. Resto país
Entre Ríos,Miel,subrubro,2020-01-01,2020,14.067318,FALSE,1. Resto país
Entre Ríos,Productos de molinería y sus preparaciones,subrubro,2020-01-01,2020,36.378837,FALSE,1. Resto país
Entre Ríos,Productos lácteos,subrubro,2020-01-01,2020,58.403565,FALSE,1. Resto país
Entre Ríos,Productos químicos y conexos,subrubro,2020-01-01,2020,67.223085,FALSE,1. Resto país
Entre Ríos,Resto de productos,subrubro,2020-01-01,2020,NA,FALSE,1. Resto país
Entre Ríos,Semillas y frutos oleaginosos,subrubro,2020-01-01,2020,124.235667,FALSE,1. Resto país
Entre Ríos,Total,total,2020-01-01,2020,1425.943181,FALSE,1. Resto país
Formosa,Cereales,subrubro,2020-01-01,2020,13.137838,FALSE,1. Resto país
Formosa,Extractos curtientes y tintóreos,subrubro,2020-01-01,2020,NA,FALSE,1. Resto país
Formosa,Fibras de algodón,subrubro,2020-01-01,2020,1.27746,FALSE,1. Resto país
Formosa,Otros productos de origen animal,subrubro,2020-01-01,2020,NA,FALSE,1. Resto país
Formosa,Productos químicos y conexos,subrubro,2020-01-01,2020,NA,FALSE,1. Resto país
Formosa,Resto de productos,subrubro,2020-01-01,2020,2.506142,FALSE,1. Resto país
Formosa,Total,total,2020-01-01,2020,25.277047,FALSE,1. Resto país
Jujuy,"Azúcar ,cacao y artículos de confitería",subrubro,2020-01-01,2020,43.131631,FALSE,2. NOA-Resto
Jujuy,Frutas frescas,subrubro,2020-01-01,2020,12.423683,FALSE,2. NOA-Resto
Jujuy,Hortalizas y legumbres sin elaborar,subrubro,2020-01-01,2020,17.437867,FALSE,2. NOA-Resto
Jujuy,"Minerales metalíferos, escorias y cenizas",subrubro,2020-01-01,2020,NA,FALSE,2. NOA-Resto
Jujuy,"Papel, cartón, impresos y publicaciones",subrubro,2020-01-01,2020,12.911034,FALSE,2. NOA-Resto
Jujuy,Productos de molinería y sus preparaciones,subrubro,2020-01-01,2020,16.4685,FALSE,2. NOA-Resto
Jujuy,Productos químicos y conexos,subrubro,2020-01-01,2020,57.9615,FALSE,2. NOA-Resto
Jujuy,Resto de productos,subrubro,2020-01-01,2020,NA,FALSE,2. NOA-Resto
Jujuy,Tabaco sin elaborar,subrubro,2020-01-01,2020,38.376336,FALSE,2. NOA-Resto
Jujuy,Total,total,2020-01-01,2020,328.542802,FALSE,2. NOA-Resto
La Pampa,Carnes y sus preparados,subrubro,2020-01-01,2020,128.041459,FALSE,1. Resto país
La Pampa,Cereales,subrubro,2020-01-01,2020,303.941176,FALSE,1. Resto país
La Pampa,Grasas y aceites,subrubro,2020-01-01,2020,11.235422,FALSE,1. Resto país
La Pampa,"Manufacturas de piedra, yeso, vidrio, etc.",subrubro,2020-01-01,2020,NA,FALSE,1. Resto país
La Pampa,Miel,subrubro,2020-01-01,2020,17.831093,FALSE,1. Resto país
La Pampa,Resto de productos,subrubro,2020-01-01,2020,NA,FALSE,1. Resto país
La Pampa,Semillas y frutos oleaginosos,subrubro,2020-01-01,2020,123.396704,FALSE,1. Resto país
La Pampa,Total,total,2020-01-01,2020,591.754973,FALSE,1. Resto país
La Rioja,"Bebidas, líquidos alcohólicos y vinagre",subrubro,2020-01-01,2020,14.045023,FALSE,3. La Rioja
La Rioja,Grasas y aceites,subrubro,2020-01-01,2020,26.381149,FALSE,3. La Rioja
La Rioja,"Papel, cartón, impresos y publicaciones",subrubro,2020-01-01,2020,57.003116,FALSE,3. La Rioja
La Rioja,"Preparados de hortalizas, legumbres y frutas",subrubro,2020-01-01,2020,44.903,FALSE,3. La Rioja
La Rioja,Resto de productos,subrubro,2020-01-01,2020,30.616787,FALSE,3. La Rioja
La Rioja,Total,total,2020-01-01,2020,172.949076,FALSE,3. La Rioja
Mendoza,"Bebidas, líquidos alcohólicos y vinagre",subrubro,2020-01-01,2020,731.664584,FALSE,1. Resto país
Mendoza,Frutas frescas,subrubro,2020-01-01,2020,57.470946,FALSE,1. Resto país
Mendoza,Frutas secas o procesadas,subrubro,2020-01-01,2020,44.728678,FALSE,1. Resto país
Mendoza,Grasas y aceites,subrubro,2020-01-01,2020,29.662457,FALSE,1. Resto país
Mendoza,Hortalizas y legumbres sin elaborar,subrubro,2020-01-01,2020,133.446361,FALSE,1. Resto país
Mendoza,Materias plásticas y sus manufacturas,subrubro,2020-01-01,2020,41.44613,FALSE,1. Resto país
Mendoza,Metales comunes y sus manufacturas,subrubro,2020-01-01,2020,22.420093,FALSE,1. Resto país
Mendoza,"Máquinas y aparatos, material eléctrico",subrubro,2020-01-01,2020,32.119098,FALSE,1. Resto país
Mendoza,"Preparados de hortalizas, legumbres y frutas",subrubro,2020-01-01,2020,167.112158,FALSE,1. Resto país
Mendoza,Productos químicos y conexos,subrubro,2020-01-01,2020,24.778524,FALSE,1. Resto país
Mendoza,Resto de productos,subrubro,2020-01-01,2020,65.077354,FALSE,1. Resto país
Mendoza,Total,total,2020-01-01,2020,1349.926383,FALSE,1. Resto país
Misiones,"Café, té, yerba mate y especias",subrubro,2020-01-01,2020,147.381131,FALSE,1. Resto país
Misiones,Cereales,subrubro,2020-01-01,2020,15.804759,FALSE,1. Resto país
Misiones,"Papel, cartón, impresos y publicaciones",subrubro,2020-01-01,2020,102.968711,FALSE,1. Resto país
Misiones,Resto de productos,subrubro,2020-01-01,2020,81.674532,FALSE,1. Resto país
Misiones,Tabaco sin elaborar,subrubro,2020-01-01,2020,44.398271,FALSE,1. Resto país
Misiones,Total,total,2020-01-01,2020,392.227404,FALSE,1. Resto país
Neuquén,Frutas frescas,subrubro,2020-01-01,2020,34.268357,FALSE,1. Resto país
Neuquén,Gas de petróleo y otros hidrocarburos gaseosos,subrubro,2020-01-01,2020,164.681658,FALSE,1. Resto país
Neuquén,Petróleo crudo,subrubro,2020-01-01,2020,183.056857,FALSE,1. Resto país
Neuquén,Productos químicos y conexos,subrubro,2020-01-01,2020,13.136692,FALSE,1. Resto país
Neuquén,Resto de productos,subrubro,2020-01-01,2020,22.973367,FALSE,1. Resto país
Neuquén,Total,total,2020-01-01,2020,418.11693,FALSE,1. Resto país
Río Negro,"Bebidas, líquidos alcohólicos y vinagre",subrubro,2020-01-01,2020,6.790883,FALSE,1. Resto país
Río Negro,Carnes y sus preparados,subrubro,2020-01-01,2020,16.295744,FALSE,1. Resto país
Río Negro,Frutas frescas,subrubro,2020-01-01,2020,278.046835,FALSE,1. Resto país
Río Negro,Gas de petróleo y otros hidrocarburos gaseosos,subrubro,2020-01-01,2020,NA,FALSE,1. Resto país
Río Negro,Petróleo crudo,subrubro,2020-01-01,2020,50.609837,FALSE,1. Resto país
Río Negro,"Preparados de hortalizas, legumbres y frutas",subrubro,2020-01-01,2020,40.513134,FALSE,1. Resto país
Río Negro,Resto de productos,subrubro,2020-01-01,2020,NA,FALSE,1. Resto país
Río Negro,Total,total,2020-01-01,2020,426.936062,FALSE,1. Resto país
Salta,"Azúcar ,cacao y artículos de confitería",subrubro,2020-01-01,2020,17.787009,FALSE,2. NOA-Resto
Salta,"Bebidas, líquidos alcohólicos y vinagre",subrubro,2020-01-01,2020,24.024598,FALSE,2. NOA-Resto
Salta,Cereales,subrubro,2020-01-01,2020,209.530649,FALSE,2. NOA-Resto
Salta,Hortalizas y legumbres sin elaborar,subrubro,2020-01-01,2020,291.516793,FALSE,2. NOA-Resto
Salta,"Piedras, metales preciosos y sus manufacturas, monedas",subrubro,2020-01-01,2020,NA,FALSE,2. NOA-Resto
Salta,"Preparados de hortalizas, legumbres y frutas",subrubro,2020-01-01,2020,18.276927,FALSE,2. NOA-Resto
Salta,Productos químicos y conexos,subrubro,2020-01-01,2020,72.822958,FALSE,2. NOA-Resto
Salta,Resto de productos,subrubro,2020-01-01,2020,NA,FALSE,2. NOA-Resto
Salta,Semillas y frutos oleaginosos,subrubro,2020-01-01,2020,58.737728,FALSE,2. NOA-Resto
Salta,Tabaco sin elaborar,subrubro,2020-01-01,2020,142.242531,FALSE,2. NOA-Resto
Salta,Total,total,2020-01-01,2020,922.167093,FALSE,2. NOA-Resto
San Juan,"Bebidas, líquidos alcohólicos y vinagre",subrubro,2020-01-01,2020,21.122389,FALSE,1. Resto país
San Juan,Frutas frescas,subrubro,2020-01-01,2020,8.985655,FALSE,1. Resto país
San Juan,Frutas secas o procesadas,subrubro,2020-01-01,2020,44.055908,FALSE,1. Resto país
San Juan,Grasas y aceites,subrubro,2020-01-01,2020,18.578473,FALSE,1. Resto país
San Juan,Hortalizas y legumbres sin elaborar,subrubro,2020-01-01,2020,43.015959,FALSE,1. Resto país
San Juan,"Máquinas y aparatos, material eléctrico",subrubro,2020-01-01,2020,6.411468,FALSE,1. Resto país
San Juan,"Piedras, metales preciosos y sus manufacturas, monedas",subrubro,2020-01-01,2020,NA,FALSE,1. Resto país
San Juan,"Preparados de hortalizas, legumbres y frutas",subrubro,2020-01-01,2020,66.580096,FALSE,1. Resto país
San Juan,Productos químicos y conexos,subrubro,2020-01-01,2020,55.37246,FALSE,1. Resto país
San Juan,Resto de productos,subrubro,2020-01-01,2020,NA,FALSE,1. Resto país
San Juan,Semillas y frutos oleaginosos,subrubro,2020-01-01,2020,10.662616,FALSE,1. Resto país
San Juan,Total,total,2020-01-01,2020,1119.852844,FALSE,1. Resto país
San Luis,Carnes y sus preparados,subrubro,2020-01-01,2020,NA,FALSE,1. Resto país
San Luis,Cereales,subrubro,2020-01-01,2020,143.714125,FALSE,1. Resto país
San Luis,Materias plásticas y sus manufacturas,subrubro,2020-01-01,2020,32.732649,FALSE,1. Resto país
San Luis,"Papel, cartón, impresos y publicaciones",subrubro,2020-01-01,2020,37.797534,FALSE,1. Resto país
San Luis,"Preparados de hortalizas, legumbres y frutas",subrubro,2020-01-01,2020,NA,FALSE,1. Resto país
San Luis,Productos de molinería y sus preparaciones,subrubro,2020-01-01,2020,25.886716,FALSE,1. Resto país
San Luis,Resto de productos,subrubro,2020-01-01,2020,79.849587,FALSE,1. Resto país
San Luis,Semillas y frutos oleaginosos,subrubro,2020-01-01,2020,38.046745,FALSE,1. Resto país
San Luis,Total,total,2020-01-01,2020,568.645088,FALSE,1. Resto país
Santa Cruz,Gas de petróleo y otros hidrocarburos gaseosos,subrubro,2020-01-01,2020,NA,FALSE,1. Resto país
Santa Cruz,"Minerales metalíferos, escorias y cenizas",subrubro,2020-01-01,2020,NA,FALSE,1. Resto país
Santa Cruz,Pescados y mariscos sin elaborar,subrubro,2020-01-01,2020,213.597264,FALSE,1. Resto país
Santa Cruz,Petróleo crudo,subrubro,2020-01-01,2020,131.370215,FALSE,1. Resto país
Santa Cruz,"Piedras, metales preciosos y sus manufacturas, monedas",subrubro,2020-01-01,2020,1276.785987,FALSE,1. Resto país
Santa Cruz,Resto de productos,subrubro,2020-01-01,2020,46.713083,FALSE,1. Resto país
Santa Cruz,Total,total,2020-01-01,2020,1851.95189,FALSE,1. Resto país
Santa Fe,Carburantes,subrubro,2020-01-01,2020,50.474433,FALSE,1. Resto país
Santa Fe,Carnes y sus preparados,subrubro,2020-01-01,2020,797.751433,FALSE,1. Resto país
Santa Fe,Caucho y sus manufacturas,subrubro,2020-01-01,2020,32.241931,FALSE,1. Resto país
Santa Fe,Cereales,subrubro,2020-01-01,2020,1265.991368,FALSE,1. Resto país
Santa Fe,Extractos curtientes y tintóreos,subrubro,2020-01-01,2020,45.005445,FALSE,1. Resto país
Santa Fe,Grasas y aceites,subrubro,2020-01-01,2020,2301.401366,FALSE,1. Resto país
Santa Fe,Material de transporte terrestre,subrubro,2020-01-01,2020,106.678006,FALSE,1. Resto país
Santa Fe,Metales comunes y sus manufacturas,subrubro,2020-01-01,2020,95.6106,FALSE,1. Resto país
Santa Fe,"Máquinas y aparatos, material eléctrico",subrubro,2020-01-01,2020,262.244213,FALSE,1. Resto país
Santa Fe,Pieles y cueros,subrubro,2020-01-01,2020,95.331153,FALSE,1. Resto país
Santa Fe,Productos de molinería y sus preparaciones,subrubro,2020-01-01,2020,210.525466,FALSE,1. Resto país
Santa Fe,Productos lácteos,subrubro,2020-01-01,2020,425.841922,FALSE,1. Resto país
Santa Fe,Productos químicos y conexos,subrubro,2020-01-01,2020,601.677119,FALSE,1. Resto país
Santa Fe,Residuos y desperdicios de la industria alimentaria,subrubro,2020-01-01,2020,4436.533844,FALSE,1. Resto país
Santa Fe,Resto de productos,subrubro,2020-01-01,2020,164.866055,FALSE,1. Resto país
Santa Fe,Semillas y frutos oleaginosos,subrubro,2020-01-01,2020,486.015865,FALSE,1. Resto país
Santa Fe,Total,total,2020-01-01,2020,11378.190218,FALSE,1. Resto país
Santiago del Estero,Carnes y sus preparados,subrubro,2020-01-01,2020,42.263803,FALSE,2. NOA-Resto
Santiago del Estero,Cereales,subrubro,2020-01-01,2020,754.551535,FALSE,2. NOA-Resto
Santiago del Estero,Fibras de algodón,subrubro,2020-01-01,2020,61.701322,FALSE,2. NOA-Resto
Santiago del Estero,Hortalizas y legumbres sin elaborar,subrubro,2020-01-01,2020,81.82617,FALSE,2. NOA-Resto
Santiago del Estero,Resto de productos,subrubro,2020-01-01,2020,10.625481,FALSE,2. NOA-Resto
Santiago del Estero,Semillas y frutos oleaginosos,subrubro,2020-01-01,2020,169.458804,FALSE,2. NOA-Resto
Santiago del Estero,Total,total,2020-01-01,2020,1120.427114,FALSE,2. NOA-Resto
Tierra del Fuego,Gas de petróleo y otros hidrocarburos gaseosos,subrubro,2020-01-01,2020,49.857202,FALSE,1. Resto país
Tierra del Fuego,Pescados y mariscos elaborados,subrubro,2020-01-01,2020,28.16412,FALSE,1. Resto país
Tierra del Fuego,Pescados y mariscos sin elaborar,subrubro,2020-01-01,2020,49.496831,FALSE,1. Resto país
Tierra del Fuego,Petróleo crudo,subrubro,2020-01-01,2020,51.686642,FALSE,1. Resto país
Tierra del Fuego,Resto de productos,subrubro,2020-01-01,2020,38.206119,FALSE,1. Resto país
Tierra del Fuego,Total,total,2020-01-01,2020,217.410914,FALSE,1. Resto país
Tucumán,"Azúcar ,cacao y artículos de confitería",subrubro,2020-01-01,2020,43.277252,FALSE,2. NOA-Resto
Tucumán,Cereales,subrubro,2020-01-01,2020,56.173664,FALSE,2. NOA-Resto
Tucumán,Frutas frescas,subrubro,2020-01-01,2020,181.070217,FALSE,2. NOA-Resto
Tucumán,Frutas secas o procesadas,subrubro,2020-01-01,2020,14.648577,FALSE,2. NOA-Resto
Tucumán,Hortalizas y legumbres sin elaborar,subrubro,2020-01-01,2020,13.096547,FALSE,2. NOA-Resto
Tucumán,Material de transporte terrestre,subrubro,2020-01-01,2020,NA,FALSE,2. NOA-Resto
Tucumán,"Preparados de hortalizas, legumbres y frutas",subrubro,2020-01-01,2020,118.535824,FALSE,2. NOA-Resto
Tucumán,Productos químicos y conexos,subrubro,2020-01-01,2020,153.654811,FALSE,2. NOA-Resto
Tucumán,Residuos y desperdicios de la industria alimentaria,subrubro,2020-01-01,2020,43.354712,FALSE,2. NOA-Resto
Tucumán,Resto de productos,subrubro,2020-01-01,2020,NA,FALSE,2. NOA-Resto
Tucumán,Semillas y frutos oleaginosos,subrubro,2020-01-01,2020,18.220382,FALSE,2. NOA-Resto
Tucumán,Total,total,2020-01-01,2020,773.750205,FALSE,2. NOA-Resto
Buenos Aires,Carburantes,subrubro,2021-01-01,2021,1378.635442,FALSE,1. Resto país
Buenos Aires,Carnes y sus preparados,subrubro,2021-01-01,2021,1849.829276,FALSE,1. Resto país
Buenos Aires,Caucho y sus manufacturas,subrubro,2021-01-01,2021,139.545739,FALSE,1. Resto país
Buenos Aires,Cereales,subrubro,2021-01-01,2021,4961.45086,FALSE,1. Resto país
Buenos Aires,Gas de petróleo y otros hidrocarburos gaseosos,subrubro,2021-01-01,2021,384.827927,FALSE,1. Resto país
Buenos Aires,Grasas y aceites,subrubro,2021-01-01,2021,2647.163103,FALSE,1. Resto país
Buenos Aires,"Manufacturas de piedra, yeso, vidrio, etc.",subrubro,2021-01-01,2021,81.557835,FALSE,1. Resto país
Buenos Aires,Material de transporte terrestre,subrubro,2021-01-01,2021,4982.333389,FALSE,1. Resto país
Buenos Aires,Materias plásticas y sus manufacturas,subrubro,2021-01-01,2021,755.039264,FALSE,1. Resto país
Buenos Aires,Metales comunes y sus manufacturas,subrubro,2021-01-01,2021,1032.033494,FALSE,1. Resto país
Buenos Aires,Miel,subrubro,2021-01-01,2021,105.646222,FALSE,1. Resto país
Buenos Aires,"Máquinas y aparatos, material eléctrico",subrubro,2021-01-01,2021,474.444294,FALSE,1. Resto país
Buenos Aires,Pescados y mariscos elaborados,subrubro,2021-01-01,2021,168.64503,FALSE,1. Resto país
Buenos Aires,Pescados y mariscos sin elaborar,subrubro,2021-01-01,2021,277.392733,FALSE,1. Resto país
Buenos Aires,Pieles y cueros,subrubro,2021-01-01,2021,273.80732,FALSE,1. Resto país
Buenos Aires,"Preparados de hortalizas, legumbres y frutas",subrubro,2021-01-01,2021,174.4422,FALSE,1. Resto país
Buenos Aires,Productos de molinería y sus preparaciones,subrubro,2021-01-01,2021,350.011398,FALSE,1. Resto país
Buenos Aires,Productos lácteos,subrubro,2021-01-01,2021,193.045414,FALSE,1. Resto país
Buenos Aires,Productos químicos y conexos,subrubro,2021-01-01,2021,2261.566612,FALSE,1. Resto país
Buenos Aires,Residuos y desperdicios de la industria alimentaria,subrubro,2021-01-01,2021,3387.156786,FALSE,1. Resto país
Buenos Aires,Resto de MOA,subrubro,2021-01-01,2021,168.346979,FALSE,1. Resto país
Buenos Aires,Resto de combustibles,subrubro,2021-01-01,2021,221.919413,FALSE,1. Resto país
Buenos Aires,Resto de productos,subrubro,2021-01-01,2021,758.058351,FALSE,1. Resto país
Buenos Aires,Semillas y frutos oleaginosos,subrubro,2021-01-01,2021,999.530002,FALSE,1. Resto país
Buenos Aires,Total,total,2021-01-01,2021,28026.429085,FALSE,1. Resto país
C.A.B.A.,"Azúcar, cacao y artículos de confitería",subrubro,2021-01-01,2021,3.425592,FALSE,1. Resto país
C.A.B.A.,Carnes y sus preparados,subrubro,2021-01-01,2021,NA,FALSE,1. Resto país
C.A.B.A.,"Máquinas y aparatos, material eléctrico",subrubro,2021-01-01,2021,14.264315,FALSE,1. Resto país
C.A.B.A.,"Papel, cartón, impresos y publicaciones",subrubro,2021-01-01,2021,7.603919,FALSE,1. Resto país
C.A.B.A.,Pieles y cueros,subrubro,2021-01-01,2021,17.558877,FALSE,1. Resto país
C.A.B.A.,Productos químicos y conexos,subrubro,2021-01-01,2021,234.935208,FALSE,1. Resto país
C.A.B.A.,Resto de MOA,subrubro,2021-01-01,2021,6.305698,FALSE,1. Resto país
C.A.B.A.,Resto de MOI,subrubro,2021-01-01,2021,1.932126,FALSE,1. Resto país
C.A.B.A.,Resto de productos,subrubro,2021-01-01,2021,NA,FALSE,1. Resto país
C.A.B.A.,Total,total,2021-01-01,2021,305.154587,FALSE,1. Resto país
Catamarca,"Azúcar, cacao y artículos de confitería",subrubro,2021-01-01,2021,NA,FALSE,2. NOA-Resto
Catamarca,Cereales,subrubro,2021-01-01,2021,23.418421,FALSE,2. NOA-Resto
Catamarca,Grasas y aceites,subrubro,2021-01-01,2021,3.332418,FALSE,2. NOA-Resto
Catamarca,Hortalizas y legumbres sin elaborar,subrubro,2021-01-01,2021,1.554271,FALSE,2. NOA-Resto
Catamarca,"Piedras, metales preciosos y sus manufacturas, monedas",subrubro,2021-01-01,2021,33.77168,FALSE,2. NOA-Resto
Catamarca,"Preparados de hortalizas, legumbres y frutas",subrubro,2021-01-01,2021,1.475023,FALSE,2. NOA-Resto
Catamarca,Productos químicos y conexos,subrubro,2021-01-01,2021,79.084461,FALSE,2. NOA-Resto
Catamarca,Resto de MOA,subrubro,2021-01-01,2021,NA,FALSE,2. NOA-Resto
Catamarca,Resto de productos,subrubro,2021-01-01,2021,3.836486,FALSE,2. NOA-Resto
Catamarca,Semillas y frutos oleaginosos,subrubro,2021-01-01,2021,7.845281,FALSE,2. NOA-Resto
Catamarca,Total,total,2021-01-01,2021,158.818898,FALSE,2. NOA-Resto
Chaco,Cereales,subrubro,2021-01-01,2021,185.65662,FALSE,1. Resto país
Chaco,Extractos curtientes y tintóreos,subrubro,2021-01-01,2021,64.149267,FALSE,1. Resto país
Chaco,Fibras de algodón,subrubro,2021-01-01,2021,62.252595,FALSE,1. Resto país
Chaco,Resto de productos,subrubro,2021-01-01,2021,9.633166,FALSE,1. Resto país
Chaco,Resto de productos primarios,subrubro,2021-01-01,2021,24.038082,FALSE,1. Resto país
Chaco,Semillas y frutos oleaginosos,subrubro,2021-01-01,2021,73.493839,FALSE,1. Resto país
Chaco,Total,total,2021-01-01,2021,419.22357,FALSE,1. Resto país
Chubut,Carburantes,subrubro,2021-01-01,2021,3.42368,FALSE,1. Resto país
Chubut,Frutas frescas,subrubro,2021-01-01,2021,7.935453,FALSE,1. Resto país
Chubut,Lanas elaboradas,subrubro,2021-01-01,2021,82.695188,FALSE,1. Resto país
Chubut,Lanas sucias,subrubro,2021-01-01,2021,35.889408,FALSE,1. Resto país
Chubut,Metales comunes y sus manufacturas,subrubro,2021-01-01,2021,NA,FALSE,1. Resto país
Chubut,"Máquinas y aparatos, material eléctrico",subrubro,2021-01-01,2021,NA,FALSE,1. Resto país
Chubut,Pescados y mariscos elaborados,subrubro,2021-01-01,2021,14.250401,FALSE,1. Resto país
Chubut,Pescados y mariscos sin elaborar,subrubro,2021-01-01,2021,735.340996,FALSE,1. Resto país
Chubut,Petróleo crudo,subrubro,2021-01-01,2021,889.00865,FALSE,1. Resto país
Chubut,Pieles y cueros,subrubro,2021-01-01,2021,NA,FALSE,1. Resto país
Chubut,Resto de productos,subrubro,2021-01-01,2021,9.286645,FALSE,1. Resto país
Chubut,Total,total,2021-01-01,2021,2338.418477,FALSE,1. Resto país
Corrientes,"Café, té, yerba mate y especias",subrubro,2021-01-01,2021,14.801113,FALSE,1. Resto país
Corrientes,Cereales,subrubro,2021-01-01,2021,118.027229,FALSE,1. Resto país
Corrientes,Frutas frescas,subrubro,2021-01-01,2021,32.465818,FALSE,1. Resto país
Corrientes,Productos de molinería y sus preparaciones,subrubro,2021-01-01,2021,NA,FALSE,1. Resto país
Corrientes,Productos químicos y conexos,subrubro,2021-01-01,2021,40.812204,FALSE,1. Resto país
Corrientes,Resto de MOA,subrubro,2021-01-01,2021,68.491788,FALSE,1. Resto país
Corrientes,Resto de productos,subrubro,2021-01-01,2021,6.459672,FALSE,1. Resto país
Corrientes,Resto de productos primarios,subrubro,2021-01-01,2021,12.510547,FALSE,1. Resto país
Corrientes,Tabaco sin elaborar,subrubro,2021-01-01,2021,NA,FALSE,1. Resto país
Corrientes,Textiles y confecciones,subrubro,2021-01-01,2021,NA,FALSE,1. Resto país
Corrientes,Total,total,2021-01-01,2021,297.558386,FALSE,1. Resto país
Córdoba,"Azúcar, cacao y artículos de confitería",subrubro,2021-01-01,2021,54.517782,FALSE,1. Resto país
Córdoba,Carnes y sus preparados,subrubro,2021-01-01,2021,90.965641,FALSE,1. Resto país
Córdoba,Caucho y sus manufacturas,subrubro,2021-01-01,2021,26.491199,FALSE,1. Resto país
Córdoba,Cereales,subrubro,2021-01-01,2021,3676.62265,FALSE,1. Resto país
Córdoba,Extractos curtientes y tintóreos,subrubro,2021-01-01,2021,120.856626,FALSE,1. Resto país
Córdoba,Grasas y aceites,subrubro,2021-01-01,2021,1461.791529,FALSE,1. Resto país
Córdoba,Hortalizas y legumbres sin elaborar,subrubro,2021-01-01,2021,25.765845,FALSE,1. Resto país
Córdoba,Material de transporte terrestre,subrubro,2021-01-01,2021,1080.773564,FALSE,1. Resto país
Córdoba,Materias plásticas y sus manufacturas,subrubro,2021-01-01,2021,36.912086,FALSE,1. Resto país
Córdoba,"Máquinas y aparatos, material eléctrico",subrubro,2021-01-01,2021,264.006454,FALSE,1. Resto país
Córdoba,"Preparados de hortalizas, legumbres y frutas",subrubro,2021-01-01,2021,62.942121,FALSE,1. Resto país
Córdoba,Productos de molinería y sus preparaciones,subrubro,2021-01-01,2021,137.737272,FALSE,1. Resto país
Córdoba,Productos lácteos,subrubro,2021-01-01,2021,375.428806,FALSE,1. Resto país
Córdoba,Productos químicos y conexos,subrubro,2021-01-01,2021,275.654084,FALSE,1. Resto país
Córdoba,Residuos y desperdicios de la industria alimentaria,subrubro,2021-01-01,2021,2321.271392,FALSE,1. Resto país
Córdoba,Resto de MOA,subrubro,2021-01-01,2021,19.046337,FALSE,1. Resto país
Córdoba,Resto de MOI,subrubro,2021-01-01,2021,61.86115,FALSE,1. Resto país
Córdoba,Resto de productos,subrubro,2021-01-01,2021,104.750761,FALSE,1. Resto país
Córdoba,Semillas y frutos oleaginosos,subrubro,2021-01-01,2021,1559.940481,FALSE,1. Resto país
Córdoba,Total,total,2021-01-01,2021,11757.33578,FALSE,1. Resto país
Entre Ríos,Carnes y sus preparados,subrubro,2021-01-01,2021,379.630364,FALSE,1. Resto país
Entre Ríos,Cereales,subrubro,2021-01-01,2021,734.329675,FALSE,1. Resto país
Entre Ríos,Frutas frescas,subrubro,2021-01-01,2021,45.404498,FALSE,1. Resto país
Entre Ríos,Miel,subrubro,2021-01-01,2021,18.157257,FALSE,1. Resto país
Entre Ríos,"Máquinas y aparatos, material eléctrico",subrubro,2021-01-01,2021,13.057277,FALSE,1. Resto país
Entre Ríos,"Papel, cartón, impresos y publicaciones",subrubro,2021-01-01,2021,15.721905,FALSE,1. Resto país
Entre Ríos,Pieles y cueros,subrubro,2021-01-01,2021,NA,FALSE,1. Resto país
Entre Ríos,"Preparados de hortalizas, legumbres y frutas",subrubro,2021-01-01,2021,9.393601,FALSE,1. Resto país
Entre Ríos,Productos de molinería y sus preparaciones,subrubro,2021-01-01,2021,36.071197,FALSE,1. Resto país
Entre Ríos,Productos lácteos,subrubro,2021-01-01,2021,61.550979,FALSE,1. Resto país
Entre Ríos,Productos químicos y conexos,subrubro,2021-01-01,2021,89.618505,FALSE,1. Resto país
Entre Ríos,Resto de MOA,subrubro,2021-01-01,2021,67.55087,FALSE,1. Resto país
Entre Ríos,Resto de productos,subrubro,2021-01-01,2021,NA,FALSE,1. Resto país
Entre Ríos,Resto de productos primarios,subrubro,2021-01-01,2021,24.310346,FALSE,1. Resto país
Entre Ríos,Semillas y frutos oleaginosos,subrubro,2021-01-01,2021,126.733754,FALSE,1. Resto país
Entre Ríos,Total,total,2021-01-01,2021,1681.15706,FALSE,1. Resto país
Formosa,Cereales,subrubro,2021-01-01,2021,20.809102,FALSE,1. Resto país
Formosa,Extractos curtientes y tintóreos,subrubro,2021-01-01,2021,NA,FALSE,1. Resto país
Formosa,Fibras de algodón,subrubro,2021-01-01,2021,1.962753,FALSE,1. Resto país
Formosa,Otros productos de origen animal,subrubro,2021-01-01,2021,NA,FALSE,1. Resto país
Formosa,Resto de productos,subrubro,2021-01-01,2021,2.278706,FALSE,1. Resto país
Formosa,Semillas y frutos oleaginosos,subrubro,2021-01-01,2021,0.72812,FALSE,1. Resto país
Formosa,Total,total,2021-01-01,2021,32.093297,FALSE,1. Resto país
Jujuy,"Azúcar, cacao y artículos de confitería",subrubro,2021-01-01,2021,NA,FALSE,2. NOA-Resto
Jujuy,Hortalizas y legumbres sin elaborar,subrubro,2021-01-01,2021,19.001917,FALSE,2. NOA-Resto
Jujuy,"Minerales metalíferos, escorias y cenizas",subrubro,2021-01-01,2021,NA,FALSE,2. NOA-Resto
Jujuy,"Preparados de hortalizas, legumbres y frutas",subrubro,2021-01-01,2021,NA,FALSE,2. NOA-Resto
Jujuy,Productos químicos y conexos,subrubro,2021-01-01,2021,NA,FALSE,2. NOA-Resto
Jujuy,Resto de productos,subrubro,2021-01-01,2021,53.018408,FALSE,2. NOA-Resto
Jujuy,Resto de productos primarios,subrubro,2021-01-01,2021,14.319198,FALSE,2. NOA-Resto
Jujuy,Tabaco sin elaborar,subrubro,2021-01-01,2021,NA,FALSE,2. NOA-Resto
Jujuy,Total,total,2021-01-01,2021,529.794674,FALSE,2. NOA-Resto
La Pampa,Carnes y sus preparados,subrubro,2021-01-01,2021,132.949814,FALSE,1. Resto país
La Pampa,Cereales,subrubro,2021-01-01,2021,544.864074,FALSE,1. Resto país
La Pampa,Grasas y aceites,subrubro,2021-01-01,2021,12.07407,FALSE,1. Resto país
La Pampa,"Manufacturas de piedra, yeso, vidrio, etc.",subrubro,2021-01-01,2021,NA,FALSE,1. Resto país
La Pampa,Miel,subrubro,2021-01-01,2021,23.015313,FALSE,1. Resto país
La Pampa,Petróleo crudo,subrubro,2021-01-01,2021,NA,FALSE,1. Resto país
La Pampa,Resto de productos,subrubro,2021-01-01,2021,NA,FALSE,1. Resto país
La Pampa,Resto de productos primarios,subrubro,2021-01-01,2021,2.493261,FALSE,1. Resto país
La Pampa,Semillas y frutos oleaginosos,subrubro,2021-01-01,2021,117.771308,FALSE,1. Resto país
La Pampa,Total,total,2021-01-01,2021,838.479351,FALSE,1. Resto país
La Rioja,"Bebidas, líquidos alcohólicos y vinagre",subrubro,2021-01-01,2021,12.670469,FALSE,3. La Rioja
La Rioja,Frutas frescas,subrubro,2021-01-01,2021,5.463998,FALSE,3. La Rioja
La Rioja,Frutas secas o procesadas,subrubro,2021-01-01,2021,3.320271,FALSE,3. La Rioja
La Rioja,Grasas y aceites,subrubro,2021-01-01,2021,30.618064,FALSE,3. La Rioja
La Rioja,Materias plásticas y sus manufacturas,subrubro,2021-01-01,2021,0.757524,FALSE,3. La Rioja
La Rioja,"Papel, cartón, impresos y publicaciones",subrubro,2021-01-01,2021,60.023983,FALSE,3. La Rioja
La Rioja,"Preparados de hortalizas, legumbres y frutas",subrubro,2021-01-01,2021,40.391057000000004,FALSE,3. La Rioja
La Rioja,Productos químicos y conexos,subrubro,2021-01-01,2021,NA,FALSE,3. La Rioja
La Rioja,Resto de productos,subrubro,2021-01-01,2021,5.350543,FALSE,3. La Rioja
La Rioja,Textiles y confecciones,subrubro,2021-01-01,2021,NA,FALSE,3. La Rioja
La Rioja,Total,total,2021-01-01,2021,165.270261,FALSE,3. La Rioja
Mendoza,"Bebidas, líquidos alcohólicos y vinagre",subrubro,2021-01-01,2021,815.867838,FALSE,1. Resto país
Mendoza,Carburantes,subrubro,2021-01-01,2021,24.547792,FALSE,1. Resto país
Mendoza,Frutas frescas,subrubro,2021-01-01,2021,51.191114,FALSE,1. Resto país
Mendoza,Frutas secas o procesadas,subrubro,2021-01-01,2021,50.864725,FALSE,1. Resto país
Mendoza,Gas de petróleo y otros hidrocarburos gaseosos,subrubro,2021-01-01,2021,NA,FALSE,1. Resto país
Mendoza,Grasas y aceites,subrubro,2021-01-01,2021,45.919373,FALSE,1. Resto país
Mendoza,Hortalizas y legumbres sin elaborar,subrubro,2021-01-01,2021,113.059579,FALSE,1. Resto país
Mendoza,Materias plásticas y sus manufacturas,subrubro,2021-01-01,2021,107.287942,FALSE,1. Resto país
Mendoza,Metales comunes y sus manufacturas,subrubro,2021-01-01,2021,34.25062,FALSE,1. Resto país
Mendoza,"Máquinas y aparatos, material eléctrico",subrubro,2021-01-01,2021,30.170376,FALSE,1. Resto país
Mendoza,"Preparados de hortalizas, legumbres y frutas",subrubro,2021-01-01,2021,194.469539,FALSE,1. Resto país
Mendoza,Productos químicos y conexos,subrubro,2021-01-01,2021,51.523988,FALSE,1. Resto país
Mendoza,Resto de combustibles,subrubro,2021-01-01,2021,27.620716,FALSE,1. Resto país
Mendoza,Resto de productos,subrubro,2021-01-01,2021,NA,FALSE,1. Resto país
Mendoza,Total,total,2021-01-01,2021,1612.6677,FALSE,1. Resto país
Misiones,"Café, té, yerba mate y especias",subrubro,2021-01-01,2021,137.346058,FALSE,1. Resto país
Misiones,Cereales,subrubro,2021-01-01,2021,5.463878,FALSE,1. Resto país
Misiones,Frutas frescas,subrubro,2021-01-01,2021,4.469873,FALSE,1. Resto país
Misiones,"Papel, cartón, impresos y publicaciones",subrubro,2021-01-01,2021,151.344532,FALSE,1. Resto país
Misiones,Resto de MOA,subrubro,2021-01-01,2021,116.091035,FALSE,1. Resto país
Misiones,Resto de MOI,subrubro,2021-01-01,2021,10.519334,FALSE,1. Resto país
Misiones,Resto de productos,subrubro,2021-01-01,2021,4.050638,FALSE,1. Resto país
Misiones,Tabaco sin elaborar,subrubro,2021-01-01,2021,36.051591,FALSE,1. Resto país
Misiones,Total,total,2021-01-01,2021,465.336938,FALSE,1. Resto país
Neuquén,"Bebidas, líquidos alcohólicos y vinagre",subrubro,2021-01-01,2021,4.886308,FALSE,1. Resto país
Neuquén,Carburantes,subrubro,2021-01-01,2021,NA,FALSE,1. Resto país
Neuquén,Frutas frescas,subrubro,2021-01-01,2021,30.960119,FALSE,1. Resto país
Neuquén,Gas de petróleo y otros hidrocarburos gaseosos,subrubro,2021-01-01,2021,111.018899,FALSE,1. Resto país
Neuquén,Petróleo crudo,subrubro,2021-01-01,2021,585.895514,FALSE,1. Resto país
Neuquén,Productos químicos y conexos,subrubro,2021-01-01,2021,NA,FALSE,1. Resto país
Neuquén,Resto de productos,subrubro,2021-01-01,2021,7.210013,FALSE,1. Resto país
Neuquén,Resto de productos primarios,subrubro,2021-01-01,2021,5.669376,FALSE,1. Resto país
Neuquén,Total,total,2021-01-01,2021,784.186598,FALSE,1. Resto país
Río Negro,"Azúcar, cacao y artículos de confitería",subrubro,2021-01-01,2021,0.071146,FALSE,1. Resto país
Río Negro,"Bebidas, líquidos alcohólicos y vinagre",subrubro,2021-01-01,2021,8.580236,FALSE,1. Resto país
Río Negro,Carnes y sus preparados,subrubro,2021-01-01,2021,NA,FALSE,1. Resto país
Río Negro,Frutas frescas,subrubro,2021-01-01,2021,241.561482,FALSE,1. Resto país
Río Negro,Frutas secas o procesadas,subrubro,2021-01-01,2021,9.706781,FALSE,1. Resto país
Río Negro,Gas de petróleo y otros hidrocarburos gaseosos,subrubro,2021-01-01,2021,NA,FALSE,1. Resto país
Río Negro,Lanas sucias,subrubro,2021-01-01,2021,4.509669,FALSE,1. Resto país
Río Negro,"Máquinas y aparatos, material eléctrico",subrubro,2021-01-01,2021,1.432258,FALSE,1. Resto país
Río Negro,Pescados y mariscos elaborados,subrubro,2021-01-01,2021,1.929108,FALSE,1. Resto país
Río Negro,Pescados y mariscos sin elaborar,subrubro,2021-01-01,2021,16.878944,FALSE,1. Resto país
Río Negro,Petróleo crudo,subrubro,2021-01-01,2021,60.992277,FALSE,1. Resto país
Río Negro,"Preparados de hortalizas, legumbres y frutas",subrubro,2021-01-01,2021,44.948636,FALSE,1. Resto país
Río Negro,Resto de productos,subrubro,2021-01-01,2021,4.280126,FALSE,1. Resto país
Río Negro,Resto de productos primarios,subrubro,2021-01-01,2021,8.718228,FALSE,1. Resto país
Río Negro,Total,total,2021-01-01,2021,434.165388,FALSE,1. Resto país
Salta,"Bebidas, líquidos alcohólicos y vinagre",subrubro,2021-01-01,2021,25.158421,FALSE,2. NOA-Resto
Salta,Carburantes,subrubro,2021-01-01,2021,30.49278,FALSE,2. NOA-Resto
Salta,Cereales,subrubro,2021-01-01,2021,322.541167,FALSE,2. NOA-Resto
Salta,Hortalizas y legumbres sin elaborar,subrubro,2021-01-01,2021,313.650494,FALSE,2. NOA-Resto
Salta,Petróleo crudo,subrubro,2021-01-01,2021,NA,FALSE,2. NOA-Resto
Salta,"Piedras, metales preciosos y sus manufacturas, monedas",subrubro,2021-01-01,2021,167.558442,FALSE,2. NOA-Resto
Salta,"Preparados de hortalizas, legumbres y frutas",subrubro,2021-01-01,2021,13.064632,FALSE,2. NOA-Resto
Salta,Productos químicos y conexos,subrubro,2021-01-01,2021,53.082084,FALSE,2. NOA-Resto
Salta,Resto de productos,subrubro,2021-01-01,2021,89.015284,FALSE,2. NOA-Resto
Salta,Resto de productos primarios,subrubro,2021-01-01,2021,14.82464,FALSE,2. NOA-Resto
Salta,Semillas y frutos oleaginosos,subrubro,2021-01-01,2021,68.080398,FALSE,2. NOA-Resto
Salta,Tabaco sin elaborar,subrubro,2021-01-01,2021,165.402812,FALSE,2. NOA-Resto
Salta,Total,total,2021-01-01,2021,1262.871152,FALSE,2. NOA-Resto
San Juan,"Bebidas, líquidos alcohólicos y vinagre",subrubro,2021-01-01,2021,20.478221,FALSE,1. Resto país
San Juan,Frutas secas o procesadas,subrubro,2021-01-01,2021,45.354634,FALSE,1. Resto país
San Juan,Grasas y aceites,subrubro,2021-01-01,2021,33.913919,FALSE,1. Resto país
San Juan,Hortalizas y legumbres sin elaborar,subrubro,2021-01-01,2021,37.236712,FALSE,1. Resto país
San Juan,"Piedras, metales preciosos y sus manufacturas, monedas",subrubro,2021-01-01,2021,NA,FALSE,1. Resto país
San Juan,"Preparados de hortalizas, legumbres y frutas",subrubro,2021-01-01,2021,59.986449,FALSE,1. Resto país
San Juan,Productos químicos y conexos,subrubro,2021-01-01,2021,49.549597,FALSE,1. Resto país
San Juan,Resto de MOI,subrubro,2021-01-01,2021,25.899967,FALSE,1. Resto país
San Juan,Resto de productos,subrubro,2021-01-01,2021,NA,FALSE,1. Resto país
San Juan,Semillas y frutos oleaginosos,subrubro,2021-01-01,2021,10.114414,FALSE,1. Resto país
San Juan,Total,total,2021-01-01,2021,1205.76132,FALSE,1. Resto país
San Luis,Carnes y sus preparados,subrubro,2021-01-01,2021,NA,FALSE,1. Resto país
San Luis,Cereales,subrubro,2021-01-01,2021,353.584365,FALSE,1. Resto país
San Luis,"Manufacturas de piedra, yeso, vidrio, etc.",subrubro,2021-01-01,2021,16.485773,FALSE,1. Resto país
San Luis,Materias plásticas y sus manufacturas,subrubro,2021-01-01,2021,45.592904,FALSE,1. Resto país
San Luis,Metales comunes y sus manufacturas,subrubro,2021-01-01,2021,7.777787,FALSE,1. Resto país
San Luis,"Máquinas y aparatos, material eléctrico",subrubro,2021-01-01,2021,NA,FALSE,1. Resto país
San Luis,"Papel, cartón, impresos y publicaciones",subrubro,2021-01-01,2021,37.576964,FALSE,1. Resto país
San Luis,"Preparados de hortalizas, legumbres y frutas",subrubro,2021-01-01,2021,45.427836,FALSE,1. Resto país
San Luis,Productos de molinería y sus preparaciones,subrubro,2021-01-01,2021,26.872364,FALSE,1. Resto país
San Luis,Productos químicos y conexos,subrubro,2021-01-01,2021,18.848762,FALSE,1. Resto país
San Luis,Residuos y desperdicios de la industria alimentaria,subrubro,2021-01-01,2021,8.725629,FALSE,1. Resto país
San Luis,Resto de MOA,subrubro,2021-01-01,2021,6.465287,FALSE,1. Resto país
San Luis,Resto de productos,subrubro,2021-01-01,2021,51.79348,FALSE,1. Resto país
San Luis,Semillas y frutos oleaginosos,subrubro,2021-01-01,2021,50.223772,FALSE,1. Resto país
San Luis,Total,total,2021-01-01,2021,849.810948,FALSE,1. Resto país
Santa Cruz,Carnes y sus preparados,subrubro,2021-01-01,2021,18.192122,FALSE,1. Resto país
Santa Cruz,Frutas frescas,subrubro,2021-01-01,2021,NA,FALSE,1. Resto país
Santa Cruz,Gas de petróleo y otros hidrocarburos gaseosos,subrubro,2021-01-01,2021,NA,FALSE,1. Resto país
Santa Cruz,"Minerales metalíferos, escorias y cenizas",subrubro,2021-01-01,2021,NA,FALSE,1. Resto país
Santa Cruz,Pescados y mariscos elaborados,subrubro,2021-01-01,2021,17.285124,FALSE,1. Resto país
Santa Cruz,Pescados y mariscos sin elaborar,subrubro,2021-01-01,2021,253.808539,FALSE,1. Resto país
Santa Cruz,Petróleo crudo,subrubro,2021-01-01,2021,164.494324,FALSE,1. Resto país
Santa Cruz,"Piedras, metales preciosos y sus manufacturas, monedas",subrubro,2021-01-01,2021,1472.257869,FALSE,1. Resto país
Santa Cruz,Resto de MOI,subrubro,2021-01-01,2021,4.739568,FALSE,1. Resto país
Santa Cruz,Resto de productos,subrubro,2021-01-01,2021,2.941707,FALSE,1. Resto país
Santa Cruz,Total,total,2021-01-01,2021,2125.738586,FALSE,1. Resto país
Santa Fe,Carburantes,subrubro,2021-01-01,2021,92.118761,FALSE,1. Resto país
Santa Fe,Carnes y sus preparados,subrubro,2021-01-01,2021,787.839729,FALSE,1. Resto país
Santa Fe,Caucho y sus manufacturas,subrubro,2021-01-01,2021,58.264406,FALSE,1. Resto país
Santa Fe,Cereales,subrubro,2021-01-01,2021,1686.774249,FALSE,1. Resto país
Santa Fe,Extractos curtientes y tintóreos,subrubro,2021-01-01,2021,46.263388,FALSE,1. Resto país
Santa Fe,Grasas y aceites,subrubro,2021-01-01,2021,4416.925705,FALSE,1. Resto país
Santa Fe,Material de transporte terrestre,subrubro,2021-01-01,2021,223.758482,FALSE,1. Resto país
Santa Fe,Metales comunes y sus manufacturas,subrubro,2021-01-01,2021,150.425013,FALSE,1. Resto país
Santa Fe,Miel,subrubro,2021-01-01,2021,32.511603,FALSE,1. Resto país
Santa Fe,"Máquinas y aparatos, material eléctrico",subrubro,2021-01-01,2021,388.444492,FALSE,1. Resto país
Santa Fe,Pieles y cueros,subrubro,2021-01-01,2021,131.449919,FALSE,1. Resto país
Santa Fe,Productos de molinería y sus preparaciones,subrubro,2021-01-01,2021,263.007806,FALSE,1. Resto país
Santa Fe,Productos lácteos,subrubro,2021-01-01,2021,508.488328,FALSE,1. Resto país
Santa Fe,Productos químicos y conexos,subrubro,2021-01-01,2021,1460.28997,FALSE,1. Resto país
Santa Fe,Residuos y desperdicios de la industria alimentaria,subrubro,2021-01-01,2021,6928.977532,FALSE,1. Resto país
Santa Fe,Resto de MOA,subrubro,2021-01-01,2021,21.733364,FALSE,1. Resto país
Santa Fe,Resto de productos,subrubro,2021-01-01,2021,121.607462,FALSE,1. Resto país
Santa Fe,Semillas y frutos oleaginosos,subrubro,2021-01-01,2021,601.460412,FALSE,1. Resto país
Santa Fe,Total,total,2021-01-01,2021,17920.340618,FALSE,1. Resto país
Santiago del Estero,Carnes y sus preparados,subrubro,2021-01-01,2021,54.844257,FALSE,2. NOA-Resto
Santiago del Estero,Cereales,subrubro,2021-01-01,2021,925.095255,FALSE,2. NOA-Resto
Santiago del Estero,Fibras de algodón,subrubro,2021-01-01,2021,89.00899,FALSE,2. NOA-Resto
Santiago del Estero,Hortalizas y legumbres sin elaborar,subrubro,2021-01-01,2021,80.711729,FALSE,2. NOA-Resto
Santiago del Estero,Miel,subrubro,2021-01-01,2021,2.989573,FALSE,2. NOA-Resto
Santiago del Estero,Pieles y cueros,subrubro,2021-01-01,2021,2.701384,FALSE,2. NOA-Resto
Santiago del Estero,Resto de productos,subrubro,2021-01-01,2021,7.028892,FALSE,2. NOA-Resto
Santiago del Estero,Resto de productos primarios,subrubro,2021-01-01,2021,1.315964,FALSE,2. NOA-Resto
Santiago del Estero,Semillas y frutos oleaginosos,subrubro,2021-01-01,2021,224.572837,FALSE,2. NOA-Resto
Santiago del Estero,Total,total,2021-01-01,2021,1388.268882,FALSE,2. NOA-Resto
Tierra del Fuego,Gas de petróleo y otros hidrocarburos gaseosos,subrubro,2021-01-01,2021,80.307028,FALSE,1. Resto país
Tierra del Fuego,Materias plásticas y sus manufacturas,subrubro,2021-01-01,2021,34.15595,FALSE,1. Resto país
Tierra del Fuego,Pescados y mariscos elaborados,subrubro,2021-01-01,2021,25.246864,FALSE,1. Resto país
Tierra del Fuego,Pescados y mariscos sin elaborar,subrubro,2021-01-01,2021,48.64681,FALSE,1. Resto país
Tierra del Fuego,Petróleo crudo,subrubro,2021-01-01,2021,147.860067,FALSE,1. Resto país
Tierra del Fuego,Residuos y desperdicios de la industria alimentaria,subrubro,2021-01-01,2021,NA,FALSE,1. Resto país
Tierra del Fuego,Resto de MOA,subrubro,2021-01-01,2021,3.563743,FALSE,1. Resto país
Tierra del Fuego,Resto de productos,subrubro,2021-01-01,2021,NA,FALSE,1. Resto país
Tierra del Fuego,Total,total,2021-01-01,2021,352.100673,FALSE,1. Resto país
Tucumán,"Azúcar, cacao y artículos de confitería",subrubro,2021-01-01,2021,81.183167,FALSE,2. NOA-Resto
Tucumán,Cereales,subrubro,2021-01-01,2021,79.132294,FALSE,2. NOA-Resto
Tucumán,Frutas frescas,subrubro,2021-01-01,2021,168.240279,FALSE,2. NOA-Resto
Tucumán,Frutas secas o procesadas,subrubro,2021-01-01,2021,18.231748,FALSE,2. NOA-Resto
Tucumán,Hortalizas y legumbres sin elaborar,subrubro,2021-01-01,2021,10.674693,FALSE,2. NOA-Resto
Tucumán,Material de transporte terrestre,subrubro,2021-01-01,2021,NA,FALSE,2. NOA-Resto
Tucumán,"Máquinas y aparatos, material eléctrico",subrubro,2021-01-01,2021,17.635446,FALSE,2. NOA-Resto
Tucumán,"Preparados de hortalizas, legumbres y frutas",subrubro,2021-01-01,2021,120.832013,FALSE,2. NOA-Resto
Tucumán,Productos de molinería y sus preparaciones,subrubro,2021-01-01,2021,3.467627,FALSE,2. NOA-Resto
Tucumán,Productos químicos y conexos,subrubro,2021-01-01,2021,143.67038,FALSE,2. NOA-Resto
Tucumán,Residuos y desperdicios de la industria alimentaria,subrubro,2021-01-01,2021,55.382185,FALSE,2. NOA-Resto
Tucumán,Resto de productos,subrubro,2021-01-01,2021,NA,FALSE,2. NOA-Resto
Tucumán,Total,total,2021-01-01,2021,914.488169,FALSE,2. NOA-Resto
Buenos Aires,Carburantes,subrubro,2022-01-01,2022,2361.163722,FALSE,1. Resto país
Buenos Aires,Carnes y sus preparados,subrubro,2022-01-01,2022,2193.12037,FALSE,1. Resto país
Buenos Aires,Caucho y sus manufacturas,subrubro,2022-01-01,2022,124.694798,FALSE,1. Resto país
Buenos Aires,Cereales,subrubro,2022-01-01,2022,5626.252136,FALSE,1. Resto país
Buenos Aires,Gas de petróleo y otros hidrocarburos gaseosos,subrubro,2022-01-01,2022,557.232315,FALSE,1. Resto país
Buenos Aires,Grasas y aceites,subrubro,2022-01-01,2022,3144.522342,FALSE,1. Resto país
Buenos Aires,"Manufacturas de piedra, yeso, vidrio, etc.",subrubro,2022-01-01,2022,107.296957,FALSE,1. Resto país
Buenos Aires,Material de transporte terrestre,subrubro,2022-01-01,2022,6162.922878,FALSE,1. Resto país
Buenos Aires,Materias plásticas y sus manufacturas,subrubro,2022-01-01,2022,792.783905,FALSE,1. Resto país
Buenos Aires,Metales comunes y sus manufacturas,subrubro,2022-01-01,2022,1174.380177,FALSE,1. Resto país
Buenos Aires,Miel,subrubro,2022-01-01,2022,119.401444,FALSE,1. Resto país
Buenos Aires,"Máquinas y aparatos, material eléctrico",subrubro,2022-01-01,2022,504.95248,FALSE,1. Resto país
Buenos Aires,Pescados y mariscos elaborados,subrubro,2022-01-01,2022,184.221951,FALSE,1. Resto país
Buenos Aires,Pescados y mariscos sin elaborar,subrubro,2022-01-01,2022,237.430205,FALSE,1. Resto país
Buenos Aires,Pieles y cueros,subrubro,2022-01-01,2022,281.791011,FALSE,1. Resto país
Buenos Aires,"Preparados de hortalizas, legumbres y frutas",subrubro,2022-01-01,2022,202.709572,FALSE,1. Resto país
Buenos Aires,Productos de molinería y sus preparaciones,subrubro,2022-01-01,2022,472.982745,FALSE,1. Resto país
Buenos Aires,Productos lácteos,subrubro,2022-01-01,2022,219.849626,FALSE,1. Resto país
Buenos Aires,Productos químicos y conexos,subrubro,2022-01-01,2022,2517.597539,FALSE,1. Resto país
Buenos Aires,Residuos y desperdicios de la industria alimentaria,subrubro,2022-01-01,2022,3514.55098,FALSE,1. Resto país
Buenos Aires,Resto de MOA,subrubro,2022-01-01,2022,201.652852,FALSE,1. Resto país
Buenos Aires,Resto de combustibles,subrubro,2022-01-01,2022,416.583559,FALSE,1. Resto país
Buenos Aires,Resto de productos,subrubro,2022-01-01,2022,805.084097,FALSE,1. Resto país
Buenos Aires,Semillas y frutos oleaginosos,subrubro,2022-01-01,2022,1184.823867,FALSE,1. Resto país
Buenos Aires,Total,total,2022-01-01,2022,33108.001529,FALSE,1. Resto país
C.A.B.A.,"Azúcar, cacao y artículos de confitería",subrubro,2022-01-01,2022,4.21829,FALSE,1. Resto país
C.A.B.A.,Carnes y sus preparados,subrubro,2022-01-01,2022,6.192699,FALSE,1. Resto país
C.A.B.A.,"Máquinas y aparatos, material eléctrico",subrubro,2022-01-01,2022,14.496944,FALSE,1. Resto país
C.A.B.A.,"Papel, cartón, impresos y publicaciones",subrubro,2022-01-01,2022,8.84584,FALSE,1. Resto país
C.A.B.A.,Pieles y cueros,subrubro,2022-01-01,2022,19.108784,FALSE,1. Resto país
C.A.B.A.,Productos químicos y conexos,subrubro,2022-01-01,2022,239.649423,FALSE,1. Resto país
C.A.B.A.,Resto de MOA,subrubro,2022-01-01,2022,5.020753,FALSE,1. Resto país
C.A.B.A.,Resto de MOI,subrubro,2022-01-01,2022,2.246033,FALSE,1. Resto país
C.A.B.A.,Resto de productos,subrubro,2022-01-01,2022,12.011427,FALSE,1. Resto país
C.A.B.A.,Total,total,2022-01-01,2022,311.790193,FALSE,1. Resto país
Catamarca,"Azúcar, cacao y artículos de confitería",subrubro,2022-01-01,2022,NA,FALSE,2. NOA-Resto
Catamarca,Cereales,subrubro,2022-01-01,2022,22.115517,FALSE,2. NOA-Resto
Catamarca,Grasas y aceites,subrubro,2022-01-01,2022,4.064694,FALSE,2. NOA-Resto
Catamarca,Hortalizas y legumbres sin elaborar,subrubro,2022-01-01,2022,1.487893,FALSE,2. NOA-Resto
Catamarca,"Piedras, metales preciosos y sus manufacturas, monedas",subrubro,2022-01-01,2022,36.210754,FALSE,2. NOA-Resto
Catamarca,"Preparados de hortalizas, legumbres y frutas",subrubro,2022-01-01,2022,NA,FALSE,2. NOA-Resto
Catamarca,Productos químicos y conexos,subrubro,2022-01-01,2022,NA,FALSE,2. NOA-Resto
Catamarca,Resto de MOA,subrubro,2022-01-01,2022,NA,FALSE,2. NOA-Resto
Catamarca,Resto de productos,subrubro,2022-01-01,2022,4.407769,FALSE,2. NOA-Resto
Catamarca,Semillas y frutos oleaginosos,subrubro,2022-01-01,2022,7.552691,FALSE,2. NOA-Resto
Catamarca,Total,total,2022-01-01,2022,201.338527,FALSE,2. NOA-Resto
Chaco,Cereales,subrubro,2022-01-01,2022,249.810314,FALSE,1. Resto país
Chaco,Extractos curtientes y tintóreos,subrubro,2022-01-01,2022,44.782228,FALSE,1. Resto país
Chaco,Fibras de algodón,subrubro,2022-01-01,2022,59.566079,FALSE,1. Resto país
Chaco,Resto de productos,subrubro,2022-01-01,2022,10.539256,FALSE,1. Resto país
Chaco,Resto de productos primarios,subrubro,2022-01-01,2022,17.232051,FALSE,1. Resto país
Chaco,Semillas y frutos oleaginosos,subrubro,2022-01-01,2022,134.709644,FALSE,1. Resto país
Chaco,Total,total,2022-01-01,2022,516.639572,FALSE,1. Resto país
Chubut,Carburantes,subrubro,2022-01-01,2022,6.331509,FALSE,1. Resto país
Chubut,Frutas frescas,subrubro,2022-01-01,2022,7.429814,FALSE,1. Resto país
Chubut,Lanas elaboradas,subrubro,2022-01-01,2022,85.735653,FALSE,1. Resto país
Chubut,Lanas sucias,subrubro,2022-01-01,2022,21.785408,FALSE,1. Resto país
Chubut,Metales comunes y sus manufacturas,subrubro,2022-01-01,2022,NA,FALSE,1. Resto país
Chubut,"Máquinas y aparatos, material eléctrico",subrubro,2022-01-01,2022,NA,FALSE,1. Resto país
Chubut,Pescados y mariscos elaborados,subrubro,2022-01-01,2022,15.715275,FALSE,1. Resto país
Chubut,Pescados y mariscos sin elaborar,subrubro,2022-01-01,2022,516.989304,FALSE,1. Resto país
Chubut,Petróleo crudo,subrubro,2022-01-01,2022,1245.812345,FALSE,1. Resto país
Chubut,Pieles y cueros,subrubro,2022-01-01,2022,NA,FALSE,1. Resto país
Chubut,Resto de productos,subrubro,2022-01-01,2022,12.77366,FALSE,1. Resto país
Chubut,Total,total,2022-01-01,2022,2596.175564,FALSE,1. Resto país
Corrientes,"Café, té, yerba mate y especias",subrubro,2022-01-01,2022,17.221721,FALSE,1. Resto país
Corrientes,Cereales,subrubro,2022-01-01,2022,112.333968,FALSE,1. Resto país
Corrientes,Frutas frescas,subrubro,2022-01-01,2022,20.391996,FALSE,1. Resto país
Corrientes,Productos de molinería y sus preparaciones,subrubro,2022-01-01,2022,NA,FALSE,1. Resto país
Corrientes,Productos químicos y conexos,subrubro,2022-01-01,2022,29.451583,FALSE,1. Resto país
Corrientes,Resto de MOA,subrubro,2022-01-01,2022,70.122951,FALSE,1. Resto país
Corrientes,Resto de productos,subrubro,2022-01-01,2022,7.276852,FALSE,1. Resto país
Corrientes,Resto de productos primarios,subrubro,2022-01-01,2022,10.806403,FALSE,1. Resto país
Corrientes,Tabaco sin elaborar,subrubro,2022-01-01,2022,2.612169,FALSE,1. Resto país
Corrientes,Textiles y confecciones,subrubro,2022-01-01,2022,NA,FALSE,1. Resto país
Corrientes,Total,total,2022-01-01,2022,273.45511,FALSE,1. Resto país
Córdoba,"Azúcar, cacao y artículos de confitería",subrubro,2022-01-01,2022,58.700187,FALSE,1. Resto país
Córdoba,Carnes y sus preparados,subrubro,2022-01-01,2022,94.48828,FALSE,1. Resto país
Córdoba,Caucho y sus manufacturas,subrubro,2022-01-01,2022,30.798891,FALSE,1. Resto país
Córdoba,Cereales,subrubro,2022-01-01,2022,4102.787538,FALSE,1. Resto país
Córdoba,Extractos curtientes y tintóreos,subrubro,2022-01-01,2022,155.733056,FALSE,1. Resto país
Córdoba,Grasas y aceites,subrubro,2022-01-01,2022,1506.450631,FALSE,1. Resto país
Córdoba,Hortalizas y legumbres sin elaborar,subrubro,2022-01-01,2022,33.966249,FALSE,1. Resto país
Córdoba,Material de transporte terrestre,subrubro,2022-01-01,2022,1194.875487,FALSE,1. Resto país
Córdoba,Materias plásticas y sus manufacturas,subrubro,2022-01-01,2022,41.287141,FALSE,1. Resto país
Córdoba,"Máquinas y aparatos, material eléctrico",subrubro,2022-01-01,2022,330.850089,FALSE,1. Resto país
Córdoba,"Preparados de hortalizas, legumbres y frutas",subrubro,2022-01-01,2022,62.508893,FALSE,1. Resto país
Córdoba,Productos de molinería y sus preparaciones,subrubro,2022-01-01,2022,100.744776,FALSE,1. Resto país
Córdoba,Productos lácteos,subrubro,2022-01-01,2022,469.660758,FALSE,1. Resto país
Córdoba,Productos químicos y conexos,subrubro,2022-01-01,2022,325.840846,FALSE,1. Resto país
Córdoba,Residuos y desperdicios de la industria alimentaria,subrubro,2022-01-01,2022,2564.543331,FALSE,1. Resto país
Córdoba,Resto de MOA,subrubro,2022-01-01,2022,24.258492,FALSE,1. Resto país
Córdoba,Resto de MOI,subrubro,2022-01-01,2022,31.980894,FALSE,1. Resto país
Córdoba,Resto de productos,subrubro,2022-01-01,2022,119.017127,FALSE,1. Resto país
Córdoba,Semillas y frutos oleaginosos,subrubro,2022-01-01,2022,1614.912283,FALSE,1. Resto país
Córdoba,Total,total,2022-01-01,2022,12863.404948,FALSE,1. Resto país
Entre Ríos,Carnes y sus preparados,subrubro,2022-01-01,2022,482.945766,FALSE,1. Resto país
Entre Ríos,Cereales,subrubro,2022-01-01,2022,796.603082,FALSE,1. Resto país
Entre Ríos,Frutas frescas,subrubro,2022-01-01,2022,25.466596,FALSE,1. Resto país
Entre Ríos,Miel,subrubro,2022-01-01,2022,20.521347,FALSE,1. Resto país
Entre Ríos,"Máquinas y aparatos, material eléctrico",subrubro,2022-01-01,2022,16.139803,FALSE,1. Resto país
Entre Ríos,"Papel, cartón, impresos y publicaciones",subrubro,2022-01-01,2022,16.950025,FALSE,1. Resto país
Entre Ríos,Pieles y cueros,subrubro,2022-01-01,2022,NA,FALSE,1. Resto país
Entre Ríos,"Preparados de hortalizas, legumbres y frutas",subrubro,2022-01-01,2022,11.574877,FALSE,1. Resto país
Entre Ríos,Productos de molinería y sus preparaciones,subrubro,2022-01-01,2022,28.345464,FALSE,1. Resto país
Entre Ríos,Productos lácteos,subrubro,2022-01-01,2022,76.708607,FALSE,1. Resto país
Entre Ríos,Productos químicos y conexos,subrubro,2022-01-01,2022,86.456987,FALSE,1. Resto país
Entre Ríos,Resto de MOA,subrubro,2022-01-01,2022,70.02526,FALSE,1. Resto país
Entre Ríos,Resto de productos,subrubro,2022-01-01,2022,NA,FALSE,1. Resto país
Entre Ríos,Resto de productos primarios,subrubro,2022-01-01,2022,25.074883,FALSE,1. Resto país
Entre Ríos,Semillas y frutos oleaginosos,subrubro,2022-01-01,2022,202.109859,FALSE,1. Resto país
Entre Ríos,Total,total,2022-01-01,2022,1920.651491,FALSE,1. Resto país
Formosa,Cereales,subrubro,2022-01-01,2022,16.407238,FALSE,1. Resto país
Formosa,Extractos curtientes y tintóreos,subrubro,2022-01-01,2022,NA,FALSE,1. Resto país
Formosa,Fibras de algodón,subrubro,2022-01-01,2022,1.87805,FALSE,1. Resto país
Formosa,Otros productos de origen animal,subrubro,2022-01-01,2022,NA,FALSE,1. Resto país
Formosa,Resto de productos,subrubro,2022-01-01,2022,2.528722,FALSE,1. Resto país
Formosa,Semillas y frutos oleaginosos,subrubro,2022-01-01,2022,2.430733,FALSE,1. Resto país
Formosa,Total,total,2022-01-01,2022,40.69478,FALSE,1. Resto país
Jujuy,"Azúcar, cacao y artículos de confitería",subrubro,2022-01-01,2022,33.345882,FALSE,2. NOA-Resto
Jujuy,Hortalizas y legumbres sin elaborar,subrubro,2022-01-01,2022,15.859719,FALSE,2. NOA-Resto
Jujuy,"Minerales metalíferos, escorias y cenizas",subrubro,2022-01-01,2022,NA,FALSE,2. NOA-Resto
Jujuy,"Preparados de hortalizas, legumbres y frutas",subrubro,2022-01-01,2022,NA,FALSE,2. NOA-Resto
Jujuy,Productos químicos y conexos,subrubro,2022-01-01,2022,NA,FALSE,2. NOA-Resto
Jujuy,Resto de productos,subrubro,2022-01-01,2022,47.129539,FALSE,2. NOA-Resto
Jujuy,Resto de productos primarios,subrubro,2022-01-01,2022,9.546875,FALSE,2. NOA-Resto
Jujuy,Tabaco sin elaborar,subrubro,2022-01-01,2022,30.234721,FALSE,2. NOA-Resto
Jujuy,Total,total,2022-01-01,2022,883.076365,FALSE,2. NOA-Resto
La Pampa,Carnes y sus preparados,subrubro,2022-01-01,2022,206.845005,FALSE,1. Resto país
La Pampa,Cereales,subrubro,2022-01-01,2022,794.116515,FALSE,1. Resto país
La Pampa,Grasas y aceites,subrubro,2022-01-01,2022,18.192516,FALSE,1. Resto país
La Pampa,"Manufacturas de piedra, yeso, vidrio, etc.",subrubro,2022-01-01,2022,NA,FALSE,1. Resto país
La Pampa,Miel,subrubro,2022-01-01,2022,26.011925,FALSE,1. Resto país
La Pampa,Petróleo crudo,subrubro,2022-01-01,2022,23.580044,FALSE,1. Resto país
La Pampa,Resto de productos,subrubro,2022-01-01,2022,NA,FALSE,1. Resto país
La Pampa,Resto de productos primarios,subrubro,2022-01-01,2022,2.508205,FALSE,1. Resto país
La Pampa,Semillas y frutos oleaginosos,subrubro,2022-01-01,2022,135.81948,FALSE,1. Resto país
La Pampa,Total,total,2022-01-01,2022,1213.783356,FALSE,1. Resto país
La Rioja,"Bebidas, líquidos alcohólicos y vinagre",subrubro,2022-01-01,2022,10.932046,FALSE,3. La Rioja
La Rioja,Frutas frescas,subrubro,2022-01-01,2022,2.926933,FALSE,3. La Rioja
La Rioja,Frutas secas o procesadas,subrubro,2022-01-01,2022,5.127842,FALSE,3. La Rioja
La Rioja,Grasas y aceites,subrubro,2022-01-01,2022,30.434765,FALSE,3. La Rioja
La Rioja,Materias plásticas y sus manufacturas,subrubro,2022-01-01,2022,1.04203,FALSE,3. La Rioja
La Rioja,"Papel, cartón, impresos y publicaciones",subrubro,2022-01-01,2022,70.193354,FALSE,3. La Rioja
La Rioja,"Preparados de hortalizas, legumbres y frutas",subrubro,2022-01-01,2022,53.308267,FALSE,3. La Rioja
La Rioja,Productos químicos y conexos,subrubro,2022-01-01,2022,NA,FALSE,3. La Rioja
La Rioja,Resto de productos,subrubro,2022-01-01,2022,6.184309,FALSE,3. La Rioja
La Rioja,Textiles y confecciones,subrubro,2022-01-01,2022,NA,FALSE,3. La Rioja
La Rioja,Total,total,2022-01-01,2022,187.207336,FALSE,3. La Rioja
Mendoza,"Bebidas, líquidos alcohólicos y vinagre",subrubro,2022-01-01,2022,785.863618,FALSE,1. Resto país
Mendoza,Carburantes,subrubro,2022-01-01,2022,18.924944,FALSE,1. Resto país
Mendoza,Frutas frescas,subrubro,2022-01-01,2022,41.149855,FALSE,1. Resto país
Mendoza,Frutas secas o procesadas,subrubro,2022-01-01,2022,43.000169,FALSE,1. Resto país
Mendoza,Gas de petróleo y otros hidrocarburos gaseosos,subrubro,2022-01-01,2022,NA,FALSE,1. Resto país
Mendoza,Grasas y aceites,subrubro,2022-01-01,2022,42.16978,FALSE,1. Resto país
Mendoza,Hortalizas y legumbres sin elaborar,subrubro,2022-01-01,2022,104.106835,FALSE,1. Resto país
Mendoza,Materias plásticas y sus manufacturas,subrubro,2022-01-01,2022,113.727538,FALSE,1. Resto país
Mendoza,Metales comunes y sus manufacturas,subrubro,2022-01-01,2022,51.763579,FALSE,1. Resto país
Mendoza,"Máquinas y aparatos, material eléctrico",subrubro,2022-01-01,2022,34.581854,FALSE,1. Resto país
Mendoza,"Preparados de hortalizas, legumbres y frutas",subrubro,2022-01-01,2022,200.181151,FALSE,1. Resto país
Mendoza,Productos químicos y conexos,subrubro,2022-01-01,2022,29.901216,FALSE,1. Resto país
Mendoza,Resto de combustibles,subrubro,2022-01-01,2022,75.40081,FALSE,1. Resto país
Mendoza,Resto de productos,subrubro,2022-01-01,2022,NA,FALSE,1. Resto país
Mendoza,Total,total,2022-01-01,2022,1613.965103,FALSE,1. Resto país
Misiones,"Café, té, yerba mate y especias",subrubro,2022-01-01,2022,152.0866,FALSE,1. Resto país
Misiones,Cereales,subrubro,2022-01-01,2022,8.40632,FALSE,1. Resto país
Misiones,Frutas frescas,subrubro,2022-01-01,2022,2.890097,FALSE,1. Resto país
Misiones,"Papel, cartón, impresos y publicaciones",subrubro,2022-01-01,2022,142.308069,FALSE,1. Resto país
Misiones,Resto de MOA,subrubro,2022-01-01,2022,87.837206,FALSE,1. Resto país
Misiones,Resto de MOI,subrubro,2022-01-01,2022,11.406456,FALSE,1. Resto país
Misiones,Resto de productos,subrubro,2022-01-01,2022,3.985702,FALSE,1. Resto país
Misiones,Tabaco sin elaborar,subrubro,2022-01-01,2022,30.491911,FALSE,1. Resto país
Misiones,Total,total,2022-01-01,2022,439.41236,FALSE,1. Resto país
Neuquén,"Bebidas, líquidos alcohólicos y vinagre",subrubro,2022-01-01,2022,5.256246,FALSE,1. Resto país
Neuquén,Carburantes,subrubro,2022-01-01,2022,5.333497,FALSE,1. Resto país
Neuquén,Frutas frescas,subrubro,2022-01-01,2022,27.156346,FALSE,1. Resto país
Neuquén,Gas de petróleo y otros hidrocarburos gaseosos,subrubro,2022-01-01,2022,668.516218,FALSE,1. Resto país
Neuquén,Petróleo crudo,subrubro,2022-01-01,2022,2228.314195,FALSE,1. Resto país
Neuquén,Productos químicos y conexos,subrubro,2022-01-01,2022,NA,FALSE,1. Resto país
Neuquén,Resto de productos,subrubro,2022-01-01,2022,NA,FALSE,1. Resto país
Neuquén,Resto de productos primarios,subrubro,2022-01-01,2022,5.420311,FALSE,1. Resto país
Neuquén,Total,total,2022-01-01,2022,2960.570986,FALSE,1. Resto país
Río Negro,"Azúcar, cacao y artículos de confitería",subrubro,2022-01-01,2022,2.518892,FALSE,1. Resto país
Río Negro,"Bebidas, líquidos alcohólicos y vinagre",subrubro,2022-01-01,2022,8.622509,FALSE,1. Resto país
Río Negro,Carnes y sus preparados,subrubro,2022-01-01,2022,NA,FALSE,1. Resto país
Río Negro,Frutas frescas,subrubro,2022-01-01,2022,212.946513,FALSE,1. Resto país
Río Negro,Frutas secas o procesadas,subrubro,2022-01-01,2022,11.707029,FALSE,1. Resto país
Río Negro,Gas de petróleo y otros hidrocarburos gaseosos,subrubro,2022-01-01,2022,NA,FALSE,1. Resto país
Río Negro,Lanas sucias,subrubro,2022-01-01,2022,4.264169,FALSE,1. Resto país
Río Negro,"Máquinas y aparatos, material eléctrico",subrubro,2022-01-01,2022,2.233863,FALSE,1. Resto país
Río Negro,Pescados y mariscos elaborados,subrubro,2022-01-01,2022,2.431292,FALSE,1. Resto país
Río Negro,Pescados y mariscos sin elaborar,subrubro,2022-01-01,2022,10.867098,FALSE,1. Resto país
Río Negro,Petróleo crudo,subrubro,2022-01-01,2022,121.830229,FALSE,1. Resto país
Río Negro,"Preparados de hortalizas, legumbres y frutas",subrubro,2022-01-01,2022,30.338891,FALSE,1. Resto país
Río Negro,Resto de productos,subrubro,2022-01-01,2022,5.601337,FALSE,1. Resto país
Río Negro,Resto de productos primarios,subrubro,2022-01-01,2022,10.514839,FALSE,1. Resto país
Río Negro,Total,total,2022-01-01,2022,461.820876,FALSE,1. Resto país
Salta,"Bebidas, líquidos alcohólicos y vinagre",subrubro,2022-01-01,2022,20.800845,FALSE,2. NOA-Resto
Salta,Carburantes,subrubro,2022-01-01,2022,27.957337,FALSE,2. NOA-Resto
Salta,Cereales,subrubro,2022-01-01,2022,324.264978,FALSE,2. NOA-Resto
Salta,Hortalizas y legumbres sin elaborar,subrubro,2022-01-01,2022,261.3488,FALSE,2. NOA-Resto
Salta,Petróleo crudo,subrubro,2022-01-01,2022,NA,FALSE,2. NOA-Resto
Salta,"Piedras, metales preciosos y sus manufacturas, monedas",subrubro,2022-01-01,2022,213.849631,FALSE,2. NOA-Resto
Salta,"Preparados de hortalizas, legumbres y frutas",subrubro,2022-01-01,2022,15.393522,FALSE,2. NOA-Resto
Salta,Productos químicos y conexos,subrubro,2022-01-01,2022,79.101617,FALSE,2. NOA-Resto
Salta,Resto de productos,subrubro,2022-01-01,2022,81.767979,FALSE,2. NOA-Resto
Salta,Resto de productos primarios,subrubro,2022-01-01,2022,17.411033,FALSE,2. NOA-Resto
Salta,Semillas y frutos oleaginosos,subrubro,2022-01-01,2022,50.073161,FALSE,2. NOA-Resto
Salta,Tabaco sin elaborar,subrubro,2022-01-01,2022,241.394511,FALSE,2. NOA-Resto
Salta,Total,total,2022-01-01,2022,1333.363413,FALSE,2. NOA-Resto
San Juan,"Bebidas, líquidos alcohólicos y vinagre",subrubro,2022-01-01,2022,17.494781,FALSE,1. Resto país
San Juan,Frutas secas o procesadas,subrubro,2022-01-01,2022,43.292304,FALSE,1. Resto país
San Juan,Grasas y aceites,subrubro,2022-01-01,2022,24.551923,FALSE,1. Resto país
San Juan,Hortalizas y legumbres sin elaborar,subrubro,2022-01-01,2022,33.157221,FALSE,1. Resto país
San Juan,"Piedras, metales preciosos y sus manufacturas, monedas",subrubro,2022-01-01,2022,NA,FALSE,1. Resto país
San Juan,"Preparados de hortalizas, legumbres y frutas",subrubro,2022-01-01,2022,66.712072,FALSE,1. Resto país
San Juan,Productos químicos y conexos,subrubro,2022-01-01,2022,61.278758,FALSE,1. Resto país
San Juan,Resto de MOI,subrubro,2022-01-01,2022,32.438175,FALSE,1. Resto país
San Juan,Resto de productos,subrubro,2022-01-01,2022,NA,FALSE,1. Resto país
San Juan,Semillas y frutos oleaginosos,subrubro,2022-01-01,2022,9.904396,FALSE,1. Resto país
San Juan,Total,total,2022-01-01,2022,1155.75572,FALSE,1. Resto país
San Luis,Carnes y sus preparados,subrubro,2022-01-01,2022,NA,FALSE,1. Resto país
San Luis,Cereales,subrubro,2022-01-01,2022,315.839348,FALSE,1. Resto país
San Luis,"Manufacturas de piedra, yeso, vidrio, etc.",subrubro,2022-01-01,2022,13.999232,FALSE,1. Resto país
San Luis,Materias plásticas y sus manufacturas,subrubro,2022-01-01,2022,46.398522,FALSE,1. Resto país
San Luis,Metales comunes y sus manufacturas,subrubro,2022-01-01,2022,15.288365,FALSE,1. Resto país
San Luis,"Máquinas y aparatos, material eléctrico",subrubro,2022-01-01,2022,31.84763,FALSE,1. Resto país
San Luis,"Papel, cartón, impresos y publicaciones",subrubro,2022-01-01,2022,45.046121,FALSE,1. Resto país
San Luis,"Preparados de hortalizas, legumbres y frutas",subrubro,2022-01-01,2022,NA,FALSE,1. Resto país
San Luis,Productos de molinería y sus preparaciones,subrubro,2022-01-01,2022,36.703514,FALSE,1. Resto país
San Luis,Productos químicos y conexos,subrubro,2022-01-01,2022,22.212085,FALSE,1. Resto país
San Luis,Residuos y desperdicios de la industria alimentaria,subrubro,2022-01-01,2022,10.507516,FALSE,1. Resto país
San Luis,Resto de MOA,subrubro,2022-01-01,2022,8.755047,FALSE,1. Resto país
San Luis,Resto de productos,subrubro,2022-01-01,2022,41.734217,FALSE,1. Resto país
San Luis,Semillas y frutos oleaginosos,subrubro,2022-01-01,2022,61.278532,FALSE,1. Resto país
San Luis,Total,total,2022-01-01,2022,880.214509,FALSE,1. Resto país
Santa Cruz,Carnes y sus preparados,subrubro,2022-01-01,2022,15.845886,FALSE,1. Resto país
Santa Cruz,Frutas frescas,subrubro,2022-01-01,2022,NA,FALSE,1. Resto país
Santa Cruz,Gas de petróleo y otros hidrocarburos gaseosos,subrubro,2022-01-01,2022,NA,FALSE,1. Resto país
Santa Cruz,"Minerales metalíferos, escorias y cenizas",subrubro,2022-01-01,2022,NA,FALSE,1. Resto país
Santa Cruz,Pescados y mariscos elaborados,subrubro,2022-01-01,2022,27.232369,FALSE,1. Resto país
Santa Cruz,Pescados y mariscos sin elaborar,subrubro,2022-01-01,2022,252.21855,FALSE,1. Resto país
Santa Cruz,Petróleo crudo,subrubro,2022-01-01,2022,165.060311,FALSE,1. Resto país
Santa Cruz,"Piedras, metales preciosos y sus manufacturas, monedas",subrubro,2022-01-01,2022,1583.606489,FALSE,1. Resto país
Santa Cruz,Resto de MOI,subrubro,2022-01-01,2022,3.580917,FALSE,1. Resto país
Santa Cruz,Resto de productos,subrubro,2022-01-01,2022,1.873047,FALSE,1. Resto país
Santa Cruz,Total,total,2022-01-01,2022,2234.06816,FALSE,1. Resto país
Santa Fe,Carburantes,subrubro,2022-01-01,2022,119.42715,FALSE,1. Resto país
Santa Fe,Carnes y sus preparados,subrubro,2022-01-01,2022,929.87374,FALSE,1. Resto país
Santa Fe,Caucho y sus manufacturas,subrubro,2022-01-01,2022,61.727365,FALSE,1. Resto país
Santa Fe,Cereales,subrubro,2022-01-01,2022,2036.357536,FALSE,1. Resto país
Santa Fe,Extractos curtientes y tintóreos,subrubro,2022-01-01,2022,66.151989,FALSE,1. Resto país
Santa Fe,Grasas y aceites,subrubro,2022-01-01,2022,4351.130872,FALSE,1. Resto país
Santa Fe,Material de transporte terrestre,subrubro,2022-01-01,2022,398.607473,FALSE,1. Resto país
Santa Fe,Metales comunes y sus manufacturas,subrubro,2022-01-01,2022,99.312654,FALSE,1. Resto país
Santa Fe,Miel,subrubro,2022-01-01,2022,36.744639,FALSE,1. Resto país
Santa Fe,"Máquinas y aparatos, material eléctrico",subrubro,2022-01-01,2022,483.479515,FALSE,1. Resto país
Santa Fe,Pieles y cueros,subrubro,2022-01-01,2022,136.050029,FALSE,1. Resto país
Santa Fe,Productos de molinería y sus preparaciones,subrubro,2022-01-01,2022,346.576191,FALSE,1. Resto país
Santa Fe,Productos lácteos,subrubro,2022-01-01,2022,652.134427,FALSE,1. Resto país
Santa Fe,Productos químicos y conexos,subrubro,2022-01-01,2022,1752.882688,FALSE,1. Resto país
Santa Fe,Residuos y desperdicios de la industria alimentaria,subrubro,2022-01-01,2022,6969.875476,FALSE,1. Resto país
Santa Fe,Resto de MOA,subrubro,2022-01-01,2022,31.608759,FALSE,1. Resto país
Santa Fe,Resto de productos,subrubro,2022-01-01,2022,139.048819,FALSE,1. Resto país
Santa Fe,Semillas y frutos oleaginosos,subrubro,2022-01-01,2022,654.31571,FALSE,1. Resto país
Santa Fe,Total,total,2022-01-01,2022,19265.305033,FALSE,1. Resto país
Santiago del Estero,Carnes y sus preparados,subrubro,2022-01-01,2022,61.315475,FALSE,2. NOA-Resto
Santiago del Estero,Cereales,subrubro,2022-01-01,2022,1054.688225,FALSE,2. NOA-Resto
Santiago del Estero,Fibras de algodón,subrubro,2022-01-01,2022,85.167799,FALSE,2. NOA-Resto
Santiago del Estero,Hortalizas y legumbres sin elaborar,subrubro,2022-01-01,2022,71.731598,FALSE,2. NOA-Resto
Santiago del Estero,Miel,subrubro,2022-01-01,2022,3.378817,FALSE,2. NOA-Resto
Santiago del Estero,Pieles y cueros,subrubro,2022-01-01,2022,3.552729,FALSE,2. NOA-Resto
Santiago del Estero,Resto de productos,subrubro,2022-01-01,2022,10.22638,FALSE,2. NOA-Resto
Santiago del Estero,Resto de productos primarios,subrubro,2022-01-01,2022,1.340175,FALSE,2. NOA-Resto
Santiago del Estero,Semillas y frutos oleaginosos,subrubro,2022-01-01,2022,255.232901,FALSE,2. NOA-Resto
Santiago del Estero,Total,total,2022-01-01,2022,1546.634099,FALSE,2. NOA-Resto
Tierra del Fuego,Gas de petróleo y otros hidrocarburos gaseosos,subrubro,2022-01-01,2022,103.876074,FALSE,1. Resto país
Tierra del Fuego,Materias plásticas y sus manufacturas,subrubro,2022-01-01,2022,29.448536,FALSE,1. Resto país
Tierra del Fuego,Pescados y mariscos elaborados,subrubro,2022-01-01,2022,21.070696,FALSE,1. Resto país
Tierra del Fuego,Pescados y mariscos sin elaborar,subrubro,2022-01-01,2022,78.645819,FALSE,1. Resto país
Tierra del Fuego,Petróleo crudo,subrubro,2022-01-01,2022,145.410274,FALSE,1. Resto país
Tierra del Fuego,Residuos y desperdicios de la industria alimentaria,subrubro,2022-01-01,2022,1.77474,FALSE,1. Resto país
Tierra del Fuego,Resto de MOA,subrubro,2022-01-01,2022,6.351158,FALSE,1. Resto país
Tierra del Fuego,Resto de productos,subrubro,2022-01-01,2022,4.769577,FALSE,1. Resto país
Tierra del Fuego,Total,total,2022-01-01,2022,391.346874,FALSE,1. Resto país
Tucumán,"Azúcar, cacao y artículos de confitería",subrubro,2022-01-01,2022,91.09429,FALSE,2. NOA-Resto
Tucumán,Cereales,subrubro,2022-01-01,2022,85.243924,FALSE,2. NOA-Resto
Tucumán,Frutas frescas,subrubro,2022-01-01,2022,124.923208,FALSE,2. NOA-Resto
Tucumán,Frutas secas o procesadas,subrubro,2022-01-01,2022,12.384182,FALSE,2. NOA-Resto
Tucumán,Hortalizas y legumbres sin elaborar,subrubro,2022-01-01,2022,10.429602,FALSE,2. NOA-Resto
Tucumán,Material de transporte terrestre,subrubro,2022-01-01,2022,NA,FALSE,2. NOA-Resto
Tucumán,"Máquinas y aparatos, material eléctrico",subrubro,2022-01-01,2022,15.616528,FALSE,2. NOA-Resto
Tucumán,"Preparados de hortalizas, legumbres y frutas",subrubro,2022-01-01,2022,106.238175,FALSE,2. NOA-Resto
Tucumán,Productos de molinería y sus preparaciones,subrubro,2022-01-01,2022,7.010351,FALSE,2. NOA-Resto
Tucumán,Productos químicos y conexos,subrubro,2022-01-01,2022,190.012098,FALSE,2. NOA-Resto
Tucumán,Residuos y desperdicios de la industria alimentaria,subrubro,2022-01-01,2022,75.037973,FALSE,2. NOA-Resto
Tucumán,Resto de productos,subrubro,2022-01-01,2022,NA,FALSE,2. NOA-Resto
Tucumán,Total,total,2022-01-01,2022,931.964848,FALSE,2. NOA-Resto
Buenos Aires,Carburantes,subrubro,2023-01-01,2023,1996.293955,FALSE,1. Resto país
Buenos Aires,Carnes y sus preparados,subrubro,2023-01-01,2023,1788.674783,FALSE,1. Resto país
Buenos Aires,Caucho y sus manufacturas,subrubro,2023-01-01,2023,111.04469,FALSE,1. Resto país
Buenos Aires,Cereales,subrubro,2023-01-01,2023,3061.787612,FALSE,1. Resto país
Buenos Aires,Gas de petróleo y otros hidrocarburos gaseosos,subrubro,2023-01-01,2023,457.395299,FALSE,1. Resto país
Buenos Aires,Grasas y aceites,subrubro,2023-01-01,2023,2018.700851,FALSE,1. Resto país
Buenos Aires,"Manufacturas de piedra, yeso, vidrio, etc.",subrubro,2023-01-01,2023,93.687853,FALSE,1. Resto país
Buenos Aires,Material de transporte terrestre,subrubro,2023-01-01,2023,6572.15579,FALSE,1. Resto país
Buenos Aires,Materias plásticas y sus manufacturas,subrubro,2023-01-01,2023,580.943402,FALSE,1. Resto país
Buenos Aires,Metales comunes y sus manufacturas,subrubro,2023-01-01,2023,1114.023466,FALSE,1. Resto país
Buenos Aires,Miel,subrubro,2023-01-01,2023,88.605808,FALSE,1. Resto país
Buenos Aires,"Máquinas y aparatos, material eléctrico",subrubro,2023-01-01,2023,463.98991,FALSE,1. Resto país
Buenos Aires,Pescados y mariscos elaborados,subrubro,2023-01-01,2023,176.79865,FALSE,1. Resto país
Buenos Aires,Pescados y mariscos sin elaborar,subrubro,2023-01-01,2023,219.038657,FALSE,1. Resto país
Buenos Aires,Pieles y cueros,subrubro,2023-01-01,2023,242.601254,FALSE,1. Resto país
Buenos Aires,"Preparados de hortalizas, legumbres y frutas",subrubro,2023-01-01,2023,207.984009,FALSE,1. Resto país
Buenos Aires,Productos de molinería y sus preparaciones,subrubro,2023-01-01,2023,468.843191,FALSE,1. Resto país
Buenos Aires,Productos lácteos,subrubro,2023-01-01,2023,192.355576,FALSE,1. Resto país
Buenos Aires,Productos químicos y conexos,subrubro,2023-01-01,2023,1934.523012,FALSE,1. Resto país
Buenos Aires,Residuos y desperdicios de la industria alimentaria,subrubro,2023-01-01,2023,2911.070872,FALSE,1. Resto país
Buenos Aires,Resto de MOA,subrubro,2023-01-01,2023,197.030531,FALSE,1. Resto país
Buenos Aires,Resto de combustibles,subrubro,2023-01-01,2023,280.966106,FALSE,1. Resto país
Buenos Aires,Resto de productos,subrubro,2023-01-01,2023,619.50946,FALSE,1. Resto país
Buenos Aires,Semillas y frutos oleaginosos,subrubro,2023-01-01,2023,477.677597,FALSE,1. Resto país
Buenos Aires,Total,total,2023-01-01,2023,26275.702331,FALSE,1. Resto país
C.A.B.A.,"Azúcar, cacao y artículos de confitería",subrubro,2023-01-01,2023,4.169491,FALSE,1. Resto país
C.A.B.A.,Carnes y sus preparados,subrubro,2023-01-01,2023,NA,FALSE,1. Resto país
C.A.B.A.,"Máquinas y aparatos, material eléctrico",subrubro,2023-01-01,2023,16.128734,FALSE,1. Resto país
C.A.B.A.,"Papel, cartón, impresos y publicaciones",subrubro,2023-01-01,2023,7.005547,FALSE,1. Resto país
C.A.B.A.,Pieles y cueros,subrubro,2023-01-01,2023,17.491374,FALSE,1. Resto país
C.A.B.A.,Productos químicos y conexos,subrubro,2023-01-01,2023,250.656695,FALSE,1. Resto país
C.A.B.A.,Resto de MOA,subrubro,2023-01-01,2023,3.497232,FALSE,1. Resto país
C.A.B.A.,Resto de MOI,subrubro,2023-01-01,2023,2.883876,FALSE,1. Resto país
C.A.B.A.,Resto de productos,subrubro,2023-01-01,2023,NA,FALSE,1. Resto país
C.A.B.A.,Total,total,2023-01-01,2023,316.580104,FALSE,1. Resto país
Catamarca,"Azúcar, cacao y artículos de confitería",subrubro,2023-01-01,2023,NA,FALSE,2. NOA-Resto
Catamarca,Cereales,subrubro,2023-01-01,2023,12.693568,FALSE,2. NOA-Resto
Catamarca,Grasas y aceites,subrubro,2023-01-01,2023,15.333421,FALSE,2. NOA-Resto
Catamarca,Hortalizas y legumbres sin elaborar,subrubro,2023-01-01,2023,1.598476,FALSE,2. NOA-Resto
Catamarca,"Piedras, metales preciosos y sus manufacturas, monedas",subrubro,2023-01-01,2023,35.823674,FALSE,2. NOA-Resto
Catamarca,"Preparados de hortalizas, legumbres y frutas",subrubro,2023-01-01,2023,NA,FALSE,2. NOA-Resto
Catamarca,Productos químicos y conexos,subrubro,2023-01-01,2023,199.285698,FALSE,2. NOA-Resto
Catamarca,Resto de MOA,subrubro,2023-01-01,2023,2.190534,FALSE,2. NOA-Resto
Catamarca,Resto de productos,subrubro,2023-01-01,2023,1.616633,FALSE,2. NOA-Resto
Catamarca,Semillas y frutos oleaginosos,subrubro,2023-01-01,2023,3.300242,FALSE,2. NOA-Resto
Catamarca,Total,total,2023-01-01,2023,277.208579,FALSE,2. NOA-Resto
Chaco,Cereales,subrubro,2023-01-01,2023,150.515116,FALSE,1. Resto país
Chaco,Extractos curtientes y tintóreos,subrubro,2023-01-01,2023,51.275624,FALSE,1. Resto país
Chaco,Fibras de algodón,subrubro,2023-01-01,2023,20.090697,FALSE,1. Resto país
Chaco,Resto de productos,subrubro,2023-01-01,2023,16.163083,FALSE,1. Resto país
Chaco,Resto de productos primarios,subrubro,2023-01-01,2023,18.636819,FALSE,1. Resto país
Chaco,Semillas y frutos oleaginosos,subrubro,2023-01-01,2023,47.12844,FALSE,1. Resto país
Chaco,Total,total,2023-01-01,2023,303.80978,FALSE,1. Resto país
Chubut,Carburantes,subrubro,2023-01-01,2023,5.594712,FALSE,1. Resto país
Chubut,Frutas frescas,subrubro,2023-01-01,2023,4.042311,FALSE,1. Resto país
Chubut,Lanas elaboradas,subrubro,2023-01-01,2023,57.982385,FALSE,1. Resto país
Chubut,Lanas sucias,subrubro,2023-01-01,2023,13.481523,FALSE,1. Resto país
Chubut,Metales comunes y sus manufacturas,subrubro,2023-01-01,2023,NA,FALSE,1. Resto país
Chubut,"Máquinas y aparatos, material eléctrico",subrubro,2023-01-01,2023,4.408923,FALSE,1. Resto país
Chubut,Pescados y mariscos elaborados,subrubro,2023-01-01,2023,16.342693,FALSE,1. Resto país
Chubut,Pescados y mariscos sin elaborar,subrubro,2023-01-01,2023,558.523467,FALSE,1. Resto país
Chubut,Petróleo crudo,subrubro,2023-01-01,2023,855.558075,FALSE,1. Resto país
Chubut,Pieles y cueros,subrubro,2023-01-01,2023,2.812278,FALSE,1. Resto país
Chubut,Resto de productos,subrubro,2023-01-01,2023,NA,FALSE,1. Resto país
Chubut,Total,total,2023-01-01,2023,2325.468424,FALSE,1. Resto país
Corrientes,"Café, té, yerba mate y especias",subrubro,2023-01-01,2023,16.56091,FALSE,1. Resto país
Corrientes,Cereales,subrubro,2023-01-01,2023,97.300874,FALSE,1. Resto país
Corrientes,Frutas frescas,subrubro,2023-01-01,2023,15.716445,FALSE,1. Resto país
Corrientes,Productos de molinería y sus preparaciones,subrubro,2023-01-01,2023,NA,FALSE,1. Resto país
Corrientes,Productos químicos y conexos,subrubro,2023-01-01,2023,23.281598,FALSE,1. Resto país
Corrientes,Resto de MOA,subrubro,2023-01-01,2023,58.204479,FALSE,1. Resto país
Corrientes,Resto de productos,subrubro,2023-01-01,2023,NA,FALSE,1. Resto país
Corrientes,Resto de productos primarios,subrubro,2023-01-01,2023,13.600352000000001,FALSE,1. Resto país
Corrientes,Tabaco sin elaborar,subrubro,2023-01-01,2023,1.468101,FALSE,1. Resto país
Corrientes,Textiles y confecciones,subrubro,2023-01-01,2023,1.759822,FALSE,1. Resto país
Corrientes,Total,total,2023-01-01,2023,235.504416,FALSE,1. Resto país
Córdoba,"Azúcar, cacao y artículos de confitería",subrubro,2023-01-01,2023,75.831909,FALSE,1. Resto país
Córdoba,Carnes y sus preparados,subrubro,2023-01-01,2023,81.564405,FALSE,1. Resto país
Córdoba,Caucho y sus manufacturas,subrubro,2023-01-01,2023,31.593191,FALSE,1. Resto país
Córdoba,Cereales,subrubro,2023-01-01,2023,2416.861734,FALSE,1. Resto país
Córdoba,Extractos curtientes y tintóreos,subrubro,2023-01-01,2023,109.401124,FALSE,1. Resto país
Córdoba,Grasas y aceites,subrubro,2023-01-01,2023,854.175007,FALSE,1. Resto país
Córdoba,Hortalizas y legumbres sin elaborar,subrubro,2023-01-01,2023,33.848593,FALSE,1. Resto país
Córdoba,Material de transporte terrestre,subrubro,2023-01-01,2023,1198.568806,FALSE,1. Resto país
Córdoba,Materias plásticas y sus manufacturas,subrubro,2023-01-01,2023,36.116181,FALSE,1. Resto país
Córdoba,"Máquinas y aparatos, material eléctrico",subrubro,2023-01-01,2023,312.67831,FALSE,1. Resto país
Córdoba,"Preparados de hortalizas, legumbres y frutas",subrubro,2023-01-01,2023,76.614064,FALSE,1. Resto país
Córdoba,Productos de molinería y sus preparaciones,subrubro,2023-01-01,2023,57.668831,FALSE,1. Resto país
Córdoba,Productos lácteos,subrubro,2023-01-01,2023,359.82634,FALSE,1. Resto país
Córdoba,Productos químicos y conexos,subrubro,2023-01-01,2023,116.558891,FALSE,1. Resto país
Córdoba,Residuos y desperdicios de la industria alimentaria,subrubro,2023-01-01,2023,1375.123814,FALSE,1. Resto país
Córdoba,Resto de MOA,subrubro,2023-01-01,2023,27.898075,FALSE,1. Resto país
Córdoba,Resto de MOI,subrubro,2023-01-01,2023,31.82781,FALSE,1. Resto país
Córdoba,Resto de productos,subrubro,2023-01-01,2023,93.022868,FALSE,1. Resto país
Córdoba,Semillas y frutos oleaginosos,subrubro,2023-01-01,2023,1027.429752,FALSE,1. Resto país
Córdoba,Total,total,2023-01-01,2023,8316.609706,FALSE,1. Resto país
Entre Ríos,Carnes y sus preparados,subrubro,2023-01-01,2023,274.474804,FALSE,1. Resto país
Entre Ríos,Cereales,subrubro,2023-01-01,2023,380.760405,FALSE,1. Resto país
Entre Ríos,Frutas frescas,subrubro,2023-01-01,2023,26.615859,FALSE,1. Resto país
Entre Ríos,Miel,subrubro,2023-01-01,2023,15.228547,FALSE,1. Resto país
Entre Ríos,"Máquinas y aparatos, material eléctrico",subrubro,2023-01-01,2023,15.350396,FALSE,1. Resto país
Entre Ríos,"Papel, cartón, impresos y publicaciones",subrubro,2023-01-01,2023,12.078492,FALSE,1. Resto país
Entre Ríos,Pieles y cueros,subrubro,2023-01-01,2023,13.648376,FALSE,1. Resto país
Entre Ríos,"Preparados de hortalizas, legumbres y frutas",subrubro,2023-01-01,2023,10.807922,FALSE,1. Resto país
Entre Ríos,Productos de molinería y sus preparaciones,subrubro,2023-01-01,2023,28.023526,FALSE,1. Resto país
Entre Ríos,Productos lácteos,subrubro,2023-01-01,2023,50.672797,FALSE,1. Resto país
Entre Ríos,Productos químicos y conexos,subrubro,2023-01-01,2023,76.122776,FALSE,1. Resto país
Entre Ríos,Resto de MOA,subrubro,2023-01-01,2023,60.616383,FALSE,1. Resto país
Entre Ríos,Resto de productos,subrubro,2023-01-01,2023,53.208481,FALSE,1. Resto país
Entre Ríos,Resto de productos primarios,subrubro,2023-01-01,2023,30.468292,FALSE,1. Resto país
Entre Ríos,Semillas y frutos oleaginosos,subrubro,2023-01-01,2023,69.978436,FALSE,1. Resto país
Entre Ríos,Total,total,2023-01-01,2023,1118.055493,FALSE,1. Resto país
Formosa,Cereales,subrubro,2023-01-01,2023,12.279405,FALSE,1. Resto país
Formosa,Extractos curtientes y tintóreos,subrubro,2023-01-01,2023,NA,FALSE,1. Resto país
Formosa,Fibras de algodón,subrubro,2023-01-01,2023,0.633437,FALSE,1. Resto país
Formosa,Otros productos de origen animal,subrubro,2023-01-01,2023,NA,FALSE,1. Resto país
Formosa,Resto de productos,subrubro,2023-01-01,2023,0.678084,FALSE,1. Resto país
Formosa,Semillas y frutos oleaginosos,subrubro,2023-01-01,2023,0.810646,FALSE,1. Resto país
Formosa,Total,total,2023-01-01,2023,20.639354,FALSE,1. Resto país
Jujuy,"Azúcar, cacao y artículos de confitería",subrubro,2023-01-01,2023,NA,FALSE,2. NOA-Resto
Jujuy,Hortalizas y legumbres sin elaborar,subrubro,2023-01-01,2023,15.048957,FALSE,2. NOA-Resto
Jujuy,"Minerales metalíferos, escorias y cenizas",subrubro,2023-01-01,2023,NA,FALSE,2. NOA-Resto
Jujuy,"Preparados de hortalizas, legumbres y frutas",subrubro,2023-01-01,2023,NA,FALSE,2. NOA-Resto
Jujuy,Productos químicos y conexos,subrubro,2023-01-01,2023,NA,FALSE,2. NOA-Resto
Jujuy,Resto de productos,subrubro,2023-01-01,2023,28.87181,FALSE,2. NOA-Resto
Jujuy,Resto de productos primarios,subrubro,2023-01-01,2023,18.431524,FALSE,2. NOA-Resto
Jujuy,Tabaco sin elaborar,subrubro,2023-01-01,2023,63.550417,FALSE,2. NOA-Resto
Jujuy,Total,total,2023-01-01,2023,1073.490567,FALSE,2. NOA-Resto
La Pampa,Carnes y sus preparados,subrubro,2023-01-01,2023,169.832236,FALSE,1. Resto país
La Pampa,Cereales,subrubro,2023-01-01,2023,475.37131,FALSE,1. Resto país
La Pampa,Grasas y aceites,subrubro,2023-01-01,2023,8.312246,FALSE,1. Resto país
La Pampa,"Manufacturas de piedra, yeso, vidrio, etc.",subrubro,2023-01-01,2023,NA,FALSE,1. Resto país
La Pampa,Miel,subrubro,2023-01-01,2023,19.303013,FALSE,1. Resto país
La Pampa,Petróleo crudo,subrubro,2023-01-01,2023,26.081678,FALSE,1. Resto país
La Pampa,Resto de productos,subrubro,2023-01-01,2023,NA,FALSE,1. Resto país
La Pampa,Resto de productos primarios,subrubro,2023-01-01,2023,2.642256,FALSE,1. Resto país
La Pampa,Semillas y frutos oleaginosos,subrubro,2023-01-01,2023,74.354665,FALSE,1. Resto país
La Pampa,Total,total,2023-01-01,2023,783.046471,FALSE,1. Resto país
La Rioja,"Bebidas, líquidos alcohólicos y vinagre",subrubro,2023-01-01,2023,7.378033,FALSE,3. La Rioja
La Rioja,Frutas frescas,subrubro,2023-01-01,2023,4.704501,FALSE,3. La Rioja
La Rioja,Frutas secas o procesadas,subrubro,2023-01-01,2023,4.159475,FALSE,3. La Rioja
La Rioja,Grasas y aceites,subrubro,2023-01-01,2023,65.228477,FALSE,3. La Rioja
La Rioja,Materias plásticas y sus manufacturas,subrubro,2023-01-01,2023,0.68318,FALSE,3. La Rioja
La Rioja,"Papel, cartón, impresos y publicaciones",subrubro,2023-01-01,2023,NA,FALSE,3. La Rioja
La Rioja,"Preparados de hortalizas, legumbres y frutas",subrubro,2023-01-01,2023,58.236662,FALSE,3. La Rioja
La Rioja,Productos químicos y conexos,subrubro,2023-01-01,2023,NA,FALSE,3. La Rioja
La Rioja,Resto de productos,subrubro,2023-01-01,2023,0.92204,FALSE,3. La Rioja
La Rioja,Textiles y confecciones,subrubro,2023-01-01,2023,NA,FALSE,3. La Rioja
La Rioja,Total,total,2023-01-01,2023,199.139106,FALSE,3. La Rioja
Mendoza,"Bebidas, líquidos alcohólicos y vinagre",subrubro,2023-01-01,2023,649.848051,FALSE,1. Resto país
Mendoza,Carburantes,subrubro,2023-01-01,2023,26.195635,FALSE,1. Resto país
Mendoza,Frutas frescas,subrubro,2023-01-01,2023,44.067376,FALSE,1. Resto país
Mendoza,Frutas secas o procesadas,subrubro,2023-01-01,2023,42.431741,FALSE,1. Resto país
Mendoza,Gas de petróleo y otros hidrocarburos gaseosos,subrubro,2023-01-01,2023,NA,FALSE,1. Resto país
Mendoza,Grasas y aceites,subrubro,2023-01-01,2023,61.360447,FALSE,1. Resto país
Mendoza,Hortalizas y legumbres sin elaborar,subrubro,2023-01-01,2023,89.037122,FALSE,1. Resto país
Mendoza,Materias plásticas y sus manufacturas,subrubro,2023-01-01,2023,51.910008,FALSE,1. Resto país
Mendoza,Metales comunes y sus manufacturas,subrubro,2023-01-01,2023,31.656493,FALSE,1. Resto país
Mendoza,"Máquinas y aparatos, material eléctrico",subrubro,2023-01-01,2023,22.520979,FALSE,1. Resto país
Mendoza,"Preparados de hortalizas, legumbres y frutas",subrubro,2023-01-01,2023,182.516367,FALSE,1. Resto país
Mendoza,Productos químicos y conexos,subrubro,2023-01-01,2023,14.973922,FALSE,1. Resto país
Mendoza,Resto de combustibles,subrubro,2023-01-01,2023,41.617751,FALSE,1. Resto país
Mendoza,Resto de productos,subrubro,2023-01-01,2023,NA,FALSE,1. Resto país
Mendoza,Total,total,2023-01-01,2023,1317.755542,FALSE,1. Resto país
Misiones,"Café, té, yerba mate y especias",subrubro,2023-01-01,2023,145.075838,FALSE,1. Resto país
Misiones,Cereales,subrubro,2023-01-01,2023,5.639472,FALSE,1. Resto país
Misiones,Frutas frescas,subrubro,2023-01-01,2023,2.006249,FALSE,1. Resto país
Misiones,"Papel, cartón, impresos y publicaciones",subrubro,2023-01-01,2023,110.515506,FALSE,1. Resto país
Misiones,Resto de MOA,subrubro,2023-01-01,2023,72.49272,FALSE,1. Resto país
Misiones,Resto de MOI,subrubro,2023-01-01,2023,7.130434,FALSE,1. Resto país
Misiones,Resto de productos,subrubro,2023-01-01,2023,3.087204,FALSE,1. Resto país
Misiones,Tabaco sin elaborar,subrubro,2023-01-01,2023,21.819679,FALSE,1. Resto país
Misiones,Total,total,2023-01-01,2023,367.767102,FALSE,1. Resto país
Neuquén,"Bebidas, líquidos alcohólicos y vinagre",subrubro,2023-01-01,2023,5.045043,FALSE,1. Resto país
Neuquén,Carburantes,subrubro,2023-01-01,2023,NA,FALSE,1. Resto país
Neuquén,Frutas frescas,subrubro,2023-01-01,2023,30.690532,FALSE,1. Resto país
Neuquén,Gas de petróleo y otros hidrocarburos gaseosos,subrubro,2023-01-01,2023,704.188206,FALSE,1. Resto país
Neuquén,Petróleo crudo,subrubro,2023-01-01,2023,2782.045656,FALSE,1. Resto país
Neuquén,Productos químicos y conexos,subrubro,2023-01-01,2023,NA,FALSE,1. Resto país
Neuquén,Resto de productos,subrubro,2023-01-01,2023,16.215757,FALSE,1. Resto país
Neuquén,Resto de productos primarios,subrubro,2023-01-01,2023,5.670459,FALSE,1. Resto país
Neuquén,Total,total,2023-01-01,2023,3602.478375,FALSE,1. Resto país
Río Negro,"Azúcar, cacao y artículos de confitería",subrubro,2023-01-01,2023,8.032128,FALSE,1. Resto país
Río Negro,"Bebidas, líquidos alcohólicos y vinagre",subrubro,2023-01-01,2023,7.98683,FALSE,1. Resto país
Río Negro,Carnes y sus preparados,subrubro,2023-01-01,2023,NA,FALSE,1. Resto país
Río Negro,Frutas frescas,subrubro,2023-01-01,2023,233.976026,FALSE,1. Resto país
Río Negro,Frutas secas o procesadas,subrubro,2023-01-01,2023,11.991519,FALSE,1. Resto país
Río Negro,Gas de petróleo y otros hidrocarburos gaseosos,subrubro,2023-01-01,2023,NA,FALSE,1. Resto país
Río Negro,Lanas sucias,subrubro,2023-01-01,2023,4.109617,FALSE,1. Resto país
Río Negro,"Máquinas y aparatos, material eléctrico",subrubro,2023-01-01,2023,8.06487,FALSE,1. Resto país
Río Negro,Pescados y mariscos elaborados,subrubro,2023-01-01,2023,3.291255,FALSE,1. Resto país
Río Negro,Pescados y mariscos sin elaborar,subrubro,2023-01-01,2023,2.876443,FALSE,1. Resto país
Río Negro,Petróleo crudo,subrubro,2023-01-01,2023,55.719949,FALSE,1. Resto país
Río Negro,"Preparados de hortalizas, legumbres y frutas",subrubro,2023-01-01,2023,47.174604,FALSE,1. Resto país
Río Negro,Resto de productos,subrubro,2023-01-01,2023,4.39699,FALSE,1. Resto país
Río Negro,Resto de productos primarios,subrubro,2023-01-01,2023,11.093807,FALSE,1. Resto país
Río Negro,Total,total,2023-01-01,2023,422.235821,FALSE,1. Resto país
Salta,"Bebidas, líquidos alcohólicos y vinagre",subrubro,2023-01-01,2023,13.806673,FALSE,2. NOA-Resto
Salta,Carburantes,subrubro,2023-01-01,2023,18.935755,FALSE,2. NOA-Resto
Salta,Cereales,subrubro,2023-01-01,2023,208.208175,FALSE,2. NOA-Resto
Salta,Hortalizas y legumbres sin elaborar,subrubro,2023-01-01,2023,252.86554,FALSE,2. NOA-Resto
Salta,Petróleo crudo,subrubro,2023-01-01,2023,14.621547,FALSE,2. NOA-Resto
Salta,"Piedras, metales preciosos y sus manufacturas, monedas",subrubro,2023-01-01,2023,204.28045,FALSE,2. NOA-Resto
Salta,"Preparados de hortalizas, legumbres y frutas",subrubro,2023-01-01,2023,NA,FALSE,2. NOA-Resto
Salta,Productos químicos y conexos,subrubro,2023-01-01,2023,102.690843,FALSE,2. NOA-Resto
Salta,Resto de productos,subrubro,2023-01-01,2023,NA,FALSE,2. NOA-Resto
Salta,Resto de productos primarios,subrubro,2023-01-01,2023,19.19523,FALSE,2. NOA-Resto
Salta,Semillas y frutos oleaginosos,subrubro,2023-01-01,2023,27.082944,FALSE,2. NOA-Resto
Salta,Tabaco sin elaborar,subrubro,2023-01-01,2023,177.144114,FALSE,2. NOA-Resto
Salta,Total,total,2023-01-01,2023,1118.753887,FALSE,2. NOA-Resto
San Juan,"Bebidas, líquidos alcohólicos y vinagre",subrubro,2023-01-01,2023,14.131922,FALSE,1. Resto país
San Juan,Frutas secas o procesadas,subrubro,2023-01-01,2023,39.844947,FALSE,1. Resto país
San Juan,Grasas y aceites,subrubro,2023-01-01,2023,70.253511,FALSE,1. Resto país
San Juan,Hortalizas y legumbres sin elaborar,subrubro,2023-01-01,2023,29.405336,FALSE,1. Resto país
San Juan,"Piedras, metales preciosos y sus manufacturas, monedas",subrubro,2023-01-01,2023,829.274196,FALSE,1. Resto país
San Juan,"Preparados de hortalizas, legumbres y frutas",subrubro,2023-01-01,2023,46.386279,FALSE,1. Resto país
San Juan,Productos químicos y conexos,subrubro,2023-01-01,2023,51.013432,FALSE,1. Resto país
San Juan,Resto de MOI,subrubro,2023-01-01,2023,34.542747,FALSE,1. Resto país
San Juan,Resto de productos,subrubro,2023-01-01,2023,44.641122,FALSE,1. Resto país
San Juan,Semillas y frutos oleaginosos,subrubro,2023-01-01,2023,12.475293,FALSE,1. Resto país
San Juan,Total,total,2023-01-01,2023,1171.968785,FALSE,1. Resto país
San Luis,Carnes y sus preparados,subrubro,2023-01-01,2023,NA,FALSE,1. Resto país
San Luis,Cereales,subrubro,2023-01-01,2023,206.383118,FALSE,1. Resto país
San Luis,"Manufacturas de piedra, yeso, vidrio, etc.",subrubro,2023-01-01,2023,11.145685,FALSE,1. Resto país
San Luis,Materias plásticas y sus manufacturas,subrubro,2023-01-01,2023,42.120162,FALSE,1. Resto país
San Luis,Metales comunes y sus manufacturas,subrubro,2023-01-01,2023,10.948351,FALSE,1. Resto país
San Luis,"Máquinas y aparatos, material eléctrico",subrubro,2023-01-01,2023,31.49748,FALSE,1. Resto país
San Luis,"Papel, cartón, impresos y publicaciones",subrubro,2023-01-01,2023,34.739168,FALSE,1. Resto país
San Luis,"Preparados de hortalizas, legumbres y frutas",subrubro,2023-01-01,2023,NA,FALSE,1. Resto país
San Luis,Productos de molinería y sus preparaciones,subrubro,2023-01-01,2023,32.431292,FALSE,1. Resto país
San Luis,Productos químicos y conexos,subrubro,2023-01-01,2023,15.604823,FALSE,1. Resto país
San Luis,Residuos y desperdicios de la industria alimentaria,subrubro,2023-01-01,2023,8.79966,FALSE,1. Resto país
San Luis,Resto de MOA,subrubro,2023-01-01,2023,9.227399,FALSE,1. Resto país
San Luis,Resto de productos,subrubro,2023-01-01,2023,33.469673,FALSE,1. Resto país
San Luis,Semillas y frutos oleaginosos,subrubro,2023-01-01,2023,34.858103,FALSE,1. Resto país
San Luis,Total,total,2023-01-01,2023,609.201531,FALSE,1. Resto país
Santa Cruz,Carnes y sus preparados,subrubro,2023-01-01,2023,15.482528,FALSE,1. Resto país
Santa Cruz,Frutas frescas,subrubro,2023-01-01,2023,NA,FALSE,1. Resto país
Santa Cruz,Gas de petróleo y otros hidrocarburos gaseosos,subrubro,2023-01-01,2023,NA,FALSE,1. Resto país
Santa Cruz,"Minerales metalíferos, escorias y cenizas",subrubro,2023-01-01,2023,NA,FALSE,1. Resto país
Santa Cruz,Pescados y mariscos elaborados,subrubro,2023-01-01,2023,32.60413,FALSE,1. Resto país
Santa Cruz,Pescados y mariscos sin elaborar,subrubro,2023-01-01,2023,214.189296,FALSE,1. Resto país
Santa Cruz,Petróleo crudo,subrubro,2023-01-01,2023,106.302597,FALSE,1. Resto país
Santa Cruz,"Piedras, metales preciosos y sus manufacturas, monedas",subrubro,2023-01-01,2023,1520.197873,FALSE,1. Resto país
Santa Cruz,Resto de MOI,subrubro,2023-01-01,2023,3.20136,FALSE,1. Resto país
Santa Cruz,Resto de productos,subrubro,2023-01-01,2023,0.883737,FALSE,1. Resto país
Santa Cruz,Total,total,2023-01-01,2023,2086.310741,FALSE,1. Resto país
Santa Fe,Carburantes,subrubro,2023-01-01,2023,110.905125,FALSE,1. Resto país
Santa Fe,Carnes y sus preparados,subrubro,2023-01-01,2023,764.924108,FALSE,1. Resto país
Santa Fe,Caucho y sus manufacturas,subrubro,2023-01-01,2023,32.91566,FALSE,1. Resto país
Santa Fe,Cereales,subrubro,2023-01-01,2023,935.38314,FALSE,1. Resto país
Santa Fe,Extractos curtientes y tintóreos,subrubro,2023-01-01,2023,40.439664,FALSE,1. Resto país
Santa Fe,Grasas y aceites,subrubro,2023-01-01,2023,2522.558291,FALSE,1. Resto país
Santa Fe,Material de transporte terrestre,subrubro,2023-01-01,2023,351.632635,FALSE,1. Resto país
Santa Fe,Metales comunes y sus manufacturas,subrubro,2023-01-01,2023,70.378652,FALSE,1. Resto país
Santa Fe,Miel,subrubro,2023-01-01,2023,27.26758,FALSE,1. Resto país
Santa Fe,"Máquinas y aparatos, material eléctrico",subrubro,2023-01-01,2023,420.890543,FALSE,1. Resto país
Santa Fe,Pieles y cueros,subrubro,2023-01-01,2023,112.385916,FALSE,1. Resto país
Santa Fe,Productos de molinería y sus preparaciones,subrubro,2023-01-01,2023,318.86913,FALSE,1. Resto país
Santa Fe,Productos lácteos,subrubro,2023-01-01,2023,558.596079,FALSE,1. Resto país
Santa Fe,Productos químicos y conexos,subrubro,2023-01-01,2023,534.916433,FALSE,1. Resto país
Santa Fe,Residuos y desperdicios de la industria alimentaria,subrubro,2023-01-01,2023,4618.329213,FALSE,1. Resto país
Santa Fe,Resto de MOA,subrubro,2023-01-01,2023,37.621295,FALSE,1. Resto país
Santa Fe,Resto de productos,subrubro,2023-01-01,2023,82.698912000000007,FALSE,1. Resto país
Santa Fe,Semillas y frutos oleaginosos,subrubro,2023-01-01,2023,223.427962,FALSE,1. Resto país
Santa Fe,Total,total,2023-01-01,2023,11764.140336,FALSE,1. Resto país
Santiago del Estero,Carnes y sus preparados,subrubro,2023-01-01,2023,53.501665,FALSE,2. NOA-Resto
Santiago del Estero,Cereales,subrubro,2023-01-01,2023,638.137913,FALSE,2. NOA-Resto
Santiago del Estero,Fibras de algodón,subrubro,2023-01-01,2023,28.725753,FALSE,2. NOA-Resto
Santiago del Estero,Hortalizas y legumbres sin elaborar,subrubro,2023-01-01,2023,70.932006,FALSE,2. NOA-Resto
Santiago del Estero,Miel,subrubro,2023-01-01,2023,2.507364,FALSE,2. NOA-Resto
Santiago del Estero,Pieles y cueros,subrubro,2023-01-01,2023,3.608724,FALSE,2. NOA-Resto
Santiago del Estero,Resto de productos,subrubro,2023-01-01,2023,2.345389,FALSE,2. NOA-Resto
Santiago del Estero,Resto de productos primarios,subrubro,2023-01-01,2023,1.253084,FALSE,2. NOA-Resto
Santiago del Estero,Semillas y frutos oleaginosos,subrubro,2023-01-01,2023,82.742527,FALSE,2. NOA-Resto
Santiago del Estero,Total,total,2023-01-01,2023,883.754424,FALSE,2. NOA-Resto
Tierra del Fuego,Gas de petróleo y otros hidrocarburos gaseosos,subrubro,2023-01-01,2023,78.892164,FALSE,1. Resto país
Tierra del Fuego,Materias plásticas y sus manufacturas,subrubro,2023-01-01,2023,28.87626,FALSE,1. Resto país
Tierra del Fuego,Pescados y mariscos elaborados,subrubro,2023-01-01,2023,14.603529,FALSE,1. Resto país
Tierra del Fuego,Pescados y mariscos sin elaborar,subrubro,2023-01-01,2023,54.201402,FALSE,1. Resto país
Tierra del Fuego,Petróleo crudo,subrubro,2023-01-01,2023,111.439897,FALSE,1. Resto país
Tierra del Fuego,Residuos y desperdicios de la industria alimentaria,subrubro,2023-01-01,2023,NA,FALSE,1. Resto país
Tierra del Fuego,Resto de MOA,subrubro,2023-01-01,2023,5.992234,FALSE,1. Resto país
Tierra del Fuego,Resto de productos,subrubro,2023-01-01,2023,NA,FALSE,1. Resto país
Tierra del Fuego,Total,total,2023-01-01,2023,296.087631,FALSE,1. Resto país
Tucumán,"Azúcar, cacao y artículos de confitería",subrubro,2023-01-01,2023,41.10571,FALSE,2. NOA-Resto
Tucumán,Cereales,subrubro,2023-01-01,2023,52.151851,FALSE,2. NOA-Resto
Tucumán,Frutas frescas,subrubro,2023-01-01,2023,114.323387,FALSE,2. NOA-Resto
Tucumán,Frutas secas o procesadas,subrubro,2023-01-01,2023,12.133963,FALSE,2. NOA-Resto
Tucumán,Hortalizas y legumbres sin elaborar,subrubro,2023-01-01,2023,10.204234,FALSE,2. NOA-Resto
Tucumán,Material de transporte terrestre,subrubro,2023-01-01,2023,NA,FALSE,2. NOA-Resto
Tucumán,"Máquinas y aparatos, material eléctrico",subrubro,2023-01-01,2023,NA,FALSE,2. NOA-Resto
Tucumán,"Preparados de hortalizas, legumbres y frutas",subrubro,2023-01-01,2023,100.22955,FALSE,2. NOA-Resto
Tucumán,Productos de molinería y sus preparaciones,subrubro,2023-01-01,2023,11.997843,FALSE,2. NOA-Resto
Tucumán,Productos químicos y conexos,subrubro,2023-01-01,2023,163.154332,FALSE,2. NOA-Resto
Tucumán,Residuos y desperdicios de la industria alimentaria,subrubro,2023-01-01,2023,65.76925,FALSE,2. NOA-Resto
Tucumán,Resto de productos,subrubro,2023-01-01,2023,32.492962,FALSE,2. NOA-Resto
Tucumán,Total,total,2023-01-01,2023,769.180644,FALSE,2. NOA-Resto
Buenos Aires,Carburantes,subrubro,2024-01-01,2024,2283.657807,TRUE,1. Resto país
Buenos Aires,Carnes y sus preparados,subrubro,2024-01-01,2024,1962.203619,TRUE,1. Resto país
Buenos Aires,Cereales,subrubro,2024-01-01,2024,4226.710839,TRUE,1. Resto país
Buenos Aires,Gas de petróleo y otros hidrocarburos gaseosos,subrubro,2024-01-01,2024,536.280038,TRUE,1. Resto país
Buenos Aires,Grasas y aceites,subrubro,2024-01-01,2024,2542.716486,TRUE,1. Resto país
Buenos Aires,Grasas y aceites lubricantes,subrubro,2024-01-01,2024,72.478837,TRUE,1. Resto país
Buenos Aires,Material de transporte terrestre,subrubro,2024-01-01,2024,6709.974788,TRUE,1. Resto país
Buenos Aires,Materias plásticas y sus manufacturas,subrubro,2024-01-01,2024,643.487339,TRUE,1. Resto país
Buenos Aires,Metales comunes y sus manufacturas,subrubro,2024-01-01,2024,1137.543463,TRUE,1. Resto país
Buenos Aires,Miel,subrubro,2024-01-01,2024,89.543804,TRUE,1. Resto país
Buenos Aires,"Máquinas y aparatos, material eléctrico",subrubro,2024-01-01,2024,456.755423,TRUE,1. Resto país
Buenos Aires,"Papel, cartón, impresos y publicaciones",subrubro,2024-01-01,2024,93.207439,TRUE,1. Resto país
Buenos Aires,Pescados y mariscos elaborados,subrubro,2024-01-01,2024,193.004813,TRUE,1. Resto país
Buenos Aires,Pescados y mariscos sin elaborar,subrubro,2024-01-01,2024,273.138417,TRUE,1. Resto país
Buenos Aires,Pieles y cueros,subrubro,2024-01-01,2024,231.8205,TRUE,1. Resto país
Buenos Aires,"Preparados de hortalizas, legumbres y frutas",subrubro,2024-01-01,2024,249.794387,TRUE,1. Resto país
Buenos Aires,Productos de molinería y sus preparaciones,subrubro,2024-01-01,2024,495.212693,TRUE,1. Resto país
Buenos Aires,Productos lácteos,subrubro,2024-01-01,2024,212.852588,TRUE,1. Resto país
Buenos Aires,Productos químicos y conexos,subrubro,2024-01-01,2024,2050.923385,TRUE,1. Resto país
Buenos Aires,Residuos y desperdicios de la industria alimentaria,subrubro,2024-01-01,2024,3105.878194,TRUE,1. Resto país
Buenos Aires,Resto de MOA,subrubro,2024-01-01,2024,218.621976,TRUE,1. Resto país
Buenos Aires,Resto de MOI,subrubro,2024-01-01,2024,89.979883,TRUE,1. Resto país
Buenos Aires,Resto de combustibles,subrubro,2024-01-01,2024,181.728453,TRUE,1. Resto país
Buenos Aires,Resto de productos,subrubro,2024-01-01,2024,663.115408,TRUE,1. Resto país
Buenos Aires,Semillas y frutos oleaginosos,subrubro,2024-01-01,2024,818.336796,TRUE,1. Resto país
Buenos Aires,Total,total,2024-01-01,2024,29538.967374,TRUE,1. Resto país
C.A.B.A.,"Azúcar, cacao y artículos de confitería",subrubro,2024-01-01,2024,4.251752,TRUE,1. Resto país
C.A.B.A.,Carnes y sus preparados,subrubro,2024-01-01,2024,NA,TRUE,1. Resto país
C.A.B.A.,"Máquinas y aparatos, material eléctrico",subrubro,2024-01-01,2024,18.221081,TRUE,1. Resto país
C.A.B.A.,Otros productos de origen animal,subrubro,2024-01-01,2024,NA,TRUE,1. Resto país
C.A.B.A.,"Papel, cartón, impresos y publicaciones",subrubro,2024-01-01,2024,6.797013,TRUE,1. Resto país
C.A.B.A.,Pieles y cueros,subrubro,2024-01-01,2024,NA,TRUE,1. Resto país
C.A.B.A.,Productos químicos y conexos,subrubro,2024-01-01,2024,292.64011,TRUE,1. Resto país
C.A.B.A.,Resto de MOI,subrubro,2024-01-01,2024,3.116824,TRUE,1. Resto país
C.A.B.A.,Resto de productos,subrubro,2024-01-01,2024,10.357587,TRUE,1. Resto país
C.A.B.A.,Total,total,2024-01-01,2024,363.706086,TRUE,1. Resto país
Catamarca,"Azúcar, cacao y artículos de confitería",subrubro,2024-01-01,2024,NA,TRUE,2. NOA-Resto
Catamarca,Cereales,subrubro,2024-01-01,2024,8.678617,TRUE,2. NOA-Resto
Catamarca,Frutas frescas,subrubro,2024-01-01,2024,1.680601,TRUE,2. NOA-Resto
Catamarca,Grasas y aceites,subrubro,2024-01-01,2024,14.178649,TRUE,2. NOA-Resto
Catamarca,Hortalizas y legumbres sin elaborar,subrubro,2024-01-01,2024,3.028789,TRUE,2. NOA-Resto
Catamarca,"Piedras, metales preciosos y sus manufacturas, monedas",subrubro,2024-01-01,2024,51.58857,TRUE,2. NOA-Resto
Catamarca,"Preparados de hortalizas, legumbres y frutas",subrubro,2024-01-01,2024,3.772972,TRUE,2. NOA-Resto
Catamarca,Productos químicos y conexos,subrubro,2024-01-01,2024,NA,TRUE,2. NOA-Resto
Catamarca,Resto de MOA,subrubro,2024-01-01,2024,NA,TRUE,2. NOA-Resto
Catamarca,Resto de productos,subrubro,2024-01-01,2024,0.87479,TRUE,2. NOA-Resto
Catamarca,Semillas y frutos oleaginosos,subrubro,2024-01-01,2024,6.52697,TRUE,2. NOA-Resto
Catamarca,Total,total,2024-01-01,2024,328.720139,TRUE,2. NOA-Resto
Chaco,Cereales,subrubro,2024-01-01,2024,58.943335,TRUE,1. Resto país
Chaco,Extractos curtientes y tintóreos,subrubro,2024-01-01,2024,58.574515,TRUE,1. Resto país
Chaco,Fibras de algodón,subrubro,2024-01-01,2024,28.362836,TRUE,1. Resto país
Chaco,Resto de productos,subrubro,2024-01-01,2024,16.992944,TRUE,1. Resto país
Chaco,Resto de productos primarios,subrubro,2024-01-01,2024,20.559854,TRUE,1. Resto país
Chaco,Semillas y frutos oleaginosos,subrubro,2024-01-01,2024,32.648679,TRUE,1. Resto país
Chaco,Total,total,2024-01-01,2024,216.082163,TRUE,1. Resto país
Chubut,Carburantes,subrubro,2024-01-01,2024,6.059243,TRUE,1. Resto país
Chubut,Frutas frescas,subrubro,2024-01-01,2024,10.530198,TRUE,1. Resto país
Chubut,Grasas y aceites,subrubro,2024-01-01,2024,2.120339,TRUE,1. Resto país
Chubut,Lanas elaboradas,subrubro,2024-01-01,2024,62.442205,TRUE,1. Resto país
Chubut,Lanas sucias,subrubro,2024-01-01,2024,16.710124,TRUE,1. Resto país
Chubut,Metales comunes y sus manufacturas,subrubro,2024-01-01,2024,985.116036,TRUE,1. Resto país
Chubut,"Máquinas y aparatos, material eléctrico",subrubro,2024-01-01,2024,6.550097,TRUE,1. Resto país
Chubut,Pescados y mariscos elaborados,subrubro,2024-01-01,2024,18.821527,TRUE,1. Resto país
Chubut,Pescados y mariscos sin elaborar,subrubro,2024-01-01,2024,659.328314,TRUE,1. Resto país
Chubut,Petróleo crudo,subrubro,2024-01-01,2024,942.643122,TRUE,1. Resto país
Chubut,Resto de productos,subrubro,2024-01-01,2024,9.176481,TRUE,1. Resto país
Chubut,Total,total,2024-01-01,2024,2719.497686,TRUE,1. Resto país
Corrientes,"Café, té, yerba mate y especias",subrubro,2024-01-01,2024,13.421638,TRUE,1. Resto país
Corrientes,Cereales,subrubro,2024-01-01,2024,94.009785,TRUE,1. Resto país
Corrientes,Frutas frescas,subrubro,2024-01-01,2024,17.450122,TRUE,1. Resto país
Corrientes,Lanas sucias,subrubro,2024-01-01,2024,0.777549,TRUE,1. Resto país
Corrientes,"Preparados de hortalizas, legumbres y frutas",subrubro,2024-01-01,2024,10.227702,TRUE,1. Resto país
Corrientes,Productos químicos y conexos,subrubro,2024-01-01,2024,25.77952,TRUE,1. Resto país
Corrientes,Resto de MOA,subrubro,2024-01-01,2024,70.970613,TRUE,1. Resto país
Corrientes,Resto de productos,subrubro,2024-01-01,2024,8.774765,TRUE,1. Resto país
Corrientes,Resto de productos primarios,subrubro,2024-01-01,2024,6.849032,TRUE,1. Resto país
Corrientes,Textiles y confecciones,subrubro,2024-01-01,2024,6.750405,TRUE,1. Resto país
Corrientes,Total,total,2024-01-01,2024,255.011131,TRUE,1. Resto país
Córdoba,"Azúcar ,cacao y artículos de confitería",subrubro,2024-01-01,2024,78.882446,TRUE,1. Resto país
Córdoba,"Bebidas, líquidos alcohólicos y vinagre",subrubro,2024-01-01,2024,63.73021,TRUE,1. Resto país
Córdoba,Carnes y sus preparados,subrubro,2024-01-01,2024,88.282098,TRUE,1. Resto país
Córdoba,Cereales,subrubro,2024-01-01,2024,2866.229503,TRUE,1. Resto país
Córdoba,Extractos curtientes y tintóreos,subrubro,2024-01-01,2024,87.36061,TRUE,1. Resto país
Córdoba,Grasas y aceites,subrubro,2024-01-01,2024,1266.727642,TRUE,1. Resto país
Córdoba,Hortalizas y legumbres sin elaborar,subrubro,2024-01-01,2024,29.524713,TRUE,1. Resto país
Córdoba,Material de transporte terrestre,subrubro,2024-01-01,2024,1225.114037,TRUE,1. Resto país
Córdoba,Materias plásticas y sus manufacturas,subrubro,2024-01-01,2024,39.732295,TRUE,1. Resto país
Córdoba,"Máquinas y aparatos, material eléctrico",subrubro,2024-01-01,2024,265.464341,TRUE,1. Resto país
Córdoba,"Preparados de hortalizas, legumbres y frutas",subrubro,2024-01-01,2024,109.48039,TRUE,1. Resto país
Córdoba,Productos de molinería y sus preparaciones,subrubro,2024-01-01,2024,57.997079,TRUE,1. Resto país
Córdoba,Productos lácteos,subrubro,2024-01-01,2024,382.443633,TRUE,1. Resto país
Córdoba,Productos químicos y conexos,subrubro,2024-01-01,2024,106.555305,TRUE,1. Resto país
Córdoba,Residuos y desperdicios de la industria alimentaria,subrubro,2024-01-01,2024,2069.381073,TRUE,1. Resto país
Córdoba,Resto de MOA,subrubro,2024-01-01,2024,37.290326,TRUE,1. Resto país
Córdoba,Resto de MOI,subrubro,2024-01-01,2024,30.709643,TRUE,1. Resto país
Córdoba,Resto de productos,subrubro,2024-01-01,2024,114.573279,TRUE,1. Resto país
Córdoba,Semillas y frutos oleaginosos,subrubro,2024-01-01,2024,1310.901728,TRUE,1. Resto país
Córdoba,Total,total,2024-01-01,2024,10230.380351,TRUE,1. Resto país
Entre Ríos,Carnes y sus preparados,subrubro,2024-01-01,2024,296.285518,TRUE,1. Resto país
Entre Ríos,Cereales,subrubro,2024-01-01,2024,761.509218,TRUE,1. Resto país
Entre Ríos,Energía eléctrica,subrubro,2024-01-01,2024,NA,TRUE,1. Resto país
Entre Ríos,Frutas frescas,subrubro,2024-01-01,2024,28.642497,TRUE,1. Resto país
Entre Ríos,Miel,subrubro,2024-01-01,2024,15.389759,TRUE,1. Resto país
Entre Ríos,"Máquinas y aparatos, material eléctrico",subrubro,2024-01-01,2024,13.021076,TRUE,1. Resto país
Entre Ríos,"Preparados de hortalizas, legumbres y frutas",subrubro,2024-01-01,2024,40.27735,TRUE,1. Resto país
Entre Ríos,Productos de molinería y sus preparaciones,subrubro,2024-01-01,2024,24.552211,TRUE,1. Resto país
Entre Ríos,Productos lácteos,subrubro,2024-01-01,2024,73.215462,TRUE,1. Resto país
Entre Ríos,Productos químicos y conexos,subrubro,2024-01-01,2024,62.938248,TRUE,1. Resto país
Entre Ríos,Residuos y desperdicios de la industria alimentaria,subrubro,2024-01-01,2024,13.976118,TRUE,1. Resto país
Entre Ríos,Resto de MOA,subrubro,2024-01-01,2024,69.170453,TRUE,1. Resto país
Entre Ríos,Resto de productos,subrubro,2024-01-01,2024,NA,TRUE,1. Resto país
Entre Ríos,Resto de productos primarios,subrubro,2024-01-01,2024,33.084225000000004,TRUE,1. Resto país
Entre Ríos,Semillas y frutos oleaginosos,subrubro,2024-01-01,2024,122.030318,TRUE,1. Resto país
Entre Ríos,Total,total,2024-01-01,2024,1617.443693,TRUE,1. Resto país
Formosa,Cereales,subrubro,2024-01-01,2024,18.767425,TRUE,1. Resto país
Formosa,Extractos curtientes y tintóreos,subrubro,2024-01-01,2024,NA,TRUE,1. Resto país
Formosa,Otros productos de origen animal,subrubro,2024-01-01,2024,NA,TRUE,1. Resto país
Formosa,Resto de productos,subrubro,2024-01-01,2024,1.131565,TRUE,1. Resto país
Formosa,Semillas y frutos oleaginosos,subrubro,2024-01-01,2024,0.703232,TRUE,1. Resto país
Formosa,Total,total,2024-01-01,2024,24.75104,TRUE,1. Resto país
Jujuy,"Azúcar, cacao y artículos de confitería",subrubro,2024-01-01,2024,145.275733,TRUE,2. NOA-Resto
Jujuy,"Minerales metalíferos, escorias y cenizas",subrubro,2024-01-01,2024,358.490956,TRUE,2. NOA-Resto
Jujuy,"Papel, cartón, impresos y publicaciones",subrubro,2024-01-01,2024,NA,TRUE,2. NOA-Resto
Jujuy,"Preparados de hortalizas, legumbres y frutas",subrubro,2024-01-01,2024,16.960991,TRUE,2. NOA-Resto
Jujuy,Productos químicos y conexos,subrubro,2024-01-01,2024,402.238516,TRUE,2. NOA-Resto
Jujuy,Resto de productos,subrubro,2024-01-01,2024,NA,TRUE,2. NOA-Resto
Jujuy,Resto de productos primarios,subrubro,2024-01-01,2024,17.638361,TRUE,2. NOA-Resto
Jujuy,Tabaco sin elaborar,subrubro,2024-01-01,2024,69.075827,TRUE,2. NOA-Resto
Jujuy,Total,total,2024-01-01,2024,1073.984293,TRUE,2. NOA-Resto
La Pampa,Carnes y sus preparados,subrubro,2024-01-01,2024,200.762972,TRUE,1. Resto país
La Pampa,Cereales,subrubro,2024-01-01,2024,580.909032,TRUE,1. Resto país
La Pampa,Grasas y aceites,subrubro,2024-01-01,2024,7.668278,TRUE,1. Resto país
La Pampa,"Manufacturas de piedra, yeso, vidrio, etc.",subrubro,2024-01-01,2024,NA,TRUE,1. Resto país
La Pampa,Materias plásticas y sus manufacturas,subrubro,2024-01-01,2024,NA,TRUE,1. Resto país
La Pampa,Miel,subrubro,2024-01-01,2024,19.507358,TRUE,1. Resto país
La Pampa,Petróleo crudo,subrubro,2024-01-01,2024,64.121654,TRUE,1. Resto país
La Pampa,Resto de productos,subrubro,2024-01-01,2024,7.126479,TRUE,1. Resto país
La Pampa,Semillas y frutos oleaginosos,subrubro,2024-01-01,2024,122.255486,TRUE,1. Resto país
La Pampa,Total,total,2024-01-01,2024,1006.297764,TRUE,1. Resto país
La Rioja,"Bebidas, líquidos alcohólicos y vinagre",subrubro,2024-01-01,2024,10.16276,TRUE,3. La Rioja
La Rioja,Frutas frescas,subrubro,2024-01-01,2024,5.894184,TRUE,3. La Rioja
La Rioja,Frutas secas o procesadas,subrubro,2024-01-01,2024,9.193456,TRUE,3. La Rioja
La Rioja,Grasas y aceites,subrubro,2024-01-01,2024,44.158199,TRUE,3. La Rioja
La Rioja,"Papel, cartón, impresos y publicaciones",subrubro,2024-01-01,2024,51.273406,TRUE,3. La Rioja
La Rioja,"Preparados de hortalizas, legumbres y frutas",subrubro,2024-01-01,2024,86.921622,TRUE,3. La Rioja
La Rioja,Productos químicos y conexos,subrubro,2024-01-01,2024,NA,TRUE,3. La Rioja
La Rioja,Resto de productos,subrubro,2024-01-01,2024,NA,TRUE,3. La Rioja
La Rioja,Semillas y frutos oleaginosos,subrubro,2024-01-01,2024,0.366367,TRUE,3. La Rioja
La Rioja,Textiles y confecciones,subrubro,2024-01-01,2024,2.341591,TRUE,3. La Rioja
La Rioja,Total,total,2024-01-01,2024,219.813548,TRUE,3. La Rioja
Mendoza,"Bebidas, líquidos alcohólicos y vinagre",subrubro,2024-01-01,2024,676.992717,TRUE,1. Resto país
Mendoza,Carburantes,subrubro,2024-01-01,2024,16.834582,TRUE,1. Resto país
Mendoza,Frutas frescas,subrubro,2024-01-01,2024,59.498067,TRUE,1. Resto país
Mendoza,Frutas secas o procesadas,subrubro,2024-01-01,2024,56.475985,TRUE,1. Resto país
Mendoza,Gas de petróleo y otros hidrocarburos gaseosos,subrubro,2024-01-01,2024,NA,TRUE,1. Resto país
Mendoza,Grasas y aceites,subrubro,2024-01-01,2024,54.455184,TRUE,1. Resto país
Mendoza,Hortalizas y legumbres sin elaborar,subrubro,2024-01-01,2024,142.115956,TRUE,1. Resto país
Mendoza,Materias plásticas y sus manufacturas,subrubro,2024-01-01,2024,135.874578,TRUE,1. Resto país
Mendoza,Metales comunes y sus manufacturas,subrubro,2024-01-01,2024,28.419847,TRUE,1. Resto país
Mendoza,"Máquinas y aparatos, material eléctrico",subrubro,2024-01-01,2024,51.736806,TRUE,1. Resto país
Mendoza,"Preparados de hortalizas, legumbres y frutas",subrubro,2024-01-01,2024,251.491112,TRUE,1. Resto país
Mendoza,Productos químicos y conexos,subrubro,2024-01-01,2024,16.993896,TRUE,1. Resto país
Mendoza,Resto de combustibles,subrubro,2024-01-01,2024,33.86665,TRUE,1. Resto país
Mendoza,Resto de productos,subrubro,2024-01-01,2024,NA,TRUE,1. Resto país
Mendoza,Total,total,2024-01-01,2024,1604.815742,TRUE,1. Resto país
Misiones,"Café, té, yerba mate y especias",subrubro,2024-01-01,2024,164.175494,TRUE,1. Resto país
Misiones,Cereales,subrubro,2024-01-01,2024,12.194615,TRUE,1. Resto país
Misiones,Frutas frescas,subrubro,2024-01-01,2024,2.361071,TRUE,1. Resto país
Misiones,"Papel, cartón, impresos y publicaciones",subrubro,2024-01-01,2024,131.143293,TRUE,1. Resto país
Misiones,Resto de MOA,subrubro,2024-01-01,2024,92.359542,TRUE,1. Resto país
Misiones,Resto de MOI,subrubro,2024-01-01,2024,7.473474,TRUE,1. Resto país
Misiones,Resto de productos,subrubro,2024-01-01,2024,4.562241,TRUE,1. Resto país
Misiones,Tabaco sin elaborar,subrubro,2024-01-01,2024,27.201991,TRUE,1. Resto país
Misiones,Total,total,2024-01-01,2024,441.471722,TRUE,1. Resto país
Neuquén,Carburantes,subrubro,2024-01-01,2024,18.662041,TRUE,1. Resto país
Neuquén,Frutas frescas,subrubro,2024-01-01,2024,35.550792,TRUE,1. Resto país
Neuquén,Gas de petróleo y otros hidrocarburos gaseosos,subrubro,2024-01-01,2024,554.055313,TRUE,1. Resto país
Neuquén,Pescados y mariscos elaborados,subrubro,2024-01-01,2024,NA,TRUE,1. Resto país
Neuquén,Pescados y mariscos sin elaborar,subrubro,2024-01-01,2024,NA,TRUE,1. Resto país
Neuquén,Petróleo crudo,subrubro,2024-01-01,2024,4135.572676,TRUE,1. Resto país
Neuquén,Productos químicos y conexos,subrubro,2024-01-01,2024,NA,TRUE,1. Resto país
Neuquén,Resto de productos,subrubro,2024-01-01,2024,22.534661,TRUE,1. Resto país
Neuquén,Total,total,2024-01-01,2024,4846.311371,TRUE,1. Resto país
Río Negro,"Azúcar, cacao y artículos de confitería",subrubro,2024-01-01,2024,NA,TRUE,1. Resto país
Río Negro,"Bebidas, líquidos alcohólicos y vinagre",subrubro,2024-01-01,2024,6.875046,TRUE,1. Resto país
Río Negro,Carnes y sus preparados,subrubro,2024-01-01,2024,11.812054,TRUE,1. Resto país
Río Negro,Frutas frescas,subrubro,2024-01-01,2024,277.415623,TRUE,1. Resto país
Río Negro,Frutas secas o procesadas,subrubro,2024-01-01,2024,6.178883,TRUE,1. Resto país
Río Negro,Gas de petróleo y otros hidrocarburos gaseosos,subrubro,2024-01-01,2024,NA,TRUE,1. Resto país
Río Negro,Lanas sucias,subrubro,2024-01-01,2024,4.91921,TRUE,1. Resto país
Río Negro,Miel,subrubro,2024-01-01,2024,1.602324,TRUE,1. Resto país
Río Negro,"Máquinas y aparatos, material eléctrico",subrubro,2024-01-01,2024,2.39198,TRUE,1. Resto país
Río Negro,Pescados y mariscos sin elaborar,subrubro,2024-01-01,2024,4.338932,TRUE,1. Resto país
Río Negro,Petróleo crudo,subrubro,2024-01-01,2024,47.680204,TRUE,1. Resto país
Río Negro,"Preparados de hortalizas, legumbres y frutas",subrubro,2024-01-01,2024,59.485111,TRUE,1. Resto país
Río Negro,Resto de productos,subrubro,2024-01-01,2024,8.378814,TRUE,1. Resto país
Río Negro,Resto de productos primarios,subrubro,2024-01-01,2024,13.382377,TRUE,1. Resto país
Río Negro,Total,total,2024-01-01,2024,479.559056,TRUE,1. Resto país
Salta,"Azúcar, cacao y artículos de confitería",subrubro,2024-01-01,2024,NA,TRUE,2. NOA-Resto
Salta,Carnes y sus preparados,subrubro,2024-01-01,2024,NA,TRUE,2. NOA-Resto
Salta,Cereales,subrubro,2024-01-01,2024,221.279037,TRUE,2. NOA-Resto
Salta,Gas de petróleo y otros hidrocarburos gaseosos,subrubro,2024-01-01,2024,NA,TRUE,2. NOA-Resto
Salta,Hortalizas y legumbres sin elaborar,subrubro,2024-01-01,2024,159.293907,TRUE,2. NOA-Resto
Salta,Petróleo crudo,subrubro,2024-01-01,2024,10.960967,TRUE,2. NOA-Resto
Salta,"Piedras, metales preciosos y sus manufacturas, monedas",subrubro,2024-01-01,2024,218.815872,TRUE,2. NOA-Resto
Salta,Productos químicos y conexos,subrubro,2024-01-01,2024,89.744889,TRUE,2. NOA-Resto
Salta,Resto de productos,subrubro,2024-01-01,2024,91.696119,TRUE,2. NOA-Resto
Salta,Resto de productos primarios,subrubro,2024-01-01,2024,18.342153,TRUE,2. NOA-Resto
Salta,Semillas y frutos oleaginosos,subrubro,2024-01-01,2024,43.867395,TRUE,2. NOA-Resto
Salta,Tabaco sin elaborar,subrubro,2024-01-01,2024,211.913705,TRUE,2. NOA-Resto
Salta,Total,total,2024-01-01,2024,1123.823718,TRUE,2. NOA-Resto
San Juan,"Bebidas, líquidos alcohólicos y vinagre",subrubro,2024-01-01,2024,13.251151,TRUE,1. Resto país
San Juan,Frutas secas o procesadas,subrubro,2024-01-01,2024,70.64692,TRUE,1. Resto país
San Juan,Grasas y aceites,subrubro,2024-01-01,2024,67.373375,TRUE,1. Resto país
San Juan,Hortalizas y legumbres sin elaborar,subrubro,2024-01-01,2024,48.507644,TRUE,1. Resto país
San Juan,"Piedras, metales preciosos y sus manufacturas, monedas",subrubro,2024-01-01,2024,NA,TRUE,1. Resto país
San Juan,"Preparados de hortalizas, legumbres y frutas",subrubro,2024-01-01,2024,69.588826,TRUE,1. Resto país
San Juan,Productos químicos y conexos,subrubro,2024-01-01,2024,65.68988,TRUE,1. Resto país
San Juan,Resto de MOI,subrubro,2024-01-01,2024,45.433471,TRUE,1. Resto país
San Juan,Resto de productos,subrubro,2024-01-01,2024,NA,TRUE,1. Resto país
San Juan,Semillas y frutos oleaginosos,subrubro,2024-01-01,2024,12.051227,TRUE,1. Resto país
San Juan,Total,total,2024-01-01,2024,1890.991191,TRUE,1. Resto país
San Luis,"Azúcar, cacao y artículos de confitería",subrubro,2024-01-01,2024,NA,TRUE,1. Resto país
San Luis,Carnes y sus preparados,subrubro,2024-01-01,2024,NA,TRUE,1. Resto país
San Luis,Cereales,subrubro,2024-01-01,2024,260.566296,TRUE,1. Resto país
San Luis,"Manufacturas de piedra, yeso, vidrio, etc.",subrubro,2024-01-01,2024,9.691091,TRUE,1. Resto país
San Luis,Materias plásticas y sus manufacturas,subrubro,2024-01-01,2024,28.721023,TRUE,1. Resto país
San Luis,Metales comunes y sus manufacturas,subrubro,2024-01-01,2024,9.632661,TRUE,1. Resto país
San Luis,"Máquinas y aparatos, material eléctrico",subrubro,2024-01-01,2024,32.417322,TRUE,1. Resto país
San Luis,"Papel, cartón, impresos y publicaciones",subrubro,2024-01-01,2024,39.004274,TRUE,1. Resto país
San Luis,"Preparados de hortalizas, legumbres y frutas",subrubro,2024-01-01,2024,NA,TRUE,1. Resto país
San Luis,Productos de molinería y sus preparaciones,subrubro,2024-01-01,2024,38.510635,TRUE,1. Resto país
San Luis,Productos químicos y conexos,subrubro,2024-01-01,2024,19.249589,TRUE,1. Resto país
San Luis,Resto de MOA,subrubro,2024-01-01,2024,9.345248,TRUE,1. Resto país
San Luis,Resto de productos,subrubro,2024-01-01,2024,33.159063,TRUE,1. Resto país
San Luis,Semillas y frutos oleaginosos,subrubro,2024-01-01,2024,52.531819,TRUE,1. Resto país
San Luis,Total,total,2024-01-01,2024,672.303609,TRUE,1. Resto país
Santa Cruz,Carnes y sus preparados,subrubro,2024-01-01,2024,17.353416,TRUE,1. Resto país
Santa Cruz,Frutas frescas,subrubro,2024-01-01,2024,4.585813,TRUE,1. Resto país
Santa Cruz,Gas de petróleo y otros hidrocarburos gaseosos,subrubro,2024-01-01,2024,NA,TRUE,1. Resto país
Santa Cruz,"Minerales metalíferos, escorias y cenizas",subrubro,2024-01-01,2024,NA,TRUE,1. Resto país
Santa Cruz,Pescados y mariscos elaborados,subrubro,2024-01-01,2024,37.477172,TRUE,1. Resto país
Santa Cruz,Pescados y mariscos sin elaborar,subrubro,2024-01-01,2024,142.220055,TRUE,1. Resto país
Santa Cruz,Petróleo crudo,subrubro,2024-01-01,2024,122.214777,TRUE,1. Resto país
Santa Cruz,"Piedras, metales preciosos y sus manufacturas, monedas",subrubro,2024-01-01,2024,1616.15079,TRUE,1. Resto país
Santa Cruz,Resto de MOI,subrubro,2024-01-01,2024,3.345898,TRUE,1. Resto país
Santa Cruz,Resto de productos,subrubro,2024-01-01,2024,1.042787,TRUE,1. Resto país
Santa Cruz,Total,total,2024-01-01,2024,2160.285363,TRUE,1. Resto país
Santa Fe,Carburantes,subrubro,2024-01-01,2024,123.438224,TRUE,1. Resto país
Santa Fe,Carnes y sus preparados,subrubro,2024-01-01,2024,811.17509,TRUE,1. Resto país
Santa Fe,Caucho y sus manufacturas,subrubro,2024-01-01,2024,52.082156,TRUE,1. Resto país
Santa Fe,Cereales,subrubro,2024-01-01,2024,1366.7172639999999,TRUE,1. Resto país
Santa Fe,Extractos curtientes y tintóreos,subrubro,2024-01-01,2024,60.555013,TRUE,1. Resto país
Santa Fe,Fibras de algodón,subrubro,2024-01-01,2024,42.663425,TRUE,1. Resto país
Santa Fe,Grasas y aceites,subrubro,2024-01-01,2024,3744.769767,TRUE,1. Resto país
Santa Fe,Material de transporte terrestre,subrubro,2024-01-01,2024,358.849938,TRUE,1. Resto país
Santa Fe,Metales comunes y sus manufacturas,subrubro,2024-01-01,2024,122.764586,TRUE,1. Resto país
Santa Fe,"Máquinas y aparatos, material eléctrico",subrubro,2024-01-01,2024,313.788499,TRUE,1. Resto país
Santa Fe,Pieles y cueros,subrubro,2024-01-01,2024,124.142003,TRUE,1. Resto país
Santa Fe,Productos de molinería y sus preparaciones,subrubro,2024-01-01,2024,245.416796,TRUE,1. Resto país
Santa Fe,Productos lácteos,subrubro,2024-01-01,2024,585.61383,TRUE,1. Resto país
Santa Fe,Productos químicos y conexos,subrubro,2024-01-01,2024,625.327889,TRUE,1. Resto país
Santa Fe,Residuos y desperdicios de la industria alimentaria,subrubro,2024-01-01,2024,6146.127449,TRUE,1. Resto país
Santa Fe,Resto de MOA,subrubro,2024-01-01,2024,40.415114,TRUE,1. Resto país
Santa Fe,Resto de productos,subrubro,2024-01-01,2024,129.487812,TRUE,1. Resto país
Santa Fe,Semillas y frutos oleaginosos,subrubro,2024-01-01,2024,492.327409,TRUE,1. Resto país
Santa Fe,Total,total,2024-01-01,2024,15385.662263,TRUE,1. Resto país
Santiago del Estero,Carnes y sus preparados,subrubro,2024-01-01,2024,54.627418,TRUE,2. NOA-Resto
Santiago del Estero,Cereales,subrubro,2024-01-01,2024,302.312743,TRUE,2. NOA-Resto
Santiago del Estero,Fibras de algodón,subrubro,2024-01-01,2024,69.819649,TRUE,2. NOA-Resto
Santiago del Estero,Hortalizas y legumbres sin elaborar,subrubro,2024-01-01,2024,66.180268,TRUE,2. NOA-Resto
Santiago del Estero,Miel,subrubro,2024-01-01,2024,2.533907,TRUE,2. NOA-Resto
Santiago del Estero,Otros productos de origen animal,subrubro,2024-01-01,2024,NA,TRUE,2. NOA-Resto
Santiago del Estero,Resto de productos,subrubro,2024-01-01,2024,NA,TRUE,2. NOA-Resto
Santiago del Estero,Resto de productos primarios,subrubro,2024-01-01,2024,2.603209,TRUE,2. NOA-Resto
Santiago del Estero,Semillas y frutos oleaginosos,subrubro,2024-01-01,2024,128.8254,TRUE,2. NOA-Resto
Santiago del Estero,Total,total,2024-01-01,2024,634.608906,TRUE,2. NOA-Resto
Tierra del Fuego,Gas de petróleo y otros hidrocarburos gaseosos,subrubro,2024-01-01,2024,95.855394,TRUE,1. Resto país
Tierra del Fuego,Materias plásticas y sus manufacturas,subrubro,2024-01-01,2024,23.954616,TRUE,1. Resto país
Tierra del Fuego,"Máquinas y aparatos, material eléctrico",subrubro,2024-01-01,2024,18.610304,TRUE,1. Resto país
Tierra del Fuego,Pescados y mariscos elaborados,subrubro,2024-01-01,2024,5.115135,TRUE,1. Resto país
Tierra del Fuego,Pescados y mariscos sin elaborar,subrubro,2024-01-01,2024,59.856324,TRUE,1. Resto país
Tierra del Fuego,Petróleo crudo,subrubro,2024-01-01,2024,157.28987,TRUE,1. Resto país
Tierra del Fuego,Resto de MOA,subrubro,2024-01-01,2024,6.085738,TRUE,1. Resto país
Tierra del Fuego,Resto de productos,subrubro,2024-01-01,2024,2.276103,TRUE,1. Resto país
Tierra del Fuego,Total,total,2024-01-01,2024,369.043482,TRUE,1. Resto país
Tucumán,"Azúcar, cacao y artículos de confitería",subrubro,2024-01-01,2024,134.12648,TRUE,2. NOA-Resto
Tucumán,Cereales,subrubro,2024-01-01,2024,46.725952,TRUE,2. NOA-Resto
Tucumán,Frutas frescas,subrubro,2024-01-01,2024,99.569805,TRUE,2. NOA-Resto
Tucumán,Frutas secas o procesadas,subrubro,2024-01-01,2024,14.275184,TRUE,2. NOA-Resto
Tucumán,Hortalizas y legumbres sin elaborar,subrubro,2024-01-01,2024,17.772576,TRUE,2. NOA-Resto
Tucumán,Material de transporte terrestre,subrubro,2024-01-01,2024,NA,TRUE,2. NOA-Resto
Tucumán,"Preparados de hortalizas, legumbres y frutas",subrubro,2024-01-01,2024,118.968197,TRUE,2. NOA-Resto
Tucumán,Productos de molinería y sus preparaciones,subrubro,2024-01-01,2024,10.830609,TRUE,2. NOA-Resto
Tucumán,Productos químicos y conexos,subrubro,2024-01-01,2024,206.472158,TRUE,2. NOA-Resto
Tucumán,Residuos y desperdicios de la industria alimentaria,subrubro,2024-01-01,2024,74.088525,TRUE,2. NOA-Resto
Tucumán,Resto de productos,subrubro,2024-01-01,2024,NA,TRUE,2. NOA-Resto
Tucumán,Semillas y frutos oleaginosos,subrubro,2024-01-01,2024,23.627086,TRUE,2. NOA-Resto
Tucumán,Total,total,2024-01-01,2024,930.395427,TRUE,2. NOA-Resto
Buenos Aires,Carburantes,subrubro,2025-01-01,2025,2234.214679,TRUE,1. Resto país
Buenos Aires,Carnes y sus preparados,subrubro,2025-01-01,2025,2460.083303,TRUE,1. Resto país
Buenos Aires,Cereales,subrubro,2025-01-01,2025,4616.890809,TRUE,1. Resto país
Buenos Aires,Gas de petróleo y otros hidrocarburos gaseosos,subrubro,2025-01-01,2025,584.980286,TRUE,1. Resto país
Buenos Aires,Grasas y aceites,subrubro,2025-01-01,2025,2980.047438,TRUE,1. Resto país
Buenos Aires,Grasas y aceites lubricantes,subrubro,2025-01-01,2025,97.240472,TRUE,1. Resto país
Buenos Aires,Material de transporte terrestre,subrubro,2025-01-01,2025,6800.713203,TRUE,1. Resto país
Buenos Aires,Materias plásticas y sus manufacturas,subrubro,2025-01-01,2025,684.633454,TRUE,1. Resto país
Buenos Aires,Metales comunes y sus manufacturas,subrubro,2025-01-01,2025,1030.738083,TRUE,1. Resto país
Buenos Aires,Miel,subrubro,2025-01-01,2025,101.466651,TRUE,1. Resto país
Buenos Aires,"Máquinas y aparatos, material eléctrico",subrubro,2025-01-01,2025,477.613683,TRUE,1. Resto país
Buenos Aires,"Papel, cartón, impresos y publicaciones",subrubro,2025-01-01,2025,107.484467,TRUE,1. Resto país
Buenos Aires,Pescados y mariscos elaborados,subrubro,2025-01-01,2025,173.067664,TRUE,1. Resto país
Buenos Aires,Pescados y mariscos sin elaborar,subrubro,2025-01-01,2025,296.640096,TRUE,1. Resto país
Buenos Aires,Pieles y cueros,subrubro,2025-01-01,2025,220.011362,TRUE,1. Resto país
Buenos Aires,"Preparados de hortalizas, legumbres y frutas",subrubro,2025-01-01,2025,259.881634,TRUE,1. Resto país
Buenos Aires,Productos de molinería y sus preparaciones,subrubro,2025-01-01,2025,435.753353,TRUE,1. Resto país
Buenos Aires,Productos lácteos,subrubro,2025-01-01,2025,282.436644,TRUE,1. Resto país
Buenos Aires,Productos químicos y conexos,subrubro,2025-01-01,2025,2206.029325,TRUE,1. Resto país
Buenos Aires,Residuos y desperdicios de la industria alimentaria,subrubro,2025-01-01,2025,2508.673221,TRUE,1. Resto país
Buenos Aires,Resto de MOA,subrubro,2025-01-01,2025,257.211793,TRUE,1. Resto país
Buenos Aires,Resto de MOI,subrubro,2025-01-01,2025,93.540284,TRUE,1. Resto país
Buenos Aires,Resto de combustibles,subrubro,2025-01-01,2025,316.15527,TRUE,1. Resto país
Buenos Aires,Resto de productos,subrubro,2025-01-01,2025,681.446734,TRUE,1. Resto país
Buenos Aires,Semillas y frutos oleaginosos,subrubro,2025-01-01,2025,1776.890849,TRUE,1. Resto país
Buenos Aires,Total,total,2025-01-01,2025,31683.844757,TRUE,1. Resto país
C.A.B.A.,"Azúcar, cacao y artículos de confitería",subrubro,2025-01-01,2025,5.806959,TRUE,1. Resto país
C.A.B.A.,Carnes y sus preparados,subrubro,2025-01-01,2025,NA,TRUE,1. Resto país
C.A.B.A.,"Máquinas y aparatos, material eléctrico",subrubro,2025-01-01,2025,14.353454,TRUE,1. Resto país
C.A.B.A.,Otros productos de origen animal,subrubro,2025-01-01,2025,NA,TRUE,1. Resto país
C.A.B.A.,"Papel, cartón, impresos y publicaciones",subrubro,2025-01-01,2025,5.347889,TRUE,1. Resto país
C.A.B.A.,Pieles y cueros,subrubro,2025-01-01,2025,NA,TRUE,1. Resto país
C.A.B.A.,Productos químicos y conexos,subrubro,2025-01-01,2025,342.869209,TRUE,1. Resto país
C.A.B.A.,Resto de MOI,subrubro,2025-01-01,2025,3.307806,TRUE,1. Resto país
C.A.B.A.,Resto de productos,subrubro,2025-01-01,2025,11.589463,TRUE,1. Resto país
C.A.B.A.,Total,total,2025-01-01,2025,409.247171,TRUE,1. Resto país
Catamarca,"Azúcar, cacao y artículos de confitería",subrubro,2025-01-01,2025,NA,TRUE,2. NOA-Resto
Catamarca,Cereales,subrubro,2025-01-01,2025,8.726709,TRUE,2. NOA-Resto
Catamarca,Frutas frescas,subrubro,2025-01-01,2025,1.364512,TRUE,2. NOA-Resto
Catamarca,Grasas y aceites,subrubro,2025-01-01,2025,1.849676,TRUE,2. NOA-Resto
Catamarca,Hortalizas y legumbres sin elaborar,subrubro,2025-01-01,2025,2.143935,TRUE,2. NOA-Resto
Catamarca,"Piedras, metales preciosos y sus manufacturas, monedas",subrubro,2025-01-01,2025,76.28655,TRUE,2. NOA-Resto
Catamarca,"Preparados de hortalizas, legumbres y frutas",subrubro,2025-01-01,2025,2.84115,TRUE,2. NOA-Resto
Catamarca,Productos químicos y conexos,subrubro,2025-01-01,2025,288.266013,TRUE,2. NOA-Resto
Catamarca,Resto de MOA,subrubro,2025-01-01,2025,NA,TRUE,2. NOA-Resto
Catamarca,Resto de productos,subrubro,2025-01-01,2025,2.708598,TRUE,2. NOA-Resto
Catamarca,Semillas y frutos oleaginosos,subrubro,2025-01-01,2025,11.202941,TRUE,2. NOA-Resto
Catamarca,Total,total,2025-01-01,2025,401.827607,TRUE,2. NOA-Resto
Chaco,Cereales,subrubro,2025-01-01,2025,63.879369,TRUE,1. Resto país
Chaco,Extractos curtientes y tintóreos,subrubro,2025-01-01,2025,65.212846,TRUE,1. Resto país
Chaco,Fibras de algodón,subrubro,2025-01-01,2025,17.869666,TRUE,1. Resto país
Chaco,Resto de productos,subrubro,2025-01-01,2025,18.525932,TRUE,1. Resto país
Chaco,Resto de productos primarios,subrubro,2025-01-01,2025,21.972205,TRUE,1. Resto país
Chaco,Semillas y frutos oleaginosos,subrubro,2025-01-01,2025,47.505455,TRUE,1. Resto país
Chaco,Total,total,2025-01-01,2025,234.965473,TRUE,1. Resto país
Chubut,Carburantes,subrubro,2025-01-01,2025,5.644166,TRUE,1. Resto país
Chubut,Frutas frescas,subrubro,2025-01-01,2025,9.838813,TRUE,1. Resto país
Chubut,Grasas y aceites,subrubro,2025-01-01,2025,2.477552,TRUE,1. Resto país
Chubut,Lanas elaboradas,subrubro,2025-01-01,2025,69.497806,TRUE,1. Resto país
Chubut,Lanas sucias,subrubro,2025-01-01,2025,28.886265,TRUE,1. Resto país
Chubut,Metales comunes y sus manufacturas,subrubro,2025-01-01,2025,1068.359414,TRUE,1. Resto país
Chubut,"Máquinas y aparatos, material eléctrico",subrubro,2025-01-01,2025,2.423147,TRUE,1. Resto país
Chubut,Pescados y mariscos elaborados,subrubro,2025-01-01,2025,13.724567,TRUE,1. Resto país
Chubut,Pescados y mariscos sin elaborar,subrubro,2025-01-01,2025,627.074513,TRUE,1. Resto país
Chubut,Petróleo crudo,subrubro,2025-01-01,2025,756.952091,TRUE,1. Resto país
Chubut,Resto de productos,subrubro,2025-01-01,2025,8.98462,TRUE,1. Resto país
Chubut,Total,total,2025-01-01,2025,2593.862954,TRUE,1. Resto país
Corrientes,"Café, té, yerba mate y especias",subrubro,2025-01-01,2025,14.83502,TRUE,1. Resto país
Corrientes,Cereales,subrubro,2025-01-01,2025,146.236189,TRUE,1. Resto país
Corrientes,Frutas frescas,subrubro,2025-01-01,2025,21.677962,TRUE,1. Resto país
Corrientes,Lanas sucias,subrubro,2025-01-01,2025,1.702524,TRUE,1. Resto país
Corrientes,"Preparados de hortalizas, legumbres y frutas",subrubro,2025-01-01,2025,6.467797,TRUE,1. Resto país
Corrientes,Productos químicos y conexos,subrubro,2025-01-01,2025,34.379676,TRUE,1. Resto país
Corrientes,Resto de MOA,subrubro,2025-01-01,2025,91.124021,TRUE,1. Resto país
Corrientes,Resto de productos,subrubro,2025-01-01,2025,4.806161,TRUE,1. Resto país
Corrientes,Resto de productos primarios,subrubro,2025-01-01,2025,6.131267,TRUE,1. Resto país
Corrientes,Textiles y confecciones,subrubro,2025-01-01,2025,8.216864,TRUE,1. Resto país
Corrientes,Total,total,2025-01-01,2025,335.577481,TRUE,1. Resto país
Córdoba,"Azúcar ,cacao y artículos de confitería",subrubro,2025-01-01,2025,75.17546,TRUE,1. Resto país
Córdoba,"Bebidas, líquidos alcohólicos y vinagre",subrubro,2025-01-01,2025,68.360738,TRUE,1. Resto país
Córdoba,Carnes y sus preparados,subrubro,2025-01-01,2025,97.624713,TRUE,1. Resto país
Córdoba,Cereales,subrubro,2025-01-01,2025,2787.672346,TRUE,1. Resto país
Córdoba,Extractos curtientes y tintóreos,subrubro,2025-01-01,2025,115.478316,TRUE,1. Resto país
Córdoba,Grasas y aceites,subrubro,2025-01-01,2025,1500.447881,TRUE,1. Resto país
Córdoba,Hortalizas y legumbres sin elaborar,subrubro,2025-01-01,2025,44.501792,TRUE,1. Resto país
Córdoba,Material de transporte terrestre,subrubro,2025-01-01,2025,982.57137,TRUE,1. Resto país
Córdoba,Materias plásticas y sus manufacturas,subrubro,2025-01-01,2025,39.036044,TRUE,1. Resto país
Córdoba,"Máquinas y aparatos, material eléctrico",subrubro,2025-01-01,2025,336.846462,TRUE,1. Resto país
Córdoba,"Preparados de hortalizas, legumbres y frutas",subrubro,2025-01-01,2025,112.745104,TRUE,1. Resto país
Córdoba,Productos de molinería y sus preparaciones,subrubro,2025-01-01,2025,63.116711,TRUE,1. Resto país
Córdoba,Productos lácteos,subrubro,2025-01-01,2025,469.060512,TRUE,1. Resto país
Córdoba,Productos químicos y conexos,subrubro,2025-01-01,2025,133.96846,TRUE,1. Resto país
Córdoba,Residuos y desperdicios de la industria alimentaria,subrubro,2025-01-01,2025,1731.176449,TRUE,1. Resto país
Córdoba,Resto de MOA,subrubro,2025-01-01,2025,39.855366,TRUE,1. Resto país
Córdoba,Resto de MOI,subrubro,2025-01-01,2025,35.662172,TRUE,1. Resto país
Córdoba,Resto de productos,subrubro,2025-01-01,2025,123.464376,TRUE,1. Resto país
Córdoba,Semillas y frutos oleaginosos,subrubro,2025-01-01,2025,2156.008919,TRUE,1. Resto país
Córdoba,Total,total,2025-01-01,2025,10912.77319,TRUE,1. Resto país
Entre Ríos,Carnes y sus preparados,subrubro,2025-01-01,2025,424.768585,TRUE,1. Resto país
Entre Ríos,Cereales,subrubro,2025-01-01,2025,820.669446,TRUE,1. Resto país
Entre Ríos,Energía eléctrica,subrubro,2025-01-01,2025,NA,TRUE,1. Resto país
Entre Ríos,Frutas frescas,subrubro,2025-01-01,2025,32.872311,TRUE,1. Resto país
Entre Ríos,Miel,subrubro,2025-01-01,2025,17.438921,TRUE,1. Resto país
Entre Ríos,"Máquinas y aparatos, material eléctrico",subrubro,2025-01-01,2025,17.606277,TRUE,1. Resto país
Entre Ríos,"Preparados de hortalizas, legumbres y frutas",subrubro,2025-01-01,2025,36.959634,TRUE,1. Resto país
Entre Ríos,Productos de molinería y sus preparaciones,subrubro,2025-01-01,2025,20.506694,TRUE,1. Resto país
Entre Ríos,Productos lácteos,subrubro,2025-01-01,2025,69.510891,TRUE,1. Resto país
Entre Ríos,Productos químicos y conexos,subrubro,2025-01-01,2025,62.77237,TRUE,1. Resto país
Entre Ríos,Residuos y desperdicios de la industria alimentaria,subrubro,2025-01-01,2025,39.402026,TRUE,1. Resto país
Entre Ríos,Resto de MOA,subrubro,2025-01-01,2025,67.120744,TRUE,1. Resto país
Entre Ríos,Resto de productos,subrubro,2025-01-01,2025,NA,TRUE,1. Resto país
Entre Ríos,Resto de productos primarios,subrubro,2025-01-01,2025,33.007829,TRUE,1. Resto país
Entre Ríos,Semillas y frutos oleaginosos,subrubro,2025-01-01,2025,342.572896,TRUE,1. Resto país
Entre Ríos,Total,total,2025-01-01,2025,2115.225128,TRUE,1. Resto país
Formosa,Cereales,subrubro,2025-01-01,2025,18.975157,TRUE,1. Resto país
Formosa,Extractos curtientes y tintóreos,subrubro,2025-01-01,2025,NA,TRUE,1. Resto país
Formosa,Otros productos de origen animal,subrubro,2025-01-01,2025,NA,TRUE,1. Resto país
Formosa,Resto de productos,subrubro,2025-01-01,2025,1.214989,TRUE,1. Resto país
Formosa,Semillas y frutos oleaginosos,subrubro,2025-01-01,2025,4.179053,TRUE,1. Resto país
Formosa,Total,total,2025-01-01,2025,29.244629,TRUE,1. Resto país
Jujuy,"Azúcar, cacao y artículos de confitería",subrubro,2025-01-01,2025,139.518624,TRUE,2. NOA-Resto
Jujuy,"Minerales metalíferos, escorias y cenizas",subrubro,2025-01-01,2025,427.893129,TRUE,2. NOA-Resto
Jujuy,"Papel, cartón, impresos y publicaciones",subrubro,2025-01-01,2025,25.161496,TRUE,2. NOA-Resto
Jujuy,"Preparados de hortalizas, legumbres y frutas",subrubro,2025-01-01,2025,20.58501,TRUE,2. NOA-Resto
Jujuy,Productos químicos y conexos,subrubro,2025-01-01,2025,NA,TRUE,2. NOA-Resto
Jujuy,Resto de productos,subrubro,2025-01-01,2025,NA,TRUE,2. NOA-Resto
Jujuy,Resto de productos primarios,subrubro,2025-01-01,2025,20.898076,TRUE,2. NOA-Resto
Jujuy,Tabaco sin elaborar,subrubro,2025-01-01,2025,44.154873,TRUE,2. NOA-Resto
Jujuy,Total,total,2025-01-01,2025,1258.805709,TRUE,2. NOA-Resto
La Pampa,Carnes y sus preparados,subrubro,2025-01-01,2025,207.262852,TRUE,1. Resto país
La Pampa,Cereales,subrubro,2025-01-01,2025,462.958212,TRUE,1. Resto país
La Pampa,Grasas y aceites,subrubro,2025-01-01,2025,8.602544,TRUE,1. Resto país
La Pampa,"Manufacturas de piedra, yeso, vidrio, etc.",subrubro,2025-01-01,2025,NA,TRUE,1. Resto país
La Pampa,Materias plásticas y sus manufacturas,subrubro,2025-01-01,2025,1.928726,TRUE,1. Resto país
La Pampa,Miel,subrubro,2025-01-01,2025,22.104782,TRUE,1. Resto país
La Pampa,Petróleo crudo,subrubro,2025-01-01,2025,47.015658,TRUE,1. Resto país
La Pampa,Resto de productos,subrubro,2025-01-01,2025,NA,TRUE,1. Resto país
La Pampa,Semillas y frutos oleaginosos,subrubro,2025-01-01,2025,181.681101,TRUE,1. Resto país
La Pampa,Total,total,2025-01-01,2025,945.68096,TRUE,1. Resto país
La Rioja,"Bebidas, líquidos alcohólicos y vinagre",subrubro,2025-01-01,2025,9.081209,TRUE,3. La Rioja
La Rioja,Frutas frescas,subrubro,2025-01-01,2025,5.766117,TRUE,3. La Rioja
La Rioja,Frutas secas o procesadas,subrubro,2025-01-01,2025,12.141032,TRUE,3. La Rioja
La Rioja,Grasas y aceites,subrubro,2025-01-01,2025,34.530653,TRUE,3. La Rioja
La Rioja,"Papel, cartón, impresos y publicaciones",subrubro,2025-01-01,2025,32.09948,TRUE,3. La Rioja
La Rioja,"Preparados de hortalizas, legumbres y frutas",subrubro,2025-01-01,2025,59.074946,TRUE,3. La Rioja
La Rioja,Productos químicos y conexos,subrubro,2025-01-01,2025,NA,TRUE,3. La Rioja
La Rioja,Resto de productos,subrubro,2025-01-01,2025,NA,TRUE,3. La Rioja
La Rioja,Semillas y frutos oleaginosos,subrubro,2025-01-01,2025,0.55746,TRUE,3. La Rioja
La Rioja,Textiles y confecciones,subrubro,2025-01-01,2025,2.45024,TRUE,3. La Rioja
La Rioja,Total,total,2025-01-01,2025,163.352265,TRUE,3. La Rioja
Mendoza,"Bebidas, líquidos alcohólicos y vinagre",subrubro,2025-01-01,2025,626.915912,TRUE,1. Resto país
Mendoza,Carburantes,subrubro,2025-01-01,2025,22.850221,TRUE,1. Resto país
Mendoza,Frutas frescas,subrubro,2025-01-01,2025,58.425745,TRUE,1. Resto país
Mendoza,Frutas secas o procesadas,subrubro,2025-01-01,2025,59.68374,TRUE,1. Resto país
Mendoza,Gas de petróleo y otros hidrocarburos gaseosos,subrubro,2025-01-01,2025,NA,TRUE,1. Resto país
Mendoza,Grasas y aceites,subrubro,2025-01-01,2025,33.316481,TRUE,1. Resto país
Mendoza,Hortalizas y legumbres sin elaborar,subrubro,2025-01-01,2025,132.56745,TRUE,1. Resto país
Mendoza,Materias plásticas y sus manufacturas,subrubro,2025-01-01,2025,127.207273,TRUE,1. Resto país
Mendoza,Metales comunes y sus manufacturas,subrubro,2025-01-01,2025,21.83259,TRUE,1. Resto país
Mendoza,"Máquinas y aparatos, material eléctrico",subrubro,2025-01-01,2025,38.831487,TRUE,1. Resto país
Mendoza,"Preparados de hortalizas, legumbres y frutas",subrubro,2025-01-01,2025,270.671483,TRUE,1. Resto país
Mendoza,Productos químicos y conexos,subrubro,2025-01-01,2025,18.363611,TRUE,1. Resto país
Mendoza,Resto de combustibles,subrubro,2025-01-01,2025,44.659436,TRUE,1. Resto país
Mendoza,Resto de productos,subrubro,2025-01-01,2025,NA,TRUE,1. Resto país
Mendoza,Total,total,2025-01-01,2025,1538.86867,TRUE,1. Resto país
Misiones,"Café, té, yerba mate y especias",subrubro,2025-01-01,2025,162.497486,TRUE,1. Resto país
Misiones,Cereales,subrubro,2025-01-01,2025,17.037325,TRUE,1. Resto país
Misiones,Frutas frescas,subrubro,2025-01-01,2025,2.498373,TRUE,1. Resto país
Misiones,"Papel, cartón, impresos y publicaciones",subrubro,2025-01-01,2025,156.056903,TRUE,1. Resto país
Misiones,Resto de MOA,subrubro,2025-01-01,2025,97.15612,TRUE,1. Resto país
Misiones,Resto de MOI,subrubro,2025-01-01,2025,8.399274,TRUE,1. Resto país
Misiones,Resto de productos,subrubro,2025-01-01,2025,5.741352,TRUE,1. Resto país
Misiones,Tabaco sin elaborar,subrubro,2025-01-01,2025,84.051387,TRUE,1. Resto país
Misiones,Total,total,2025-01-01,2025,533.43822,TRUE,1. Resto país
Neuquén,Carburantes,subrubro,2025-01-01,2025,9.035393,TRUE,1. Resto país
Neuquén,Frutas frescas,subrubro,2025-01-01,2025,34.826968,TRUE,1. Resto país
Neuquén,Gas de petróleo y otros hidrocarburos gaseosos,subrubro,2025-01-01,2025,564.204731,TRUE,1. Resto país
Neuquén,Pescados y mariscos elaborados,subrubro,2025-01-01,2025,NA,TRUE,1. Resto país
Neuquén,Pescados y mariscos sin elaborar,subrubro,2025-01-01,2025,NA,TRUE,1. Resto país
Neuquén,Petróleo crudo,subrubro,2025-01-01,2025,5574.713713,TRUE,1. Resto país
Neuquén,Productos químicos y conexos,subrubro,2025-01-01,2025,NA,TRUE,1. Resto país
Neuquén,Resto de productos,subrubro,2025-01-01,2025,23.942275,TRUE,1. Resto país
Neuquén,Total,total,2025-01-01,2025,6300.596803,TRUE,1. Resto país
Río Negro,"Azúcar, cacao y artículos de confitería",subrubro,2025-01-01,2025,NA,TRUE,1. Resto país
Río Negro,"Bebidas, líquidos alcohólicos y vinagre",subrubro,2025-01-01,2025,6.938731,TRUE,1. Resto país
Río Negro,Carnes y sus preparados,subrubro,2025-01-01,2025,12.857603,TRUE,1. Resto país
Río Negro,Frutas frescas,subrubro,2025-01-01,2025,298.074956,TRUE,1. Resto país
Río Negro,Frutas secas o procesadas,subrubro,2025-01-01,2025,7.747824,TRUE,1. Resto país
Río Negro,Gas de petróleo y otros hidrocarburos gaseosos,subrubro,2025-01-01,2025,NA,TRUE,1. Resto país
Río Negro,Lanas sucias,subrubro,2025-01-01,2025,4.814347,TRUE,1. Resto país
Río Negro,Miel,subrubro,2025-01-01,2025,1.815675,TRUE,1. Resto país
Río Negro,"Máquinas y aparatos, material eléctrico",subrubro,2025-01-01,2025,3.628208,TRUE,1. Resto país
Río Negro,Pescados y mariscos sin elaborar,subrubro,2025-01-01,2025,6.897658,TRUE,1. Resto país
Río Negro,Petróleo crudo,subrubro,2025-01-01,2025,47.015658,TRUE,1. Resto país
Río Negro,"Preparados de hortalizas, legumbres y frutas",subrubro,2025-01-01,2025,70.132509,TRUE,1. Resto país
Río Negro,Resto de productos,subrubro,2025-01-01,2025,6.612173,TRUE,1. Resto país
Río Negro,Resto de productos primarios,subrubro,2025-01-01,2025,12.791615,TRUE,1. Resto país
Río Negro,Total,total,2025-01-01,2025,508.930134,TRUE,1. Resto país
Salta,"Azúcar, cacao y artículos de confitería",subrubro,2025-01-01,2025,45.508987,TRUE,2. NOA-Resto
Salta,Carnes y sus preparados,subrubro,2025-01-01,2025,NA,TRUE,2. NOA-Resto
Salta,Cereales,subrubro,2025-01-01,2025,222.022856,TRUE,2. NOA-Resto
Salta,Gas de petróleo y otros hidrocarburos gaseosos,subrubro,2025-01-01,2025,14.578661,TRUE,2. NOA-Resto
Salta,Hortalizas y legumbres sin elaborar,subrubro,2025-01-01,2025,235.187021,TRUE,2. NOA-Resto
Salta,Petróleo crudo,subrubro,2025-01-01,2025,16.119654,TRUE,2. NOA-Resto
Salta,"Piedras, metales preciosos y sus manufacturas, monedas",subrubro,2025-01-01,2025,297.370772,TRUE,2. NOA-Resto
Salta,Productos químicos y conexos,subrubro,2025-01-01,2025,194.476586,TRUE,2. NOA-Resto
Salta,Resto de productos,subrubro,2025-01-01,2025,NA,TRUE,2. NOA-Resto
Salta,Resto de productos primarios,subrubro,2025-01-01,2025,25.780208,TRUE,2. NOA-Resto
Salta,Semillas y frutos oleaginosos,subrubro,2025-01-01,2025,89.688944,TRUE,2. NOA-Resto
Salta,Tabaco sin elaborar,subrubro,2025-01-01,2025,206.837785,TRUE,2. NOA-Resto
Salta,Total,total,2025-01-01,2025,1447.687147,TRUE,2. NOA-Resto
San Juan,"Bebidas, líquidos alcohólicos y vinagre",subrubro,2025-01-01,2025,11.655138000000001,TRUE,1. Resto país
San Juan,Frutas secas o procesadas,subrubro,2025-01-01,2025,77.053348,TRUE,1. Resto país
San Juan,Grasas y aceites,subrubro,2025-01-01,2025,29.076219,TRUE,1. Resto país
San Juan,Hortalizas y legumbres sin elaborar,subrubro,2025-01-01,2025,40.673711,TRUE,1. Resto país
San Juan,"Piedras, metales preciosos y sus manufacturas, monedas",subrubro,2025-01-01,2025,1703.61057,TRUE,1. Resto país
San Juan,"Preparados de hortalizas, legumbres y frutas",subrubro,2025-01-01,2025,61.18561,TRUE,1. Resto país
San Juan,Productos químicos y conexos,subrubro,2025-01-01,2025,72.412057,TRUE,1. Resto país
San Juan,Resto de MOI,subrubro,2025-01-01,2025,45.416409,TRUE,1. Resto país
San Juan,Resto de productos,subrubro,2025-01-01,2025,48.309505,TRUE,1. Resto país
San Juan,Semillas y frutos oleaginosos,subrubro,2025-01-01,2025,11.725212,TRUE,1. Resto país
San Juan,Total,total,2025-01-01,2025,2101.11778,TRUE,1. Resto país
San Luis,"Azúcar, cacao y artículos de confitería",subrubro,2025-01-01,2025,9.090023,TRUE,1. Resto país
San Luis,Carnes y sus preparados,subrubro,2025-01-01,2025,NA,TRUE,1. Resto país
San Luis,Cereales,subrubro,2025-01-01,2025,296.318601,TRUE,1. Resto país
San Luis,"Manufacturas de piedra, yeso, vidrio, etc.",subrubro,2025-01-01,2025,9.552194,TRUE,1. Resto país
San Luis,Materias plásticas y sus manufacturas,subrubro,2025-01-01,2025,26.00974,TRUE,1. Resto país
San Luis,Metales comunes y sus manufacturas,subrubro,2025-01-01,2025,10.088706,TRUE,1. Resto país
San Luis,"Máquinas y aparatos, material eléctrico",subrubro,2025-01-01,2025,32.916097,TRUE,1. Resto país
San Luis,"Papel, cartón, impresos y publicaciones",subrubro,2025-01-01,2025,36.036814,TRUE,1. Resto país
San Luis,"Preparados de hortalizas, legumbres y frutas",subrubro,2025-01-01,2025,37.330557,TRUE,1. Resto país
San Luis,Productos de molinería y sus preparaciones,subrubro,2025-01-01,2025,35.402117,TRUE,1. Resto país
San Luis,Productos químicos y conexos,subrubro,2025-01-01,2025,20.606362,TRUE,1. Resto país
San Luis,Resto de MOA,subrubro,2025-01-01,2025,13.826677,TRUE,1. Resto país
San Luis,Resto de productos,subrubro,2025-01-01,2025,NA,TRUE,1. Resto país
San Luis,Semillas y frutos oleaginosos,subrubro,2025-01-01,2025,68.517996,TRUE,1. Resto país
San Luis,Total,total,2025-01-01,2025,685.763174,TRUE,1. Resto país
Santa Cruz,Carnes y sus preparados,subrubro,2025-01-01,2025,25.756738,TRUE,1. Resto país
Santa Cruz,Frutas frescas,subrubro,2025-01-01,2025,NA,TRUE,1. Resto país
Santa Cruz,Gas de petróleo y otros hidrocarburos gaseosos,subrubro,2025-01-01,2025,NA,TRUE,1. Resto país
Santa Cruz,"Minerales metalíferos, escorias y cenizas",subrubro,2025-01-01,2025,NA,TRUE,1. Resto país
Santa Cruz,Pescados y mariscos elaborados,subrubro,2025-01-01,2025,48.657254,TRUE,1. Resto país
Santa Cruz,Pescados y mariscos sin elaborar,subrubro,2025-01-01,2025,113.932589,TRUE,1. Resto país
Santa Cruz,Petróleo crudo,subrubro,2025-01-01,2025,81.941575,TRUE,1. Resto país
Santa Cruz,"Piedras, metales preciosos y sus manufacturas, monedas",subrubro,2025-01-01,2025,2089.877874,TRUE,1. Resto país
Santa Cruz,Resto de MOI,subrubro,2025-01-01,2025,4.326397,TRUE,1. Resto país
Santa Cruz,Resto de productos,subrubro,2025-01-01,2025,5.620639,TRUE,1. Resto país
Santa Cruz,Total,total,2025-01-01,2025,2752.796788,TRUE,1. Resto país
Santa Fe,Carburantes,subrubro,2025-01-01,2025,116.83675,TRUE,1. Resto país
Santa Fe,Carnes y sus preparados,subrubro,2025-01-01,2025,1074.599004,TRUE,1. Resto país
Santa Fe,Caucho y sus manufacturas,subrubro,2025-01-01,2025,41.256344,TRUE,1. Resto país
Santa Fe,Cereales,subrubro,2025-01-01,2025,1389.998066,TRUE,1. Resto país
Santa Fe,Extractos curtientes y tintóreos,subrubro,2025-01-01,2025,55.746087,TRUE,1. Resto país
Santa Fe,Fibras de algodón,subrubro,2025-01-01,2025,37.828521,TRUE,1. Resto país
Santa Fe,Grasas y aceites,subrubro,2025-01-01,2025,4678.70459,TRUE,1. Resto país
Santa Fe,Material de transporte terrestre,subrubro,2025-01-01,2025,322.921508,TRUE,1. Resto país
Santa Fe,Metales comunes y sus manufacturas,subrubro,2025-01-01,2025,117.482607,TRUE,1. Resto país
Santa Fe,"Máquinas y aparatos, material eléctrico",subrubro,2025-01-01,2025,355.553163,TRUE,1. Resto país
Santa Fe,Pieles y cueros,subrubro,2025-01-01,2025,110.048433,TRUE,1. Resto país
Santa Fe,Productos de molinería y sus preparaciones,subrubro,2025-01-01,2025,183.935723,TRUE,1. Resto país
Santa Fe,Productos lácteos,subrubro,2025-01-01,2025,676.918566,TRUE,1. Resto país
Santa Fe,Productos químicos y conexos,subrubro,2025-01-01,2025,618.581457,TRUE,1. Resto país
Santa Fe,Residuos y desperdicios de la industria alimentaria,subrubro,2025-01-01,2025,5072.319414,TRUE,1. Resto país
Santa Fe,Resto de MOA,subrubro,2025-01-01,2025,39.962384,TRUE,1. Resto país
Santa Fe,Resto de productos,subrubro,2025-01-01,2025,140.711014,TRUE,1. Resto país
Santa Fe,Semillas y frutos oleaginosos,subrubro,2025-01-01,2025,1156.230715,TRUE,1. Resto país
Santa Fe,Total,total,2025-01-01,2025,16189.634344,TRUE,1. Resto país
Santiago del Estero,Carnes y sus preparados,subrubro,2025-01-01,2025,62.771764,TRUE,2. NOA-Resto
Santiago del Estero,Cereales,subrubro,2025-01-01,2025,320.60683,TRUE,2. NOA-Resto
Santiago del Estero,Fibras de algodón,subrubro,2025-01-01,2025,40.566778,TRUE,2. NOA-Resto
Santiago del Estero,Hortalizas y legumbres sin elaborar,subrubro,2025-01-01,2025,81.378332,TRUE,2. NOA-Resto
Santiago del Estero,Miel,subrubro,2025-01-01,2025,2.871299,TRUE,2. NOA-Resto
Santiago del Estero,Otros productos de origen animal,subrubro,2025-01-01,2025,NA,TRUE,2. NOA-Resto
Santiago del Estero,Resto de productos,subrubro,2025-01-01,2025,NA,TRUE,2. NOA-Resto
Santiago del Estero,Resto de productos primarios,subrubro,2025-01-01,2025,2.388792,TRUE,2. NOA-Resto
Santiago del Estero,Semillas y frutos oleaginosos,subrubro,2025-01-01,2025,282.962282,TRUE,2. NOA-Resto
Santiago del Estero,Total,total,2025-01-01,2025,796.094642,TRUE,2. NOA-Resto
Tierra del Fuego,Gas de petróleo y otros hidrocarburos gaseosos,subrubro,2025-01-01,2025,101.747164,TRUE,1. Resto país
Tierra del Fuego,Materias plásticas y sus manufacturas,subrubro,2025-01-01,2025,24.244871,TRUE,1. Resto país
Tierra del Fuego,"Máquinas y aparatos, material eléctrico",subrubro,2025-01-01,2025,18.120339,TRUE,1. Resto país
Tierra del Fuego,Pescados y mariscos elaborados,subrubro,2025-01-01,2025,12.919146,TRUE,1. Resto país
Tierra del Fuego,Pescados y mariscos sin elaborar,subrubro,2025-01-01,2025,73.793578,TRUE,1. Resto país
Tierra del Fuego,Petróleo crudo,subrubro,2025-01-01,2025,192.764197,TRUE,1. Resto país
Tierra del Fuego,Resto de MOA,subrubro,2025-01-01,2025,7.013104,TRUE,1. Resto país
Tierra del Fuego,Resto de productos,subrubro,2025-01-01,2025,3.670086,TRUE,1. Resto país
Tierra del Fuego,Total,total,2025-01-01,2025,434.272485,TRUE,1. Resto país
Tucumán,"Azúcar, cacao y artículos de confitería",subrubro,2025-01-01,2025,131.291128,TRUE,2. NOA-Resto
Tucumán,Cereales,subrubro,2025-01-01,2025,52.695115,TRUE,2. NOA-Resto
Tucumán,Frutas frescas,subrubro,2025-01-01,2025,136.04259,TRUE,2. NOA-Resto
Tucumán,Frutas secas o procesadas,subrubro,2025-01-01,2025,13.34402,TRUE,2. NOA-Resto
Tucumán,Hortalizas y legumbres sin elaborar,subrubro,2025-01-01,2025,12.557329,TRUE,2. NOA-Resto
Tucumán,Material de transporte terrestre,subrubro,2025-01-01,2025,NA,TRUE,2. NOA-Resto
Tucumán,"Preparados de hortalizas, legumbres y frutas",subrubro,2025-01-01,2025,139.927946,TRUE,2. NOA-Resto
Tucumán,Productos de molinería y sus preparaciones,subrubro,2025-01-01,2025,11.94096,TRUE,2. NOA-Resto
Tucumán,Productos químicos y conexos,subrubro,2025-01-01,2025,204.64855,TRUE,2. NOA-Resto
Tucumán,Residuos y desperdicios de la industria alimentaria,subrubro,2025-01-01,2025,68.673298,TRUE,2. NOA-Resto
Tucumán,Resto de productos,subrubro,2025-01-01,2025,NA,TRUE,2. NOA-Resto
Tucumán,Semillas y frutos oleaginosos,subrubro,2025-01-01,2025,48.097121,TRUE,2. NOA-Resto
Tucumán,Total,total,2025-01-01,2025,966.929004,TRUE,2. NOA-Resto
