fecha,anio,la_rioja_region,subrubro,exportaciones_millones_usd,n_provincias_con_dato,total_grupo_millones_usd,provisorio,share_pct
1993-01-01,1993,1. Resto país,Resto de productos,4236.217,1,12059.05,FALSE,35.12894465152728
1993-01-01,1993,1. Resto país,Cereales,1400.053,1,12059.05,FALSE,11.609977568713955
1993-01-01,1993,1. Resto país,Residuos y desperdicios de la industria alimenticia,1152.9450000000002,1,12059.05,FALSE,9.56082776006402
1993-01-01,1993,1. Resto país,Grasas y aceites,1045.768,1,12059.05,FALSE,8.672059573515327
1993-01-01,1993,1. Resto país,Metales comunes y sus manufacturas,603.9399999999999,1,12059.05,FALSE,5.008188870599259
1993-01-01,1993,1. Resto país,Material de transporte terrestre,583.61,1,12059.05,FALSE,4.839601792844379
1993-01-01,1993,1. Resto país,Petróleo crudo,525.779,1,12059.05,FALSE,4.360036652970177
1993-01-01,1993,1. Resto país,Semillas y frutos oleaginosos,499.223,1,12059.05,FALSE,4.1398203009358125
1993-01-01,1993,1. Resto país,Productos químicos y conexos,381.18600000000004,1,12059.05,FALSE,3.1609952691132395
1993-01-01,1993,1. Resto país,Pescados y mariscos sin elaborar,354.55199999999996,1,12059.05,FALSE,2.940132099958123
1993-01-01,1993,1. Resto país,Carnes,347.525,1,12059.05,FALSE,2.881860511400152
1993-01-01,1993,1. Resto país,Frutas frescas,184.242,1,12059.05,FALSE,1.527831794378496
1993-01-01,1993,1. Resto país,Pescados y mariscos elaborados,132.855,1,12059.05,FALSE,1.1017036997110052
1993-01-01,1993,1. Resto país,"Preparados de hortalizas, legumbres y frutas",112.977,1,12059.05,FALSE,0.9368648442456082
1993-01-01,1993,1. Resto país,"Café, té, yerba mate y especias",57.751999999999995,1,12059.05,FALSE,0.4789100302262616
1993-01-01,1993,1. Resto país,Hortalizas y legumbres sin elaborar,57.094,1,12059.05,FALSE,0.4734535473358184
1993-01-01,1993,1. Resto país,"Máquinas y aparatos, material eléctrico",52.112,1,12059.05,FALSE,0.43214017687960493
1993-01-01,1993,1. Resto país,Pieles y cueros,46.186,1,12059.05,FALSE,0.382998660756859
1993-01-01,1993,1. Resto país,"Papel, cartón, impresos y publicaciones",45.672000000000004,1,12059.05,FALSE,0.3787363017816496
1993-01-01,1993,1. Resto país,"Extractos curtientes y tintóreos y materias albuminoideas, productos a base de almidón o féculas modificadas, colas enzimas",40.533,1,12059.05,FALSE,0.3361210045567437
1993-01-01,1993,1. Resto país,Lanas elaboradas,33.034,1,12059.05,FALSE,0.27393534316550644
1993-01-01,1993,1. Resto país,"Bebidas, líquidos alcohólicos y vinagre",32.230000000000004,1,12059.05,FALSE,0.2672681513054512
1993-01-01,1993,1. Resto país,Tabaco sin elaborar,30.63,1,12059.05,FALSE,0.2540001078028535
1993-01-01,1993,1. Resto país,Carburantes,22.341,1,12059.05,FALSE,0.18526334993220858
1993-01-01,1993,1. Resto país,Fibras de algodón,20.113,1,12059.05,FALSE,0.1667875993548414
1993-01-01,1993,1. Resto país,Lanas sucias,14.549,1,12059.05,FALSE,0.12064797807455811
1993-01-01,1993,1. Resto país,"Manufacturas de cuero, marroquinería, etc.",13.713,1,12059.05,FALSE,0.11371542534445085
1993-01-01,1993,1. Resto país,Textiles y confecciones,11.995,1,12059.05,FALSE,0.09946886363353664
1993-01-01,1993,1. Resto país,"Manufacturas de piedra, yeso, etc, productos cerámicos, vidrio y sus manufacturas.",9.371,1,12059.05,FALSE,0.07770927228927653
1993-01-01,1993,1. Resto país,Miel,6.019,1,12059.05,FALSE,0.04991272115133447
1993-01-01,1993,1. Resto país,Frutas secas o procesadas,3.599,1,12059.05,FALSE,0.029844805353655558
1993-01-01,1993,1. Resto país,Productos lácteos,0.505,1,12059.05,FALSE,0.004187726230507379
1993-01-01,1993,1. Resto país,Animales vivos,0,1,12059.05,FALSE,0
1993-01-01,1993,1. Resto país,Gas de petróleo y otros hidrocarburos gaseosos,0,1,12059.05,FALSE,0
1993-01-01,1993,2. NOA-Resto,Resto de productos,125.063,1,449.791,FALSE,27.80469151228015
1993-01-01,1993,2. NOA-Resto,Hortalizas y legumbres sin elaborar,85.591,1,449.791,FALSE,19.029060163498155
1993-01-01,1993,2. NOA-Resto,Tabaco sin elaborar,81.84100000000001,1,449.791,FALSE,18.19533961328706
1993-01-01,1993,2. NOA-Resto,Material de transporte terrestre,41.646,1,449.791,FALSE,9.25896694242437
1993-01-01,1993,2. NOA-Resto,Cereales,24.044,1,449.791,FALSE,5.345593842473504
1993-01-01,1993,2. NOA-Resto,Productos químicos y conexos,23.296,1,449.791,FALSE,5.179294383391397
1993-01-01,1993,2. NOA-Resto,Frutas frescas,13.952,1,449.791,FALSE,3.1018850977453973
1993-01-01,1993,2. NOA-Resto,"Preparados de hortalizas, legumbres y frutas",10.831,1,449.791,FALSE,2.4080072744897074
1993-01-01,1993,2. NOA-Resto,"Azúcar ,cacao y artículos de confitería",10.661,1,449.791,FALSE,2.3702119428801374
1993-01-01,1993,2. NOA-Resto,"Azúcar, cacao y artículos de confitería",8.064,1,449.791,FALSE,1.7928326711739453
1993-01-01,1993,2. NOA-Resto,Semillas y frutos oleaginosos,7.953,1,449.791,FALSE,1.7681545428876968
1993-01-01,1993,2. NOA-Resto,Carburantes,7.924,1,449.791,FALSE,1.7617071039660646
1993-01-01,1993,2. NOA-Resto,"Papel, cartón, impresos y publicaciones",3.298,1,449.791,FALSE,0.7332294332256537
1993-01-01,1993,2. NOA-Resto,Fibras de algodón,2.738,1,449.791,FALSE,0.6087271643941298
1993-01-01,1993,2. NOA-Resto,Calzado y sus componentes,2.695,1,449.791,FALSE,0.5991671687517092
1993-01-01,1993,2. NOA-Resto,Pieles y cueros,0,1,449.791,FALSE,0
1993-01-01,1993,3. La Rioja,Pieles y cueros,37.306,1,46.612,FALSE,80.03518407277096
1993-01-01,1993,3. La Rioja,"Preparados de hortalizas, legumbres y frutas",7.62,1,46.612,FALSE,16.347721616751052
1993-01-01,1993,3. La Rioja,Resto de productos,0.982,1,46.612,FALSE,2.1067536256757915
1993-01-01,1993,3. La Rioja,Textiles y confecciones,0.508,1,46.612,FALSE,1.0898481077834032
1993-01-01,1993,3. La Rioja,"Bebidas, líquidos alcohólicos y vinagre",0,1,46.612,FALSE,0
1993-01-01,1993,3. La Rioja,"Papel, cartón, impresos y publicaciones",0,1,46.612,FALSE,0
1994-01-01,1994,1. Resto país,Resto de productos,5091.96,1,14571.481,FALSE,34.94469779701871
1994-01-01,1994,1. Resto país,Grasas y aceites,1489.226,1,14571.481,FALSE,10.22014165890207
1994-01-01,1994,1. Resto país,Cereales,1259.984,1,14571.481,FALSE,8.646917907658116
1994-01-01,1994,1. Resto país,Petróleo crudo,1124.4470000000001,1,14571.481,FALSE,7.716765372030476
1994-01-01,1994,1. Resto país,Residuos y desperdicios de la industria alimenticia,1039.584,1,14571.481,FALSE,7.134374330241381
1994-01-01,1994,1. Resto país,Material de transporte terrestre,785.0899999999999,1,14571.481,FALSE,5.387853163312637
1994-01-01,1994,1. Resto país,Metales comunes y sus manufacturas,651.473,1,14571.481,FALSE,4.470877050863944
1994-01-01,1994,1. Resto país,Semillas y frutos oleaginosos,648.066,1,14571.481,FALSE,4.447495762441718
1994-01-01,1994,1. Resto país,Productos químicos y conexos,510.10699999999997,1,14571.481,FALSE,3.5007217179914654
1994-01-01,1994,1. Resto país,Carnes,392.957,1,14571.481,FALSE,2.696754022463468
1994-01-01,1994,1. Resto país,Pescados y mariscos sin elaborar,360.985,1,14571.481,FALSE,2.4773391256523616
1994-01-01,1994,1. Resto país,Frutas frescas,183.133,1,14571.481,FALSE,1.2567905760574372
1994-01-01,1994,1. Resto país,Pescados y mariscos elaborados,137.21699999999998,1,14571.481,FALSE,0.9416819059092209
1994-01-01,1994,1. Resto país,Fibras de algodón,134.924,1,14571.481,FALSE,0.9259456880189462
1994-01-01,1994,1. Resto país,"Máquinas y aparatos, material eléctrico",122.95400000000001,1,14571.481,FALSE,0.8437989247626924
1994-01-01,1994,1. Resto país,"Preparados de hortalizas, legumbres y frutas",115.223,1,14571.481,FALSE,0.7907432333062095
1994-01-01,1994,1. Resto país,Pieles y cueros,69.978,1,14571.481,FALSE,0.4802394485502194
1994-01-01,1994,1. Resto país,Hortalizas y legumbres sin elaborar,67.67,1,14571.481,FALSE,0.46440028985385906
1994-01-01,1994,1. Resto país,"Papel, cartón, impresos y publicaciones",67.43599999999999,1,14571.481,FALSE,0.46279441327892473
1994-01-01,1994,1. Resto país,Lanas elaboradas,55.349,1,14571.481,FALSE,0.37984471173520384
1994-01-01,1994,1. Resto país,"Café, té, yerba mate y especias",55.335,1,14571.481,FALSE,0.37974863364952405
1994-01-01,1994,1. Resto país,"Extractos curtientes y tintóreos y materias albuminoideas, productos a base de almidón o féculas modificadas, colas enzimas",41.174,1,14571.481,FALSE,0.282565649984377
1994-01-01,1994,1. Resto país,"Bebidas, líquidos alcohólicos y vinagre",34.342,1,14571.481,FALSE,0.23567954417262046
1994-01-01,1994,1. Resto país,Tabaco sin elaborar,27.729,1,14571.481,FALSE,0.1902963741297127
1994-01-01,1994,1. Resto país,"Manufacturas de cuero, marroquinería, etc.",20.256,1,14571.481,FALSE,0.1390112645379011
1994-01-01,1994,1. Resto país,Textiles y confecciones,18.732,1,14571.481,FALSE,0.12855247863961117
1994-01-01,1994,1. Resto país,Lanas sucias,17.166,1,14571.481,FALSE,0.11780545848428174
1994-01-01,1994,1. Resto país,Animales vivos,14.122,1,14571.481,FALSE,0.09691533756932463
1994-01-01,1994,1. Resto país,Carburantes,13.66,1,14571.481,FALSE,0.09374476074189027
1994-01-01,1994,1. Resto país,"Manufacturas de piedra, yeso, etc, productos cerámicos, vidrio y sus manufacturas.",7.37,1,14571.481,FALSE,0.050578249390024255
1994-01-01,1994,1. Resto país,Miel,6.454,1,14571.481,FALSE,0.04429199749840116
1994-01-01,1994,1. Resto país,Frutas secas o procesadas,5.962,1,14571.481,FALSE,0.04091553905879573
1994-01-01,1994,1. Resto país,Productos lácteos,1.117,1,14571.481,FALSE,0.007665658693169212
1994-01-01,1994,1. Resto país,Gas de petróleo y otros hidrocarburos gaseosos,0,1,14571.481,FALSE,0
1994-01-01,1994,2. NOA-Resto,Resto de productos,190.221,1,609.91,FALSE,31.188372054893343
1994-01-01,1994,2. NOA-Resto,Hortalizas y legumbres sin elaborar,133.31,1,609.91,FALSE,21.857323211621388
1994-01-01,1994,2. NOA-Resto,Material de transporte terrestre,57.469,1,609.91,FALSE,9.42253775147153
1994-01-01,1994,2. NOA-Resto,Tabaco sin elaborar,53.196,1,609.91,FALSE,8.72194258169238
1994-01-01,1994,2. NOA-Resto,Frutas frescas,39.162,1,609.91,FALSE,6.420947352888131
1994-01-01,1994,2. NOA-Resto,Fibras de algodón,22.534000000000002,1,609.91,FALSE,3.694643471987671
1994-01-01,1994,2. NOA-Resto,Productos químicos y conexos,22.15,1,609.91,FALSE,3.6316833631191487
1994-01-01,1994,2. NOA-Resto,Cereales,20.155,1,609.91,FALSE,3.3045859225131577
1994-01-01,1994,2. NOA-Resto,Carburantes,18.088,1,609.91,FALSE,2.9656834614943195
1994-01-01,1994,2. NOA-Resto,"Azúcar, cacao y artículos de confitería",13.991,1,609.91,FALSE,2.29394500827991
1994-01-01,1994,2. NOA-Resto,Semillas y frutos oleaginosos,10.796,1,609.91,FALSE,1.770097227459789
1994-01-01,1994,2. NOA-Resto,"Preparados de hortalizas, legumbres y frutas",9.845,1,609.91,FALSE,1.6141725828400915
1994-01-01,1994,2. NOA-Resto,"Azúcar ,cacao y artículos de confitería",7.3,1,609.91,FALSE,1.1968979029692906
1994-01-01,1994,2. NOA-Resto,Pieles y cueros,5.123,1,609.91,FALSE,0.83995999409749
1994-01-01,1994,2. NOA-Resto,Calzado y sus componentes,3.362,1,609.91,FALSE,0.5512288698332541
1994-01-01,1994,2. NOA-Resto,"Papel, cartón, impresos y publicaciones",3.205,1,609.91,FALSE,0.5254873669885721
1994-01-01,1994,3. La Rioja,Pieles y cueros,50.736,1,69.887,FALSE,72.59719261092906
1994-01-01,1994,3. La Rioja,"Preparados de hortalizas, legumbres y frutas",11.081,1,69.887,FALSE,15.85559546124458
1994-01-01,1994,3. La Rioja,"Papel, cartón, impresos y publicaciones",6.055,1,69.887,FALSE,8.663986149069212
1994-01-01,1994,3. La Rioja,Resto de productos,1.222,1,69.887,FALSE,1.7485369238914248
1994-01-01,1994,3. La Rioja,Textiles y confecciones,0.657,1,69.887,FALSE,0.9400890008156023
1994-01-01,1994,3. La Rioja,"Bebidas, líquidos alcohólicos y vinagre",0,1,69.887,FALSE,0
1995-01-01,1995,1. Resto país,Resto de productos,6461.902,1,19059.659,FALSE,33.90355514755012
1995-01-01,1995,1. Resto país,Grasas y aceites,2031.756,1,19059.659,FALSE,10.659980852752927
1995-01-01,1995,1. Resto país,Cereales,1815.355,1,19059.659,FALSE,9.524593278400207
1995-01-01,1995,1. Resto país,Petróleo crudo,1526.2830000000001,1,19059.659,FALSE,8.007923961283883
1995-01-01,1995,1. Resto país,Material de transporte terrestre,1087.968,1,19059.659,FALSE,5.708223845977518
1995-01-01,1995,1. Resto país,Metales comunes y sus manufacturas,1027.134,1,19059.659,FALSE,5.389047096802728
1995-01-01,1995,1. Resto país,Residuos y desperdicios de la industria alimenticia,1012.9770000000001,1,19059.659,FALSE,5.314769797298053
1995-01-01,1995,1. Resto país,Productos químicos y conexos,677.4499999999999,1,19059.659,FALSE,3.5543657942673583
1995-01-01,1995,1. Resto país,Semillas y frutos oleaginosos,577.987,1,19059.659,FALSE,3.0325149049098936
1995-01-01,1995,1. Resto país,Carnes,541.1619999999999,1,19059.659,FALSE,2.8393057819135166
1995-01-01,1995,1. Resto país,Pescados y mariscos sin elaborar,407.163,1,19059.659,FALSE,2.13625542828442
1995-01-01,1995,1. Resto país,Frutas frescas,326.856,1,19059.659,FALSE,1.7149100096701624
1995-01-01,1995,1. Resto país,Fibras de algodón,291.873,1,19059.659,FALSE,1.531365277836293
1995-01-01,1995,1. Resto país,"Preparados de hortalizas, legumbres y frutas",237.692,1,19059.659,FALSE,1.2470947145486706
1995-01-01,1995,1. Resto país,Pescados y mariscos elaborados,189.481,1,19059.659,FALSE,0.9941468522600535
1995-01-01,1995,1. Resto país,"Papel, cartón, impresos y publicaciones",160.587,1,19059.659,FALSE,0.8425491767717355
1995-01-01,1995,1. Resto país,"Máquinas y aparatos, material eléctrico",102.33500000000001,1,19059.659,FALSE,0.5369193646119272
1995-01-01,1995,1. Resto país,"Bebidas, líquidos alcohólicos y vinagre",82.86099999999999,1,19059.659,FALSE,0.43474544848887375
1995-01-01,1995,1. Resto país,Pieles y cueros,80.82300000000001,1,19059.659,FALSE,0.4240527073438198
1995-01-01,1995,1. Resto país,Hortalizas y legumbres sin elaborar,71.944,1,19059.659,FALSE,0.377467403797728
1995-01-01,1995,1. Resto país,Lanas elaboradas,68.97099999999999,1,19059.659,FALSE,0.36186901350123835
1995-01-01,1995,1. Resto país,"Café, té, yerba mate y especias",64.072,1,19059.659,FALSE,0.3361655106211502
1995-01-01,1995,1. Resto país,"Extractos curtientes y tintóreos y materias albuminoideas, productos a base de almidón o féculas modificadas, colas enzimas",38.152,1,19059.659,FALSE,0.20017147211290612
1995-01-01,1995,1. Resto país,Productos lácteos,32.26,1,19059.659,FALSE,0.16925801243348582
1995-01-01,1995,1. Resto país,Lanas sucias,26.599,1,19059.659,FALSE,0.13955653666206724
1995-01-01,1995,1. Resto país,Tabaco sin elaborar,25.634,1,19059.659,FALSE,0.13449348700309907
1995-01-01,1995,1. Resto país,Animales vivos,22.61,1,19059.659,FALSE,0.11862751584380392
1995-01-01,1995,1. Resto país,"Manufacturas de cuero, marroquinería, etc.",17.282,1,19059.659,FALSE,0.09067318570599821
1995-01-01,1995,1. Resto país,Textiles y confecciones,16.963,1,19059.659,FALSE,0.08899949364256728
1995-01-01,1995,1. Resto país,Carburantes,10.109,1,19059.659,FALSE,0.05303872435493206
1995-01-01,1995,1. Resto país,Miel,8.455,1,19059.659,FALSE,0.04436070970629642
1995-01-01,1995,1. Resto país,"Manufacturas de piedra, yeso, etc, productos cerámicos, vidrio y sus manufacturas.",8.074,1,19059.659,FALSE,0.042361723260631264
1995-01-01,1995,1. Resto país,Frutas secas o procesadas,6.773,1,19059.659,FALSE,0.035535787917296946
1995-01-01,1995,1. Resto país,Gas de petróleo y otros hidrocarburos gaseosos,2.123,1,19059.659,FALSE,0.01113870924973002
1995-01-01,1995,2. NOA-Resto,Resto de productos,287.30899999999997,1,950.163,FALSE,30.23786445062584
1995-01-01,1995,2. NOA-Resto,Hortalizas y legumbres sin elaborar,140.602,1,950.163,FALSE,14.797671557406467
1995-01-01,1995,2. NOA-Resto,Material de transporte terrestre,95.068,1,950.163,FALSE,10.005441171672649
1995-01-01,1995,2. NOA-Resto,Fibras de algodón,89.068,1,950.163,FALSE,9.373970571365122
1995-01-01,1995,2. NOA-Resto,Tabaco sin elaborar,65.457,1,950.163,FALSE,6.889028514054956
1995-01-01,1995,2. NOA-Resto,Frutas frescas,59.663999999999994,1,950.163,FALSE,6.27934364945804
1995-01-01,1995,2. NOA-Resto,"Azúcar, cacao y artículos de confitería",42.094,1,950.163,FALSE,4.430187241557502
1995-01-01,1995,2. NOA-Resto,Carburantes,36.917,1,950.163,FALSE,3.8853333585921574
1995-01-01,1995,2. NOA-Resto,Productos químicos y conexos,31.271,1,950.163,FALSE,3.291119523702775
1995-01-01,1995,2. NOA-Resto,Cereales,29.971,1,950.163,FALSE,3.1543008936361443
1995-01-01,1995,2. NOA-Resto,"Preparados de hortalizas, legumbres y frutas",24.369,1,950.163,FALSE,2.5647178431490176
1995-01-01,1995,2. NOA-Resto,"Azúcar ,cacao y artículos de confitería",16.366,1,950.163,FALSE,1.7224413074388287
1995-01-01,1995,2. NOA-Resto,Pieles y cueros,15.365,1,950.163,FALSE,1.6170909622875234
1995-01-01,1995,2. NOA-Resto,Semillas y frutos oleaginosos,9.366,1,950.163,FALSE,0.9857256070800483
1995-01-01,1995,2. NOA-Resto,"Papel, cartón, impresos y publicaciones",4.495,1,950.163,FALSE,0.47307672473038836
1995-01-01,1995,2. NOA-Resto,Calzado y sus componentes,2.782,1,950.163,FALSE,0.29279186834258963
1995-01-01,1995,3. La Rioja,Pieles y cueros,91.678,1,136.023,FALSE,67.39889577497922
1995-01-01,1995,3. La Rioja,"Papel, cartón, impresos y publicaciones",17.333,1,136.023,FALSE,12.742697926086027
1995-01-01,1995,3. La Rioja,"Preparados de hortalizas, legumbres y frutas",17.196,1,136.023,FALSE,12.64197966520368
1995-01-01,1995,3. La Rioja,Textiles y confecciones,7.203,1,136.023,FALSE,5.295427979091772
1995-01-01,1995,3. La Rioja,Resto de productos,2.439,1,136.023,FALSE,1.793079111620829
1995-01-01,1995,3. La Rioja,"Bebidas, líquidos alcohólicos y vinagre",0,1,136.023,FALSE,0
1996-01-01,1996,1. Resto país,Resto de productos,6435.092000000001,1,21703.555,FALSE,29.649944444585234
1996-01-01,1996,1. Resto país,Cereales,2467.1929999999998,1,21703.555,FALSE,11.367690684774914
1996-01-01,1996,1. Resto país,Petróleo crudo,2317.18,1,21703.555,FALSE,10.676499771581199
1996-01-01,1996,1. Resto país,Residuos y desperdicios de la industria alimenticia,1922.0880000000002,1,21703.555,FALSE,8.85609753793791
1996-01-01,1996,1. Resto país,Grasas y aceites,1844.687,1,21703.555,FALSE,8.49946932656885
1996-01-01,1996,1. Resto país,Material de transporte terrestre,1408.864,1,21703.555,FALSE,6.491397377065646
1996-01-01,1996,1. Resto país,Metales comunes y sus manufacturas,1001.3389999999999,1,21703.555,FALSE,4.613709597344767
1996-01-01,1996,1. Resto país,Semillas y frutos oleaginosos,700.572,1,21703.555,FALSE,3.227913583742387
1996-01-01,1996,1. Resto país,Productos químicos y conexos,696.685,1,21703.555,FALSE,3.2100040753692194
1996-01-01,1996,1. Resto país,Pescados y mariscos sin elaborar,481.76200000000006,1,21703.555,FALSE,2.2197377342099025
1996-01-01,1996,1. Resto país,Carnes,472.311,1,21703.555,FALSE,2.17619187271394
1996-01-01,1996,1. Resto país,Frutas frescas,346.55,1,21703.555,FALSE,1.5967430220532994
1996-01-01,1996,1. Resto país,Fibras de algodón,330.219,1,21703.555,FALSE,1.5214972846614299
1996-01-01,1996,1. Resto país,"Preparados de hortalizas, legumbres y frutas",298.558,1,21703.555,FALSE,1.375617957518941
1996-01-01,1996,1. Resto país,Pescados y mariscos elaborados,164.541,1,21703.555,FALSE,0.7581292557832114
1996-01-01,1996,1. Resto país,"Papel, cartón, impresos y publicaciones",127.106,1,21703.555,FALSE,0.5856459920966864
1996-01-01,1996,1. Resto país,Pieles y cueros,91.231,1,21703.555,FALSE,0.42035049096795424
1996-01-01,1996,1. Resto país,"Bebidas, líquidos alcohólicos y vinagre",89.859,1,21703.555,FALSE,0.41402894594917744
1996-01-01,1996,1. Resto país,Lanas elaboradas,82.909,1,21703.555,FALSE,0.3820065422461897
1996-01-01,1996,1. Resto país,"Máquinas y aparatos, material eléctrico",79.965,1,21703.555,FALSE,0.368441944188406
1996-01-01,1996,1. Resto país,Hortalizas y legumbres sin elaborar,78.42699999999999,1,21703.555,FALSE,0.36135554751283827
1996-01-01,1996,1. Resto país,"Café, té, yerba mate y especias",61.032000000000004,1,21703.555,FALSE,0.2812073874533458
1996-01-01,1996,1. Resto país,"Extractos curtientes y tintóreos y materias albuminoideas, productos a base de almidón o féculas modificadas, colas enzimas",40.204,1,21703.555,FALSE,0.18524154222660758
1996-01-01,1996,1. Resto país,Tabaco sin elaborar,25.289,1,21703.555,FALSE,0.11652008161796536
1996-01-01,1996,1. Resto país,Productos lácteos,24.078,1,21703.555,FALSE,0.11094035055547351
1996-01-01,1996,1. Resto país,"Manufacturas de cuero, marroquinería, etc.",22.661,1,21703.555,FALSE,0.10441146623214494
1996-01-01,1996,1. Resto país,Lanas sucias,20.105,1,21703.555,FALSE,0.09263459373360723
1996-01-01,1996,1. Resto país,Animales vivos,13.799,1,21703.555,FALSE,0.06357944585575957
1996-01-01,1996,1. Resto país,Textiles y confecciones,13.699,1,21703.555,FALSE,0.06311869184564464
1996-01-01,1996,1. Resto país,Carburantes,11.305,1,21703.555,FALSE,0.05208824084349315
1996-01-01,1996,1. Resto país,Miel,10.878,1,21703.555,FALSE,0.05012082122030238
1996-01-01,1996,1. Resto país,Frutas secas o procesadas,9.68,1,21703.555,FALSE,0.04460098817912549
1996-01-01,1996,1. Resto país,"Manufacturas de piedra, yeso, etc, productos cerámicos, vidrio y sus manufacturas.",8.566,1,21703.555,FALSE,0.039468188506445144
1996-01-01,1996,1. Resto país,Gas de petróleo y otros hidrocarburos gaseosos,5.122,1,21703.555,FALSE,0.02359982039808686
1996-01-01,1996,2. NOA-Resto,Resto de productos,257.978,1,1069.727,FALSE,24.11624648157894
1996-01-01,1996,2. NOA-Resto,Hortalizas y legumbres sin elaborar,140.763,1,1069.727,FALSE,13.158777893799073
1996-01-01,1996,2. NOA-Resto,Fibras de algodón,115.855,1,1069.727,FALSE,10.83033334673239
1996-01-01,1996,2. NOA-Resto,Tabaco sin elaborar,114.935,1,1069.727,FALSE,10.744330095435563
1996-01-01,1996,2. NOA-Resto,Frutas frescas,91.672,1,1069.727,FALSE,8.569663100959401
1996-01-01,1996,2. NOA-Resto,Cereales,65.885,1,1069.727,FALSE,6.159048056186299
1996-01-01,1996,2. NOA-Resto,"Azúcar, cacao y artículos de confitería",55.789,1,1069.727,FALSE,5.215255854998518
1996-01-01,1996,2. NOA-Resto,Material de transporte terrestre,53.57,1,1069.727,FALSE,5.007819752142368
1996-01-01,1996,2. NOA-Resto,Carburantes,51.254,1,1069.727,FALSE,4.791315915182097
1996-01-01,1996,2. NOA-Resto,Productos químicos y conexos,32.119,1,1069.727,FALSE,3.002541770003001
1996-01-01,1996,2. NOA-Resto,"Preparados de hortalizas, legumbres y frutas",25.84,1,1069.727,FALSE,2.415569579902162
1996-01-01,1996,2. NOA-Resto,Pieles y cueros,24.218,1,1069.727,FALSE,2.263942108594062
1996-01-01,1996,2. NOA-Resto,"Azúcar ,cacao y artículos de confitería",22.454,1,1069.727,FALSE,2.0990402224118863
1996-01-01,1996,2. NOA-Resto,Semillas y frutos oleaginosos,9.962,1,1069.727,FALSE,0.931265640672807
1996-01-01,1996,2. NOA-Resto,"Papel, cartón, impresos y publicaciones",4.284,1,1069.727,FALSE,0.4004760092995689
1996-01-01,1996,2. NOA-Resto,Calzado y sus componentes,3.149,1,1069.727,FALSE,0.29437417210185396
1996-01-01,1996,3. La Rioja,Pieles y cueros,63.492,1,114.306,FALSE,55.54564064878484
1996-01-01,1996,3. La Rioja,"Preparados de hortalizas, legumbres y frutas",23.152,1,114.306,FALSE,20.254404843140346
1996-01-01,1996,3. La Rioja,"Papel, cartón, impresos y publicaciones",15.85,1,114.306,FALSE,13.86628873374976
1996-01-01,1996,3. La Rioja,Resto de productos,6.176,1,114.306,FALSE,5.40304096022956
1996-01-01,1996,3. La Rioja,"Bebidas, líquidos alcohólicos y vinagre",3.093,1,114.306,FALSE,2.7058947036900953
1996-01-01,1996,3. La Rioja,Textiles y confecciones,2.542,1,114.306,FALSE,2.22385526569034
1997-01-01,1997,1. Resto país,Resto de productos,7386.735000000001,1,23878.977,FALSE,30.93405132054024
1997-01-01,1997,1. Resto país,Cereales,2903.921,1,23878.977,FALSE,12.160994166542393
1997-01-01,1997,1. Resto país,Material de transporte terrestre,2515.52,1,23878.977,FALSE,10.534454637650516
1997-01-01,1997,1. Resto país,Petróleo crudo,2187.63,1,23878.977,FALSE,9.161322111914593
1997-01-01,1997,1. Resto país,Residuos y desperdicios de la industria alimenticia,2064.3630000000003,1,23878.977,FALSE,8.645106530317443
1997-01-01,1997,1. Resto país,Grasas y aceites,1332.273,1,23878.977,FALSE,5.579271674829286
1997-01-01,1997,1. Resto país,Metales comunes y sus manufacturas,1088.906,1,23878.977,FALSE,4.560103223852512
1997-01-01,1997,1. Resto país,Productos químicos y conexos,894.244,1,23878.977,FALSE,3.744900797048383
1997-01-01,1997,1. Resto país,Carburantes,506.673,1,23878.977,FALSE,2.1218371289523836
1997-01-01,1997,1. Resto país,Pescados y mariscos sin elaborar,466.534,1,23878.977,FALSE,1.9537436633068495
1997-01-01,1997,1. Resto país,Carnes,456.725,1,23878.977,FALSE,1.912665689154104
1997-01-01,1997,1. Resto país,Frutas frescas,315.69599999999997,1,23878.977,FALSE,1.322066686525139
1997-01-01,1997,1. Resto país,"Preparados de hortalizas, legumbres y frutas",262.21999999999997,1,23878.977,FALSE,1.098120744452327
1997-01-01,1997,1. Resto país,Semillas y frutos oleaginosos,259.372,1,23878.977,FALSE,1.0861939353599612
1997-01-01,1997,1. Resto país,Fibras de algodón,207.245,1,23878.977,FALSE,0.8678973140264762
1997-01-01,1997,1. Resto país,"Papel, cartón, impresos y publicaciones",166.016,1,23878.977,FALSE,0.6952391637212934
1997-01-01,1997,1. Resto país,"Bebidas, líquidos alcohólicos y vinagre",134.315,1,23878.977,FALSE,0.5624822202391669
1997-01-01,1997,1. Resto país,Pescados y mariscos elaborados,107.223,1,23878.977,FALSE,0.44902677363439814
1997-01-01,1997,1. Resto país,Hortalizas y legumbres sin elaborar,99.668,1,23878.977,FALSE,0.4173880648237151
1997-01-01,1997,1. Resto país,Pieles y cueros,97.48400000000001,1,23878.977,FALSE,0.40824194436805233
1997-01-01,1997,1. Resto país,"Café, té, yerba mate y especias",75.49600000000001,1,23878.977,FALSE,0.3161609477658947
1997-01-01,1997,1. Resto país,Lanas elaboradas,73.943,1,23878.977,FALSE,0.3096573190719184
1997-01-01,1997,1. Resto país,"Máquinas y aparatos, material eléctrico",67.086,1,23878.977,FALSE,0.28094168355704685
1997-01-01,1997,1. Resto país,Tabaco sin elaborar,50.864000000000004,1,23878.977,FALSE,0.21300745002602084
1997-01-01,1997,1. Resto país,"Extractos curtientes y tintóreos y materias albuminoideas, productos a base de almidón o féculas modificadas, colas enzimas",48.234,1,23878.977,FALSE,0.20199357786558447
1997-01-01,1997,1. Resto país,Lanas sucias,36.379999999999995,1,23878.977,FALSE,0.15235158524588385
1997-01-01,1997,1. Resto país,Gas de petróleo y otros hidrocarburos gaseosos,29.009999999999998,1,23878.977,FALSE,0.12148761649211355
1997-01-01,1997,1. Resto país,Productos lácteos,23.868,1,23878.977,FALSE,0.09995403069402847
1997-01-01,1997,1. Resto país,Textiles y confecciones,11.368,1,23878.977,FALSE,0.04760672955127014
1997-01-01,1997,1. Resto país,Miel,8.257,1,23878.977,FALSE,0.03457853324286044
1997-01-01,1997,1. Resto país,Materias plásticas y sus manufacturas,1.533,1,23878.977,FALSE,0.006419873012147882
1997-01-01,1997,1. Resto país,"Piedras, metales preciosos y sus manufacturas, monedas",0,1,23878.977,FALSE,0
1997-01-01,1997,2. NOA-Resto,Resto de productos,377.555,1,1232.974,FALSE,30.6214891798205
1997-01-01,1997,2. NOA-Resto,Hortalizas y legumbres sin elaborar,174.751,1,1232.974,FALSE,14.17312936039203
1997-01-01,1997,2. NOA-Resto,Tabaco sin elaborar,132.285,1,1232.974,FALSE,10.728936701017217
1997-01-01,1997,2. NOA-Resto,Carburantes,100.234,1,1232.974,FALSE,8.129449607209885
1997-01-01,1997,2. NOA-Resto,Frutas frescas,88.163,1,1232.974,FALSE,7.150434640146507
1997-01-01,1997,2. NOA-Resto,Fibras de algodón,74.863,1,1232.974,FALSE,6.071741983204837
1997-01-01,1997,2. NOA-Resto,"Azúcar, cacao y artículos de confitería",73.894,1,1232.974,FALSE,5.993151518199087
1997-01-01,1997,2. NOA-Resto,Material de transporte terrestre,63.968,1,1232.974,FALSE,5.1881061563341975
1997-01-01,1997,2. NOA-Resto,Productos químicos y conexos,57.908,1,1232.974,FALSE,4.6966116073818265
1997-01-01,1997,2. NOA-Resto,Cereales,42.918,1,1232.974,FALSE,3.48085198876862
1997-01-01,1997,2. NOA-Resto,"Preparados de hortalizas, legumbres y frutas",30.184,1,1232.974,FALSE,2.448064598280256
1997-01-01,1997,2. NOA-Resto,Semillas y frutos oleaginosos,10.853000000000002,1,1232.974,FALSE,0.8802294290066135
1997-01-01,1997,2. NOA-Resto,Metales comunes y sus manufacturas,2.415,1,1232.974,FALSE,0.19586787718151397
1997-01-01,1997,2. NOA-Resto,Miel,1.701,1,1232.974,FALSE,0.13795911349306636
1997-01-01,1997,2. NOA-Resto,"Piedras, metales preciosos y sus manufacturas, monedas",1.285,1,1232.974,FALSE,0.10421955369699605
1997-01-01,1997,2. NOA-Resto,"Minerales metalíferos,escorias y cenizas",0,1,1232.974,FALSE,0
1997-01-01,1997,3. La Rioja,Pieles y cueros,91.441,1,145.647,FALSE,62.782618248230314
1997-01-01,1997,3. La Rioja,"Papel, cartón, impresos y publicaciones",21.378,1,145.647,FALSE,14.677954231807043
1997-01-01,1997,3. La Rioja,"Preparados de hortalizas, legumbres y frutas",19.146,1,145.647,FALSE,13.145481884281862
1997-01-01,1997,3. La Rioja,Resto de productos,7.245,1,145.647,FALSE,4.9743558054748815
1997-01-01,1997,3. La Rioja,Grasas y aceites,5.648,1,145.647,FALSE,3.8778690944544
1997-01-01,1997,3. La Rioja,"Bebidas, líquidos alcohólicos y vinagre",0.79,1,145.647,FALSE,0.5424073273050595
1998-01-01,1998,1. Resto país,Resto de productos,7401.383000000001,1,23884.23,FALSE,30.98857698154808
1998-01-01,1998,1. Resto país,Cereales,2950.3559999999998,1,23884.23,FALSE,12.352736512753394
1998-01-01,1998,1. Resto país,Material de transporte terrestre,2749.8689999999997,1,23884.23,FALSE,11.513324900991154
1998-01-01,1998,1. Resto país,Grasas y aceites,1800.616,1,23884.23,FALSE,7.538932592760998
1998-01-01,1998,1. Resto país,Residuos y desperdicios de la industria alimenticia,1767.511,1,23884.23,FALSE,7.4003264915804285
1998-01-01,1998,1. Resto país,Petróleo crudo,1460.4560000000001,1,23884.23,FALSE,6.114729258594479
1998-01-01,1998,1. Resto país,Metales comunes y sus manufacturas,1039.312,1,23884.23,FALSE,4.351457007406141
1998-01-01,1998,1. Resto país,Productos químicos y conexos,983.461,1,23884.23,FALSE,4.11761651935189
1998-01-01,1998,1. Resto país,Semillas y frutos oleaginosos,773.334,1,23884.23,FALSE,3.2378435478137666
1998-01-01,1998,1. Resto país,Carburantes,442.976,1,23884.23,FALSE,1.8546798452367943
1998-01-01,1998,1. Resto país,Pescados y mariscos sin elaborar,410.849,1,23884.23,FALSE,1.7201684961164754
1998-01-01,1998,1. Resto país,Carnes,391.516,1,23884.23,FALSE,1.6392238728231976
1998-01-01,1998,1. Resto país,Frutas frescas,340.28200000000004,1,23884.23,FALSE,1.4247141314582887
1998-01-01,1998,1. Resto país,"Papel, cartón, impresos y publicaciones",169.285,1,23884.23,FALSE,0.7087731109606632
1998-01-01,1998,1. Resto país,"Preparados de hortalizas, legumbres y frutas",166.569,1,23884.23,FALSE,0.6974015909242206
1998-01-01,1998,1. Resto país,"Bebidas, líquidos alcohólicos y vinagre",166.39999999999998,1,23884.23,FALSE,0.6966940110692283
1998-01-01,1998,1. Resto país,Hortalizas y legumbres sin elaborar,142.224,1,23884.23,FALSE,0.5954724100379204
1998-01-01,1998,1. Resto país,Fibras de algodón,126.25,1,23884.23,FALSE,0.5285914597204934
1998-01-01,1998,1. Resto país,Pescados y mariscos elaborados,93.789,1,23884.23,FALSE,0.39268169834237904
1998-01-01,1998,1. Resto país,Gas de petróleo y otros hidrocarburos gaseosos,84.323,1,23884.23,FALSE,0.3530488527367221
1998-01-01,1998,1. Resto país,"Café, té, yerba mate y especias",81.32499999999999,1,23884.23,FALSE,0.34049663732094354
1998-01-01,1998,1. Resto país,Pieles y cueros,80.376,1,23884.23,FALSE,0.3365233042890644
1998-01-01,1998,1. Resto país,"Máquinas y aparatos, material eléctrico",55.525,1,23884.23,FALSE,0.23247557070083483
1998-01-01,1998,1. Resto país,Lanas elaboradas,48.266,1,23884.23,FALSE,0.20208313184054916
1998-01-01,1998,1. Resto país,"Extractos curtientes y tintóreos y materias albuminoideas, productos a base de almidón o féculas modificadas, colas enzimas",45.179,1,23884.23,FALSE,0.18915828561356177
1998-01-01,1998,1. Resto país,Tabaco sin elaborar,38.387,1,23884.23,FALSE,0.16072111179636103
1998-01-01,1998,1. Resto país,Lanas sucias,20.294,1,23884.23,FALSE,0.08496819868172431
1998-01-01,1998,1. Resto país,Productos lácteos,15.164,1,23884.23,FALSE,0.06348959124912128
1998-01-01,1998,1. Resto país,Textiles y confecciones,13.488,1,23884.23,FALSE,0.0564724087818615
1998-01-01,1998,1. Resto país,"Piedras, metales preciosos y sus manufacturas, monedas",12.981,1,23884.23,FALSE,0.054349669216884944
1998-01-01,1998,1. Resto país,Miel,6.794,1,23884.23,FALSE,0.028445547543295303
1998-01-01,1998,1. Resto país,Materias plásticas y sus manufacturas,5.246,1,23884.23,FALSE,0.02196428354608878
1998-01-01,1998,2. NOA-Resto,"Minerales metalíferos,escorias y cenizas",438.642,1,1544.797,FALSE,28.394798798806573
1998-01-01,1998,2. NOA-Resto,Resto de productos,288.904,1,1544.797,FALSE,18.701745277858514
1998-01-01,1998,2. NOA-Resto,Hortalizas y legumbres sin elaborar,217.23,1,1544.797,FALSE,14.06204180872956
1998-01-01,1998,2. NOA-Resto,Tabaco sin elaborar,88.922,1,1544.797,FALSE,5.7562255752697595
1998-01-01,1998,2. NOA-Resto,Frutas frescas,76.77900000000001,1,1544.797,FALSE,4.970167601309429
1998-01-01,1998,2. NOA-Resto,Fibras de algodón,70.047,1,1544.797,FALSE,4.5343821874330414
1998-01-01,1998,2. NOA-Resto,"Azúcar, cacao y artículos de confitería",69.97500000000001,1,1544.797,FALSE,4.529721380867519
1998-01-01,1998,2. NOA-Resto,Carburantes,69.299,1,1544.797,FALSE,4.4859615858912205
1998-01-01,1998,2. NOA-Resto,Productos químicos y conexos,66.684,1,1544.797,FALSE,4.316683680768412
1998-01-01,1998,2. NOA-Resto,Material de transporte terrestre,60.393,1,1544.797,FALSE,3.909445707105853
1998-01-01,1998,2. NOA-Resto,Cereales,34.837,1,1544.797,FALSE,2.255118310043326
1998-01-01,1998,2. NOA-Resto,"Preparados de hortalizas, legumbres y frutas",23.577,1,1544.797,FALSE,1.5262199499351696
1998-01-01,1998,2. NOA-Resto,Semillas y frutos oleaginosos,20.407,1,1544.797,FALSE,1.3210149942031217
1998-01-01,1998,2. NOA-Resto,"Piedras, metales preciosos y sus manufacturas, monedas",14.628,1,1544.797,FALSE,0.946920533895392
1998-01-01,1998,2. NOA-Resto,Metales comunes y sus manufacturas,3.075,1,1544.797,FALSE,0.19905528040253834
1998-01-01,1998,2. NOA-Resto,Miel,1.4,1,1544.797,FALSE,0.09062679432961095
1998-01-01,1998,3. La Rioja,Pieles y cueros,32.308,1,123.492,FALSE,26.16201859229748
1998-01-01,1998,3. La Rioja,"Preparados de hortalizas, legumbres y frutas",29.154,1,123.492,FALSE,23.608006996404626
1998-01-01,1998,3. La Rioja,"Papel, cartón, impresos y publicaciones",23.83,1,123.492,FALSE,19.296796553622904
1998-01-01,1998,3. La Rioja,Grasas y aceites,23.784,1,123.492,FALSE,19.259547177145077
1998-01-01,1998,3. La Rioja,Resto de productos,13.323,1,123.492,FALSE,10.788553104654552
1998-01-01,1998,3. La Rioja,"Bebidas, líquidos alcohólicos y vinagre",1.092,1,123.492,FALSE,0.8842678068214945
1999-01-01,1999,1. Resto país,Resto de productos,6933.966,1,20963.971,FALSE,33.07563247440096
1999-01-01,1999,1. Resto país,Cereales,1984.1760000000002,1,20963.971,FALSE,9.464695405274124
1999-01-01,1999,1. Resto país,Residuos y desperdicios de la industria alimenticia,1820.65,1,20963.971,FALSE,8.684661889677294
1999-01-01,1999,1. Resto país,Petróleo crudo,1589.108,1,20963.971,FALSE,7.5801860248709545
1999-01-01,1999,1. Resto país,Grasas y aceites,1542.77,1,20963.971,FALSE,7.359149657285826
1999-01-01,1999,1. Resto país,Material de transporte terrestre,1400.419,1,20963.971,FALSE,6.6801227687254485
1999-01-01,1999,1. Resto país,Productos químicos y conexos,987.396,1,20963.971,FALSE,4.709966446719468
1999-01-01,1999,1. Resto país,Metales comunes y sus manufacturas,910.741,1,20963.971,FALSE,4.344315301714547
1999-01-01,1999,1. Resto país,Carburantes,678.364,1,20963.971,FALSE,3.235856412890478
1999-01-01,1999,1. Resto país,Semillas y frutos oleaginosos,616.282,1,20963.971,FALSE,2.939719769694396
1999-01-01,1999,1. Resto país,Pescados y mariscos sin elaborar,390.702,1,20963.971,FALSE,1.8636831733835157
1999-01-01,1999,1. Resto país,Carnes,361.41900000000004,1,20963.971,FALSE,1.7240006676216066
1999-01-01,1999,1. Resto país,Frutas frescas,300.379,1,20963.971,FALSE,1.4328344567925608
1999-01-01,1999,1. Resto país,"Preparados de hortalizas, legumbres y frutas",198.227,1,20963.971,FALSE,0.9455603616318683
1999-01-01,1999,1. Resto país,"Papel, cartón, impresos y publicaciones",160.825,1,20963.971,FALSE,0.7671495061694179
1999-01-01,1999,1. Resto país,"Bebidas, líquidos alcohólicos y vinagre",144.132,1,20963.971,FALSE,0.6875224164353213
1999-01-01,1999,1. Resto país,Gas de petróleo y otros hidrocarburos gaseosos,132.264,1,20963.971,FALSE,0.6309110044084683
1999-01-01,1999,1. Resto país,Hortalizas y legumbres sin elaborar,105.891,1,20963.971,FALSE,0.5051094566005648
1999-01-01,1999,1. Resto país,Fibras de algodón,104.71,1,20963.971,FALSE,0.49947598191201464
1999-01-01,1999,1. Resto país,Pescados y mariscos elaborados,92.30799999999999,1,20963.971,FALSE,0.44031734254927174
1999-01-01,1999,1. Resto país,"Piedras, metales preciosos y sus manufacturas, monedas",91.839,1,20963.971,FALSE,0.4380801709752412
1999-01-01,1999,1. Resto país,Pieles y cueros,84.786,1,20963.971,FALSE,0.4044367357691918
1999-01-01,1999,1. Resto país,"Café, té, yerba mate y especias",62.649,1,20963.971,FALSE,0.29884128345722283
1999-01-01,1999,1. Resto país,Tabaco sin elaborar,55.101,1,20963.971,FALSE,0.2628366543723992
1999-01-01,1999,1. Resto país,Lanas elaboradas,53.403,1,20963.971,FALSE,0.2547370438549071
1999-01-01,1999,1. Resto país,"Máquinas y aparatos, material eléctrico",47.234,1,20963.971,FALSE,0.22531036701014326
1999-01-01,1999,1. Resto país,"Extractos curtientes y tintóreos y materias albuminoideas, productos a base de almidón o féculas modificadas, colas enzimas",38.206,1,20963.971,FALSE,0.18224600673221691
1999-01-01,1999,1. Resto país,Productos lácteos,26.988,1,20963.971,FALSE,0.1287351523239562
1999-01-01,1999,1. Resto país,Lanas sucias,26.757,1,20963.971,FALSE,0.1276332618471949
1999-01-01,1999,1. Resto país,Textiles y confecciones,9.516,1,20963.971,FALSE,0.04539216353619264
1999-01-01,1999,1. Resto país,Miel,7.241,1,20963.971,FALSE,0.03454021187111926
1999-01-01,1999,1. Resto país,Materias plásticas y sus manufacturas,5.166,1,20963.971,FALSE,0.024642277934843547
1999-01-01,1999,2. NOA-Resto,"Minerales metalíferos,escorias y cenizas",412.484,1,1367.401,FALSE,30.165547633795793
1999-01-01,1999,2. NOA-Resto,Resto de productos,209.397,1,1367.401,FALSE,15.313503500436228
1999-01-01,1999,2. NOA-Resto,Hortalizas y legumbres sin elaborar,123.53,1,1367.401,FALSE,9.033926404909751
1999-01-01,1999,2. NOA-Resto,Tabaco sin elaborar,106.72999999999999,1,1367.401,FALSE,7.805318264356979
1999-01-01,1999,2. NOA-Resto,Carburantes,93.901,1,1367.401,FALSE,6.867115059883677
1999-01-01,1999,2. NOA-Resto,Frutas frescas,92.933,1,1367.401,FALSE,6.796323828928018
1999-01-01,1999,2. NOA-Resto,Productos químicos y conexos,73.26,1,1367.401,FALSE,5.357609070053335
1999-01-01,1999,2. NOA-Resto,Fibras de algodón,57.731,1,1367.401,FALSE,4.221950985848336
1999-01-01,1999,2. NOA-Resto,Material de transporte terrestre,54.245,1,1367.401,FALSE,3.9670147966836353
1999-01-01,1999,2. NOA-Resto,"Azúcar, cacao y artículos de confitería",49.301,1,1367.401,FALSE,3.6054529724638202
1999-01-01,1999,2. NOA-Resto,Cereales,29.487,1,1367.401,FALSE,2.1564266809809265
1999-01-01,1999,2. NOA-Resto,Semillas y frutos oleaginosos,21.458,1,1367.401,FALSE,1.5692543738084144
1999-01-01,1999,2. NOA-Resto,"Preparados de hortalizas, legumbres y frutas",20.359,1,1367.401,FALSE,1.4888829246139208
1999-01-01,1999,2. NOA-Resto,"Piedras, metales preciosos y sus manufacturas, monedas",18.066,1,1367.401,FALSE,1.321192539715855
1999-01-01,1999,2. NOA-Resto,Metales comunes y sus manufacturas,3.077,1,1367.401,FALSE,0.22502543145719506
1999-01-01,1999,2. NOA-Resto,Miel,1.439,1,1367.401,FALSE,0.10523613775329987
1999-01-01,1999,3. La Rioja,Pieles y cueros,36.67,1,117.947,FALSE,31.09023544473365
1999-01-01,1999,3. La Rioja,"Preparados de hortalizas, legumbres y frutas",24.964,1,117.947,FALSE,21.165438713998658
1999-01-01,1999,3. La Rioja,"Papel, cartón, impresos y publicaciones",22.059,1,117.947,FALSE,18.70246805768693
1999-01-01,1999,3. La Rioja,Grasas y aceites,20.047,1,117.947,FALSE,16.99661712464073
1999-01-01,1999,3. La Rioja,Resto de productos,11.922,1,117.947,FALSE,10.107929832891044
1999-01-01,1999,3. La Rioja,"Bebidas, líquidos alcohólicos y vinagre",2.286,1,117.947,FALSE,1.9381586644848956
2000-01-01,2000,1. Resto país,Resto de productos,7045.662,1,23654.595,FALSE,29.785595568218355
2000-01-01,2000,1. Resto país,Petróleo crudo,2807.821,1,23654.595,FALSE,11.870086974644883
2000-01-01,2000,1. Resto país,Cereales,2330.63,1,23654.595,FALSE,9.852757994799742
2000-01-01,2000,1. Resto país,Residuos y desperdicios de la industria alimenticia,2132.064,1,23654.595,FALSE,9.013318553963828
2000-01-01,2000,1. Resto país,Material de transporte terrestre,1668.692,1,23654.595,FALSE,7.054409513246792
2000-01-01,2000,1. Resto país,Metales comunes y sus manufacturas,1235.573,1,23654.595,FALSE,5.223395285355763
2000-01-01,2000,1. Resto país,Grasas y aceites,1146.407,1,23654.595,FALSE,4.846445267822171
2000-01-01,2000,1. Resto país,Productos químicos y conexos,1023.5,1,23654.595,FALSE,4.3268548880249265
2000-01-01,2000,1. Resto país,Carburantes,958.508,1,23654.595,FALSE,4.052100659512454
2000-01-01,2000,1. Resto país,Semillas y frutos oleaginosos,777.983,1,23654.595,FALSE,3.288929698437026
2000-01-01,2000,1. Resto país,Pescados y mariscos sin elaborar,487.275,1,23654.595,FALSE,2.059959174950998
2000-01-01,2000,1. Resto país,Carnes,332.602,1,23654.595,FALSE,1.406077762058492
2000-01-01,2000,1. Resto país,Frutas frescas,262.018,1,23654.595,FALSE,1.1076833063512606
2000-01-01,2000,1. Resto país,Gas de petróleo y otros hidrocarburos gaseosos,236.203,1,23654.595,FALSE,0.9985501759806075
2000-01-01,2000,1. Resto país,"Papel, cartón, impresos y publicaciones",229.076,1,23654.595,FALSE,0.9684207233309214
2000-01-01,2000,1. Resto país,"Bebidas, líquidos alcohólicos y vinagre",154.654,1,23654.595,FALSE,0.6538010902321515
2000-01-01,2000,1. Resto país,"Preparados de hortalizas, legumbres y frutas",142.113,1,23654.595,FALSE,0.6007839068899721
2000-01-01,2000,1. Resto país,"Piedras, metales preciosos y sus manufacturas, monedas",87.451,1,23654.595,FALSE,0.3696998405595191
2000-01-01,2000,1. Resto país,Hortalizas y legumbres sin elaborar,77.02199999999999,1,23654.595,FALSE,0.3256111550419696
2000-01-01,2000,1. Resto país,Lanas elaboradas,74.42,1,23654.595,FALSE,0.31461117808189065
2000-01-01,2000,1. Resto país,Pieles y cueros,71.717,1,23654.595,FALSE,0.3031842227694027
2000-01-01,2000,1. Resto país,Pescados y mariscos elaborados,69.095,1,23654.595,FALSE,0.29209969564052984
2000-01-01,2000,1. Resto país,"Café, té, yerba mate y especias",62.884,1,23654.595,FALSE,0.26584264072160185
2000-01-01,2000,1. Resto país,"Máquinas y aparatos, material eléctrico",46.391999999999996,1,23654.595,FALSE,0.19612257153419874
2000-01-01,2000,1. Resto país,Tabaco sin elaborar,42.683,1,23654.595,FALSE,0.18044274273138053
2000-01-01,2000,1. Resto país,"Extractos curtientes y tintóreos y materias albuminoideas, productos a base de almidón o féculas modificadas, colas enzimas",39.248,1,23654.595,FALSE,0.16592125124103793
2000-01-01,2000,1. Resto país,Lanas sucias,32.37,1,23654.595,FALSE,0.13684444819283523
2000-01-01,2000,1. Resto país,Fibras de algodón,31.118,1,23654.595,FALSE,0.13155160762634066
2000-01-01,2000,1. Resto país,Productos lácteos,16.102,1,23654.595,FALSE,0.06807134089592318
2000-01-01,2000,1. Resto país,Materias plásticas y sus manufacturas,14.852,1,23654.595,FALSE,0.06278695534630797
2000-01-01,2000,1. Resto país,Textiles y confecciones,11.223,1,23654.595,FALSE,0.04744532721866513
2000-01-01,2000,1. Resto país,Miel,6.595,1,23654.595,FALSE,0.027880418159769802
2000-01-01,2000,2. NOA-Resto,"Minerales metalíferos,escorias y cenizas",307.018,1,1307.681,FALSE,23.478050074903585
2000-01-01,2000,2. NOA-Resto,Resto de productos,255.632,1,1307.681,FALSE,19.548498448780705
2000-01-01,2000,2. NOA-Resto,Carburantes,124.753,1,1307.681,FALSE,9.54001778721263
2000-01-01,2000,2. NOA-Resto,Hortalizas y legumbres sin elaborar,101.079,1,1307.681,FALSE,7.729637426864808
2000-01-01,2000,2. NOA-Resto,Frutas frescas,92.964,1,1307.681,FALSE,7.109073237280345
2000-01-01,2000,2. NOA-Resto,Productos químicos y conexos,88.015,1,1307.681,FALSE,6.730617023570733
2000-01-01,2000,2. NOA-Resto,Material de transporte terrestre,81.723,1,1307.681,FALSE,6.2494599218005
2000-01-01,2000,2. NOA-Resto,Tabaco sin elaborar,69.905,1,1307.681,FALSE,5.345722695366836
2000-01-01,2000,2. NOA-Resto,"Azúcar, cacao y artículos de confitería",62.117000000000004,1,1307.681,FALSE,4.750164604364521
2000-01-01,2000,2. NOA-Resto,"Preparados de hortalizas, legumbres y frutas",36.014,1,1307.681,FALSE,2.7540355790135362
2000-01-01,2000,2. NOA-Resto,Cereales,29.677,1,1307.681,FALSE,2.269437271016402
2000-01-01,2000,2. NOA-Resto,Semillas y frutos oleaginosos,28.267,1,1307.681,FALSE,2.161612809240174
2000-01-01,2000,2. NOA-Resto,Fibras de algodón,17.076,1,1307.681,FALSE,1.3058230562346629
2000-01-01,2000,2. NOA-Resto,Metales comunes y sus manufacturas,6.61,1,1307.681,FALSE,0.5054749591069994
2000-01-01,2000,2. NOA-Resto,"Piedras, metales preciosos y sus manufacturas, monedas",5.568,1,1307.681,FALSE,0.4257919171418717
2000-01-01,2000,2. NOA-Resto,Miel,1.263,1,1307.681,FALSE,0.09658318810168533
2000-01-01,2000,3. La Rioja,Pieles y cueros,72.542,1,149.627,FALSE,48.48189163720451
2000-01-01,2000,3. La Rioja,"Preparados de hortalizas, legumbres y frutas",26.168,1,149.627,FALSE,17.48882220454864
2000-01-01,2000,3. La Rioja,Grasas y aceites,18.175,1,149.627,FALSE,12.146871888095061
2000-01-01,2000,3. La Rioja,"Papel, cartón, impresos y publicaciones",16.03,1,149.627,FALSE,10.713307090297873
2000-01-01,2000,3. La Rioja,Resto de productos,11.077,1,149.627,FALSE,7.4030756481116375
2000-01-01,2000,3. La Rioja,"Bebidas, líquidos alcohólicos y vinagre",5.636,1,149.627,FALSE,3.7666998603193274
2001-01-01,2001,1. Resto país,Resto de productos,6988.4490000000005,1,23802.893,FALSE,29.359662289789732
2001-01-01,2001,1. Resto país,Cereales,2368.524,1,23802.893,FALSE,9.950571974591492
2001-01-01,2001,1. Resto país,Petróleo crudo,2363.316,1,23802.893,FALSE,9.928692281228168
2001-01-01,2001,1. Resto país,Residuos y desperdicios de la industria alimenticia,2315.129,1,23802.893,FALSE,9.726250502407417
2001-01-01,2001,1. Resto país,Material de transporte terrestre,1742.0040000000001,1,23802.893,FALSE,7.318454945791674
2001-01-01,2001,1. Resto país,Metales comunes y sus manufacturas,1271.624,1,23802.893,FALSE,5.342308600891497
2001-01-01,2001,1. Resto país,Grasas y aceites,1111.666,1,23802.893,FALSE,4.670297849929418
2001-01-01,2001,1. Resto país,Productos químicos y conexos,1062.129,1,23802.893,FALSE,4.462184491607806
2001-01-01,2001,1. Resto país,Semillas y frutos oleaginosos,1057.045,1,23802.893,FALSE,4.440825743324561
2001-01-01,2001,1. Resto país,Carburantes,1039.258,1,23802.893,FALSE,4.366099532523211
2001-01-01,2001,1. Resto país,Pescados y mariscos sin elaborar,600.813,1,23802.893,FALSE,2.524117551593413
2001-01-01,2001,1. Resto país,Frutas frescas,370.549,1,23802.893,FALSE,1.5567393425664684
2001-01-01,2001,1. Resto país,Gas de petróleo y otros hidrocarburos gaseosos,306.817,1,23802.893,FALSE,1.2889903760857977
2001-01-01,2001,1. Resto país,"Papel, cartón, impresos y publicaciones",174.166,1,23802.893,FALSE,0.7317009743311453
2001-01-01,2001,1. Resto país,"Preparados de hortalizas, legumbres y frutas",163.285,1,23802.893,FALSE,0.6859880435542016
2001-01-01,2001,1. Resto país,Carnes,152.09,1,23802.893,FALSE,0.6389559453970574
2001-01-01,2001,1. Resto país,"Bebidas, líquidos alcohólicos y vinagre",129.194,1,23802.893,FALSE,0.5427659570624461
2001-01-01,2001,1. Resto país,"Piedras, metales preciosos y sus manufacturas, monedas",88.748,1,23802.893,FALSE,0.37284543521663527
2001-01-01,2001,1. Resto país,Lanas elaboradas,82.688,1,23802.893,FALSE,0.34738634501276805
2001-01-01,2001,1. Resto país,"Máquinas y aparatos, material eléctrico",71.234,1,23802.893,FALSE,0.2992661438254585
2001-01-01,2001,1. Resto país,"Café, té, yerba mate y especias",64.18299999999999,1,23802.893,FALSE,0.26964369415095885
2001-01-01,2001,1. Resto país,Pescados y mariscos elaborados,53.067,1,23802.893,FALSE,0.2229434884238651
2001-01-01,2001,1. Resto país,Tabaco sin elaborar,52.748,1,23802.893,FALSE,0.22160331519366155
2001-01-01,2001,1. Resto país,Fibras de algodón,52.69,1,23802.893,FALSE,0.22135964733362454
2001-01-01,2001,1. Resto país,"Extractos curtientes y tintóreos y materias albuminoideas, productos a base de almidón o féculas modificadas, colas enzimas",38.746,1,23802.893,FALSE,0.16277853284472607
2001-01-01,2001,1. Resto país,Pieles y cueros,20.939,1,23802.893,FALSE,0.08796829864336239
2001-01-01,2001,1. Resto país,Materias plásticas y sus manufacturas,13.742,1,23802.893,FALSE,0.05773247814876956
2001-01-01,2001,1. Resto país,Hortalizas y legumbres sin elaborar,11.863,1,23802.893,FALSE,0.049838479717570466
2001-01-01,2001,1. Resto país,Productos lácteos,10.686,1,23802.893,FALSE,0.04489370262681935
2001-01-01,2001,1. Resto país,Frutas secas o procesadas,7.002,1,23802.893,FALSE,0.029416592344468376
2001-01-01,2001,1. Resto país,Textiles y confecciones,6.277,1,23802.893,FALSE,0.026370744094005718
2001-01-01,2001,1. Resto país,Lanas sucias,6.189,1,23802.893,FALSE,0.02600104113394956
2001-01-01,2001,1. Resto país,Miel,5.562,1,23802.893,FALSE,0.023366907543549434
2001-01-01,2001,1. Resto país,"Manufacturas de piedra, yeso, etc, productos cerámicos, vidrio y sus manufacturas.",0,1,23802.893,FALSE,0
2001-01-01,2001,2. NOA-Resto,"Minerales metalíferos,escorias y cenizas",346.764,1,1414.557,FALSE,24.513964442578136
2001-01-01,2001,2. NOA-Resto,Resto de productos,253.23499999999999,1,1414.557,FALSE,17.902071107774375
2001-01-01,2001,2. NOA-Resto,Hortalizas y legumbres sin elaborar,122.091,1,1414.557,FALSE,8.631041379032444
2001-01-01,2001,2. NOA-Resto,Carburantes,115.748,1,1414.557,FALSE,8.18263244252441
2001-01-01,2001,2. NOA-Resto,Frutas frescas,112.035,1,1414.557,FALSE,7.920147438385303
2001-01-01,2001,2. NOA-Resto,Tabaco sin elaborar,96.07900000000001,1,1414.557,FALSE,6.792161786340177
2001-01-01,2001,2. NOA-Resto,Productos químicos y conexos,92.85300000000001,1,1414.557,FALSE,6.564104521769007
2001-01-01,2001,2. NOA-Resto,Gas de petróleo y otros hidrocarburos gaseosos,74.051,1,1414.557,FALSE,5.234925139107156
2001-01-01,2001,2. NOA-Resto,Material de transporte terrestre,65.265,1,1414.557,FALSE,4.613811956676189
2001-01-01,2001,2. NOA-Resto,"Azúcar, cacao y artículos de confitería",46.266999999999996,1,1414.557,FALSE,3.270776645974676
2001-01-01,2001,2. NOA-Resto,"Preparados de hortalizas, legumbres y frutas",40.182,1,1414.557,FALSE,2.8406066351515
2001-01-01,2001,2. NOA-Resto,Fibras de algodón,15.375,1,1414.557,FALSE,1.0869127224989874
2001-01-01,2001,2. NOA-Resto,Cereales,13.692,1,1414.557,FALSE,0.9679355444849519
2001-01-01,2001,2. NOA-Resto,Metales comunes y sus manufacturas,8.109,1,1414.557,FALSE,0.5732536758858073
2001-01-01,2001,2. NOA-Resto,"Piedras, metales preciosos y sus manufacturas, monedas",6.157,1,1414.557,FALSE,0.43525994357244
2001-01-01,2001,2. NOA-Resto,Semillas y frutos oleaginosos,6.005,1,1414.557,FALSE,0.42451452999066136
2001-01-01,2001,2. NOA-Resto,Residuos y desperdicios de la industria alimenticia,0.578,1,1414.557,FALSE,0.04086084901492128
2001-01-01,2001,2. NOA-Resto,Textiles y confecciones,0,1,1414.557,FALSE,0
2001-01-01,2001,3. La Rioja,Pieles y cueros,95.892,1,165.248,FALSE,58.02914407436096
2001-01-01,2001,3. La Rioja,Resto de productos,20.529,1,165.248,FALSE,12.423145817195973
2001-01-01,2001,3. La Rioja,"Preparados de hortalizas, legumbres y frutas",19.716,1,165.248,FALSE,11.931158017041055
2001-01-01,2001,3. La Rioja,"Papel, cartón, impresos y publicaciones",17.884,1,165.248,FALSE,10.82252130131681
2001-01-01,2001,3. La Rioja,Grasas y aceites,8.969,1,165.248,FALSE,5.427599728892332
2001-01-01,2001,3. La Rioja,Textiles y confecciones,2.259,1,165.248,FALSE,1.3670362122385746
2002-01-01,2002,1. Resto país,Resto de productos,6763.656,1,22941.137,FALSE,29.482653802206926
2002-01-01,2002,1. Resto país,Residuos y desperdicios de la industria alimenticia,2489.065,1,22941.137,FALSE,10.849789180021897
2002-01-01,2002,1. Resto país,Petróleo crudo,2177.095,1,22941.137,FALSE,9.489917609576194
2002-01-01,2002,1. Resto país,Cereales,2005.203,1,22941.137,FALSE,8.740643499927662
2002-01-01,2002,1. Resto país,Grasas y aceites,1501.46,1,22941.137,FALSE,6.544836901501439
2002-01-01,2002,1. Resto país,Metales comunes y sus manufacturas,1391.6380000000001,1,22941.137,FALSE,6.066124795819842
2002-01-01,2002,1. Resto país,Material de transporte terrestre,1290.805,1,22941.137,FALSE,5.626595578065726
2002-01-01,2002,1. Resto país,Carburantes,1168.88,1,22941.137,FALSE,5.095126714948785
2002-01-01,2002,1. Resto país,Productos químicos y conexos,1013.5250000000001,1,22941.137,FALSE,4.417937088296888
2002-01-01,2002,1. Resto país,Semillas y frutos oleaginosos,903.7090000000001,1,22941.137,FALSE,3.939251136506443
2002-01-01,2002,1. Resto país,Pescados y mariscos sin elaborar,409.485,1,22941.137,FALSE,1.7849376863927888
2002-01-01,2002,1. Resto país,Gas de petróleo y otros hidrocarburos gaseosos,302.779,1,22941.137,FALSE,1.3198081681827716
2002-01-01,2002,1. Resto país,Frutas frescas,280.85499999999996,1,22941.137,FALSE,1.2242418499135417
2002-01-01,2002,1. Resto país,Carnes,248.208,1,22941.137,FALSE,1.0819341691739168
2002-01-01,2002,1. Resto país,"Papel, cartón, impresos y publicaciones",162.608,1,22941.137,FALSE,0.7088053220727465
2002-01-01,2002,1. Resto país,"Preparados de hortalizas, legumbres y frutas",139.509,1,22941.137,FALSE,0.6081172001195929
2002-01-01,2002,1. Resto país,"Bebidas, líquidos alcohólicos y vinagre",114.826,1,22941.137,FALSE,0.5005244509023244
2002-01-01,2002,1. Resto país,Lanas elaboradas,92.575,1,22941.137,FALSE,0.40353274556531354
2002-01-01,2002,1. Resto país,"Piedras, metales preciosos y sus manufacturas, monedas",91.058,1,22941.137,FALSE,0.3969201700857286
2002-01-01,2002,1. Resto país,Pescados y mariscos elaborados,91.003,1,22941.137,FALSE,0.3966804260835023
2002-01-01,2002,1. Resto país,"Máquinas y aparatos, material eléctrico",64.784,1,22941.137,FALSE,0.2823922807313343
2002-01-01,2002,1. Resto país,"Café, té, yerba mate y especias",58.899,1,22941.137,FALSE,0.25673967249312885
2002-01-01,2002,1. Resto país,Tabaco sin elaborar,49.616,1,22941.137,FALSE,0.21627524389920172
2002-01-01,2002,1. Resto país,"Extractos curtientes y tintóreos y materias albuminoideas, productos a base de almidón o féculas modificadas, colas enzimas",33.919000000000004,1,22941.137,FALSE,0.14785230566383875
2002-01-01,2002,1. Resto país,Pieles y cueros,14.477,1,22941.137,FALSE,0.06310498036779956
2002-01-01,2002,1. Resto país,Materias plásticas y sus manufacturas,14.377,1,22941.137,FALSE,0.0626690821819337
2002-01-01,2002,1. Resto país,Productos lácteos,12.154,1,22941.137,FALSE,0.052979065510135794
2002-01-01,2002,1. Resto país,Miel,11.954,1,22941.137,FALSE,0.05210726913840409
2002-01-01,2002,1. Resto país,Frutas secas o procesadas,11.711,1,22941.137,FALSE,0.05104803654675007
2002-01-01,2002,1. Resto país,Textiles y confecciones,10.332,1,22941.137,FALSE,0.045037000563659946
2002-01-01,2002,1. Resto país,Hortalizas y legumbres sin elaborar,8.711,1,22941.137,FALSE,0.03797109097077447
2002-01-01,2002,1. Resto país,Fibras de algodón,7.114,1,22941.137,FALSE,0.03100979694249679
2002-01-01,2002,1. Resto país,Lanas sucias,4.95,1,22941.137,FALSE,0.02157696020035973
2002-01-01,2002,1. Resto país,"Manufacturas de piedra, yeso, etc, productos cerámicos, vidrio y sus manufacturas.",0,1,22941.137,FALSE,0
2002-01-01,2002,2. NOA-Resto,"Minerales metalíferos,escorias y cenizas",437.319,1,1582.12,FALSE,27.641329355548255
2002-01-01,2002,2. NOA-Resto,Resto de productos,313.112,1,1582.12,FALSE,19.79066063256896
2002-01-01,2002,2. NOA-Resto,Carburantes,117.133,1,1582.12,FALSE,7.4035471392814705
2002-01-01,2002,2. NOA-Resto,Hortalizas y legumbres sin elaborar,101.21300000000001,1,1582.12,FALSE,6.397302353803759
2002-01-01,2002,2. NOA-Resto,Productos químicos y conexos,94.034,1,1582.12,FALSE,5.943544105377596
2002-01-01,2002,2. NOA-Resto,Frutas frescas,87.759,1,1582.12,FALSE,5.546924379945896
2002-01-01,2002,2. NOA-Resto,Tabaco sin elaborar,83.249,1,1582.12,FALSE,5.261863828281041
2002-01-01,2002,2. NOA-Resto,"Azúcar, cacao y artículos de confitería",76.342,1,1582.12,FALSE,4.8252977018178145
2002-01-01,2002,2. NOA-Resto,Gas de petróleo y otros hidrocarburos gaseosos,65.264,1,1582.12,FALSE,4.125097969812656
2002-01-01,2002,2. NOA-Resto,Material de transporte terrestre,57.612,1,1582.12,FALSE,3.641443126943595
2002-01-01,2002,2. NOA-Resto,Semillas y frutos oleaginosos,52.984,1,1582.12,FALSE,3.348924228250702
2002-01-01,2002,2. NOA-Resto,"Preparados de hortalizas, legumbres y frutas",34.03,1,1582.12,FALSE,2.1509114352893586
2002-01-01,2002,2. NOA-Resto,Cereales,29.356,1,1582.12,FALSE,1.8554850453821459
2002-01-01,2002,2. NOA-Resto,"Piedras, metales preciosos y sus manufacturas, monedas",19.775,1,1582.12,FALSE,1.2499051905038807
2002-01-01,2002,2. NOA-Resto,Metales comunes y sus manufacturas,7.32,1,1582.12,FALSE,0.46267034106136073
2002-01-01,2002,2. NOA-Resto,Fibras de algodón,3.723,1,1582.12,FALSE,0.2353171693676839
2002-01-01,2002,2. NOA-Resto,Residuos y desperdicios de la industria alimenticia,1.892,1,1582.12,FALSE,0.1195863777715976
2002-01-01,2002,2. NOA-Resto,Textiles y confecciones,0,1,1582.12,FALSE,0
2002-01-01,2002,3. La Rioja,Pieles y cueros,76.009,1,135.015,FALSE,56.296707773210386
2002-01-01,2002,3. La Rioja,Resto de productos,14.577,1,135.015,FALSE,10.796578157982449
2002-01-01,2002,3. La Rioja,"Preparados de hortalizas, legumbres y frutas",13.491,1,135.015,FALSE,9.992223086323742
2002-01-01,2002,3. La Rioja,Grasas y aceites,12.595,1,135.015,FALSE,9.328593119283044
2002-01-01,2002,3. La Rioja,"Papel, cartón, impresos y publicaciones",9.801,1,135.015,FALSE,7.259193422953006
2002-01-01,2002,3. La Rioja,Textiles y confecciones,8.542,1,135.015,FALSE,6.32670444024738
2003-01-01,2003,1. Resto país,Resto de productos,7687.897,1,26800.997,FALSE,28.685115706702998
2003-01-01,2003,1. Resto país,Residuos y desperdicios de la industria alimenticia,3172.415,1,26800.997,FALSE,11.836929051557298
2003-01-01,2003,1. Resto país,Petróleo crudo,2238.986,1,26800.997,FALSE,8.354114587602842
2003-01-01,2003,1. Resto país,Cereales,2185.465,1,26800.997,FALSE,8.15441679277827
2003-01-01,2003,1. Resto país,Grasas y aceites,2175.145,1,26800.997,FALSE,8.115910762573497
2003-01-01,2003,1. Resto país,Carburantes,1515.363,1,26800.997,FALSE,5.654129210193188
2003-01-01,2003,1. Resto país,Semillas y frutos oleaginosos,1415.106,1,26800.997,FALSE,5.280049842921889
2003-01-01,2003,1. Resto país,Metales comunes y sus manufacturas,1358.219,1,26800.997,FALSE,5.067792813827038
2003-01-01,2003,1. Resto país,Productos químicos y conexos,1242.414,1,26800.997,FALSE,4.63570067934413
2003-01-01,2003,1. Resto país,Material de transporte terrestre,1122.685,1,26800.997,FALSE,4.188967298492664
2003-01-01,2003,1. Resto país,Pescados y mariscos sin elaborar,526.7909999999999,1,26800.997,FALSE,1.965564937752129
2003-01-01,2003,1. Resto país,Gas de petróleo y otros hidrocarburos gaseosos,355.534,1,26800.997,FALSE,1.3265700525991628
2003-01-01,2003,1. Resto país,Carnes,322.399,1,26800.997,FALSE,1.2029365922469228
2003-01-01,2003,1. Resto país,Frutas frescas,319.715,1,26800.997,FALSE,1.1929220394301001
2003-01-01,2003,1. Resto país,"Preparados de hortalizas, legumbres y frutas",209.84799999999998,1,26800.997,FALSE,0.7829857971328454
2003-01-01,2003,1. Resto país,"Papel, cartón, impresos y publicaciones",181.616,1,26800.997,FALSE,0.6776464323323496
2003-01-01,2003,1. Resto país,"Bebidas, líquidos alcohólicos y vinagre",157.411,1,26800.997,FALSE,0.5873326279615643
2003-01-01,2003,1. Resto país,Lanas elaboradas,107.152,1,26800.997,FALSE,0.399806022141639
2003-01-01,2003,1. Resto país,Pescados y mariscos elaborados,100.173,1,26800.997,FALSE,0.3737659460952143
2003-01-01,2003,1. Resto país,"Piedras, metales preciosos y sus manufacturas, monedas",92.16,1,26800.997,FALSE,0.343867804619358
2003-01-01,2003,1. Resto país,"Máquinas y aparatos, material eléctrico",66.266,1,26800.997,FALSE,0.24725199588657096
2003-01-01,2003,1. Resto país,Tabaco sin elaborar,55.228,1,26800.997,FALSE,0.20606696086716478
2003-01-01,2003,1. Resto país,"Café, té, yerba mate y especias",51.854,1,26800.997,FALSE,0.19347787696106977
2003-01-01,2003,1. Resto país,"Extractos curtientes y tintóreos y materias albuminoideas, productos a base de almidón o féculas modificadas, colas enzimas",33.466,1,26800.997,FALSE,0.12486848903419526
2003-01-01,2003,1. Resto país,Pieles y cueros,21.087,1,26800.997,FALSE,0.07867990881085506
2003-01-01,2003,1. Resto país,Productos lácteos,18.357,1,26800.997,FALSE,0.0684937205880811
2003-01-01,2003,1. Resto país,Miel,16.741,1,26800.997,FALSE,0.06246409415291528
2003-01-01,2003,1. Resto país,Materias plásticas y sus manufacturas,15.135,1,26800.997,FALSE,0.056471779762521525
2003-01-01,2003,1. Resto país,Hortalizas y legumbres sin elaborar,14.881,1,26800.997,FALSE,0.055524053825311045
2003-01-01,2003,1. Resto país,Frutas secas o procesadas,8.506,1,26800.997,FALSE,0.03173762528311913
2003-01-01,2003,1. Resto país,Lanas sucias,7.523,1,26800.997,FALSE,0.028069851282025066
2003-01-01,2003,1. Resto país,Textiles y confecciones,3.431,1,26800.997,FALSE,0.012801762561295761
2003-01-01,2003,1. Resto país,Fibras de algodón,1.228,1,26800.997,FALSE,0.004581919098009674
2003-01-01,2003,1. Resto país,"Manufacturas de piedra, yeso, etc, productos cerámicos, vidrio y sus manufacturas.",0.523,1,26800.997,FALSE,0.0019514199415790392
2003-01-01,2003,2. NOA-Resto,"Minerales metalíferos,escorias y cenizas",473.653,1,1680.499,FALSE,28.18525925930334
2003-01-01,2003,2. NOA-Resto,Resto de productos,278.909,1,1680.499,FALSE,16.596796546739984
2003-01-01,2003,2. NOA-Resto,Carburantes,136.982,1,1680.499,FALSE,8.151269355114167
2003-01-01,2003,2. NOA-Resto,Frutas frescas,129.869,1,1680.499,FALSE,7.7280022183887045
2003-01-01,2003,2. NOA-Resto,Tabaco sin elaborar,90.67599999999999,1,1680.499,FALSE,5.395778277761545
2003-01-01,2003,2. NOA-Resto,Gas de petróleo y otros hidrocarburos gaseosos,89.859,1,1680.499,FALSE,5.347161765642229
2003-01-01,2003,2. NOA-Resto,Hortalizas y legumbres sin elaborar,89.065,1,1680.499,FALSE,5.299913894622966
2003-01-01,2003,2. NOA-Resto,Productos químicos y conexos,83.437,1,1680.499,FALSE,4.965013368053179
2003-01-01,2003,2. NOA-Resto,Semillas y frutos oleaginosos,81.063,1,1680.499,FALSE,4.823745804073671
2003-01-01,2003,2. NOA-Resto,Material de transporte terrestre,65.158,1,1680.499,FALSE,3.877300730318792
2003-01-01,2003,2. NOA-Resto,"Azúcar, cacao y artículos de confitería",50.931000000000004,1,1680.499,FALSE,3.030706950733086
2003-01-01,2003,2. NOA-Resto,Cereales,50.835,1,1680.499,FALSE,3.024994361793729
2003-01-01,2003,2. NOA-Resto,"Preparados de hortalizas, legumbres y frutas",27.04,1,1680.499,FALSE,1.6090458845854714
2003-01-01,2003,2. NOA-Resto,"Piedras, metales preciosos y sus manufacturas, monedas",18.743,1,1680.499,FALSE,1.1153234842746111
2003-01-01,2003,2. NOA-Resto,Metales comunes y sus manufacturas,7.658,1,1680.499,FALSE,0.455697980183267
2003-01-01,2003,2. NOA-Resto,Residuos y desperdicios de la industria alimenticia,5.991,1,1680.499,FALSE,0.3565012534967292
2003-01-01,2003,2. NOA-Resto,Fibras de algodón,0.624,1,1680.499,FALSE,0.03713182810581857
2003-01-01,2003,2. NOA-Resto,Textiles y confecciones,0,1,1680.499,FALSE,0
2003-01-01,2003,3. La Rioja,Pieles y cueros,92.177,1,160.394,FALSE,57.46910732321658
2003-01-01,2003,3. La Rioja,"Papel, cartón, impresos y publicaciones",18.718,1,160.394,FALSE,11.670012593987305
2003-01-01,2003,3. La Rioja,Resto de productos,17.271,1,160.394,FALSE,10.76785914685088
2003-01-01,2003,3. La Rioja,"Preparados de hortalizas, legumbres y frutas",15.079,1,160.394,FALSE,9.401224484706411
2003-01-01,2003,3. La Rioja,Grasas y aceites,10.102,1,160.394,FALSE,6.298240582565433
2003-01-01,2003,3. La Rioja,Textiles y confecciones,7.047,1,160.394,FALSE,4.393555868673391
2004-01-01,2004,1. Resto país,Resto de productos,9867.686,1,31404.552,FALSE,31.4211965195364
2004-01-01,2004,1. Resto país,Residuos y desperdicios de la industria alimenticia,3510.401,1,31404.552,FALSE,11.178000565013631
2004-01-01,2004,1. Resto país,Cereales,2551.313,1,31404.552,FALSE,8.124022912347229
2004-01-01,2004,1. Resto país,Grasas y aceites,2378.578,1,31404.552,FALSE,7.5739911844626855
2004-01-01,2004,1. Resto país,Petróleo crudo,2198.59,1,31404.552,FALSE,7.000864078557783
2004-01-01,2004,1. Resto país,Carburantes,1817.739,1,31404.552,FALSE,5.7881386112433635
2004-01-01,2004,1. Resto país,Material de transporte terrestre,1674.1309999999999,1,31404.552,FALSE,5.330854584392733
2004-01-01,2004,1. Resto país,Productos químicos y conexos,1622.743,1,31404.552,FALSE,5.167222254913873
2004-01-01,2004,1. Resto país,Metales comunes y sus manufacturas,1446.7769999999998,1,31404.552,FALSE,4.6069022095905074
2004-01-01,2004,1. Resto país,Semillas y frutos oleaginosos,1219.057,1,31404.552,FALSE,3.881784398643865
2004-01-01,2004,1. Resto país,Carnes,490.88200000000006,1,31404.552,FALSE,1.5630918727960204
2004-01-01,2004,1. Resto país,Gas de petróleo y otros hidrocarburos gaseosos,451.08299999999997,1,31404.552,FALSE,1.436361836971914
2004-01-01,2004,1. Resto país,Pescados y mariscos sin elaborar,378.942,1,31404.552,FALSE,1.2066467307032431
2004-01-01,2004,1. Resto país,Frutas frescas,373.697,1,31404.552,FALSE,1.189945330218371
2004-01-01,2004,1. Resto país,"Preparados de hortalizas, legumbres y frutas",250.006,1,31404.552,FALSE,0.7960820456856063
2004-01-01,2004,1. Resto país,"Bebidas, líquidos alcohólicos y vinagre",205.284,1,31404.552,FALSE,0.6536759384435733
2004-01-01,2004,1. Resto país,"Papel, cartón, impresos y publicaciones",200.71599999999998,1,31404.552,FALSE,0.639130276400695
2004-01-01,2004,1. Resto país,Pescados y mariscos elaborados,121.504,1,31404.552,FALSE,0.3868993259321133
2004-01-01,2004,1. Resto país,"Piedras, metales preciosos y sus manufacturas, monedas",113.854,1,31404.552,FALSE,0.362539799962757
2004-01-01,2004,1. Resto país,Lanas elaboradas,113.608,1,31404.552,FALSE,0.3617564740296248
2004-01-01,2004,1. Resto país,"Máquinas y aparatos, material eléctrico",86.124,1,31404.552,FALSE,0.27424049863854133
2004-01-01,2004,1. Resto país,Tabaco sin elaborar,66.52,1,31404.552,FALSE,0.2118164271217752
2004-01-01,2004,1. Resto país,"Café, té, yerba mate y especias",58.128,1,31404.552,FALSE,0.1850941863459794
2004-01-01,2004,1. Resto país,Productos lácteos,45.332,1,31404.552,FALSE,0.14434850081606004
2004-01-01,2004,1. Resto país,"Extractos curtientes y tintóreos y materias albuminoideas, productos a base de almidón o féculas modificadas, colas enzimas",34.572,1,31404.552,FALSE,0.11008595187092624
2004-01-01,2004,1. Resto país,Pieles y cueros,25.505,1,31404.552,FALSE,0.0812143411566578
2004-01-01,2004,1. Resto país,Frutas secas o procesadas,19.983,1,31404.552,FALSE,0.06363090293407146
2004-01-01,2004,1. Resto país,Materias plásticas y sus manufacturas,19.406,1,31404.552,FALSE,0.06179358966814747
2004-01-01,2004,1. Resto país,Hortalizas y legumbres sin elaborar,17.622,1,31404.552,FALSE,0.05611288452705837
2004-01-01,2004,1. Resto país,Miel,12.744,1,31404.552,FALSE,0.04058010443836295
2004-01-01,2004,1. Resto país,Textiles y confecciones,8.985,1,31404.552,FALSE,0.028610502069891016
2004-01-01,2004,1. Resto país,Lanas sucias,8.897,1,31404.552,FALSE,0.0283302879149494
2004-01-01,2004,1. Resto país,Fibras de algodón,7.813,1,31404.552,FALSE,0.024878559006350415
2004-01-01,2004,1. Resto país,"Manufacturas de piedra, yeso, etc, productos cerámicos, vidrio y sus manufacturas.",5.677,1,31404.552,FALSE,0.018076997245494855
2004-01-01,2004,2. NOA-Resto,"Minerales metalíferos,escorias y cenizas",664.696,1,2051.572,FALSE,32.39935035182777
2004-01-01,2004,2. NOA-Resto,Resto de productos,315.509,1,2051.572,FALSE,15.37888994390643
2004-01-01,2004,2. NOA-Resto,Carburantes,181.002,1,2051.572,FALSE,8.822600425429865
2004-01-01,2004,2. NOA-Resto,Frutas frescas,135.893,1,2051.572,FALSE,6.623847469160234
2004-01-01,2004,2. NOA-Resto,Productos químicos y conexos,113.033,1,2051.572,FALSE,5.509579970871116
2004-01-01,2004,2. NOA-Resto,Gas de petróleo y otros hidrocarburos gaseosos,105.077,1,2051.572,FALSE,5.121779786427188
2004-01-01,2004,2. NOA-Resto,Tabaco sin elaborar,102.019,1,2051.572,FALSE,4.9727233555536925
2004-01-01,2004,2. NOA-Resto,Material de transporte terrestre,90.945,1,2051.572,FALSE,4.432942153626585
2004-01-01,2004,2. NOA-Resto,Hortalizas y legumbres sin elaborar,76.818,1,2051.572,FALSE,3.744348236376788
2004-01-01,2004,2. NOA-Resto,Semillas y frutos oleaginosos,68.761,1,2051.572,FALSE,3.3516249978065598
2004-01-01,2004,2. NOA-Resto,Cereales,63.179,1,2051.572,FALSE,3.079540956885744
2004-01-01,2004,2. NOA-Resto,"Azúcar, cacao y artículos de confitería",59.572,1,2051.572,FALSE,2.9037245585336513
2004-01-01,2004,2. NOA-Resto,"Preparados de hortalizas, legumbres y frutas",27.936,1,2051.572,FALSE,1.361687525468275
2004-01-01,2004,2. NOA-Resto,"Piedras, metales preciosos y sus manufacturas, monedas",19.031,1,2051.572,FALSE,0.9276301294811977
2004-01-01,2004,2. NOA-Resto,Metales comunes y sus manufacturas,11.904,1,2051.572,FALSE,0.5802379833610519
2004-01-01,2004,2. NOA-Resto,Textiles y confecciones,8.386,1,2051.572,FALSE,0.4087597218133216
2004-01-01,2004,2. NOA-Resto,Residuos y desperdicios de la industria alimenticia,5.873,1,2051.572,FALSE,0.28626828597777704
2004-01-01,2004,2. NOA-Resto,Fibras de algodón,1.938,1,2051.572,FALSE,0.09446414749275188
2004-01-01,2004,3. La Rioja,Pieles y cueros,105.471,1,197.304,FALSE,53.45608806714512
2004-01-01,2004,3. La Rioja,"Papel, cartón, impresos y publicaciones",30.31,1,197.304,FALSE,15.36208084985606
2004-01-01,2004,3. La Rioja,"Preparados de hortalizas, legumbres y frutas",27.334,1,197.304,FALSE,13.85374853018692
2004-01-01,2004,3. La Rioja,Resto de productos,17.548,1,197.304,FALSE,8.89388963224263
2004-01-01,2004,3. La Rioja,Grasas y aceites,8.43,1,197.304,FALSE,4.272594574869237
2004-01-01,2004,3. La Rioja,Textiles y confecciones,8.21,1,197.304,FALSE,4.161091513603374
2005-01-01,2005,1. Resto país,Resto de productos,12704.222,1,36123.878,FALSE,35.16848883168081
2005-01-01,2005,1. Resto país,Residuos y desperdicios de la industria alimenticia,3729.15,1,36123.878,FALSE,10.323227201686375
2005-01-01,2005,1. Resto país,Material de transporte terrestre,2759.798,1,36123.878,FALSE,7.639816522467494
2005-01-01,2005,1. Resto país,Cereales,2693.185,1,36123.878,FALSE,7.4554149474206515
2005-01-01,2005,1. Resto país,Grasas y aceites,2429.756,1,36123.878,FALSE,6.726177073236711
2005-01-01,2005,1. Resto país,Metales comunes y sus manufacturas,2029.116,1,36123.878,FALSE,5.617104564465643
2005-01-01,2005,1. Resto país,Carburantes,2004.27,1,36123.878,FALSE,5.548324573568763
2005-01-01,2005,1. Resto país,Productos químicos y conexos,1787.993,1,36123.878,FALSE,4.949615320924293
2005-01-01,2005,1. Resto país,Semillas y frutos oleaginosos,1657.442,1,36123.878,FALSE,4.58821724511416
2005-01-01,2005,1. Resto país,Petróleo crudo,1277.323,1,36123.878,FALSE,3.535952037043199
2005-01-01,2005,1. Resto país,Gas de petróleo y otros hidrocarburos gaseosos,497.273,1,36123.878,FALSE,1.3765770109178204
2005-01-01,2005,1. Resto país,Frutas frescas,477.02799999999996,1,36123.878,FALSE,1.320533747788651
2005-01-01,2005,1. Resto país,Pescados y mariscos sin elaborar,322.846,1,36123.878,FALSE,0.8937191073450088
2005-01-01,2005,1. Resto país,"Bebidas, líquidos alcohólicos y vinagre",293.774,1,36123.878,FALSE,0.8132404832061498
2005-01-01,2005,1. Resto país,"Preparados de hortalizas, legumbres y frutas",257.321,1,36123.878,FALSE,0.7123293905488222
2005-01-01,2005,1. Resto país,Carnes,249.691,1,36123.878,FALSE,0.6912076272652676
2005-01-01,2005,1. Resto país,"Papel, cartón, impresos y publicaciones",157.82,1,36123.878,FALSE,0.43688554146927416
2005-01-01,2005,1. Resto país,Pescados y mariscos elaborados,135.541,1,36123.878,FALSE,0.3752116536325364
2005-01-01,2005,1. Resto país,"Piedras, metales preciosos y sus manufacturas, monedas",116.86,1,36123.878,FALSE,0.3234979367386857
2005-01-01,2005,1. Resto país,Lanas elaboradas,110.729,1,36123.878,FALSE,0.30652578330598945
2005-01-01,2005,1. Resto país,"Máquinas y aparatos, material eléctrico",83.963,1,36123.878,FALSE,0.23243074843736322
2005-01-01,2005,1. Resto país,Tabaco sin elaborar,73.51,1,36123.878,FALSE,0.20349420956410055
2005-01-01,2005,1. Resto país,Hortalizas y legumbres sin elaborar,72.324,1,36123.878,FALSE,0.20021106261071972
2005-01-01,2005,1. Resto país,"Café, té, yerba mate y especias",60.684,1,36123.878,FALSE,0.16798860853200756
2005-01-01,2005,1. Resto país,Materias plásticas y sus manufacturas,57.586,1,36123.878,FALSE,0.15941256362342934
2005-01-01,2005,1. Resto país,"Extractos curtientes y tintóreos y materias albuminoideas, productos a base de almidón o féculas modificadas, colas enzimas",38.182,1,36123.878,FALSE,0.10569740048396799
2005-01-01,2005,1. Resto país,Pieles y cueros,19.332,1,36123.878,FALSE,0.0535158489905209
2005-01-01,2005,1. Resto país,Miel,13.454,1,36123.878,FALSE,0.03724406333118499
2005-01-01,2005,1. Resto país,"Manufacturas de piedra, yeso, etc, productos cerámicos, vidrio y sus manufacturas",6.856,1,36123.878,FALSE,0.018979136182444203
2005-01-01,2005,1. Resto país,Textiles y confecciones,6.388,1,36123.878,FALSE,0.017683594214331032
2005-01-01,2005,1. Resto país,Energía eléctrica,0,1,36123.878,FALSE,0
2005-01-01,2005,1. Resto país,"Productos de molinería y preparaciones a base de cereales, harina,fécula o leche, productos de pastelería",0,1,36123.878,FALSE,0
2005-01-01,2005,2. NOA-Resto,"Minerales metalíferos,escorias y cenizas",995.717,1,2744.983,FALSE,36.27406799969253
2005-01-01,2005,2. NOA-Resto,Resto de productos,487.39000000000004,1,2744.983,FALSE,17.75566551778281
2005-01-01,2005,2. NOA-Resto,Carburantes,262.129,1,2744.983,FALSE,9.549385187449248
2005-01-01,2005,2. NOA-Resto,Productos químicos y conexos,165.55200000000002,1,2744.983,FALSE,6.031075602289705
2005-01-01,2005,2. NOA-Resto,Frutas frescas,159.501,1,2744.983,FALSE,5.8106370786267165
2005-01-01,2005,2. NOA-Resto,"Azúcar, cacao y artículos de confitería",134.398,1,2744.983,FALSE,4.896132325773966
2005-01-01,2005,2. NOA-Resto,Tabaco sin elaborar,125.21600000000001,1,2744.983,FALSE,4.56163116492889
2005-01-01,2005,2. NOA-Resto,Semillas y frutos oleaginosos,125.209,1,2744.983,FALSE,4.5613761542421205
2005-01-01,2005,2. NOA-Resto,Material de transporte terrestre,102.642,1,2744.983,FALSE,3.73925813019607
2005-01-01,2005,2. NOA-Resto,Hortalizas y legumbres sin elaborar,93.664,1,2744.983,FALSE,3.4121887093654126
2005-01-01,2005,2. NOA-Resto,"Piedras, metales preciosos y sus manufacturas, monedas",26.709,1,2744.983,FALSE,0.9730114904172448
2005-01-01,2005,2. NOA-Resto,Cereales,24.591,1,2744.983,FALSE,0.8958525426204824
2005-01-01,2005,2. NOA-Resto,Textiles y confecciones,21.543,1,2744.983,FALSE,0.7848136035815156
2005-01-01,2005,2. NOA-Resto,Metales comunes y sus manufacturas,15.025,1,2744.983,FALSE,0.5473622241012057
2005-01-01,2005,2. NOA-Resto,Grasas y aceites,3.949,1,2744.983,FALSE,0.1438624574359841
2005-01-01,2005,2. NOA-Resto,Miel,1.748,1,2744.983,FALSE,0.06367981149610034
2005-01-01,2005,3. La Rioja,Resto de productos,78.324,1,174.862,FALSE,44.79189303565097
2005-01-01,2005,3. La Rioja,"Preparados de hortalizas, legumbres y frutas",35.086,1,174.862,FALSE,20.06496551566378
2005-01-01,2005,3. La Rioja,"Papel, cartón, impresos y publicaciones",31.42,1,174.862,FALSE,17.968455124612554
2005-01-01,2005,3. La Rioja,Grasas y aceites,17.204,1,174.862,FALSE,9.838615594011278
2005-01-01,2005,3. La Rioja,"Bebidas, líquidos alcohólicos y vinagre",8.736,1,174.862,FALSE,4.995939655271014
2005-01-01,2005,3. La Rioja,Productos químicos y conexos,4.093,1,174.862,FALSE,2.3407029543297
2006-01-01,2006,1. Resto país,Resto de productos,13897.535,1,41018.593,FALSE,33.881062180753005
2006-01-01,2006,1. Resto país,Residuos y desperdicios de la industria alimenticia,4350.733,1,41018.593,FALSE,10.606733877975776
2006-01-01,2006,1. Resto país,Material de transporte terrestre,3879.616,1,41018.593,FALSE,9.45818887546923
2006-01-01,2006,1. Resto país,Grasas y aceites,2992.07,1,41018.593,FALSE,7.294423775091457
2006-01-01,2006,1. Resto país,Cereales,2794.594,1,41018.593,FALSE,6.812993317445092
2006-01-01,2006,1. Resto país,Carburantes,2205.168,1,41018.593,FALSE,5.376020576815007
2006-01-01,2006,1. Resto país,Metales comunes y sus manufacturas,2154.411,1,41018.593,FALSE,5.252279131075998
2006-01-01,2006,1. Resto país,Productos químicos y conexos,2013.114,1,41018.593,FALSE,4.90780851503122
2006-01-01,2006,1. Resto país,Semillas y frutos oleaginosos,1271.777,1,41018.593,FALSE,3.100489087960672
2006-01-01,2006,1. Resto país,Petróleo crudo,1224.941,1,41018.593,FALSE,2.986306721929736
2006-01-01,2006,1. Resto país,Gas de petróleo y otros hidrocarburos gaseosos,668.6800000000001,1,41018.593,FALSE,1.6301875590905812
2006-01-01,2006,1. Resto país,Pescados y mariscos sin elaborar,631.871,1,41018.593,FALSE,1.5404502051057674
2006-01-01,2006,1. Resto país,Frutas frescas,523.833,1,41018.593,FALSE,1.277062331221356
2006-01-01,2006,1. Resto país,"Piedras, metales preciosos y sus manufacturas, monedas",499.605,1,41018.593,FALSE,1.2179964339586196
2006-01-01,2006,1. Resto país,"Bebidas, líquidos alcohólicos y vinagre",370.645,1,41018.593,FALSE,0.9036024224429151
2006-01-01,2006,1. Resto país,"Preparados de hortalizas, legumbres y frutas",295.844,1,41018.593,FALSE,0.7212436565047464
2006-01-01,2006,1. Resto país,Carnes,247.269,1,41018.593,FALSE,0.6028217496392428
2006-01-01,2006,1. Resto país,"Papel, cartón, impresos y publicaciones",199.737,1,41018.593,FALSE,0.4869425921069501
2006-01-01,2006,1. Resto país,Pescados y mariscos elaborados,163.116,1,41018.593,FALSE,0.3976635668610087
2006-01-01,2006,1. Resto país,"Máquinas y aparatos, material eléctrico",118.813,1,41018.593,FALSE,0.2896564492107275
2006-01-01,2006,1. Resto país,Lanas elaboradas,116.651,1,41018.593,FALSE,0.2843856687136977
2006-01-01,2006,1. Resto país,Hortalizas y legumbres sin elaborar,79.679,1,41018.593,FALSE,0.1942509339606066
2006-01-01,2006,1. Resto país,Tabaco sin elaborar,72.06899999999999,1,41018.593,FALSE,0.17569837171157965
2006-01-01,2006,1. Resto país,"Café, té, yerba mate y especias",69.986,1,41018.593,FALSE,0.17062018680162921
2006-01-01,2006,1. Resto país,Materias plásticas y sus manufacturas,64.72200000000001,1,41018.593,FALSE,0.15778698211320902
2006-01-01,2006,1. Resto país,"Extractos curtientes y tintóreos y materias albuminoideas, productos a base de almidón o féculas modificadas, colas enzimas",47.614000000000004,1,41018.593,FALSE,0.11607906687584336
2006-01-01,2006,1. Resto país,Pieles y cueros,29.652,1,41018.593,FALSE,0.07228916896296272
2006-01-01,2006,1. Resto país,Miel,16.143,1,41018.593,FALSE,0.0393553235724102
2006-01-01,2006,1. Resto país,"Manufacturas de piedra, yeso, etc, productos cerámicos, vidrio y sus manufacturas",11.272,1,41018.593,FALSE,0.027480220981738697
2006-01-01,2006,1. Resto país,Textiles y confecciones,3.631,1,41018.593,FALSE,0.008852083249174343
2006-01-01,2006,1. Resto país,Energía eléctrica,2.507,1,41018.593,FALSE,0.0061118624912365966
2006-01-01,2006,1. Resto país,"Productos de molinería y preparaciones a base de cereales, harina,fécula o leche, productos de pastelería",1.262,1,41018.593,FALSE,0.003076653555620496
2006-01-01,2006,2. NOA-Resto,"Minerales metalíferos,escorias y cenizas",1335.014,1,3424.384,FALSE,38.985522651665235
2006-01-01,2006,2. NOA-Resto,Resto de productos,557.003,1,3424.384,FALSE,16.265786780921765
2006-01-01,2006,2. NOA-Resto,Carburantes,265.34,1,3424.384,FALSE,7.748546891937352
2006-01-01,2006,2. NOA-Resto,"Azúcar, cacao y artículos de confitería",233.598,1,3424.384,FALSE,6.8216064553508025
2006-01-01,2006,2. NOA-Resto,Productos químicos y conexos,184.881,1,3424.384,FALSE,5.398956425447613
2006-01-01,2006,2. NOA-Resto,Semillas y frutos oleaginosos,174.892,1,3424.384,FALSE,5.107254326617576
2006-01-01,2006,2. NOA-Resto,Tabaco sin elaborar,150.64,1,3424.384,FALSE,4.399039360071767
2006-01-01,2006,2. NOA-Resto,Frutas frescas,135.434,1,3424.384,FALSE,3.9549886928568756
2006-01-01,2006,2. NOA-Resto,Material de transporte terrestre,124.784,1,3424.384,FALSE,3.6439838522782497
2006-01-01,2006,2. NOA-Resto,Hortalizas y legumbres sin elaborar,111.705,1,3424.384,FALSE,3.2620465461817365
2006-01-01,2006,2. NOA-Resto,Cereales,59.637,1,3424.384,FALSE,1.7415395002429634
2006-01-01,2006,2. NOA-Resto,"Piedras, metales preciosos y sus manufacturas, monedas",48.032,1,3424.384,FALSE,1.4026464321758307
2006-01-01,2006,2. NOA-Resto,Textiles y confecciones,19.216,1,3424.384,FALSE,0.5611520203341682
2006-01-01,2006,2. NOA-Resto,Metales comunes y sus manufacturas,15.662,1,3424.384,FALSE,0.45736693081149776
2006-01-01,2006,2. NOA-Resto,Grasas y aceites,6.451,1,3424.384,FALSE,0.18838424662654651
2006-01-01,2006,2. NOA-Resto,Miel,2.097,1,3424.384,FALSE,0.06123729114491833
2006-01-01,2006,3. La Rioja,Resto de productos,50.468,1,162.4,FALSE,31.076354679802957
2006-01-01,2006,3. La Rioja,"Preparados de hortalizas, legumbres y frutas",47.187,1,162.4,FALSE,29.05603448275862
2006-01-01,2006,3. La Rioja,"Papel, cartón, impresos y publicaciones",35.755,1,162.4,FALSE,22.016625615763548
2006-01-01,2006,3. La Rioja,Grasas y aceites,16.625,1,162.4,FALSE,10.23706896551724
2006-01-01,2006,3. La Rioja,"Bebidas, líquidos alcohólicos y vinagre",6.52,1,162.4,FALSE,4.014778325123152
2006-01-01,2006,3. La Rioja,Productos químicos y conexos,5.845,1,162.4,FALSE,3.5991379310344827
2007-01-01,2007,1. Resto país,Resto de productos,15094.298,1,49445.182,FALSE,30.52733833601826
2007-01-01,2007,1. Resto país,Residuos y desperdicios de la industria alimenticia,5706.84,1,49445.182,FALSE,11.541751428885426
2007-01-01,2007,1. Resto país,Material de transporte terrestre,5146.934,1,49445.182,FALSE,10.409374163088327
2007-01-01,2007,1. Resto país,Cereales,4402.1050000000005,1,49445.182,FALSE,8.903000903101136
2007-01-01,2007,1. Resto país,Grasas y aceites,4385.169,1,49445.182,FALSE,8.868748829764646
2007-01-01,2007,1. Resto país,Semillas y frutos oleaginosos,2456.398,1,49445.182,FALSE,4.9679218492916055
2007-01-01,2007,1. Resto país,Metales comunes y sus manufacturas,2436.154,1,49445.182,FALSE,4.926979538673757
2007-01-01,2007,1. Resto país,Carburantes,2388.484,1,49445.182,FALSE,4.830569740849573
2007-01-01,2007,1. Resto país,Productos químicos y conexos,2187.255,1,49445.182,FALSE,4.42359581162023
2007-01-01,2007,1. Resto país,Petróleo crudo,659.795,1,49445.182,FALSE,1.334396948928209
2007-01-01,2007,1. Resto país,Frutas frescas,653.409,1,49445.182,FALSE,1.3214816359660684
2007-01-01,2007,1. Resto país,Gas de petróleo y otros hidrocarburos gaseosos,557.302,1,49445.182,FALSE,1.1271108275018586
2007-01-01,2007,1. Resto país,"Piedras, metales preciosos y sus manufacturas, monedas",510.87399999999997,1,49445.182,FALSE,1.0332129023207963
2007-01-01,2007,1. Resto país,Pescados y mariscos sin elaborar,490.098,1,49445.182,FALSE,0.9911946526963942
2007-01-01,2007,1. Resto país,"Bebidas, líquidos alcohólicos y vinagre",476.18199999999996,1,49445.182,FALSE,0.9630503534196718
2007-01-01,2007,1. Resto país,"Preparados de hortalizas, legumbres y frutas",370.654,1,49445.182,FALSE,0.7496261213074309
2007-01-01,2007,1. Resto país,Carnes,325.665,1,49445.182,FALSE,0.658638489792595
2007-01-01,2007,1. Resto país,"Papel, cartón, impresos y publicaciones",233.874,1,49445.182,FALSE,0.47299653988532186
2007-01-01,2007,1. Resto país,"Máquinas y aparatos, material eléctrico",172.129,1,49445.182,FALSE,0.3481208745474938
2007-01-01,2007,1. Resto país,Pescados y mariscos elaborados,148.20999999999998,1,49445.182,FALSE,0.2997460905291035
2007-01-01,2007,1. Resto país,Lanas elaboradas,137.951,1,49445.182,FALSE,0.2789978607015745
2007-01-01,2007,1. Resto país,Hortalizas y legumbres sin elaborar,107.982,1,49445.182,FALSE,0.21838730414623614
2007-01-01,2007,1. Resto país,"Café, té, yerba mate y especias",78.478,1,49445.182,FALSE,0.15871718300076232
2007-01-01,2007,1. Resto país,Tabaco sin elaborar,68.63,1,49445.182,FALSE,0.13880017672904915
2007-01-01,2007,1. Resto país,Materias plásticas y sus manufacturas,63.1,1,49445.182,FALSE,0.12761607389775612
2007-01-01,2007,1. Resto país,Energía eléctrica,55.449000000000005,1,49445.182,FALSE,0.11214237213243548
2007-01-01,2007,1. Resto país,"Extractos curtientes y tintóreos y materias albuminoideas, productos a base de almidón o féculas modificadas, colas enzimas",53.18,1,49445.182,FALSE,0.10755345182064452
2007-01-01,2007,1. Resto país,Pieles y cueros,42.796,1,49445.182,FALSE,0.08655241677541
2007-01-01,2007,1. Resto país,Miel,14.052,1,49445.182,FALSE,0.02841935135358588
2007-01-01,2007,1. Resto país,"Productos de molinería y preparaciones a base de cereales, harina,fécula o leche, productos de pastelería",11.377,1,49445.182,FALSE,0.023009319694687343
2007-01-01,2007,1. Resto país,Textiles y confecciones,5.899,1,49445.182,FALSE,0.011930383833959798
2007-01-01,2007,1. Resto país,"Manufacturas de piedra, yeso, etc, productos cerámicos, vidrio y sus manufacturas",4.464,1,49445.182,FALSE,0.00902817993470021
2007-01-01,2007,2. NOA-Resto,"Minerales metalíferos,escorias y cenizas",1485.457,1,3977.912,FALSE,37.34263100842855
2007-01-01,2007,2. NOA-Resto,Resto de productos,669.867,1,3977.912,FALSE,16.839663622523574
2007-01-01,2007,2. NOA-Resto,Carburantes,325.668,1,3977.912,FALSE,8.186908106564449
2007-01-01,2007,2. NOA-Resto,Semillas y frutos oleaginosos,309.081,1,3977.912,FALSE,7.769930556533177
2007-01-01,2007,2. NOA-Resto,Productos químicos y conexos,202.507,1,3977.912,FALSE,5.090786322070474
2007-01-01,2007,2. NOA-Resto,Frutas frescas,176.369,1,3977.912,FALSE,4.433707935218276
2007-01-01,2007,2. NOA-Resto,Tabaco sin elaborar,174.951,1,3977.912,FALSE,4.39806109335752
2007-01-01,2007,2. NOA-Resto,Hortalizas y legumbres sin elaborar,168.078,1,3977.912,FALSE,4.225282007244002
2007-01-01,2007,2. NOA-Resto,Material de transporte terrestre,135.381,1,3977.912,FALSE,3.4033181226734026
2007-01-01,2007,2. NOA-Resto,"Azúcar, cacao y artículos de confitería",115.07,1,3977.912,FALSE,2.8927236198286943
2007-01-01,2007,2. NOA-Resto,Cereales,91.5,1,3977.912,FALSE,2.3002017138639568
2007-01-01,2007,2. NOA-Resto,"Piedras, metales preciosos y sus manufacturas, monedas",55.78,1,3977.912,FALSE,1.4022431868779401
2007-01-01,2007,2. NOA-Resto,Metales comunes y sus manufacturas,33.248,1,3977.912,FALSE,0.8358153724868724
2007-01-01,2007,2. NOA-Resto,Textiles y confecciones,22.898,1,3977.912,FALSE,0.5756286212465234
2007-01-01,2007,2. NOA-Resto,Grasas y aceites,10.232,1,3977.912,FALSE,0.2572203708880438
2007-01-01,2007,2. NOA-Resto,Miel,1.825,1,3977.912,FALSE,0.045878340194554335
2007-01-01,2007,3. La Rioja,"Preparados de hortalizas, legumbres y frutas",49.405,1,163.779,FALSE,30.165650052815074
2007-01-01,2007,3. La Rioja,"Papel, cartón, impresos y publicaciones",36.834,1,163.779,FALSE,22.49006282856777
2007-01-01,2007,3. La Rioja,Resto de productos,35.269,1,163.779,FALSE,21.534506865959614
2007-01-01,2007,3. La Rioja,Grasas y aceites,20.387,1,163.779,FALSE,12.447871827279444
2007-01-01,2007,3. La Rioja,"Bebidas, líquidos alcohólicos y vinagre",11.663,1,163.779,FALSE,7.121181592267629
2007-01-01,2007,3. La Rioja,Productos químicos y conexos,10.223,1,163.779,FALSE,6.241947990890163
2008-01-01,2008,1. Resto país,Resto de productos,18051.05,1,61558.407,FALSE,29.323452115971747
2008-01-01,2008,1. Resto país,Residuos y desperdicios de la industria alimenticia,7141.92,1,61558.407,FALSE,11.60185967775287
2008-01-01,2008,1. Resto país,Cereales,6460.314,1,61558.407,FALSE,10.494608802986082
2008-01-01,2008,1. Resto país,Material de transporte terrestre,6307.401,1,61558.407,FALSE,10.246205688850916
2008-01-01,2008,1. Resto país,Grasas y aceites,5278.266,1,61558.407,FALSE,8.574403168035197
2008-01-01,2008,1. Resto país,Semillas y frutos oleaginosos,3157.129,1,61558.407,FALSE,5.128672351771545
2008-01-01,2008,1. Resto país,Metales comunes y sus manufacturas,2999.166,1,61558.407,FALSE,4.8720656465330565
2008-01-01,2008,1. Resto país,Productos químicos y conexos,2682.274,1,61558.407,FALSE,4.357282994668786
2008-01-01,2008,1. Resto país,Carburantes,2396.266,1,61558.407,FALSE,3.892670581940173
2008-01-01,2008,1. Resto país,Petróleo crudo,1508.607,1,61558.407,FALSE,2.450692072002448
2008-01-01,2008,1. Resto país,Frutas frescas,790.571,1,61558.407,FALSE,1.2842616281477202
2008-01-01,2008,1. Resto país,"Piedras, metales preciosos y sus manufacturas, monedas",709.826,1,61558.407,FALSE,1.1530935165362548
2008-01-01,2008,1. Resto país,Pescados y mariscos sin elaborar,644.9,1,61558.407,FALSE,1.0476229509967663
2008-01-01,2008,1. Resto país,"Bebidas, líquidos alcohólicos y vinagre",614.381,1,61558.407,FALSE,0.9980456446834305
2008-01-01,2008,1. Resto país,Gas de petróleo y otros hidrocarburos gaseosos,588.479,1,61558.407,FALSE,0.9559685324540643
2008-01-01,2008,1. Resto país,"Preparados de hortalizas, legumbres y frutas",458.513,1,61558.407,FALSE,0.7448422113977056
2008-01-01,2008,1. Resto país,Carnes,431.803,1,61558.407,FALSE,0.7014525245918076
2008-01-01,2008,1. Resto país,"Papel, cartón, impresos y publicaciones",237.496,1,61558.407,FALSE,0.38580595498515746
2008-01-01,2008,1. Resto país,"Máquinas y aparatos, material eléctrico",187.996,1,61558.407,FALSE,0.30539451743772383
2008-01-01,2008,1. Resto país,Pescados y mariscos elaborados,162.168,1,61558.407,FALSE,0.26343761624630735
2008-01-01,2008,1. Resto país,Lanas elaboradas,131.402,1,61558.407,FALSE,0.21345906498197717
2008-01-01,2008,1. Resto país,Tabaco sin elaborar,103.869,1,61558.407,FALSE,0.16873243649726022
2008-01-01,2008,1. Resto país,Hortalizas y legumbres sin elaborar,98.91,1,61558.407,FALSE,0.16067667248114462
2008-01-01,2008,1. Resto país,Energía eléctrica,98.793,1,61558.407,FALSE,0.16048660908330525
2008-01-01,2008,1. Resto país,"Café, té, yerba mate y especias",90.461,1,61558.407,FALSE,0.14695149599956348
2008-01-01,2008,1. Resto país,Materias plásticas y sus manufacturas,87.559,1,61558.407,FALSE,0.1422372739437523
2008-01-01,2008,1. Resto país,"Extractos curtientes y tintóreos y materias albuminoideas, productos a base de almidón o féculas modificadas, colas enzimas",50.296,1,61558.407,FALSE,0.08170451844213578
2008-01-01,2008,1. Resto país,Pieles y cueros,41.618,1,61558.407,FALSE,0.0676073375323049
2008-01-01,2008,1. Resto país,Miel,18.983,1,61558.407,FALSE,0.030837380181069338
2008-01-01,2008,1. Resto país,"Productos de molinería y preparaciones a base de cereales, harina,fécula o leche, productos de pastelería",16.678,1,61558.407,FALSE,0.027092968796284807
2008-01-01,2008,1. Resto país,Textiles y confecciones,5.775,1,61558.407,FALSE,0.009381334380533922
2008-01-01,2008,1. Resto país,"Manufacturas de piedra, yeso, etc, productos cerámicos, vidrio y sus manufacturas",5.543,1,61558.407,FALSE,0.009004456531826759
2008-01-01,2008,2. NOA-Resto,"Minerales metalíferos,escorias y cenizas",1121.93,1,4071.465,FALSE,27.555928885548568
2008-01-01,2008,2. NOA-Resto,Resto de productos,732.694,1,4071.465,FALSE,17.995831967117486
2008-01-01,2008,2. NOA-Resto,Semillas y frutos oleaginosos,382.78099999999995,1,4071.465,FALSE,9.401554477319586
2008-01-01,2008,2. NOA-Resto,Frutas frescas,374.769,1,4071.465,FALSE,9.204770273108084
2008-01-01,2008,2. NOA-Resto,Hortalizas y legumbres sin elaborar,252.012,1,4071.465,FALSE,6.189713039409647
2008-01-01,2008,2. NOA-Resto,Carburantes,248.018,1,4071.465,FALSE,6.091615671508904
2008-01-01,2008,2. NOA-Resto,Tabaco sin elaborar,218.145,1,4071.465,FALSE,5.357899429320895
2008-01-01,2008,2. NOA-Resto,Productos químicos y conexos,217.915,1,4071.465,FALSE,5.3522503570582085
2008-01-01,2008,2. NOA-Resto,Material de transporte terrestre,149.593,1,4071.465,FALSE,3.6741811608352273
2008-01-01,2008,2. NOA-Resto,"Azúcar, cacao y artículos de confitería",138.82,1,4071.465,FALSE,3.409583528287729
2008-01-01,2008,2. NOA-Resto,Cereales,93.203,1,4071.465,FALSE,2.289176009126936
2008-01-01,2008,2. NOA-Resto,"Piedras, metales preciosos y sus manufacturas, monedas",52.528,1,4071.465,FALSE,1.2901498600626555
2008-01-01,2008,2. NOA-Resto,Metales comunes y sus manufacturas,45.738,1,4071.465,FALSE,1.1233794223946418
2008-01-01,2008,2. NOA-Resto,Textiles y confecciones,26.485,1,4071.465,FALSE,0.6505029516402572
2008-01-01,2008,2. NOA-Resto,Grasas y aceites,14.366,1,4071.465,FALSE,0.35284596576416594
2008-01-01,2008,2. NOA-Resto,Miel,2.466,1,4071.465,FALSE,0.06056787912950253
2008-01-01,2008,3. La Rioja,"Preparados de hortalizas, legumbres y frutas",51.533,1,178.87,FALSE,28.81030916307933
2008-01-01,2008,3. La Rioja,"Papel, cartón, impresos y publicaciones",44.08,1,178.87,FALSE,24.64359590764242
2008-01-01,2008,3. La Rioja,Resto de productos,36.507,1,178.87,FALSE,20.40979482305585
2008-01-01,2008,3. La Rioja,"Bebidas, líquidos alcohólicos y vinagre",16.28,1,178.87,FALSE,9.101582154637446
2008-01-01,2008,3. La Rioja,Grasas y aceites,16.006,1,178.87,FALSE,8.94839827807905
2008-01-01,2008,3. La Rioja,Productos químicos y conexos,14.464,1,178.87,FALSE,8.086319673505898
2009-01-01,2009,1. Resto país,Resto de productos,15083.378,1,49524.618,FALSE,30.456323762053046
2009-01-01,2009,1. Resto país,Residuos y desperdicios de la industria alimenticia,8010.500999999999,1,49524.618,FALSE,16.174786042771697
2009-01-01,2009,1. Resto país,Material de transporte terrestre,5273.257,1,49524.618,FALSE,10.6477489639597
2009-01-01,2009,1. Resto país,Grasas y aceites,3477.1929999999998,1,49524.618,FALSE,7.0211404760355745
2009-01-01,2009,1. Resto país,Productos químicos y conexos,3178.525,1,49524.618,FALSE,6.418070705764959
2009-01-01,2009,1. Resto país,Cereales,3079.821,1,49524.618,FALSE,6.218767805538651
2009-01-01,2009,1. Resto país,Petróleo crudo,2455.505,1,49524.618,FALSE,4.958150308196219
2009-01-01,2009,1. Resto país,Metales comunes y sus manufacturas,2229.6620000000003,1,49524.618,FALSE,4.5021286181349245
2009-01-01,2009,1. Resto país,Semillas y frutos oleaginosos,1346.388,1,49524.618,FALSE,2.7186236953912495
2009-01-01,2009,1. Resto país,"Piedras, metales preciosos y sus manufacturas, monedas",1140.5120000000002,1,49524.618,FALSE,2.302919327918895
2009-01-01,2009,1. Resto país,Frutas frescas,605.111,1,49524.618,FALSE,1.221838803481533
2009-01-01,2009,1. Resto país,"Bebidas, líquidos alcohólicos y vinagre",604.0550000000001,1,49524.618,FALSE,1.2197065305985804
2009-01-01,2009,1. Resto país,Gas de petróleo y otros hidrocarburos gaseosos,486.20799999999997,1,49524.618,FALSE,0.9817501267753341
2009-01-01,2009,1. Resto país,Pescados y mariscos sin elaborar,484.978,1,49524.618,FALSE,0.9792665134741676
2009-01-01,2009,1. Resto país,Carnes,355.896,1,49524.618,FALSE,0.7186244223024597
2009-01-01,2009,1. Resto país,"Máquinas y aparatos, material eléctrico",302.177,1,49524.618,FALSE,0.6101551353712612
2009-01-01,2009,1. Resto país,"Preparados de hortalizas, legumbres y frutas",299.27000000000004,1,49524.618,FALSE,0.6042853273497234
2009-01-01,2009,1. Resto país,Energía eléctrica,225.136,1,49524.618,FALSE,0.4545941172125749
2009-01-01,2009,1. Resto país,"Papel, cartón, impresos y publicaciones",158.71099999999998,1,49524.618,FALSE,0.32046890296054376
2009-01-01,2009,1. Resto país,Pescados y mariscos elaborados,119.27199999999999,1,49524.618,FALSE,0.2408337606965489
2009-01-01,2009,1. Resto país,Tabaco sin elaborar,112.921,1,49524.618,FALSE,0.22800983543174427
2009-01-01,2009,1. Resto país,"Café, té, yerba mate y especias",105.714,1,49524.618,FALSE,0.213457476845152
2009-01-01,2009,1. Resto país,Hortalizas y legumbres sin elaborar,96.441,1,49524.618,FALSE,0.1947334555917221
2009-01-01,2009,1. Resto país,Lanas elaboradas,85.186,1,49524.618,FALSE,0.17200738428714382
2009-01-01,2009,1. Resto país,Materias plásticas y sus manufacturas,63.375,1,49524.618,FALSE,0.12796666094426007
2009-01-01,2009,1. Resto país,"Extractos curtientes y tintóreos y materias albuminoideas, productos a base de almidón o féculas modificadas, colas enzimas",40.513,1,49524.618,FALSE,0.0818037607074526
2009-01-01,2009,1. Resto país,Carburantes,32.322,1,49524.618,FALSE,0.06526451147992701
2009-01-01,2009,1. Resto país,Pieles y cueros,29.909,1,49524.618,FALSE,0.060392187174467454
2009-01-01,2009,1. Resto país,Miel,16.783,1,49524.618,FALSE,0.033888196775187646
2009-01-01,2009,1. Resto país,"Productos de molinería y preparaciones a base de cereales, harina,fécula o leche, productos de pastelería",11.084,1,49524.618,FALSE,0.02238078847978191
2009-01-01,2009,1. Resto país,Fibras de algodón,9.871,1,49524.618,FALSE,0.01993150154131426
2009-01-01,2009,1. Resto país,Lanas sucias,4.372,1,49524.618,FALSE,0.008827932807073847
2009-01-01,2009,1. Resto país,Otros productos de origen animal,0.569,1,49524.618,FALSE,0.001148923551515329
2009-01-01,2009,1. Resto país,Calzado y sus componentes,0,1,49524.618,FALSE,0
2009-01-01,2009,1. Resto país,"Minerales metalíferos, escorias y cenizas",0,1,49524.618,FALSE,0
2009-01-01,2009,2. NOA-Resto,"Minerales metalíferos, escorias y cenizas",1126.263,1,3465.987,FALSE,32.494726610342155
2009-01-01,2009,2. NOA-Resto,Resto de productos,721.1410000000001,1,3465.987,FALSE,20.80622345092466
2009-01-01,2009,2. NOA-Resto,"Azúcar, cacao y artículos de confitería",298.666,1,3465.987,FALSE,8.617054824498764
2009-01-01,2009,2. NOA-Resto,Tabaco sin elaborar,239.014,1,3465.987,FALSE,6.8959866266088135
2009-01-01,2009,2. NOA-Resto,Productos químicos y conexos,223.278,1,3465.987,FALSE,6.441974537123191
2009-01-01,2009,2. NOA-Resto,Hortalizas y legumbres sin elaborar,196.316,1,3465.987,FALSE,5.664072023351501
2009-01-01,2009,2. NOA-Resto,Carburantes,160.989,1,3465.987,FALSE,4.644824115035631
2009-01-01,2009,2. NOA-Resto,Frutas frescas,155.577,1,3465.987,FALSE,4.4886781167961685
2009-01-01,2009,2. NOA-Resto,"Preparados de hortalizas, legumbres y frutas",105.978,1,3465.987,FALSE,3.0576571695162156
2009-01-01,2009,2. NOA-Resto,Cereales,68.947,1,3465.987,FALSE,1.9892457761670774
2009-01-01,2009,2. NOA-Resto,Material de transporte terrestre,64.757,1,3465.987,FALSE,1.8683566903164959
2009-01-01,2009,2. NOA-Resto,"Piedras, metales preciosos y sus manufacturas, monedas",56.486,1,3465.987,FALSE,1.6297233659560753
2009-01-01,2009,2. NOA-Resto,Metales comunes y sus manufacturas,21.745,1,3465.987,FALSE,0.6273826185730067
2009-01-01,2009,2. NOA-Resto,Semillas y frutos oleaginosos,21.709,1,3465.987,FALSE,0.6263439533962476
2009-01-01,2009,2. NOA-Resto,Fibras de algodón,3.24,1,3465.987,FALSE,0.09347986590832567
2009-01-01,2009,2. NOA-Resto,Residuos y desperdicios de la industria alimenticia,1.88,1,3465.987,FALSE,0.05424140367520132
2009-01-01,2009,3. La Rioja,"Papel, cartón, impresos y publicaciones",76.039,1,222.988,FALSE,34.10004125782554
2009-01-01,2009,3. La Rioja,"Preparados de hortalizas, legumbres y frutas",43.019,1,222.988,FALSE,19.292069528405115
2009-01-01,2009,3. La Rioja,Pieles y cueros,38.671,1,222.988,FALSE,17.34218881733546
2009-01-01,2009,3. La Rioja,Resto de productos,33.254,1,222.988,FALSE,14.912910111754892
2009-01-01,2009,3. La Rioja,Grasas y aceites,19.795,1,222.988,FALSE,8.877159309021115
2009-01-01,2009,3. La Rioja,"Bebidas, líquidos alcohólicos y vinagre",12.209,1,222.988,FALSE,5.475182521032521
2010-01-01,2010,1. Resto país,Resto de productos,17285.013,1,60633.015999999996,FALSE,28.50759229921863
2010-01-01,2010,1. Resto país,Residuos y desperdicios de la industria alimenticia,7864.451,1,60633.015999999996,FALSE,12.970575305045028
2010-01-01,2010,1. Resto país,Material de transporte terrestre,7821.5599999999995,1,60633.015999999996,FALSE,12.899836617066848
2010-01-01,2010,1. Resto país,Cereales,4347.956,1,60633.015999999996,FALSE,7.170938024920285
2010-01-01,2010,1. Resto país,Grasas y aceites,4252.552000000001,1,60633.015999999996,FALSE,7.013591407031445
2010-01-01,2010,1. Resto país,Productos químicos y conexos,3862.311,1,60633.015999999996,FALSE,6.369980012209851
2010-01-01,2010,1. Resto país,Semillas y frutos oleaginosos,3769.7509999999997,1,60633.015999999996,FALSE,6.217323908149316
2010-01-01,2010,1. Resto país,Petróleo crudo,2572.166,1,60633.015999999996,FALSE,4.242187127884254
2010-01-01,2010,1. Resto país,Metales comunes y sus manufacturas,2217.083,1,60633.015999999996,FALSE,3.656560643461972
2010-01-01,2010,1. Resto país,"Piedras, metales preciosos y sus manufacturas, monedas",2179.476,1,60633.015999999996,FALSE,3.5945366794882845
2010-01-01,2010,1. Resto país,"Bebidas, líquidos alcohólicos y vinagre",704.452,1,60633.015999999996,FALSE,1.1618290602598427
2010-01-01,2010,1. Resto país,Pescados y mariscos sin elaborar,663.491,1,60633.015999999996,FALSE,1.0942734565603665
2010-01-01,2010,1. Resto país,Frutas frescas,620.582,1,60633.015999999996,FALSE,1.0235050817858047
2010-01-01,2010,1. Resto país,Gas de petróleo y otros hidrocarburos gaseosos,420.099,1,60633.015999999996,FALSE,0.6928551929529615
2010-01-01,2010,1. Resto país,Carnes,348.21000000000004,1,60633.015999999996,FALSE,0.5742910760038723
2010-01-01,2010,1. Resto país,"Máquinas y aparatos, material eléctrico",294.039,1,60633.015999999996,FALSE,0.48494866229316386
2010-01-01,2010,1. Resto país,"Preparados de hortalizas, legumbres y frutas",278.606,1,60633.015999999996,FALSE,0.45949553292879247
2010-01-01,2010,1. Resto país,"Papel, cartón, impresos y publicaciones",210.133,1,60633.015999999996,FALSE,0.3465653102263625
2010-01-01,2010,1. Resto país,Hortalizas y legumbres sin elaborar,165.905,1,60633.015999999996,FALSE,0.2736215529836088
2010-01-01,2010,1. Resto país,"Café, té, yerba mate y especias",131.701,1,60633.015999999996,FALSE,0.21721004279252742
2010-01-01,2010,1. Resto país,Lanas elaboradas,129.198,1,60633.015999999996,FALSE,0.21308192882900634
2010-01-01,2010,1. Resto país,Pescados y mariscos elaborados,96.392,1,60633.015999999996,FALSE,0.15897609315690314
2010-01-01,2010,1. Resto país,Tabaco sin elaborar,76.711,1,60633.015999999996,FALSE,0.12651687984645196
2010-01-01,2010,1. Resto país,Materias plásticas y sus manufacturas,67.589,1,60633.015999999996,FALSE,0.11147227114679567
2010-01-01,2010,1. Resto país,Carburantes,64.079,1,60633.015999999996,FALSE,0.10568334585236532
2010-01-01,2010,1. Resto país,"Extractos curtientes y tintóreos y materias albuminoideas, productos a base de almidón o féculas modificadas, colas enzimas",60.788,1,60633.015999999996,FALSE,0.10025560991391225
2010-01-01,2010,1. Resto país,Fibras de algodón,44.339999999999996,1,60633.015999999996,FALSE,0.07312847508690645
2010-01-01,2010,1. Resto país,Pieles y cueros,38.906,1,60633.015999999996,FALSE,0.06416636111256613
2010-01-01,2010,1. Resto país,Miel,18.158,1,60633.015999999996,FALSE,0.029947380483266745
2010-01-01,2010,1. Resto país,Energía eléctrica,11.902,1,60633.015999999996,FALSE,0.019629569474162393
2010-01-01,2010,1. Resto país,"Productos de molinería y preparaciones a base de cereales, harina,fécula o leche, productos de pastelería",9.451,1,60633.015999999996,FALSE,0.01558721736685505
2010-01-01,2010,1. Resto país,Lanas sucias,4.649,1,60633.015999999996,FALSE,0.007667439798805325
2010-01-01,2010,1. Resto país,Otros productos de origen animal,1.305,1,60633.015999999996,FALSE,0.002152292737672822
2010-01-01,2010,1. Resto país,Calzado y sus componentes,0,1,60633.015999999996,FALSE,0
2010-01-01,2010,1. Resto país,"Minerales metalíferos, escorias y cenizas",0,1,60633.015999999996,FALSE,0
2010-01-01,2010,2. NOA-Resto,"Minerales metalíferos, escorias y cenizas",1494.473,1,4506.225,FALSE,33.16463336828498
2010-01-01,2010,2. NOA-Resto,Resto de productos,942.669,1,4506.225,FALSE,20.919261687998265
2010-01-01,2010,2. NOA-Resto,Semillas y frutos oleaginosos,279.631,1,4506.225,FALSE,6.2054380329433165
2010-01-01,2010,2. NOA-Resto,Hortalizas y legumbres sin elaborar,254.14999999999998,1,4506.225,FALSE,5.639975811238896
2010-01-01,2010,2. NOA-Resto,Productos químicos y conexos,228.047,1,4506.225,FALSE,5.060710461639177
2010-01-01,2010,2. NOA-Resto,Tabaco sin elaborar,206.73000000000002,1,4506.225,FALSE,4.587653745651848
2010-01-01,2010,2. NOA-Resto,Frutas frescas,204.614,1,4506.225,FALSE,4.54069648097909
2010-01-01,2010,2. NOA-Resto,Cereales,182.92000000000002,1,4506.225,FALSE,4.059273560463581
2010-01-01,2010,2. NOA-Resto,"Azúcar, cacao y artículos de confitería",169.154,1,4506.225,FALSE,3.753785041803283
2010-01-01,2010,2. NOA-Resto,Carburantes,159.147,1,4506.225,FALSE,3.531714461661368
2010-01-01,2010,2. NOA-Resto,"Preparados de hortalizas, legumbres y frutas",115.797,1,4506.225,FALSE,2.569711898540352
2010-01-01,2010,2. NOA-Resto,Material de transporte terrestre,112.537,1,4506.225,FALSE,2.4973675304717364
2010-01-01,2010,2. NOA-Resto,"Piedras, metales preciosos y sus manufacturas, monedas",56.267,1,4506.225,FALSE,1.248650477949947
2010-01-01,2010,2. NOA-Resto,Residuos y desperdicios de la industria alimenticia,53.009,1,4506.225,FALSE,1.1763504929292254
2010-01-01,2010,2. NOA-Resto,Metales comunes y sus manufacturas,30.586,1,4506.225,FALSE,0.6787499514560413
2010-01-01,2010,2. NOA-Resto,Fibras de algodón,16.495,1,4506.225,FALSE,0.36604918751282944
2010-01-01,2010,3. La Rioja,"Papel, cartón, impresos y publicaciones",100.012,1,275.182,FALSE,36.343946915132534
2010-01-01,2010,3. La Rioja,Pieles y cueros,59.892,1,275.182,FALSE,21.764504945817677
2010-01-01,2010,3. La Rioja,"Preparados de hortalizas, legumbres y frutas",48.538,1,275.182,FALSE,17.638508332667104
2010-01-01,2010,3. La Rioja,Resto de productos,38.149,1,275.182,FALSE,13.863188726006788
2010-01-01,2010,3. La Rioja,Grasas y aceites,15.401,1,275.182,FALSE,5.596659665239732
2010-01-01,2010,3. La Rioja,"Bebidas, líquidos alcohólicos y vinagre",13.189,1,275.182,FALSE,4.792828019274516
2011-01-01,2011,1. Resto país,Resto de productos,20314.12,1,73343.268,FALSE,27.697320495727027
2011-01-01,2011,1. Resto país,Material de transporte terrestre,9823.086000000001,1,73343.268,FALSE,13.39330284546361
2011-01-01,2011,1. Resto país,Residuos y desperdicios de la industria alimenticia,9076.252999999999,1,73343.268,FALSE,12.375032157007238
2011-01-01,2011,1. Resto país,Cereales,7249.728,1,73343.268,FALSE,9.884653626287829
2011-01-01,2011,1. Resto país,Grasas y aceites,5151.9490000000005,1,73343.268,FALSE,7.024433380852351
2011-01-01,2011,1. Resto país,Productos químicos y conexos,4928.137,1,73343.268,FALSE,6.719276539463717
2011-01-01,2011,1. Resto país,Semillas y frutos oleaginosos,4092.554,1,73343.268,FALSE,5.579999516792735
2011-01-01,2011,1. Resto país,"Piedras, metales preciosos y sus manufacturas, monedas",2660.964,1,73343.268,FALSE,3.6280957646992227
2011-01-01,2011,1. Resto país,Metales comunes y sus manufacturas,2569.594,1,73343.268,FALSE,3.503517187153428
2011-01-01,2011,1. Resto país,Petróleo crudo,2172.622,1,73343.268,FALSE,2.962265057510118
2011-01-01,2011,1. Resto país,"Bebidas, líquidos alcohólicos y vinagre",815.604,1,73343.268,FALSE,1.1120366220932507
2011-01-01,2011,1. Resto país,Frutas frescas,800.8870000000001,1,73343.268,FALSE,1.0919707041142483
2011-01-01,2011,1. Resto país,Pescados y mariscos sin elaborar,747.526,1,73343.268,FALSE,1.019215560451983
2011-01-01,2011,1. Resto país,"Preparados de hortalizas, legumbres y frutas",470.98,1,73343.268,FALSE,0.642158459587593
2011-01-01,2011,1. Resto país,Gas de petróleo y otros hidrocarburos gaseosos,425.701,1,73343.268,FALSE,0.5804227321858635
2011-01-01,2011,1. Resto país,Carnes,424.043,1,73343.268,FALSE,0.5781621293449865
2011-01-01,2011,1. Resto país,"Máquinas y aparatos, material eléctrico",271.455,1,73343.268,FALSE,0.370115768498344
2011-01-01,2011,1. Resto país,"Papel, cartón, impresos y publicaciones",202.805,1,73343.268,FALSE,0.2765148125114905
2011-01-01,2011,1. Resto país,Hortalizas y legumbres sin elaborar,169.057,1,73343.268,FALSE,0.23050104612191535
2011-01-01,2011,1. Resto país,Lanas elaboradas,163.581,1,73343.268,FALSE,0.22303478486941705
2011-01-01,2011,1. Resto país,"Café, té, yerba mate y especias",145.113,1,73343.268,FALSE,0.19785455973955238
2011-01-01,2011,1. Resto país,Fibras de algodón,108.511,1,73343.268,FALSE,0.1479495023319659
2011-01-01,2011,1. Resto país,Pescados y mariscos elaborados,99.41900000000001,1,73343.268,FALSE,0.13555299990177697
2011-01-01,2011,1. Resto país,Tabaco sin elaborar,91.327,1,73343.268,FALSE,0.12451994912471041
2011-01-01,2011,1. Resto país,Materias plásticas y sus manufacturas,78.485,1,73343.268,FALSE,0.10701050299531241
2011-01-01,2011,1. Resto país,Carburantes,68.024,1,73343.268,FALSE,0.09274743525199886
2011-01-01,2011,1. Resto país,Energía eléctrica,61.592,1,73343.268,FALSE,0.08397771421911551
2011-01-01,2011,1. Resto país,"Extractos curtientes y tintóreos y materias albuminoideas, productos a base de almidón o féculas modificadas, colas enzimas",61.426,1,73343.268,FALSE,0.0837513812446972
2011-01-01,2011,1. Resto país,Pieles y cueros,55.975,1,73343.268,FALSE,0.07631920628352694
2011-01-01,2011,1. Resto país,Miel,23.406,1,73343.268,FALSE,0.03191294939298314
2011-01-01,2011,1. Resto país,"Productos de molinería y preparaciones a base de cereales, harina,fécula o leche, productos de pastelería",12.232,1,73343.268,FALSE,0.016677740620993326
2011-01-01,2011,1. Resto país,Lanas sucias,4.238,1,73343.268,FALSE,0.0057783081059327775
2011-01-01,2011,1. Resto país,Otros productos de origen animal,2.579,1,73343.268,FALSE,0.0035163418134026977
2011-01-01,2011,1. Resto país,Calzado y sus componentes,0,1,73343.268,FALSE,0
2011-01-01,2011,1. Resto país,"Minerales metalíferos, escorias y cenizas",0,1,73343.268,FALSE,0
2011-01-01,2011,2. NOA-Resto,"Minerales metalíferos, escorias y cenizas",1442.164,1,5487.42,FALSE,26.2812760823848
2011-01-01,2011,2. NOA-Resto,Resto de productos,1193.51,1,5487.42,FALSE,21.749929839523855
2011-01-01,2011,2. NOA-Resto,Cereales,733.242,1,5487.42,FALSE,13.362235804804444
2011-01-01,2011,2. NOA-Resto,Hortalizas y legumbres sin elaborar,333.42999999999995,1,5487.42,FALSE,6.076261704043064
2011-01-01,2011,2. NOA-Resto,Tabaco sin elaborar,280.977,1,5487.42,FALSE,5.120384442962266
2011-01-01,2011,2. NOA-Resto,Productos químicos y conexos,268.87800000000004,1,5487.42,FALSE,4.899898312868343
2011-01-01,2011,2. NOA-Resto,Semillas y frutos oleaginosos,268.051,1,5487.42,FALSE,4.884827478122688
2011-01-01,2011,2. NOA-Resto,Carburantes,173.388,1,5487.42,FALSE,3.1597362695037012
2011-01-01,2011,2. NOA-Resto,Frutas frescas,172.024,1,5487.42,FALSE,3.134879415098535
2011-01-01,2011,2. NOA-Resto,"Preparados de hortalizas, legumbres y frutas",150.289,1,5487.42,FALSE,2.7387916361423033
2011-01-01,2011,2. NOA-Resto,Material de transporte terrestre,112.305,1,5487.42,FALSE,2.0465902008594203
2011-01-01,2011,2. NOA-Resto,"Azúcar, cacao y artículos de confitería",106.27199999999999,1,5487.42,FALSE,1.9366478235673592
2011-01-01,2011,2. NOA-Resto,Residuos y desperdicios de la industria alimenticia,94.74000000000001,1,5487.42,FALSE,1.7264944181418589
2011-01-01,2011,2. NOA-Resto,Fibras de algodón,80.983,1,5487.42,FALSE,1.4757937245554378
2011-01-01,2011,2. NOA-Resto,"Piedras, metales preciosos y sus manufacturas, monedas",43.826,1,5487.42,FALSE,0.7986631240182089
2011-01-01,2011,2. NOA-Resto,Metales comunes y sus manufacturas,33.343,1,5487.42,FALSE,0.6076261704043066
2011-01-01,2011,3. La Rioja,"Papel, cartón, impresos y publicaciones",98.017,1,281.506,FALSE,34.818796046975905
2011-01-01,2011,3. La Rioja,Pieles y cueros,56.815,1,281.506,FALSE,20.1825183122207
2011-01-01,2011,3. La Rioja,"Preparados de hortalizas, legumbres y frutas",49.649,1,281.506,FALSE,17.636924257387054
2011-01-01,2011,3. La Rioja,Resto de productos,40.33,1,281.506,FALSE,14.32651524301436
2011-01-01,2011,3. La Rioja,Grasas y aceites,22.206,1,281.506,FALSE,7.888286572932727
2011-01-01,2011,3. La Rioja,"Bebidas, líquidos alcohólicos y vinagre",14.489,1,281.506,FALSE,5.146959567469255
2012-01-01,2012,1. Resto país,Resto de productos,18240.253,1,70688.671,FALSE,25.803643981367255
2012-01-01,2012,1. Resto país,Residuos y desperdicios de la industria alimenticia,9602.766,1,70688.671,FALSE,13.58458981355018
2012-01-01,2012,1. Resto país,Material de transporte terrestre,9438.326,1,70688.671,FALSE,13.351964135808974
2012-01-01,2012,1. Resto país,Cereales,8614.893,1,70688.671,FALSE,12.187091478916049
2012-01-01,2012,1. Resto país,Productos químicos y conexos,4774.1179999999995,1,70688.671,FALSE,6.753724369779139
2012-01-01,2012,1. Resto país,Grasas y aceites,4630.531,1,70688.671,FALSE,6.550598468600435
2012-01-01,2012,1. Resto país,Semillas y frutos oleaginosos,2889.9,1,70688.671,FALSE,4.088208137340706
2012-01-01,2012,1. Resto país,Petróleo crudo,2599.734,1,70688.671,FALSE,3.67772369068871
2012-01-01,2012,1. Resto país,"Piedras, metales preciosos y sus manufacturas, monedas",2490.215,1,70688.671,FALSE,3.5227922165915384
2012-01-01,2012,1. Resto país,Metales comunes y sus manufacturas,2307.306,1,70688.671,FALSE,3.2640392970466228
2012-01-01,2012,1. Resto país,"Bebidas, líquidos alcohólicos y vinagre",900.903,1,70688.671,FALSE,1.2744658900151058
2012-01-01,2012,1. Resto país,Pescados y mariscos sin elaborar,732.593,1,70688.671,FALSE,1.036365501906239
2012-01-01,2012,1. Resto país,Frutas frescas,653.14,1,70688.671,FALSE,0.9239670102158236
2012-01-01,2012,1. Resto país,Carnes,456.928,1,70688.671,FALSE,0.6463949506137978
2012-01-01,2012,1. Resto país,"Preparados de hortalizas, legumbres y frutas",443.418,1,70688.671,FALSE,0.6272829772114403
2012-01-01,2012,1. Resto país,"Máquinas y aparatos, material eléctrico",299.49,1,70688.671,FALSE,0.4236746790726904
2012-01-01,2012,1. Resto país,Gas de petróleo y otros hidrocarburos gaseosos,248.201,1,70688.671,FALSE,0.3511184981819788
2012-01-01,2012,1. Resto país,"Minerales metalíferos, escorias y cenizas",227.267,1,70688.671,FALSE,0.32150413465829625
2012-01-01,2012,1. Resto país,"Café, té, yerba mate y especias",166.047,1,70688.671,FALSE,0.23489902646493382
2012-01-01,2012,1. Resto país,"Papel, cartón, impresos y publicaciones",152.77100000000002,1,70688.671,FALSE,0.2161180820615513
2012-01-01,2012,1. Resto país,Lanas elaboradas,114.989,1,70688.671,FALSE,0.16266963061167183
2012-01-01,2012,1. Resto país,Energía eléctrica,108.18,1,70688.671,FALSE,0.15303725260303733
2012-01-01,2012,1. Resto país,Hortalizas y legumbres sin elaborar,105.638,1,70688.671,FALSE,0.14944120253724957
2012-01-01,2012,1. Resto país,Tabaco sin elaborar,82.184,1,70688.671,FALSE,0.1162619113322982
2012-01-01,2012,1. Resto país,Materias plásticas y sus manufacturas,78.065,1,70688.671,FALSE,0.11043495215803392
2012-01-01,2012,1. Resto país,Pescados y mariscos elaborados,76.738,1,70688.671,FALSE,0.10855770651000073
2012-01-01,2012,1. Resto país,"Extractos curtientes y tintóreos y materias albuminoideas, productos a base de almidón o féculas modificadas, colas enzimas",67.263,1,70688.671,FALSE,0.09515386135919857
2012-01-01,2012,1. Resto país,Pieles y cueros,51.49,1,70688.671,FALSE,0.07284052631290805
2012-01-01,2012,1. Resto país,Fibras de algodón,50.558,1,70688.671,FALSE,0.07152206893237532
2012-01-01,2012,1. Resto país,Carburantes,41.337,1,70688.671,FALSE,0.05847754585738358
2012-01-01,2012,1. Resto país,Miel,22.526,1,70688.671,FALSE,0.03186649243978572
2012-01-01,2012,1. Resto país,"Productos de molinería y preparaciones a base de cereales, harina,fécula o leche, productos de pastelería",11.385,1,70688.671,FALSE,0.016105833988589204
2012-01-01,2012,1. Resto país,Lanas sucias,4.779,1,70688.671,FALSE,0.006760630709834677
2012-01-01,2012,1. Resto país,Calzado y sus componentes,2.735,1,70688.671,FALSE,0.0038690782572500197
2012-01-01,2012,1. Resto país,Otros productos de origen animal,2.003,1,70688.671,FALSE,0.002833551645071952
2012-01-01,2012,2. NOA-Resto,"Minerales metalíferos, escorias y cenizas",1861.266,1,5311.471,FALSE,35.04238279753387
2012-01-01,2012,2. NOA-Resto,Cereales,787.678,1,5311.471,FALSE,14.829752435812981
2012-01-01,2012,2. NOA-Resto,Resto de productos,696.86,1,5311.471,FALSE,13.119905954489822
2012-01-01,2012,2. NOA-Resto,Hortalizas y legumbres sin elaborar,368.394,1,5311.471,FALSE,6.935818721405051
2012-01-01,2012,2. NOA-Resto,Tabaco sin elaborar,281.333,1,5311.471,FALSE,5.296705940783637
2012-01-01,2012,2. NOA-Resto,Productos químicos y conexos,255.773,1,5311.471,FALSE,4.815483319027818
2012-01-01,2012,2. NOA-Resto,Carburantes,247.281,1,5311.471,FALSE,4.655602939374046
2012-01-01,2012,2. NOA-Resto,Frutas frescas,206.537,1,5311.471,FALSE,3.888508475335741
2012-01-01,2012,2. NOA-Resto,"Azúcar, cacao y artículos de confitería",146.46099999999998,1,5311.471,FALSE,2.757447042448316
2012-01-01,2012,2. NOA-Resto,"Preparados de hortalizas, legumbres y frutas",122.482,1,5311.471,FALSE,2.3059901861461736
2012-01-01,2012,2. NOA-Resto,Material de transporte terrestre,92.213,1,5311.471,FALSE,1.7361103920175787
2012-01-01,2012,2. NOA-Resto,Semillas y frutos oleaginosos,73.555,1,5311.471,FALSE,1.3848329398767312
2012-01-01,2012,2. NOA-Resto,Residuos y desperdicios de la industria alimenticia,56.745999999999995,1,5311.471,FALSE,1.0683669363910675
2012-01-01,2012,2. NOA-Resto,"Piedras, metales preciosos y sus manufacturas, monedas",50.841,1,5311.471,FALSE,0.9571924613727536
2012-01-01,2012,2. NOA-Resto,Fibras de algodón,37.732,1,5311.471,FALSE,0.7103870095497086
2012-01-01,2012,2. NOA-Resto,Metales comunes y sus manufacturas,26.319,1,5311.471,FALSE,0.49551244843471803
2012-01-01,2012,3. La Rioja,"Papel, cartón, impresos y publicaciones",101.313,1,260.761,FALSE,38.85281924827716
2012-01-01,2012,3. La Rioja,Pieles y cueros,47.409,1,260.761,FALSE,18.1810163329639
2012-01-01,2012,3. La Rioja,"Preparados de hortalizas, legumbres y frutas",39.109,1,260.761,FALSE,14.998025011408913
2012-01-01,2012,3. La Rioja,Resto de productos,35.26,1,260.761,FALSE,13.521960722654077
2012-01-01,2012,3. La Rioja,Grasas y aceites,22.509,1,260.761,FALSE,8.63204236829894
2012-01-01,2012,3. La Rioja,"Bebidas, líquidos alcohólicos y vinagre",15.162,1,260.761,FALSE,5.814519809327314
2013-01-01,2013,1. Resto país,Resto de productos,11140.248,1,66974.933,FALSE,16.633458968895123
2013-01-01,2013,1. Resto país,Residuos y desperdicios de la industria alimenticia,10837.029,1,66974.933,FALSE,16.18072391352747
2013-01-01,2013,1. Resto país,Material de transporte terrestre,9915.579,1,66974.933,FALSE,14.804910667099882
2013-01-01,2013,1. Resto país,Cereales,7820.7660000000005,1,66974.933,FALSE,11.677153898757913
2013-01-01,2013,1. Resto país,Grasas y aceites,4737.088,1,66974.933,FALSE,7.072926821740904
2013-01-01,2013,1. Resto país,Productos químicos y conexos,4429.523,1,66974.933,FALSE,6.613702771453313
2013-01-01,2013,1. Resto país,Semillas y frutos oleaginosos,4375.031,1,66974.933,FALSE,6.5323409879335
2013-01-01,2013,1. Resto país,"Piedras, metales preciosos y sus manufacturas, monedas",2000.339,1,66974.933,FALSE,2.9866980232738713
2013-01-01,2013,1. Resto país,Petróleo crudo,1729.134,1,66974.933,FALSE,2.58176294106931
2013-01-01,2013,1. Resto país,Productos lácteos,1150.7359999999999,1,66974.933,FALSE,1.7181592402638162
2013-01-01,2013,1. Resto país,Materias plásticas y sus manufacturas,1148.0020000000002,1,66974.933,FALSE,1.7140771159860662
2013-01-01,2013,1. Resto país,"Máquinas y aparatos, material eléctrico",1102.133,1,66974.933,FALSE,1.6455902986868236
2013-01-01,2013,1. Resto país,Carnes y sus preparados,911.97,1,66974.933,FALSE,1.361658696993396
2013-01-01,2013,1. Resto país,"Bebidas, líquidos alcohólicos y vinagre",874.956,1,66974.933,FALSE,1.3063932441709198
2013-01-01,2013,1. Resto país,Pescados y mariscos sin elaborar,870.095,1,66974.933,FALSE,1.2991353048460683
2013-01-01,2013,1. Resto país,"Preparados de hortalizas, legumbres y frutas",848.265,1,66974.933,FALSE,1.2665410206532046
2013-01-01,2013,1. Resto país,Frutas frescas,782.02,1,66974.933,FALSE,1.167630880646047
2013-01-01,2013,1. Resto país,Metales comunes y sus manufacturas,699.093,1,66974.933,FALSE,1.043812914303326
2013-01-01,2013,1. Resto país,"Café, té, yerba mate y especias",189.81799999999998,1,66974.933,FALSE,0.28341648359693017
2013-01-01,2013,1. Resto país,"Minerales metalíferos, escorias y cenizas",188.23999999999998,1,66974.933,FALSE,0.28106037821642904
2013-01-01,2013,1. Resto país,Gas de petróleo y otros hidrocarburos gaseosos,179.245,1,66974.933,FALSE,0.26762998030920016
2013-01-01,2013,1. Resto país,Hortalizas y legumbres sin elaborar,166.61,1,66974.933,FALSE,0.24876471320994079
2013-01-01,2013,1. Resto país,"Papel, cartón, impresos y publicaciones",163.781,1,66974.933,FALSE,0.24454074481866223
2013-01-01,2013,1. Resto país,Frutas secas o procesadas,153.70000000000002,1,66974.933,FALSE,0.22948884472941541
2013-01-01,2013,1. Resto país,Lanas elaboradas,107.517,1,66974.933,FALSE,0.16053319530756377
2013-01-01,2013,1. Resto país,Tabaco sin elaborar,74.278,1,66974.933,FALSE,0.11090417962792139
2013-01-01,2013,1. Resto país,Pescados y mariscos elaborados,73.503,1,66974.933,FALSE,0.10974703028071711
2013-01-01,2013,1. Resto país,Extractos curtientes y tintóreos,68.781,1,66974.933,FALSE,0.10269663129039636
2013-01-01,2013,1. Resto país,Pieles y cueros,46.855,1,66974.933,FALSE,0.06995900988807259
2013-01-01,2013,1. Resto país,Productos de molinería y sus preparaciones,33.928,1,66974.933,FALSE,0.0506577587767053
2013-01-01,2013,1. Resto país,Carburantes,31.994,1,66974.933,FALSE,0.04777011124445619
2013-01-01,2013,1. Resto país,Lanas sucias,27.427,1,66974.933,FALSE,0.04095114212357629
2013-01-01,2013,1. Resto país,Miel,22.263,1,66974.933,FALSE,0.03324079473136614
2013-01-01,2013,1. Resto país,Fibras de algodón,19.586000000000002,1,66974.933,FALSE,0.029243776921732793
2013-01-01,2013,1. Resto país,Otros productos de origen animal,12.408000000000001,1,66974.933,FALSE,0.0185263343227234
2013-01-01,2013,1. Resto país,Textiles y confecciones,11.501999999999999,1,66974.933,FALSE,0.017173589408443303
2013-01-01,2013,1. Resto país,"Manufacturas de piedra, yeso, vidrio, etc.",4.348,1,66974.933,FALSE,0.006491981111798947
2013-01-01,2013,2. NOA-Resto,"Minerales metalíferos, escorias y cenizas",1166.039,1,3959.0249999999996,FALSE,29.45268089996906
2013-01-01,2013,2. NOA-Resto,Resto de productos,702.885,1,3959.0249999999996,FALSE,17.75399246026484
2013-01-01,2013,2. NOA-Resto,Cereales,383.16999999999996,1,3959.0249999999996,FALSE,9.67839303869008
2013-01-01,2013,2. NOA-Resto,Productos químicos y conexos,270.821,1,3959.0249999999996,FALSE,6.840598379651556
2013-01-01,2013,2. NOA-Resto,Frutas frescas,257.424,1,3959.0249999999996,FALSE,6.502206982779851
2013-01-01,2013,2. NOA-Resto,Tabaco sin elaborar,241.913,1,3959.0249999999996,FALSE,6.110418600539275
2013-01-01,2013,2. NOA-Resto,Semillas y frutos oleaginosos,183.77800000000002,1,3959.0249999999996,FALSE,4.642001502895285
2013-01-01,2013,2. NOA-Resto,"Azúcar, cacao y artículos de confitería",160.227,1,3959.0249999999996,FALSE,4.047132816792014
2013-01-01,2013,2. NOA-Resto,Material de transporte terrestre,147.325,1,3959.0249999999996,FALSE,3.7212444983297654
2013-01-01,2013,2. NOA-Resto,Hortalizas y legumbres sin elaborar,128.535,1,3959.0249999999996,FALSE,3.246632693655635
2013-01-01,2013,2. NOA-Resto,"Preparados de hortalizas, legumbres y frutas",118.275,1,3959.0249999999996,FALSE,2.9874779775323472
2013-01-01,2013,2. NOA-Resto,Residuos y desperdicios de la industria alimenticia,68.148,1,3959.0249999999996,FALSE,1.721332903934681
2013-01-01,2013,2. NOA-Resto,"Piedras, metales preciosos y sus manufacturas, monedas",37.738,1,3959.0249999999996,FALSE,0.953214490941583
2013-01-01,2013,2. NOA-Resto,Pieles y cueros,32.547,1,3959.0249999999996,FALSE,0.8220963494799857
2013-01-01,2013,2. NOA-Resto,Metales comunes y sus manufacturas,19.72,1,3959.0249999999996,FALSE,0.49810243683735267
2013-01-01,2013,2. NOA-Resto,Grasas y aceites,15.931,1,3959.0249999999996,FALSE,0.4023970548304191
2013-01-01,2013,2. NOA-Resto,Fibras de algodón,14.617,1,3959.0249999999996,FALSE,0.36920706487077
2013-01-01,2013,2. NOA-Resto,Carnes y sus preparados,9.932,1,3959.0249999999996,FALSE,0.25086984800550644
2013-01-01,2013,3. La Rioja,"Papel, cartón, impresos y publicaciones",100.796,1,305.083,FALSE,33.03887794469046
2013-01-01,2013,3. La Rioja,Pieles y cueros,70.196,1,305.083,FALSE,23.008820550473146
2013-01-01,2013,3. La Rioja,"Preparados de hortalizas, legumbres y frutas",49.642,1,305.083,FALSE,16.27163755437045
2013-01-01,2013,3. La Rioja,Grasas y aceites,35.274,1,305.083,FALSE,11.562099494235994
2013-01-01,2013,3. La Rioja,Resto de productos,21.066,1,305.083,FALSE,6.905006178646466
2013-01-01,2013,3. La Rioja,"Bebidas, líquidos alcohólicos y vinagre",15.431,1,305.083,FALSE,5.057967831704814
2013-01-01,2013,3. La Rioja,Productos químicos y conexos,12.147,1,305.083,FALSE,3.9815394499201853
2013-01-01,2013,3. La Rioja,Semillas y frutos oleaginosos,0.531,1,305.083,FALSE,0.17405099595847687
2014-01-01,2014,1. Resto país,Residuos y desperdicios de la industria alimenticia,12491.37,1,61029.107,FALSE,20.467889199165242
2014-01-01,2014,1. Resto país,Resto de productos,10306.064,1,61029.107,FALSE,16.887128956351926
2014-01-01,2014,1. Resto país,Material de transporte terrestre,8203.322,1,61029.107,FALSE,13.441654979483804
2014-01-01,2014,1. Resto país,Productos químicos y conexos,4593.762,1,61029.107,FALSE,7.52716568505582
2014-01-01,2014,1. Resto país,Cereales,4547.785,1,61029.107,FALSE,7.451829501617974
2014-01-01,2014,1. Resto país,Grasas y aceites,4214.904,1,61029.107,FALSE,6.906383211538717
2014-01-01,2014,1. Resto país,Semillas y frutos oleaginosos,3874.9010000000003,1,61029.107,FALSE,6.3492670800508355
2014-01-01,2014,1. Resto país,"Piedras, metales preciosos y sus manufacturas, monedas",2023.245,1,61029.107,FALSE,3.315213181801923
2014-01-01,2014,1. Resto país,Petróleo crudo,1612.5059999999999,1,61029.107,FALSE,2.642191700429108
2014-01-01,2014,1. Resto país,Materias plásticas y sus manufacturas,1149.6989999999998,1,61029.107,FALSE,1.883853552043617
2014-01-01,2014,1. Resto país,Productos lácteos,1100.303,1,61029.107,FALSE,1.8029151237621748
2014-01-01,2014,1. Resto país,Carnes y sus preparados,926.6080000000001,1,61029.107,FALSE,1.518305027795999
2014-01-01,2014,1. Resto país,Pescados y mariscos sin elaborar,923.6429999999999,1,61029.107,FALSE,1.513446690281737
2014-01-01,2014,1. Resto país,"Máquinas y aparatos, material eléctrico",911.948,1,61029.107,FALSE,1.494283703020593
2014-01-01,2014,1. Resto país,"Bebidas, líquidos alcohólicos y vinagre",827.985,1,61029.107,FALSE,1.3567050882786142
2014-01-01,2014,1. Resto país,Frutas frescas,731.093,1,61029.107,FALSE,1.1979415002746148
2014-01-01,2014,1. Resto país,"Preparados de hortalizas, legumbres y frutas",651.24,1,61029.107,FALSE,1.0670973769942267
2014-01-01,2014,1. Resto país,Metales comunes y sus manufacturas,611.0749999999999,1,61029.107,FALSE,1.0012845182217722
2014-01-01,2014,1. Resto país,"Café, té, yerba mate y especias",205.604,1,61029.107,FALSE,0.3368949835690698
2014-01-01,2014,1. Resto país,"Papel, cartón, impresos y publicaciones",161.173,1,61029.107,FALSE,0.2640920176007163
2014-01-01,2014,1. Resto país,"Minerales metalíferos, escorias y cenizas",138.359,1,61029.107,FALSE,0.22670985502049049
2014-01-01,2014,1. Resto país,Hortalizas y legumbres sin elaborar,117.042,1,61029.107,FALSE,0.19178062035218704
2014-01-01,2014,1. Resto país,Gas de petróleo y otros hidrocarburos gaseosos,91.67399999999999,1,61029.107,FALSE,0.15021356940385838
2014-01-01,2014,1. Resto país,Lanas elaboradas,88.753,1,61029.107,FALSE,0.14542732863517074
2014-01-01,2014,1. Resto país,Frutas secas o procesadas,87.804,1,61029.107,FALSE,0.14387233291812707
2014-01-01,2014,1. Resto país,Extractos curtientes y tintóreos,70.095,1,61029.107,FALSE,0.11485503138690854
2014-01-01,2014,1. Resto país,Pescados y mariscos elaborados,63.306000000000004,1,61029.107,FALSE,0.10373083125728842
2014-01-01,2014,1. Resto país,Fibras de algodón,53.957,1,61029.107,FALSE,0.08841191138516905
2014-01-01,2014,1. Resto país,Pieles y cueros,53.282,1,61029.107,FALSE,0.08730588176556474
2014-01-01,2014,1. Resto país,Tabaco sin elaborar,51.591,1,61029.107,FALSE,0.08453507274815605
2014-01-01,2014,1. Resto país,Lanas sucias,31.87,1,61029.107,FALSE,0.052220983669317
2014-01-01,2014,1. Resto país,Productos de molinería y sus preparaciones,30.775,1,61029.107,FALSE,0.050426757841958915
2014-01-01,2014,1. Resto país,Carburantes,25.549,1,61029.107,FALSE,0.04186363074262253
2014-01-01,2014,1. Resto país,Miel,21.405,1,61029.107,FALSE,0.035073428159451844
2014-01-01,2014,1. Resto país,Textiles y confecciones,19.508000000000003,1,61029.107,FALSE,0.03196507528776392
2014-01-01,2014,1. Resto país,Otros productos de origen animal,12.071,1,61029.107,FALSE,0.019779086723323673
2014-01-01,2014,1. Resto país,"Manufacturas de piedra, yeso, vidrio, etc.",3.836,1,61029.107,FALSE,0.006285525364151239
2014-01-01,2014,2. NOA-Resto,"Minerales metalíferos, escorias y cenizas",1106.299,1,4048.419,FALSE,27.32669222232185
2014-01-01,2014,2. NOA-Resto,Resto de productos,620.451,1,4048.419,FALSE,15.325760500580598
2014-01-01,2014,2. NOA-Resto,Cereales,615.9110000000001,1,4048.419,FALSE,15.213617958022628
2014-01-01,2014,2. NOA-Resto,Hortalizas y legumbres sin elaborar,283.703,1,4048.419,FALSE,7.0077479628467305
2014-01-01,2014,2. NOA-Resto,Semillas y frutos oleaginosos,273.082,1,4048.419,FALSE,6.745398635862543
2014-01-01,2014,2. NOA-Resto,Productos químicos y conexos,231.948,1,4048.419,FALSE,5.729347678686421
2014-01-01,2014,2. NOA-Resto,Tabaco sin elaborar,210.598,1,4048.419,FALSE,5.201981316657195
2014-01-01,2014,2. NOA-Resto,Frutas frescas,208.329,1,4048.419,FALSE,5.145934746378772
2014-01-01,2014,2. NOA-Resto,Material de transporte terrestre,103.765,1,4048.419,FALSE,2.5630993234642956
2014-01-01,2014,2. NOA-Resto,"Preparados de hortalizas, legumbres y frutas",103.084,1,4048.419,FALSE,2.5462779420805997
2014-01-01,2014,2. NOA-Resto,Residuos y desperdicios de la industria alimenticia,72.49600000000001,1,4048.419,FALSE,1.7907237368464088
2014-01-01,2014,2. NOA-Resto,"Azúcar, cacao y artículos de confitería",63.971999999999994,1,4048.419,FALSE,1.5801724080437327
2014-01-01,2014,2. NOA-Resto,Fibras de algodón,40.269,1,4048.419,FALSE,0.9946845916887554
2014-01-01,2014,2. NOA-Resto,"Piedras, metales preciosos y sus manufacturas, monedas",38.675,1,4048.419,FALSE,0.9553111967906484
2014-01-01,2014,2. NOA-Resto,Pieles y cueros,36.806,1,4048.419,FALSE,0.9091450267375981
2014-01-01,2014,2. NOA-Resto,Metales comunes y sus manufacturas,20.931,1,4048.419,FALSE,0.5170166427931496
2014-01-01,2014,2. NOA-Resto,Carnes y sus preparados,15.105,1,4048.419,FALSE,0.3731086135106075
2014-01-01,2014,2. NOA-Resto,Grasas y aceites,2.995,1,4048.419,FALSE,0.07397949668747232
2014-01-01,2014,3. La Rioja,"Papel, cartón, impresos y publicaciones",95.677,1,272.104,FALSE,35.16192338223621
2014-01-01,2014,3. La Rioja,Pieles y cueros,60.885,1,272.104,FALSE,22.375635786316998
2014-01-01,2014,3. La Rioja,"Preparados de hortalizas, legumbres y frutas",39.294,1,272.104,FALSE,14.440802046276422
2014-01-01,2014,3. La Rioja,Grasas y aceites,26.927,1,272.104,FALSE,9.8958486461059
2014-01-01,2014,3. La Rioja,Resto de productos,19.836,1,272.104,FALSE,7.289859759503719
2014-01-01,2014,3. La Rioja,"Bebidas, líquidos alcohólicos y vinagre",18.117,1,272.104,FALSE,6.658116014465058
2014-01-01,2014,3. La Rioja,Productos químicos y conexos,10.114,1,272.104,FALSE,3.7169611619086824
2014-01-01,2014,3. La Rioja,Semillas y frutos oleaginosos,1.254,1,272.104,FALSE,0.4608532031870168
2015-01-01,2015,1. Resto país,Residuos y desperdicios de la industria alimenticia,10183.114,1,51259.469,FALSE,19.865820303366778
2015-01-01,2015,1. Resto país,Resto de productos,7635.831,1,51259.469,FALSE,14.896430160054916
2015-01-01,2015,1. Resto país,Material de transporte terrestre,5873.758,1,51259.469,FALSE,11.458874066760231
2015-01-01,2015,1. Resto país,Semillas y frutos oleaginosos,4471.388,1,51259.469,FALSE,8.723047833367138
2015-01-01,2015,1. Resto país,Cereales,4447.974,1,51259.469,FALSE,8.677370419112224
2015-01-01,2015,1. Resto país,Grasas y aceites,4345.489,1,51259.469,FALSE,8.477436627367325
2015-01-01,2015,1. Resto país,Productos químicos y conexos,3661.37,1,51259.469,FALSE,7.142816871552064
2015-01-01,2015,1. Resto país,"Piedras, metales preciosos y sus manufacturas, monedas",2470.0769999999998,1,51259.469,FALSE,4.818772117986629
2015-01-01,2015,1. Resto país,Pescados y mariscos sin elaborar,899.491,1,51259.469,FALSE,1.754780175346725
2015-01-01,2015,1. Resto país,Materias plásticas y sus manufacturas,849.584,1,51259.469,FALSE,1.6574186517616871
2015-01-01,2015,1. Resto país,"Bebidas, líquidos alcohólicos y vinagre",795.6899999999999,1,51259.469,FALSE,1.5522790530662736
2015-01-01,2015,1. Resto país,Productos lácteos,726.4970000000001,1,51259.469,FALSE,1.4172932614655063
2015-01-01,2015,1. Resto país,"Preparados de hortalizas, legumbres y frutas",697.818,1,51259.469,FALSE,1.3613445742093038
2015-01-01,2015,1. Resto país,Carnes y sus preparados,691.194,1,51259.469,FALSE,1.348422083732471
2015-01-01,2015,1. Resto país,Petróleo crudo,667.9780000000001,1,51259.469,FALSE,1.3031309395733304
2015-01-01,2015,1. Resto país,"Máquinas y aparatos, material eléctrico",648.7180000000001,1,51259.469,FALSE,1.2655573938934095
2015-01-01,2015,1. Resto país,Frutas frescas,539.6750000000001,1,51259.469,FALSE,1.0528298683702715
2015-01-01,2015,1. Resto país,Metales comunes y sus manufacturas,517.644,1,51259.469,FALSE,1.0098504922085714
2015-01-01,2015,1. Resto país,"Café, té, yerba mate y especias",208.959,1,51259.469,FALSE,0.40764956031830923
2015-01-01,2015,1. Resto país,"Papel, cartón, impresos y publicaciones",147.017,1,51259.469,FALSE,0.2868094478309949
2015-01-01,2015,1. Resto país,Frutas secas o procesadas,117.23100000000001,1,51259.469,FALSE,0.2287011595847784
2015-01-01,2015,1. Resto país,"Minerales metalíferos, escorias y cenizas",98.412,1,51259.469,FALSE,0.19198794275453773
2015-01-01,2015,1. Resto país,Hortalizas y legumbres sin elaborar,92.947,1,51259.469,FALSE,0.18132649793933686
2015-01-01,2015,1. Resto país,Lanas elaboradas,80.288,1,51259.469,FALSE,0.1566305729776483
2015-01-01,2015,1. Resto país,Gas de petróleo y otros hidrocarburos gaseosos,69.033,1,51259.469,FALSE,0.13467365414963625
2015-01-01,2015,1. Resto país,Pescados y mariscos elaborados,67.866,1,51259.469,FALSE,0.13239700161544787
2015-01-01,2015,1. Resto país,Extractos curtientes y tintóreos,59.242999999999995,1,51259.469,FALSE,0.11557474385854445
2015-01-01,2015,1. Resto país,Pieles y cueros,40.725,1,51259.469,FALSE,0.0794487356082444
2015-01-01,2015,1. Resto país,Productos de molinería y sus preparaciones,33.806,1,51259.469,FALSE,0.06595074170588852
2015-01-01,2015,1. Resto país,Tabaco sin elaborar,29.783,1,51259.469,FALSE,0.058102435669007815
2015-01-01,2015,1. Resto país,Lanas sucias,27.323,1,51259.469,FALSE,0.053303322357865245
2015-01-01,2015,1. Resto país,Fibras de algodón,18.821,1,51259.469,FALSE,0.036717118548379814
2015-01-01,2015,1. Resto país,Miel,17.153,1,51259.469,FALSE,0.0334630856203368
2015-01-01,2015,1. Resto país,Otros productos de origen animal,11.213000000000001,1,51259.469,FALSE,0.02187498274709011
2015-01-01,2015,1. Resto país,Carburantes,6.228,1,51259.469,FALSE,0.012149950285282901
2015-01-01,2015,1. Resto país,Textiles y confecciones,5.571,1,51259.469,FALSE,0.010868235876575313
2015-01-01,2015,1. Resto país,"Manufacturas de piedra, yeso, vidrio, etc.",4.56,1,51259.469,FALSE,0.008895917357239888
2015-01-01,2015,2. NOA-Resto,"Minerales metalíferos, escorias y cenizas",614.035,1,3156.982,FALSE,19.450063383319893
2015-01-01,2015,2. NOA-Resto,Cereales,375.756,1,3156.982,FALSE,11.90238018461936
2015-01-01,2015,2. NOA-Resto,Productos químicos y conexos,341.201,1,3156.982,FALSE,10.807822154196636
2015-01-01,2015,2. NOA-Resto,Hortalizas y legumbres sin elaborar,285.922,1,3156.982,FALSE,9.056814387918589
2015-01-01,2015,2. NOA-Resto,Resto de productos,265.637,1,3156.982,FALSE,8.414270337936676
2015-01-01,2015,2. NOA-Resto,Semillas y frutos oleaginosos,234.82399999999998,1,3156.982,FALSE,7.438243233569275
2015-01-01,2015,2. NOA-Resto,Frutas frescas,219.185,1,3156.982,FALSE,6.942865052762417
2015-01-01,2015,2. NOA-Resto,Residuos y desperdicios de la industria alimenticia,190.113,1,3156.982,FALSE,6.021985554558119
2015-01-01,2015,2. NOA-Resto,"Preparados de hortalizas, legumbres y frutas",165.37,1,3156.982,FALSE,5.23823068994375
2015-01-01,2015,2. NOA-Resto,Tabaco sin elaborar,161.028,1,3156.982,FALSE,5.100694270667365
2015-01-01,2015,2. NOA-Resto,Material de transporte terrestre,96.149,1,3156.982,FALSE,3.0455986128524013
2015-01-01,2015,2. NOA-Resto,"Azúcar, cacao y artículos de confitería",93.539,1,3156.982,FALSE,2.962924717340802
2015-01-01,2015,2. NOA-Resto,Pieles y cueros,31.354,1,3156.982,FALSE,0.9931637240883857
2015-01-01,2015,2. NOA-Resto,"Piedras, metales preciosos y sus manufacturas, monedas",22.357,1,3156.982,FALSE,0.708176353238631
2015-01-01,2015,2. NOA-Resto,Fibras de algodón,19.52,1,3156.982,FALSE,0.6183120461250651
2015-01-01,2015,2. NOA-Resto,Metales comunes y sus manufacturas,18.039,1,3156.982,FALSE,0.5714001536910885
2015-01-01,2015,2. NOA-Resto,Carnes y sus preparados,11.657,1,3156.982,FALSE,0.36924505746310876
2015-01-01,2015,2. NOA-Resto,Grasas y aceites,11.296,1,3156.982,FALSE,0.35781008570843925
2015-01-01,2015,3. La Rioja,"Papel, cartón, impresos y publicaciones",78.526,1,231.377,FALSE,33.93855050415555
2015-01-01,2015,3. La Rioja,Grasas y aceites,41.415,1,231.377,FALSE,17.89935905470293
2015-01-01,2015,3. La Rioja,Pieles y cueros,37.615,1,231.377,FALSE,16.257017767539555
2015-01-01,2015,3. La Rioja,"Preparados de hortalizas, legumbres y frutas",31.93,1,231.377,FALSE,13.799988762928034
2015-01-01,2015,3. La Rioja,Resto de productos,15.031,1,231.377,FALSE,6.496324180882283
2015-01-01,2015,3. La Rioja,"Bebidas, líquidos alcohólicos y vinagre",14.764,1,231.377,FALSE,6.3809280957052765
2015-01-01,2015,3. La Rioja,Productos químicos y conexos,11.254,1,231.377,FALSE,4.863923380457003
2015-01-01,2015,3. La Rioja,Semillas y frutos oleaginosos,0.842,1,231.377,FALSE,0.36390825362935814
2016-01-01,2016,1. Resto país,Residuos y desperdicios de la industria alimenticia,10476.871000000001,1,51551.712,FALSE,20.323032142948037
2016-01-01,2016,1. Resto país,Resto de productos,7080.224,1,51551.712,FALSE,13.73421701300628
2016-01-01,2016,1. Resto país,Cereales,6141.591,1,51551.712,FALSE,11.913456918753738
2016-01-01,2016,1. Resto país,Material de transporte terrestre,4899.0199999999995,1,51551.712,FALSE,9.50311795658697
2016-01-01,2016,1. Resto país,Grasas y aceites,4853.741,1,51551.712,FALSE,9.415285761993704
2016-01-01,2016,1. Resto país,Productos químicos y conexos,3975.742,1,51551.712,FALSE,7.7121434880765944
2016-01-01,2016,1. Resto país,Semillas y frutos oleaginosos,3555.901,1,51551.712,FALSE,6.897736005353226
2016-01-01,2016,1. Resto país,"Piedras, metales preciosos y sus manufacturas, monedas",2172.498,1,51551.712,FALSE,4.214211159466441
2016-01-01,2016,1. Resto país,Pescados y mariscos sin elaborar,1090.023,1,51551.712,FALSE,2.1144263841324995
2016-01-01,2016,1. Resto país,Materias plásticas y sus manufacturas,852.874,1,51551.712,FALSE,1.6544048042478203
2016-01-01,2016,1. Resto país,"Bebidas, líquidos alcohólicos y vinagre",801.994,1,51551.712,FALSE,1.555707791042905
2016-01-01,2016,1. Resto país,Petróleo crudo,745.25,1,51551.712,FALSE,1.4456357918821396
2016-01-01,2016,1. Resto país,"Preparados de hortalizas, legumbres y frutas",732.098,1,51551.712,FALSE,1.4201235450725669
2016-01-01,2016,1. Resto país,Carnes y sus preparados,706.2710000000001,1,51551.712,FALSE,1.3700243359522184
2016-01-01,2016,1. Resto país,Metales comunes y sus manufacturas,603.508,1,51551.712,FALSE,1.1706846903551913
2016-01-01,2016,1. Resto país,"Máquinas y aparatos, material eléctrico",575.105,1,51551.712,FALSE,1.115588556981386
2016-01-01,2016,1. Resto país,Frutas frescas,538.272,1,51551.712,FALSE,1.0441399113961531
2016-01-01,2016,1. Resto país,Productos lácteos,503.87699999999995,1,51551.712,FALSE,0.9774204976936556
2016-01-01,2016,1. Resto país,"Café, té, yerba mate y especias",171.10700000000003,1,51551.712,FALSE,0.33191332229664855
2016-01-01,2016,1. Resto país,Hortalizas y legumbres sin elaborar,165.573,1,51551.712,FALSE,0.3211784702707836
2016-01-01,2016,1. Resto país,"Papel, cartón, impresos y publicaciones",127.07,1,51551.712,FALSE,0.2464903590398705
2016-01-01,2016,1. Resto país,"Minerales metalíferos, escorias y cenizas",126.769,1,51551.712,FALSE,0.24590647930373294
2016-01-01,2016,1. Resto país,Frutas secas o procesadas,116.898,1,51551.712,FALSE,0.2267587155980387
2016-01-01,2016,1. Resto país,Lanas elaboradas,105.234,1,51551.712,FALSE,0.20413289087276093
2016-01-01,2016,1. Resto país,Lanas sucias,78.078,1,51551.712,FALSE,0.15145568783438268
2016-01-01,2016,1. Resto país,Pescados y mariscos elaborados,66.44500000000001,1,51551.712,FALSE,0.12888999690252773
2016-01-01,2016,1. Resto país,Extractos curtientes y tintóreos,66.208,1,51551.712,FALSE,0.1284302643528114
2016-01-01,2016,1. Resto país,Gas de petróleo y otros hidrocarburos gaseosos,58.59,1,51551.712,FALSE,0.11365286956910374
2016-01-01,2016,1. Resto país,Pieles y cueros,38.15,1,51551.712,FALSE,0.0740033619058083
2016-01-01,2016,1. Resto país,Tabaco sin elaborar,33.591,1,51551.712,FALSE,0.06515981467308012
2016-01-01,2016,1. Resto país,Fibras de algodón,29.34,1,51551.712,FALSE,0.05691372577500433
2016-01-01,2016,1. Resto país,Productos de molinería y sus preparaciones,25.66,1,51551.712,FALSE,0.04977526255578088
2016-01-01,2016,1. Resto país,Miel,17.68,1,51551.712,FALSE,0.03429566024887787
2016-01-01,2016,1. Resto país,Otros productos de origen animal,8.379000000000001,1,51551.712,FALSE,0.01625358242224817
2016-01-01,2016,1. Resto país,Textiles y confecciones,7.48,1,51551.712,FALSE,0.014509702412986788
2016-01-01,2016,1. Resto país,"Manufacturas de piedra, yeso, vidrio, etc.",3.436,1,51551.712,FALSE,0.006665152070992327
2016-01-01,2016,1. Resto país,Carburantes,1.164,1,51551.712,FALSE,0.0022579269530369813
2016-01-01,2016,2. NOA-Resto,"Minerales metalíferos, escorias y cenizas",859.758,1,4515.701,FALSE,19.03930308937638
2016-01-01,2016,2. NOA-Resto,Cereales,730.6590000000001,1,4515.701,FALSE,16.18041141342175
2016-01-01,2016,2. NOA-Resto,Hortalizas y legumbres sin elaborar,404.229,1,4515.701,FALSE,8.951633423027786
2016-01-01,2016,2. NOA-Resto,Productos químicos y conexos,401.20099999999996,1,4515.701,FALSE,8.884578496229047
2016-01-01,2016,2. NOA-Resto,Resto de productos,364.663,1,4515.701,FALSE,8.075446093530108
2016-01-01,2016,2. NOA-Resto,Frutas frescas,351.226,1,4515.701,FALSE,7.777884319621693
2016-01-01,2016,2. NOA-Resto,Tabaco sin elaborar,334.09000000000003,1,4515.701,FALSE,7.398408353431726
2016-01-01,2016,2. NOA-Resto,"Azúcar, cacao y artículos de confitería",254.172,1,4515.701,FALSE,5.628627759012388
2016-01-01,2016,2. NOA-Resto,Semillas y frutos oleaginosos,207.212,1,4515.701,FALSE,4.588700624775643
2016-01-01,2016,2. NOA-Resto,Residuos y desperdicios de la industria alimenticia,202.687,1,4515.701,FALSE,4.488494698829705
2016-01-01,2016,2. NOA-Resto,"Preparados de hortalizas, legumbres y frutas",155.27200000000002,1,4515.701,FALSE,3.4384916096083424
2016-01-01,2016,2. NOA-Resto,Material de transporte terrestre,99.298,1,4515.701,FALSE,2.1989498418960864
2016-01-01,2016,2. NOA-Resto,"Piedras, metales preciosos y sus manufacturas, monedas",55.761,1,4515.701,FALSE,1.2348248920820932
2016-01-01,2016,2. NOA-Resto,Fibras de algodón,30.525,1,4515.701,FALSE,0.6759747822098938
2016-01-01,2016,2. NOA-Resto,Pieles y cueros,27.14,1,4515.701,FALSE,0.6010141061155289
2016-01-01,2016,2. NOA-Resto,Metales comunes y sus manufacturas,20.872,1,4515.701,FALSE,0.4622095218438953
2016-01-01,2016,2. NOA-Resto,Carnes y sus preparados,13.718,1,4515.701,FALSE,0.30378450654726696
2016-01-01,2016,2. NOA-Resto,Grasas y aceites,3.218,1,4515.701,FALSE,0.07126246844066957
2016-01-01,2016,3. La Rioja,"Papel, cartón, impresos y publicaciones",58.223,1,208.574,FALSE,27.914792831321257
2016-01-01,2016,3. La Rioja,"Preparados de hortalizas, legumbres y frutas",45.325,1,208.574,FALSE,21.730896468399703
2016-01-01,2016,3. La Rioja,Pieles y cueros,39.663,1,208.574,FALSE,19.016272402121068
2016-01-01,2016,3. La Rioja,Grasas y aceites,25.245,1,208.574,FALSE,12.103617900601225
2016-01-01,2016,3. La Rioja,"Bebidas, líquidos alcohólicos y vinagre",15.181,1,208.574,FALSE,7.278471909250433
2016-01-01,2016,3. La Rioja,Resto de productos,10.366,1,208.574,FALSE,4.96993872678282
2016-01-01,2016,3. La Rioja,Productos químicos y conexos,8.977,1,208.574,FALSE,4.30398803302425
2016-01-01,2016,3. La Rioja,Semillas y frutos oleaginosos,5.594,1,208.574,FALSE,2.6820217284992376
2017-01-01,2017,1. Resto país,Residuos y desperdicios de la industria alimentaria,9612.072739,1,52311.406337,FALSE,18.374716743566793
2017-01-01,2017,1. Resto país,Cereales,6355.251461,1,52311.406337,FALSE,12.148882826927391
2017-01-01,2017,1. Resto país,Material de transporte terrestre,5603.5285539999995,1,52311.406337,FALSE,10.711867537838701
2017-01-01,2017,1. Resto país,Grasas y aceites,4751.014227,1,52311.406337,FALSE,9.082176449994606
2017-01-01,2017,1. Resto país,Productos químicos y conexos,3832.09824,1,52311.406337,FALSE,7.325550025003908
2017-01-01,2017,1. Resto país,Semillas y frutos oleaginosos,2868.513716,1,52311.406337,FALSE,5.483533930478739
2017-01-01,2017,1. Resto país,"Piedras, metales preciosos y sus manufacturas, monedas",2438.3597090000003,1,52311.406337,FALSE,4.661239067616773
2017-01-01,2017,1. Resto país,Carnes y sus preparados,1899.018134,1,52311.406337,FALSE,3.630218086216541
2017-01-01,2017,1. Resto país,Resto de productos,1761.831823,1,52311.406337,FALSE,3.367968759337008
2017-01-01,2017,1. Resto país,Pescados y mariscos sin elaborar,1624.466612,1,52311.406337,FALSE,3.10537744203411
2017-01-01,2017,1. Resto país,Metales comunes y sus manufacturas,1614.669433,1,52311.406337,FALSE,3.0866488707988338
2017-01-01,2017,1. Resto país,"Máquinas y aparatos, material eléctrico",1059.554929,1,52311.406337,FALSE,2.025475901324744
2017-01-01,2017,1. Resto país,"Preparados de hortalizas, legumbres y frutas",923.5988719999999,1,52311.406337,FALSE,1.765578363636414
2017-01-01,2017,1. Resto país,Materias plásticas y sus manufacturas,908.15756,1,52311.406337,FALSE,1.7360603042278708
2017-01-01,2017,1. Resto país,"Bebidas, líquidos alcohólicos y vinagre",858.6508269999999,1,52311.406337,FALSE,1.641421799040172
2017-01-01,2017,1. Resto país,Productos de molinería y sus preparaciones,725.567583,1,52311.406337,FALSE,1.3870160139181809
2017-01-01,2017,1. Resto país,Pieles y cueros,663.4208649999999,1,52311.406337,FALSE,1.2682145471794752
2017-01-01,2017,1. Resto país,Productos lácteos,583.6944149999999,1,52311.406337,FALSE,1.1158071554026474
2017-01-01,2017,1. Resto país,Petróleo crudo,579.659339,1,52311.406337,FALSE,1.1080935872106452
2017-01-01,2017,1. Resto país,Frutas frescas,470.205891,1,52311.406337,FALSE,0.8988592047608975
2017-01-01,2017,1. Resto país,Carburantes,456.996378,1,52311.406337,FALSE,0.8736075169838536
2017-01-01,2017,1. Resto país,Gas de petróleo y otros hidrocarburos gaseosos,371.383374,1,52311.406337,FALSE,0.7099472180263667
2017-01-01,2017,1. Resto país,Hortalizas y legumbres sin elaborar,303.437185,1,52311.406337,FALSE,0.5800593144929045
2017-01-01,2017,1. Resto país,Caucho y sus manufacturas,269.338845,1,52311.406337,FALSE,0.5148759397995689
2017-01-01,2017,1. Resto país,"Papel, cartón, impresos y publicaciones",240.940051,1,52311.406337,FALSE,0.4605879823758102
2017-01-01,2017,1. Resto país,Pescados y mariscos elaborados,238.195645,1,52311.406337,FALSE,0.45534169635107585
2017-01-01,2017,1. Resto país,Extractos curtientes y tintóreos,219.643817,1,52311.406337,FALSE,0.4198774844342989
2017-01-01,2017,1. Resto país,"Café, té, yerba mate y especias",176.514811,1,52311.406337,FALSE,0.3374308269650755
2017-01-01,2017,1. Resto país,"Azúcar ,cacao y artículos de confitería",132.426843,1,52311.406337,FALSE,0.25315098995213614
2017-01-01,2017,1. Resto país,"Minerales metalíferos, escorias y cenizas",123.274328,1,52311.406337,FALSE,0.23565477709745253
2017-01-01,2017,1. Resto país,Miel,122.70532499999999,1,52311.406337,FALSE,0.23456705447662604
2017-01-01,2017,1. Resto país,Textiles y confecciones,121.099761,1,52311.406337,FALSE,0.23149781181536655
2017-01-01,2017,1. Resto país,Lanas elaboradas,118.230645,1,52311.406337,FALSE,0.22601312654134315
2017-01-01,2017,1. Resto país,Frutas secas o procesadas,93.38385,1,52311.406337,FALSE,0.17851527331994008
2017-01-01,2017,1. Resto país,"Manufacturas de piedra, yeso, vidrio, etc.",68.348379,1,52311.406337,FALSE,0.13065674159032692
2017-01-01,2017,1. Resto país,Tabaco sin elaborar,62.324154,1,52311.406337,FALSE,0.11914065853725281
2017-01-01,2017,1. Resto país,Lanas sucias,43.071922,1,52311.406337,FALSE,0.0823375340408983
2017-01-01,2017,1. Resto país,Fibras de algodón,11.352495999999999,1,52311.406337,FALSE,0.02170176027550295
2017-01-01,2017,1. Resto país,Otros productos de origen animal,5.403595,1,52311.406337,FALSE,0.010329668763231133
2017-01-01,2017,1. Resto país,Energía eléctrica,NA,0,52311.406337,FALSE,NA
2017-01-01,2017,2. NOA-Resto,Resto de productos,695.1016109999999,1,3873.045312,FALSE,17.947159276612147
2017-01-01,2017,2. NOA-Resto,Cereales,611.038067,1,3873.045312,FALSE,15.776682630249587
2017-01-01,2017,2. NOA-Resto,Productos químicos y conexos,450.77049999999997,1,3873.045312,FALSE,11.638658050381206
2017-01-01,2017,2. NOA-Resto,Hortalizas y legumbres sin elaborar,407.53641899999997,1,3873.045312,FALSE,10.52237673897888
2017-01-01,2017,2. NOA-Resto,Frutas frescas,267.741404,1,3873.045312,FALSE,6.912942721595507
2017-01-01,2017,2. NOA-Resto,Semillas y frutos oleaginosos,261.73573899999997,1,3873.045312,FALSE,6.757879599008418
2017-01-01,2017,2. NOA-Resto,Tabaco sin elaborar,234.623905,1,3873.045312,FALSE,6.057866255090175
2017-01-01,2017,2. NOA-Resto,"Minerales metalíferos, escorias y cenizas",174.862322,1,3873.045312,FALSE,4.514853504507618
2017-01-01,2017,2. NOA-Resto,"Azúcar ,cacao y artículos de confitería",160.075408,1,3873.045312,FALSE,4.133063135203516
2017-01-01,2017,2. NOA-Resto,Material de transporte terrestre,157.936122,1,3873.045312,FALSE,4.077827891934563
2017-01-01,2017,2. NOA-Resto,"Preparados de hortalizas, legumbres y frutas",157.40603199999998,1,3873.045312,FALSE,4.064141245967431
2017-01-01,2017,2. NOA-Resto,Residuos y desperdicios de la industria alimentaria,110.130383,1,3873.045312,FALSE,2.8435087670877217
2017-01-01,2017,2. NOA-Resto,"Piedras, metales preciosos y sus manufacturas, monedas",70.126298,1,3873.045312,FALSE,1.8106242594871043
2017-01-01,2017,2. NOA-Resto,Fibras de algodón,26.293085,1,3873.045312,FALSE,0.6788736738642112
2017-01-01,2017,2. NOA-Resto,"Bebidas, líquidos alcohólicos y vinagre",19.751508,1,3873.045312,FALSE,0.5099735843214426
2017-01-01,2017,2. NOA-Resto,Grasas y aceites,18.562607,1,3873.045312,FALSE,0.47927678363294085
2017-01-01,2017,2. NOA-Resto,Carnes y sus preparados,15.311316,1,3873.045312,FALSE,0.3953301540924497
2017-01-01,2017,2. NOA-Resto,Productos de molinería y sus preparaciones,13.390036,1,3873.045312,FALSE,0.3457237114813285
2017-01-01,2017,2. NOA-Resto,"Papel, cartón, impresos y publicaciones",11.345952,1,3873.045312,FALSE,0.29294653395472586
2017-01-01,2017,2. NOA-Resto,Frutas secas o procesadas,9.3066,1,3873.045312,FALSE,0.2402915341879687
2017-01-01,2017,3. La Rioja,Resto de productos,71.134307,1,245.845463,FALSE,28.934561627439923
2017-01-01,2017,3. La Rioja,"Papel, cartón, impresos y publicaciones",63.102916,1,245.845463,FALSE,25.667716308435597
2017-01-01,2017,3. La Rioja,Grasas y aceites,56.22785,1,245.845463,FALSE,22.87121727359272
2017-01-01,2017,3. La Rioja,"Preparados de hortalizas, legumbres y frutas",40.455469,1,245.845463,FALSE,16.455650027594775
2017-01-01,2017,3. La Rioja,"Bebidas, líquidos alcohólicos y vinagre",14.92492,1,245.845463,FALSE,6.070854356177401
2018-01-01,2018,1. Resto país,Residuos y desperdicios de la industria alimentaria,9782.008156,1,55620.603071,FALSE,17.5870228223042
2018-01-01,2018,1. Resto país,Material de transporte terrestre,7224.888164,1,55620.603071,FALSE,12.989589765464052
2018-01-01,2018,1. Resto país,Cereales,6909.934993,1,55620.603071,FALSE,12.423337057635695
2018-01-01,2018,1. Resto país,Grasas y aceites,3938.5827229999995,1,55620.603071,FALSE,7.081157890309779
2018-01-01,2018,1. Resto país,Productos químicos y conexos,3641.793702,1,55620.603071,FALSE,6.5475624155876755
2018-01-01,2018,1. Resto país,Carnes y sus preparados,2508.474172,1,55620.603071,FALSE,4.509972983928131
2018-01-01,2018,1. Resto país,"Piedras, metales preciosos y sus manufacturas, monedas",2430.528873,1,55620.603071,FALSE,4.369835526409911
2018-01-01,2018,1. Resto país,Metales comunes y sus manufacturas,2053.151332,1,55620.603071,FALSE,3.6913503605474056
2018-01-01,2018,1. Resto país,Pescados y mariscos sin elaborar,1666.211386,1,55620.603071,FALSE,2.995672995262335
2018-01-01,2018,1. Resto país,Semillas y frutos oleaginosos,1611.39079,1,55620.603071,FALSE,2.89711132391544
2018-01-01,2018,1. Resto país,Petróleo crudo,1496.243141,1,55620.603071,FALSE,2.6900879501253114
2018-01-01,2018,1. Resto país,Resto de productos,1437.484107,1,55620.603071,FALSE,2.5844453810848544
2018-01-01,2018,1. Resto país,"Máquinas y aparatos, material eléctrico",1129.314986,1,55620.603071,FALSE,2.030389682324054
2018-01-01,2018,1. Resto país,Materias plásticas y sus manufacturas,996.4274310000001,1,55620.603071,FALSE,1.7914718215623358
2018-01-01,2018,1. Resto país,"Preparados de hortalizas, legumbres y frutas",911.723932,1,55620.603071,FALSE,1.6391838305603763
2018-01-01,2018,1. Resto país,"Bebidas, líquidos alcohólicos y vinagre",873.431293,1,55620.603071,FALSE,1.5703376892283247
2018-01-01,2018,1. Resto país,Productos lácteos,844.514682,1,55620.603071,FALSE,1.5183486610563581
2018-01-01,2018,1. Resto país,Carburantes,767.007212,1,55620.603071,FALSE,1.3789983740753604
2018-01-01,2018,1. Resto país,Productos de molinería y sus preparaciones,689.803442,1,55620.603071,FALSE,1.2401941077831578
2018-01-01,2018,1. Resto país,Pieles y cueros,656.682099,1,55620.603071,FALSE,1.1806454132864073
2018-01-01,2018,1. Resto país,Frutas frescas,535.6120890000001,1,55620.603071,FALSE,0.9629742567089543
2018-01-01,2018,1. Resto país,Gas de petróleo y otros hidrocarburos gaseosos,461.072981,1,55620.603071,FALSE,0.8289607727040246
2018-01-01,2018,1. Resto país,"Papel, cartón, impresos y publicaciones",348.602442,1,55620.603071,FALSE,0.6267505613971986
2018-01-01,2018,1. Resto país,Pescados y mariscos elaborados,267.895261,1,55620.603071,FALSE,0.4816475302470746
2018-01-01,2018,1. Resto país,Caucho y sus manufacturas,240.220083,1,55620.603071,FALSE,0.4318904681658301
2018-01-01,2018,1. Resto país,Hortalizas y legumbres sin elaborar,224.906249,1,55620.603071,FALSE,0.4043578037313007
2018-01-01,2018,1. Resto país,"Café, té, yerba mate y especias",189.72102900000002,1,55620.603071,FALSE,0.3410984752499359
2018-01-01,2018,1. Resto país,Extractos curtientes y tintóreos,152.013984,1,55620.603071,FALSE,0.273305170398734
2018-01-01,2018,1. Resto país,"Azúcar ,cacao y artículos de confitería",146.93457,1,55620.603071,FALSE,0.26417291774495366
2018-01-01,2018,1. Resto país,Lanas elaboradas,136.483141,1,55620.603071,FALSE,0.24538234658437366
2018-01-01,2018,1. Resto país,Frutas secas o procesadas,135.913798,1,55620.603071,FALSE,0.2443587276939542
2018-01-01,2018,1. Resto país,Textiles y confecciones,116.529545,1,55620.603071,FALSE,0.20950787759573447
2018-01-01,2018,1. Resto país,Miel,114.68440000000001,1,55620.603071,FALSE,0.20619050076390713
2018-01-01,2018,1. Resto país,"Manufacturas de piedra, yeso, vidrio, etc.",70.210089,1,55620.603071,FALSE,0.12623036271357296
2018-01-01,2018,1. Resto país,Tabaco sin elaborar,63.637775,1,55620.603071,FALSE,0.11441403272590561
2018-01-01,2018,1. Resto país,Lanas sucias,61.529764,1,55620.603071,FALSE,0.11062405044666078
2018-01-01,2018,1. Resto país,Fibras de algodón,56.717546999999996,1,55620.603071,FALSE,0.10197218992321917
2018-01-01,2018,1. Resto país,Energía eléctrica,NA,0,55620.603071,FALSE,NA
2018-01-01,2018,1. Resto país,"Minerales metalíferos, escorias y cenizas",NA,0,55620.603071,FALSE,NA
2018-01-01,2018,1. Resto país,Otros productos de origen animal,NA,0,55620.603071,FALSE,NA
2018-01-01,2018,2. NOA-Resto,Cereales,643.73352,1,3698.7651960000003,FALSE,17.404011498111867
2018-01-01,2018,2. NOA-Resto,Productos químicos y conexos,556.119524,1,3698.7651960000003,FALSE,15.035275139968627
2018-01-01,2018,2. NOA-Resto,Hortalizas y legumbres sin elaborar,364.017446,1,3698.7651960000003,FALSE,9.841593794428036
2018-01-01,2018,2. NOA-Resto,Frutas frescas,294.99383,1,3698.7651960000003,FALSE,7.9754678755769275
2018-01-01,2018,2. NOA-Resto,Resto de productos,284.452533,1,3698.7651960000003,FALSE,7.690472845035389
2018-01-01,2018,2. NOA-Resto,"Preparados de hortalizas, legumbres y frutas",194.025722,1,3698.7651960000003,FALSE,5.24568908050253
2018-01-01,2018,2. NOA-Resto,Material de transporte terrestre,173.414871,1,3698.7651960000003,FALSE,4.688453086655463
2018-01-01,2018,2. NOA-Resto,Tabaco sin elaborar,160.187503,1,3698.7651960000003,FALSE,4.330837306818867
2018-01-01,2018,2. NOA-Resto,Semillas y frutos oleaginosos,154.64852499999998,1,3698.7651960000003,FALSE,4.181085221826013
2018-01-01,2018,2. NOA-Resto,"Minerales metalíferos, escorias y cenizas",112.030968,1,3698.7651960000003,FALSE,3.028874828852477
2018-01-01,2018,2. NOA-Resto,Residuos y desperdicios de la industria alimentaria,94.945706,1,3698.7651960000003,FALSE,2.566956834747939
2018-01-01,2018,2. NOA-Resto,Fibras de algodón,81.885958,1,3698.7651960000003,FALSE,2.2138728375771164
2018-01-01,2018,2. NOA-Resto,"Piedras, metales preciosos y sus manufacturas, monedas",51.171205,1,3698.7651960000003,FALSE,1.3834672461863404
2018-01-01,2018,2. NOA-Resto,"Azúcar ,cacao y artículos de confitería",41.749618,1,3698.7651960000003,FALSE,1.1287447509549886
2018-01-01,2018,2. NOA-Resto,Carnes y sus preparados,27.651144,1,3698.7651960000003,FALSE,0.7475777059301603
2018-01-01,2018,2. NOA-Resto,"Bebidas, líquidos alcohólicos y vinagre",23.64853,1,3698.7651960000003,FALSE,0.6393628345366317
2018-01-01,2018,2. NOA-Resto,"Papel, cartón, impresos y publicaciones",17.06063,1,3698.7651960000003,FALSE,0.4612520421261149
2018-01-01,2018,2. NOA-Resto,Productos de molinería y sus preparaciones,12.441945,1,3698.7651960000003,FALSE,0.336381044502507
2018-01-01,2018,2. NOA-Resto,Frutas secas o procesadas,8.248742,1,3698.7651960000003,FALSE,0.2230133994155816
2018-01-01,2018,2. NOA-Resto,Grasas y aceites,3.182857,1,3698.7651960000003,FALSE,0.08605188032595512
2018-01-01,2018,3. La Rioja,Resto de productos,76.5516,1,223.959119,FALSE,34.18105962454692
2018-01-01,2018,3. La Rioja,"Papel, cartón, impresos y publicaciones",60.129964,1,223.959119,FALSE,26.848633924122556
2018-01-01,2018,3. La Rioja,"Preparados de hortalizas, legumbres y frutas",42.724167,1,223.959119,FALSE,19.076770435054264
2018-01-01,2018,3. La Rioja,Grasas y aceites,28.536892,1,223.959119,FALSE,12.742009402171297
2018-01-01,2018,3. La Rioja,"Bebidas, líquidos alcohólicos y vinagre",16.016497,1,223.959119,FALSE,7.151527060615024
2019-01-01,2019,1. Resto país,Residuos y desperdicios de la industria alimentaria,9427.850004,1,59657.388423000004,FALSE,15.803323365669215
2019-01-01,2019,1. Resto país,Cereales,8417.50619,1,59657.388423000004,FALSE,14.109746357510275
2019-01-01,2019,1. Resto país,Material de transporte terrestre,6261.234987,1,59657.388423000004,FALSE,10.49532195845515
2019-01-01,2019,1. Resto país,Grasas y aceites,4610.043311,1,59657.388423000004,FALSE,7.727531212584337
2019-01-01,2019,1. Resto país,Semillas y frutos oleaginosos,3693.578699,1,59657.388423000004,FALSE,6.191318119409995
2019-01-01,2019,1. Resto país,Carnes y sus preparados,3665.87303,1,59657.388423000004,FALSE,6.144876815604416
2019-01-01,2019,1. Resto país,Productos químicos y conexos,3276.531367,1,59657.388423000004,FALSE,5.49224740407306
2019-01-01,2019,1. Resto país,"Piedras, metales preciosos y sus manufacturas, monedas",2522.745595,1,59657.388423000004,FALSE,4.2287228148716505
2019-01-01,2019,1. Resto país,Metales comunes y sus manufacturas,1962.861921,1,59657.388423000004,FALSE,3.2902243508923834
2019-01-01,2019,1. Resto país,Carburantes,1913.909679,1,59657.388423000004,FALSE,3.208168727449895
2019-01-01,2019,1. Resto país,Petróleo crudo,1469.720365,1,59657.388423000004,FALSE,2.463601582052109
2019-01-01,2019,1. Resto país,Resto de productos,1378.515196,1,59657.388423000004,FALSE,2.310719983626595
2019-01-01,2019,1. Resto país,Pescados y mariscos sin elaborar,1367.388359,1,59657.388423000004,FALSE,2.292068753168592
2019-01-01,2019,1. Resto país,"Máquinas y aparatos, material eléctrico",1099.725992,1,59657.388423000004,FALSE,1.8434028392299138
2019-01-01,2019,1. Resto país,"Bebidas, líquidos alcohólicos y vinagre",831.079544,1,59657.388423000004,FALSE,1.3930873710180547
2019-01-01,2019,1. Resto país,"Preparados de hortalizas, legumbres y frutas",768.628249,1,59657.388423000004,FALSE,1.2884041177767462
2019-01-01,2019,1. Resto país,Productos lácteos,767.847047,1,59657.388423000004,FALSE,1.2870946370558323
2019-01-01,2019,1. Resto país,Materias plásticas y sus manufacturas,760.970336,1,59657.388423000004,FALSE,1.2755676306249761
2019-01-01,2019,1. Resto país,Gas de petróleo y otros hidrocarburos gaseosos,737.273864,1,59657.388423000004,FALSE,1.2358466964265489
2019-01-01,2019,1. Resto país,Productos de molinería y sus preparaciones,709.777361,1,59657.388423000004,FALSE,1.1897560046834972
2019-01-01,2019,1. Resto país,Pieles y cueros,508.22224300000005,1,59657.388423000004,FALSE,0.8519015941436394
2019-01-01,2019,1. Resto país,Frutas frescas,462.114832,1,59657.388423000004,FALSE,0.7746145854112491
2019-01-01,2019,1. Resto país,"Papel, cartón, impresos y publicaciones",295.742018,1,59657.388423000004,FALSE,0.49573410070022633
2019-01-01,2019,1. Resto país,Caucho y sus manufacturas,260.060309,1,59657.388423000004,FALSE,0.4359230530777604
2019-01-01,2019,1. Resto país,Pescados y mariscos elaborados,257.849532,1,59657.388423000004,FALSE,0.4322172639736104
2019-01-01,2019,1. Resto país,Hortalizas y legumbres sin elaborar,210.408711,1,59657.388423000004,FALSE,0.3526951423151472
2019-01-01,2019,1. Resto país,"Minerales metalíferos, escorias y cenizas",170.63018,1,59657.388423000004,FALSE,0.2860168447035407
2019-01-01,2019,1. Resto país,"Café, té, yerba mate y especias",170.111563,1,59657.388423000004,FALSE,0.28514751901948165
2019-01-01,2019,1. Resto país,Extractos curtientes y tintóreos,147.68518699999998,1,59657.388423000004,FALSE,0.24755556839471404
2019-01-01,2019,1. Resto país,"Azúcar ,cacao y artículos de confitería",126.51451599999999,1,59657.388423000004,FALSE,0.21206847859807457
2019-01-01,2019,1. Resto país,Lanas elaboradas,114.155246,1,59657.388423000004,FALSE,0.19135139672991314
2019-01-01,2019,1. Resto país,Textiles y confecciones,112.72176,1,59657.388423000004,FALSE,0.18894853257864339
2019-01-01,2019,1. Resto país,Frutas secas o procesadas,111.844248,1,59657.388423000004,FALSE,0.18747761334601118
2019-01-01,2019,1. Resto país,Miel,96.000266,1,59657.388423000004,FALSE,0.16091932372116466
2019-01-01,2019,1. Resto país,"Manufacturas de piedra, yeso, vidrio, etc.",93.240292,1,59657.388423000004,FALSE,0.15629294956540976
2019-01-01,2019,1. Resto país,Tabaco sin elaborar,47.285211,1,59657.388423000004,FALSE,0.07926128221491154
2019-01-01,2019,1. Resto país,Lanas sucias,45.808197,1,59657.388423000004,FALSE,0.07678545476244707
2019-01-01,2019,1. Resto país,Fibras de algodón,42.112002000000004,1,59657.388423000004,FALSE,0.07058975109906815
2019-01-01,2019,1. Resto país,Energía eléctrica,NA,0,59657.388423000004,FALSE,NA
2019-01-01,2019,1. Resto país,Otros productos de origen animal,NA,0,59657.388423000004,FALSE,NA
2019-01-01,2019,2. NOA-Resto,Cereales,987.054767,1,3689.4614070000002,FALSE,26.753356604496933
2019-01-01,2019,2. NOA-Resto,Productos químicos y conexos,425.817853,1,3689.4614070000002,FALSE,11.541463808026222
2019-01-01,2019,2. NOA-Resto,Hortalizas y legumbres sin elaborar,416.57536600000003,1,3689.4614070000002,FALSE,11.290953341038703
2019-01-01,2019,2. NOA-Resto,Semillas y frutos oleaginosos,381.103856,1,3689.4614070000002,FALSE,10.329525476995997
2019-01-01,2019,2. NOA-Resto,Frutas frescas,201.76247700000002,1,3689.4614070000002,FALSE,5.4686160049593395
2019-01-01,2019,2. NOA-Resto,"Minerales metalíferos, escorias y cenizas",199.975941,1,3689.4614070000002,FALSE,5.420193327421354
2019-01-01,2019,2. NOA-Resto,Tabaco sin elaborar,186.083497,1,3689.4614070000002,FALSE,5.043649369714087
2019-01-01,2019,2. NOA-Resto,"Preparados de hortalizas, legumbres y frutas",167.597672,1,3689.4614070000002,FALSE,4.542605370041752
2019-01-01,2019,2. NOA-Resto,"Azúcar ,cacao y artículos de confitería",61.560454,1,3689.4614070000002,FALSE,1.6685485280643293
2019-01-01,2019,2. NOA-Resto,Fibras de algodón,60.799203,1,3689.4614070000002,FALSE,1.647915408049693
2019-01-01,2019,2. NOA-Resto,Carnes y sus preparados,55.553178,1,3689.4614070000002,FALSE,1.5057259548669946
2019-01-01,2019,2. NOA-Resto,Residuos y desperdicios de la industria alimentaria,43.684098,1,3689.4614070000002,FALSE,1.1840237146028505
2019-01-01,2019,2. NOA-Resto,"Piedras, metales preciosos y sus manufacturas, monedas",26.705163,1,3689.4614070000002,FALSE,0.723822803765677
2019-01-01,2019,2. NOA-Resto,"Bebidas, líquidos alcohólicos y vinagre",25.858129,1,3689.4614070000002,FALSE,0.7008646018342808
2019-01-01,2019,2. NOA-Resto,"Papel, cartón, impresos y publicaciones",17.894779,1,3689.4614070000002,FALSE,0.48502415463808096
2019-01-01,2019,2. NOA-Resto,Productos de molinería y sus preparaciones,14.729873,1,3689.4614070000002,FALSE,0.3992418235369822
2019-01-01,2019,2. NOA-Resto,Resto de productos,14.052687,1,3689.4614070000002,FALSE,0.3808872203768793
2019-01-01,2019,2. NOA-Resto,Frutas secas o procesadas,12.407772,1,3689.4614070000002,FALSE,0.33630307059070425
2019-01-01,2019,2. NOA-Resto,Grasas y aceites,4.513652,1,3689.4614070000002,FALSE,0.12233904903941445
2019-01-01,2019,2. NOA-Resto,Material de transporte terrestre,NA,0,3689.4614070000002,FALSE,NA
2019-01-01,2019,3. La Rioja,Resto de productos,76.24052,1,244.436386,FALSE,31.190331868185943
2019-01-01,2019,3. La Rioja,"Papel, cartón, impresos y publicaciones",72.92688,1,244.436386,FALSE,29.834707178169456
2019-01-01,2019,3. La Rioja,"Preparados de hortalizas, legumbres y frutas",44.003713,1,244.436386,FALSE,18.002112418729673
2019-01-01,2019,3. La Rioja,Grasas y aceites,36.901169,1,244.436386,FALSE,15.096430447143007
2019-01-01,2019,3. La Rioja,"Bebidas, líquidos alcohólicos y vinagre",14.364105,1,244.436386,FALSE,5.87641849687632
2020-01-01,2020,1. Resto país,Residuos y desperdicios de la industria alimentaria,8387.326554,1,50063.701568,FALSE,16.75330886711952
2020-01-01,2020,1. Resto país,Cereales,7962.7228509999995,1,50063.701568,FALSE,15.905182001343782
2020-01-01,2020,1. Resto país,Grasas y aceites,4749.557076,1,50063.701568,FALSE,9.48702738160266
2020-01-01,2020,1. Resto país,Material de transporte terrestre,3737.958551,1,50063.701568,FALSE,7.466404668306129
2020-01-01,2020,1. Resto país,Carnes y sus preparados,3177.471223,1,50063.701568,FALSE,6.346856351970175
2020-01-01,2020,1. Resto país,Semillas y frutos oleaginosos,3160.166,1,50063.701568,FALSE,6.3122899446570955
2020-01-01,2020,1. Resto país,Productos químicos y conexos,2713.884001,1,50063.701568,FALSE,5.420861654254258
2020-01-01,2020,1. Resto país,Carburantes,1384.416371,1,50063.701568,FALSE,2.7653096507847894
2020-01-01,2020,1. Resto país,Resto de productos,1287.367831,1,50063.701568,FALSE,2.571459541902645
2020-01-01,2020,1. Resto país,"Piedras, metales preciosos y sus manufacturas, monedas",1276.785987,1,50063.701568,FALSE,2.550322782796595
2020-01-01,2020,1. Resto país,Metales comunes y sus manufacturas,1210.185935,1,50063.701568,FALSE,2.4172921639768115
2020-01-01,2020,1. Resto país,Petróleo crudo,1076.805042,1,50063.701568,FALSE,2.150869808412805
2020-01-01,2020,1. Resto país,Pescados y mariscos sin elaborar,1058.445382,1,50063.701568,FALSE,2.114197210452659
2020-01-01,2020,1. Resto país,Productos lácteos,974.98445,1,50063.701568,FALSE,1.9474877395466024
2020-01-01,2020,1. Resto país,"Máquinas y aparatos, material eléctrico",876.452957,1,50063.701568,FALSE,1.75067549851371
2020-01-01,2020,1. Resto país,"Bebidas, líquidos alcohólicos y vinagre",807.945725,1,50063.701568,FALSE,1.613835373124762
2020-01-01,2020,1. Resto país,Productos de molinería y sus preparaciones,663.794223,1,50063.701568,FALSE,1.3258992088277544
2020-01-01,2020,1. Resto país,Materias plásticas y sus manufacturas,634.6592810000001,1,50063.701568,FALSE,1.2677034680265535
2020-01-01,2020,1. Resto país,"Preparados de hortalizas, legumbres y frutas",482.189952,1,50063.701568,FALSE,0.963152817106534
2020-01-01,2020,1. Resto país,Frutas frescas,449.283408,1,50063.701568,FALSE,0.897423470355567
2020-01-01,2020,1. Resto país,Gas de petróleo y otros hidrocarburos gaseosos,435.86922300000003,1,50063.701568,FALSE,0.8706292370490668
2020-01-01,2020,1. Resto país,Pieles y cueros,293.267066,1,50063.701568,FALSE,0.5857878199470814
2020-01-01,2020,1. Resto país,Hortalizas y legumbres sin elaborar,261.574474,1,50063.701568,FALSE,0.5224832879061317
2020-01-01,2020,1. Resto país,"Papel, cartón, impresos y publicaciones",227.217042,1,50063.701568,FALSE,0.4538558574047467
2020-01-01,2020,1. Resto país,Pescados y mariscos elaborados,188.20796600000003,1,50063.701568,FALSE,0.3759369765025522
2020-01-01,2020,1. Resto país,Extractos curtientes y tintóreos,170.604321,1,50063.701568,FALSE,0.3407744846199064
2020-01-01,2020,1. Resto país,"Café, té, yerba mate y especias",164.164962,1,50063.701568,FALSE,0.3279121536329465
2020-01-01,2020,1. Resto país,Caucho y sus manufacturas,135.645295,1,50063.701568,FALSE,0.27094539706728865
2020-01-01,2020,1. Resto país,Miel,113.74772399999999,1,50063.701568,FALSE,0.22720598045571988
2020-01-01,2020,1. Resto país,"Azúcar ,cacao y artículos de confitería",107.455894,1,50063.701568,FALSE,0.2146383320339307
2020-01-01,2020,1. Resto país,Frutas secas o procesadas,88.784586,1,50063.701568,FALSE,0.17734323116201586
2020-01-01,2020,1. Resto país,Textiles y confecciones,78.187841,1,50063.701568,FALSE,0.15617670797633662
2020-01-01,2020,1. Resto país,"Manufacturas de piedra, yeso, vidrio, etc.",59.452367,1,50063.701568,FALSE,0.11875343839537648
2020-01-01,2020,1. Resto país,Lanas elaboradas,54.100986,1,50063.701568,FALSE,0.10806429469965637
2020-01-01,2020,1. Resto país,Tabaco sin elaborar,44.398271,1,50063.701568,FALSE,0.08868355636807077
2020-01-01,2020,1. Resto país,Fibras de algodón,38.753493999999996,1,50063.701568,FALSE,0.07740836731251745
2020-01-01,2020,1. Resto país,Lanas sucias,18.811671,1,50063.701568,FALSE,0.03757546967326953
2020-01-01,2020,1. Resto país,Energía eléctrica,NA,0,50063.701568,FALSE,NA
2020-01-01,2020,1. Resto país,"Minerales metalíferos, escorias y cenizas",NA,0,50063.701568,FALSE,NA
2020-01-01,2020,1. Resto país,Otros productos de origen animal,NA,0,50063.701568,FALSE,NA
2020-01-01,2020,2. NOA-Resto,Cereales,1033.744001,1,3281.901954,FALSE,31.49832065336587
2020-01-01,2020,2. NOA-Resto,Hortalizas y legumbres sin elaborar,405.79284,1,3281.901954,FALSE,12.364563161474628
2020-01-01,2020,2. NOA-Resto,Productos químicos y conexos,358.319746,1,3281.901954,FALSE,10.91805151471018
2020-01-01,2020,2. NOA-Resto,Semillas y frutos oleaginosos,252.27921199999997,1,3281.901954,FALSE,7.686981985934122
2020-01-01,2020,2. NOA-Resto,Frutas frescas,194.82981500000002,1,3281.901954,FALSE,5.93649102656892
2020-01-01,2020,2. NOA-Resto,Tabaco sin elaborar,181.964323,1,3281.901954,FALSE,5.544477731219877
2020-01-01,2020,2. NOA-Resto,"Preparados de hortalizas, legumbres y frutas",136.812751,1,3281.901954,FALSE,4.1687031763167655
2020-01-01,2020,2. NOA-Resto,"Azúcar ,cacao y artículos de confitería",104.195892,1,3281.901954,FALSE,3.174863035533572
2020-01-01,2020,2. NOA-Resto,Fibras de algodón,61.701322,1,3281.901954,FALSE,1.8800476938318675
2020-01-01,2020,2. NOA-Resto,Residuos y desperdicios de la industria alimentaria,43.354712,1,3281.901954,FALSE,1.321023985715327
2020-01-01,2020,2. NOA-Resto,Carnes y sus preparados,42.263803,1,3281.901954,FALSE,1.2877838397484316
2020-01-01,2020,2. NOA-Resto,"Piedras, metales preciosos y sus manufacturas, monedas",29.887449,1,3281.901954,FALSE,0.9106746459495237
2020-01-01,2020,2. NOA-Resto,"Bebidas, líquidos alcohólicos y vinagre",24.024598,1,3281.901954,FALSE,0.7320327766257213
2020-01-01,2020,2. NOA-Resto,Productos de molinería y sus preparaciones,16.4685,1,3281.901954,FALSE,0.5017974403509557
2020-01-01,2020,2. NOA-Resto,Frutas secas o procesadas,14.648577,1,3281.901954,FALSE,0.4463441384087125
2020-01-01,2020,2. NOA-Resto,"Papel, cartón, impresos y publicaciones",12.911034,1,3281.901954,FALSE,0.3934009662983369
2020-01-01,2020,2. NOA-Resto,Resto de productos,10.625481,1,3281.901954,FALSE,0.3237598547710911
2020-01-01,2020,2. NOA-Resto,Grasas y aceites,3.735708,1,3281.901954,FALSE,0.11382753209451911
2020-01-01,2020,2. NOA-Resto,Material de transporte terrestre,NA,0,3281.901954,FALSE,NA
2020-01-01,2020,2. NOA-Resto,"Minerales metalíferos, escorias y cenizas",NA,0,3281.901954,FALSE,NA
2020-01-01,2020,3. La Rioja,"Papel, cartón, impresos y publicaciones",57.003116,1,172.949076,FALSE,32.95947993385059
2020-01-01,2020,3. La Rioja,"Preparados de hortalizas, legumbres y frutas",44.903,1,172.949076,FALSE,25.963133795522563
2020-01-01,2020,3. La Rioja,Resto de productos,30.616787,1,172.949076,FALSE,17.70277570028764
2020-01-01,2020,3. La Rioja,Grasas y aceites,26.381149,1,172.949076,FALSE,15.253709132276603
2020-01-01,2020,3. La Rioja,"Bebidas, líquidos alcohólicos y vinagre",14.045023,1,172.949076,FALSE,8.120900859857732
2021-01-01,2021,1. Resto país,Residuos y desperdicios de la industria alimentaria,12646.131339,1,71445.958362,FALSE,17.700275325477477
2021-01-01,2021,1. Resto país,Cereales,12287.582702,1,71445.958362,FALSE,17.198429391543304
2021-01-01,2021,1. Resto país,Grasas y aceites,8617.787699,1,71445.958362,FALSE,12.061966690033998
2021-01-01,2021,1. Resto país,Material de transporte terrestre,6286.865435000001,1,71445.958362,FALSE,8.799469667893487
2021-01-01,2021,1. Resto país,Productos químicos y conexos,4482.79893,1,71445.958362,FALSE,6.274391208088641
2021-01-01,2021,1. Resto país,Semillas y frutos oleaginosos,3539.996102,1,71445.958362,FALSE,4.954788462719844
2021-01-01,2021,1. Resto país,Carnes y sus preparados,3259.406946,1,71445.958362,FALSE,4.562059241315437
2021-01-01,2021,1. Resto país,Petróleo crudo,1848.250832,1,71445.958362,FALSE,2.5869214639620957
2021-01-01,2021,1. Resto país,Carburantes,1498.725675,1,71445.958362,FALSE,2.0977053277195985
2021-01-01,2021,1. Resto país,"Piedras, metales preciosos y sus manufacturas, monedas",1472.257869,1,71445.958362,FALSE,2.060659416926585
2021-01-01,2021,1. Resto país,Pescados y mariscos sin elaborar,1332.068022,1,71445.958362,FALSE,1.8644413939424287
2021-01-01,2021,1. Resto país,Metales comunes y sus manufacturas,1224.486914,1,71445.958362,FALSE,1.7138644957295002
2021-01-01,2021,1. Resto país,"Máquinas y aparatos, material eléctrico",1185.8194660000001,1,71445.958362,FALSE,1.6597432425662617
2021-01-01,2021,1. Resto país,Productos lácteos,1138.513527,1,71445.958362,FALSE,1.5935310451452238
2021-01-01,2021,1. Resto país,Resto de productos,1082.350727,1,71445.958362,FALSE,1.5149222598652556
2021-01-01,2021,1. Resto país,Materias plásticas y sus manufacturas,978.988146,1,71445.958362,FALSE,1.3702498621961168
2021-01-01,2021,1. Resto país,"Bebidas, líquidos alcohólicos y vinagre",849.812603,1,71445.958362,FALSE,1.1894481122279832
2021-01-01,2021,1. Resto país,Productos de molinería y sus preparaciones,813.700037,1,71445.958362,FALSE,1.1389028234139875
2021-01-01,2021,1. Resto país,"Preparados de hortalizas, legumbres y frutas",591.610382,1,71445.958362,FALSE,0.8280529725732674
2021-01-01,2021,1. Resto país,Gas de petróleo y otros hidrocarburos gaseosos,576.153854,1,71445.958362,FALSE,0.8064190994272381
2021-01-01,2021,1. Resto país,Resto de MOA,477.595101,1,71445.958362,FALSE,0.6684704242892747
2021-01-01,2021,1. Resto país,Pieles y cueros,422.816116,1,71445.958362,FALSE,0.591798508542204
2021-01-01,2021,1. Resto país,Frutas frescas,413.988357,1,71445.958362,FALSE,0.5794426535681942
2021-01-01,2021,1. Resto país,Resto de combustibles,249.54012899999998,1,71445.958362,FALSE,0.34927116203779973
2021-01-01,2021,1. Resto país,Extractos curtientes y tintóreos,231.269281,1,71445.958362,FALSE,0.32369819973330405
2021-01-01,2021,1. Resto país,Pescados y mariscos elaborados,227.356527,1,71445.958362,FALSE,0.3182216772123589
2021-01-01,2021,1. Resto país,Caucho y sus manufacturas,224.301344,1,71445.958362,FALSE,0.3139454619161484
2021-01-01,2021,1. Resto país,"Papel, cartón, impresos y publicaciones",212.24731999999997,1,71445.958362,FALSE,0.2970739351337304
2021-01-01,2021,1. Resto país,Miel,179.330395,1,71445.958362,FALSE,0.2510014549617695
2021-01-01,2021,1. Resto país,Hortalizas y legumbres sin elaborar,176.062136,1,71445.958362,FALSE,0.2464270058607574
2021-01-01,2021,1. Resto país,"Café, té, yerba mate y especias",152.14717100000001,1,71445.958362,FALSE,0.2129542027123575
2021-01-01,2021,1. Resto país,Frutas secas o procesadas,105.92614,1,71445.958362,FALSE,0.14826050686211942
2021-01-01,2021,1. Resto país,Resto de MOI,104.952145,1,71445.958362,FALSE,0.14689724570315366
2021-01-01,2021,1. Resto país,"Manufacturas de piedra, yeso, vidrio, etc.",98.04360799999999,1,71445.958362,FALSE,0.13722764764836087
2021-01-01,2021,1. Resto país,Lanas elaboradas,82.695188,1,71445.958362,FALSE,0.1157450888698319
2021-01-01,2021,1. Resto país,Resto de productos primarios,77.73984,1,71445.958362,FALSE,0.10880928996166636
2021-01-01,2021,1. Resto país,Fibras de algodón,64.215348,1,71445.958362,FALSE,0.08987960896911175
2021-01-01,2021,1. Resto país,"Azúcar, cacao y artículos de confitería",58.01452,1,71445.958362,FALSE,0.0812005623971813
2021-01-01,2021,1. Resto país,Lanas sucias,40.399077000000005,1,71445.958362,FALSE,0.05654494379557106
2021-01-01,2021,1. Resto país,Tabaco sin elaborar,36.051591,1,71445.958362,FALSE,0.05045994458823689
2021-01-01,2021,1. Resto país,"Minerales metalíferos, escorias y cenizas",NA,0,71445.958362,FALSE,NA
2021-01-01,2021,1. Resto país,Otros productos de origen animal,NA,0,71445.958362,FALSE,NA
2021-01-01,2021,1. Resto país,Textiles y confecciones,NA,0,71445.958362,FALSE,NA
2021-01-01,2021,2. NOA-Resto,Cereales,1350.187137,1,4254.241775,FALSE,31.73743309405587
2021-01-01,2021,2. NOA-Resto,Hortalizas y legumbres sin elaborar,425.593104,1,4254.241775,FALSE,10.003970778083008
2021-01-01,2021,2. NOA-Resto,Semillas y frutos oleaginosos,300.498516,1,4254.241775,FALSE,7.063503484119681
2021-01-01,2021,2. NOA-Resto,Productos químicos y conexos,275.836925,1,4254.241775,FALSE,6.483809326986358
2021-01-01,2021,2. NOA-Resto,"Piedras, metales preciosos y sus manufacturas, monedas",201.33012200000002,1,4254.241775,FALSE,4.732456043826987
2021-01-01,2021,2. NOA-Resto,Frutas frescas,168.240279,1,4254.241775,FALSE,3.9546478056010335
2021-01-01,2021,2. NOA-Resto,Tabaco sin elaborar,165.402812,1,4254.241775,FALSE,3.8879504444713886
2021-01-01,2021,2. NOA-Resto,Resto de productos,152.89907,1,4254.241775,FALSE,3.594038093897472
2021-01-01,2021,2. NOA-Resto,"Preparados de hortalizas, legumbres y frutas",135.371668,1,4254.241775,FALSE,3.182039835994041
2021-01-01,2021,2. NOA-Resto,Fibras de algodón,89.00899,1,4254.241775,FALSE,2.0922409845876704
2021-01-01,2021,2. NOA-Resto,"Azúcar, cacao y artículos de confitería",81.183167,1,4254.241775,FALSE,1.9082875702333582
2021-01-01,2021,2. NOA-Resto,Residuos y desperdicios de la industria alimentaria,55.382185,1,4254.241775,FALSE,1.3018109437374417
2021-01-01,2021,2. NOA-Resto,Carnes y sus preparados,54.844257,1,4254.241775,FALSE,1.2891664343642057
2021-01-01,2021,2. NOA-Resto,Carburantes,30.49278,1,4254.241775,FALSE,0.7167618018136732
2021-01-01,2021,2. NOA-Resto,Resto de productos primarios,30.459802,1,4254.241775,FALSE,0.7159866225515591
2021-01-01,2021,2. NOA-Resto,"Bebidas, líquidos alcohólicos y vinagre",25.158421,1,4254.241775,FALSE,0.5913726189198543
2021-01-01,2021,2. NOA-Resto,Frutas secas o procesadas,18.231748,1,4254.241775,FALSE,0.42855458068083113
2021-01-01,2021,2. NOA-Resto,"Máquinas y aparatos, material eléctrico",17.635446,1,4254.241775,FALSE,0.4145379349061561
2021-01-01,2021,2. NOA-Resto,Productos de molinería y sus preparaciones,3.467627,1,4254.241775,FALSE,0.08150987140358283
2021-01-01,2021,2. NOA-Resto,Grasas y aceites,3.332418,1,4254.241775,FALSE,0.07833165523367557
2021-01-01,2021,2. NOA-Resto,Miel,2.989573,1,4254.241775,FALSE,0.07027275735874226
2021-01-01,2021,2. NOA-Resto,Pieles y cueros,2.701384,1,4254.241775,FALSE,0.06349860075829845
2021-01-01,2021,2. NOA-Resto,Material de transporte terrestre,NA,0,4254.241775,FALSE,NA
2021-01-01,2021,2. NOA-Resto,"Minerales metalíferos, escorias y cenizas",NA,0,4254.241775,FALSE,NA
2021-01-01,2021,2. NOA-Resto,Petróleo crudo,NA,0,4254.241775,FALSE,NA
2021-01-01,2021,2. NOA-Resto,Resto de MOA,NA,0,4254.241775,FALSE,NA
2021-01-01,2021,3. La Rioja,"Papel, cartón, impresos y publicaciones",60.023983,1,165.270261,FALSE,36.318683492609715
2021-01-01,2021,3. La Rioja,"Preparados de hortalizas, legumbres y frutas",40.391057000000004,1,165.270261,FALSE,24.439398083845226
2021-01-01,2021,3. La Rioja,Grasas y aceites,30.618064,1,165.270261,FALSE,18.526057752156632
2021-01-01,2021,3. La Rioja,"Bebidas, líquidos alcohólicos y vinagre",12.670469,1,165.270261,FALSE,7.666514788162645
2021-01-01,2021,3. La Rioja,Frutas frescas,5.463998,1,165.270261,FALSE,3.306098730006846
2021-01-01,2021,3. La Rioja,Resto de productos,5.350543,1,165.270261,FALSE,3.2374505658946107
2021-01-01,2021,3. La Rioja,Frutas secas o procesadas,3.320271,1,165.270261,FALSE,2.008994830594477
2021-01-01,2021,3. La Rioja,Materias plásticas y sus manufacturas,0.757524,1,165.270261,FALSE,0.4583546945569354
2021-01-01,2021,3. La Rioja,Productos químicos y conexos,NA,0,165.270261,FALSE,NA
2021-01-01,2021,3. La Rioja,Textiles y confecciones,NA,0,165.270261,FALSE,NA
2022-01-01,2022,1. Resto país,Cereales,14058.913994999999,1,82247.056164,FALSE,17.093516352690646
2022-01-01,2022,1. Resto país,Residuos y desperdicios de la industria alimentaria,13061.252043,1,82247.056164,FALSE,15.880510078021475
2022-01-01,2022,1. Resto país,Grasas y aceites,9087.018064,1,82247.056164,FALSE,11.048441716723035
2022-01-01,2022,1. Resto país,Material de transporte terrestre,7756.405838000001,1,82247.056164,FALSE,9.430618188368696
2022-01-01,2022,1. Resto país,Productos químicos y conexos,5065.271125,1,82247.056164,FALSE,6.158604771093435
2022-01-01,2022,1. Resto país,Semillas y frutos oleaginosos,4000.3045039999997,1,82247.056164,FALSE,4.863766182735372
2022-01-01,2022,1. Resto país,Petróleo crudo,3930.007398,1,82247.056164,FALSE,4.778295517548489
2022-01-01,2022,1. Resto país,Carnes y sus preparados,3929.311746,1,82247.056164,FALSE,4.777449709768313
2022-01-01,2022,1. Resto país,Carburantes,2511.180822,1,82247.056164,FALSE,3.0532166610227662
2022-01-01,2022,1. Resto país,"Piedras, metales preciosos y sus manufacturas, monedas",1583.606489,1,82247.056164,FALSE,1.9254263469835333
2022-01-01,2022,1. Resto país,"Máquinas y aparatos, material eléctrico",1418.5821779999999,1,82247.056164,FALSE,1.724781705464762
2022-01-01,2022,1. Resto país,Productos lácteos,1418.353418,1,82247.056164,FALSE,1.7245035678502756
2022-01-01,2022,1. Resto país,Metales comunes y sus manufacturas,1340.744775,1,82247.056164,FALSE,1.6301431778014828
2022-01-01,2022,1. Resto país,Gas de petróleo y otros hidrocarburos gaseosos,1329.624607,1,82247.056164,FALSE,1.6166227327926956
2022-01-01,2022,1. Resto país,Resto de productos,1166.24384,1,82247.056164,FALSE,1.4179763925829987
2022-01-01,2022,1. Resto país,Pescados y mariscos sin elaborar,1096.150976,1,82247.056164,FALSE,1.3327540548251153
2022-01-01,2022,1. Resto país,Materias plásticas y sus manufacturas,1023.645642,1,82247.056164,FALSE,1.2445985178592391
2022-01-01,2022,1. Resto país,Productos de molinería y sus preparaciones,985.35269,1,82247.056164,FALSE,1.1980400709238934
2022-01-01,2022,1. Resto país,"Bebidas, líquidos alcohólicos y vinagre",817.2371539999999,1,82247.056164,FALSE,0.9936369666173039
2022-01-01,2022,1. Resto país,"Preparados de hortalizas, legumbres y frutas",574.025456,1,82247.056164,FALSE,0.6979282697430503
2022-01-01,2022,1. Resto país,Resto de MOA,505.632478,1,82247.056164,FALSE,0.6147727366579209
2022-01-01,2022,1. Resto país,Resto de combustibles,491.984369,1,82247.056164,FALSE,0.5981786971426515
2022-01-01,2022,1. Resto país,Pieles y cueros,436.94982400000004,1,82247.056164,FALSE,0.5312650013013541
2022-01-01,2022,1. Resto país,Frutas frescas,337.431217,1,82247.056164,FALSE,0.41026540369683845
2022-01-01,2022,1. Resto país,Extractos curtientes y tintóreos,266.667273,1,82247.056164,FALSE,0.3242271340001125
2022-01-01,2022,1. Resto país,Pescados y mariscos elaborados,250.671583,1,82247.056164,FALSE,0.30477879050183
2022-01-01,2022,1. Resto país,Caucho y sus manufacturas,217.221054,1,82247.056164,FALSE,0.26410799867032675
2022-01-01,2022,1. Resto país,"Papel, cartón, impresos y publicaciones",213.15005499999998,1,82247.056164,FALSE,0.25915827865617513
2022-01-01,2022,1. Resto país,Miel,202.679355,1,82247.056164,FALSE,0.24642748865790276
2022-01-01,2022,1. Resto país,Hortalizas y legumbres sin elaborar,171.230305,1,82247.056164,FALSE,0.20819019304298025
2022-01-01,2022,1. Resto país,"Café, té, yerba mate y especias",169.308321,1,82247.056164,FALSE,0.2058533507416977
2022-01-01,2022,1. Resto país,"Manufacturas de piedra, yeso, vidrio, etc.",121.296189,1,82247.056164,FALSE,0.14747784863951402
2022-01-01,2022,1. Resto país,Frutas secas o procesadas,97.999502,1,82247.056164,FALSE,0.11915259532765496
2022-01-01,2022,1. Resto país,Lanas elaboradas,85.735653,1,82247.056164,FALSE,0.10424160693246427
2022-01-01,2022,1. Resto país,Resto de MOI,81.652475,1,82247.056164,FALSE,0.09927707909348828
2022-01-01,2022,1. Resto país,Resto de productos primarios,71.556692,1,82247.056164,FALSE,0.0870021315502363
2022-01-01,2022,1. Resto país,"Azúcar, cacao y artículos de confitería",65.437369,1,82247.056164,FALSE,0.07956195887366278
2022-01-01,2022,1. Resto país,Fibras de algodón,61.444129000000004,1,82247.056164,FALSE,0.07470678206096627
2022-01-01,2022,1. Resto país,Tabaco sin elaborar,33.10408,1,82247.056164,FALSE,0.04024956216547219
2022-01-01,2022,1. Resto país,Lanas sucias,26.049577,1,82247.056164,FALSE,0.031672351832334696
2022-01-01,2022,1. Resto país,"Minerales metalíferos, escorias y cenizas",NA,0,82247.056164,FALSE,NA
2022-01-01,2022,1. Resto país,Otros productos de origen animal,NA,0,82247.056164,FALSE,NA
2022-01-01,2022,1. Resto país,Textiles y confecciones,NA,0,82247.056164,FALSE,NA
2022-01-01,2022,2. NOA-Resto,Cereales,1486.312644,1,4896.377252,FALSE,30.355353917897013
2022-01-01,2022,2. NOA-Resto,Hortalizas y legumbres sin elaborar,360.85761199999996,1,4896.377252,FALSE,7.369889888541618
2022-01-01,2022,2. NOA-Resto,Semillas y frutos oleaginosos,312.858753,1,4896.377252,FALSE,6.389596571060942
2022-01-01,2022,2. NOA-Resto,Tabaco sin elaborar,271.629232,1,4896.377252,FALSE,5.547555223385798
2022-01-01,2022,2. NOA-Resto,Productos químicos y conexos,269.113715,1,4896.377252,FALSE,5.49618015830125
2022-01-01,2022,2. NOA-Resto,"Piedras, metales preciosos y sus manufacturas, monedas",250.060385,1,4896.377252,FALSE,5.107048990105062
2022-01-01,2022,2. NOA-Resto,Resto de productos,143.531667,1,4896.377252,FALSE,2.9313849732753394
2022-01-01,2022,2. NOA-Resto,Frutas frescas,124.923208,1,4896.377252,FALSE,2.5513395224800783
2022-01-01,2022,2. NOA-Resto,"Azúcar, cacao y artículos de confitería",124.440172,1,4896.377252,FALSE,2.5414743512496
2022-01-01,2022,2. NOA-Resto,"Preparados de hortalizas, legumbres y frutas",121.631697,1,4896.377252,FALSE,2.4841161279049255
2022-01-01,2022,2. NOA-Resto,Fibras de algodón,85.167799,1,4896.377252,FALSE,1.7394043517625588
2022-01-01,2022,2. NOA-Resto,Residuos y desperdicios de la industria alimentaria,75.037973,1,4896.377252,FALSE,1.5325202519750614
2022-01-01,2022,2. NOA-Resto,Carnes y sus preparados,61.315475,1,4896.377252,FALSE,1.2522620673265066
2022-01-01,2022,2. NOA-Resto,Resto de productos primarios,28.298083,1,4896.377252,FALSE,0.5779391893964301
2022-01-01,2022,2. NOA-Resto,Carburantes,27.957337,1,4896.377252,FALSE,0.57098004424761994
2022-01-01,2022,2. NOA-Resto,"Bebidas, líquidos alcohólicos y vinagre",20.800845,1,4896.377252,FALSE,0.4248211265074311
2022-01-01,2022,2. NOA-Resto,"Máquinas y aparatos, material eléctrico",15.616528,1,4896.377252,FALSE,0.31894045732732684
2022-01-01,2022,2. NOA-Resto,Frutas secas o procesadas,12.384182,1,4896.377252,FALSE,0.25292540510316053
2022-01-01,2022,2. NOA-Resto,Productos de molinería y sus preparaciones,7.010351,1,4896.377252,FALSE,0.14317424167299436
2022-01-01,2022,2. NOA-Resto,Grasas y aceites,4.064694,1,4896.377252,FALSE,0.08301431427367476
2022-01-01,2022,2. NOA-Resto,Pieles y cueros,3.552729,1,4896.377252,FALSE,0.07255831847002461
2022-01-01,2022,2. NOA-Resto,Miel,3.378817,1,4896.377252,FALSE,0.06900646796812625
2022-01-01,2022,2. NOA-Resto,Material de transporte terrestre,NA,0,4896.377252,FALSE,NA
2022-01-01,2022,2. NOA-Resto,"Minerales metalíferos, escorias y cenizas",NA,0,4896.377252,FALSE,NA
2022-01-01,2022,2. NOA-Resto,Petróleo crudo,NA,0,4896.377252,FALSE,NA
2022-01-01,2022,2. NOA-Resto,Resto de MOA,NA,0,4896.377252,FALSE,NA
2022-01-01,2022,3. La Rioja,"Papel, cartón, impresos y publicaciones",70.193354,1,187.207336,FALSE,37.494980431749745
2022-01-01,2022,3. La Rioja,"Preparados de hortalizas, legumbres y frutas",53.308267,1,187.207336,FALSE,28.475522454953367
2022-01-01,2022,3. La Rioja,Grasas y aceites,30.434765,1,187.207336,FALSE,16.257250196648275
2022-01-01,2022,3. La Rioja,"Bebidas, líquidos alcohólicos y vinagre",10.932046,1,187.207336,FALSE,5.839539322326557
2022-01-01,2022,3. La Rioja,Resto de productos,6.184309,1,187.207336,FALSE,3.3034544116369453
2022-01-01,2022,3. La Rioja,Frutas secas o procesadas,5.127842,1,187.207336,FALSE,2.739124496702416
2022-01-01,2022,3. La Rioja,Frutas frescas,2.926933,1,187.207336,FALSE,1.563471316102698
2022-01-01,2022,3. La Rioja,Materias plásticas y sus manufacturas,1.04203,1,187.207336,FALSE,0.5566181444940812
2022-01-01,2022,3. La Rioja,Productos químicos y conexos,NA,0,187.207336,FALSE,NA
2022-01-01,2022,3. La Rioja,Textiles y confecciones,NA,0,187.207336,FALSE,NA
2023-01-01,2023,1. Resto país,Residuos y desperdicios de la industria alimentaria,8913.323559,1,61333.361943,FALSE,14.532585980340642
2023-01-01,2023,1. Resto país,Material de transporte terrestre,8122.357231,1,61333.361943,FALSE,13.242967568855088
2023-01-01,2023,1. Resto país,Cereales,7742.282186,1,61333.361943,FALSE,12.623280284546068
2023-01-01,2023,1. Resto país,Grasas y aceites,5535.360353,1,61333.361943,FALSE,9.025039843966605
2023-01-01,2023,1. Resto país,Petróleo crudo,3937.1478519999996,1,61333.361943,FALSE,6.419259807833423
2023-01-01,2023,1. Resto país,Carnes y sus preparados,3094.952864,1,61333.361943,FALSE,5.046116446178649
2023-01-01,2023,1. Resto país,Productos químicos y conexos,3017.651582,1,61333.361943,FALSE,4.920081806055971
2023-01-01,2023,1. Resto país,"Piedras, metales preciosos y sus manufacturas, monedas",2349.472069,1,61333.361943,FALSE,3.830659195208434
2023-01-01,2023,1. Resto país,Carburantes,2138.989427,1,61333.361943,FALSE,3.4874811346357695
2023-01-01,2023,1. Resto país,Semillas y frutos oleaginosos,1968.1408940000001,1,61333.361943,FALSE,3.208923873811265
2023-01-01,2023,1. Resto país,"Máquinas y aparatos, material eléctrico",1295.530145,1,61333.361943,FALSE,2.1122764250294925
2023-01-01,2023,1. Resto país,Gas de petróleo y otros hidrocarburos gaseosos,1240.4756690000002,1,61333.361943,FALSE,2.022513734291678
2023-01-01,2023,1. Resto país,Metales comunes y sus manufacturas,1227.0069620000002,1,61333.361943,FALSE,2.000553896165542
2023-01-01,2023,1. Resto país,Productos lácteos,1161.450792,1,61333.361943,FALSE,1.8936688862407238
2023-01-01,2023,1. Resto país,Pescados y mariscos sin elaborar,1048.829265,1,61333.361943,FALSE,1.7100469170020822
2023-01-01,2023,1. Resto país,Resto de productos,967.975371,1,61333.361943,FALSE,1.578219977407378
2023-01-01,2023,1. Resto país,Productos de molinería y sus preparaciones,905.83597,1,61333.361943,FALSE,1.4769057839057251
2023-01-01,2023,1. Resto país,Materias plásticas y sus manufacturas,739.966013,1,61333.361943,FALSE,1.206465762773098
2023-01-01,2023,1. Resto país,"Bebidas, líquidos alcohólicos y vinagre",677.0118460000001,1,61333.361943,FALSE,1.103823147065017
2023-01-01,2023,1. Resto país,"Preparados de hortalizas, legumbres y frutas",571.483245,1,61333.361943,FALSE,0.9317657256928236
2023-01-01,2023,1. Resto país,Resto de MOA,472.580348,1,61333.361943,FALSE,0.770511077542417
2023-01-01,2023,1. Resto país,Pieles y cueros,388.93919800000003,1,61333.361943,FALSE,0.6341397009370848
2023-01-01,2023,1. Resto país,Frutas frescas,357.114798,1,61333.361943,FALSE,0.5822521164450168
2023-01-01,2023,1. Resto país,Resto de combustibles,322.583857,1,61333.361943,FALSE,0.5259516954244127
2023-01-01,2023,1. Resto país,Pescados y mariscos elaborados,243.64025700000002,1,61333.361943,FALSE,0.39723936415947075
2023-01-01,2023,1. Resto país,Extractos curtientes y tintóreos,201.116412,1,61333.361943,FALSE,0.3279070405221011
2023-01-01,2023,1. Resto país,Caucho y sus manufacturas,175.553541,1,61333.361943,FALSE,0.2862284659418315
2023-01-01,2023,1. Resto país,"Papel, cartón, impresos y publicaciones",164.338713,1,61333.361943,FALSE,0.2679434288189318
2023-01-01,2023,1. Resto país,"Café, té, yerba mate y especias",161.636748,1,61333.361943,FALSE,0.2635380531564806
2023-01-01,2023,1. Resto país,Hortalizas y legumbres sin elaborar,152.29105099999998,1,61333.361943,FALSE,0.24830051080769266
2023-01-01,2023,1. Resto país,Miel,150.404948,1,61333.361943,FALSE,0.24522534430735823
2023-01-01,2023,1. Resto país,"Manufacturas de piedra, yeso, vidrio, etc.",104.833538,1,61333.361943,FALSE,0.17092416700950908
2023-01-01,2023,1. Resto país,Frutas secas o procesadas,94.268207,1,61333.361943,FALSE,0.15369809189264386
2023-01-01,2023,1. Resto país,"Azúcar, cacao y artículos de confitería",88.03352799999999,1,61333.361943,FALSE,0.1435328591343382
2023-01-01,2023,1. Resto país,Resto de productos primarios,82.111985,1,61333.361943,FALSE,0.1338781739639685
2023-01-01,2023,1. Resto país,Resto de MOI,79.586227,1,61333.361943,FALSE,0.1297600921892448
2023-01-01,2023,1. Resto país,Lanas elaboradas,57.982385,1,61333.361943,FALSE,0.09453645318494978
2023-01-01,2023,1. Resto país,Tabaco sin elaborar,23.28778,1,61333.361943,FALSE,0.03796918881055703
2023-01-01,2023,1. Resto país,Fibras de algodón,20.724134,1,61333.361943,FALSE,0.033789333151605025
2023-01-01,2023,1. Resto país,Lanas sucias,17.59114,1,61333.361943,FALSE,0.02868119314305366
2023-01-01,2023,1. Resto país,Textiles y confecciones,1.759822,1,61333.361943,FALSE,0.002869273661592994
2023-01-01,2023,1. Resto país,"Minerales metalíferos, escorias y cenizas",NA,0,61333.361943,FALSE,NA
2023-01-01,2023,1. Resto país,Otros productos de origen animal,NA,0,61333.361943,FALSE,NA
2023-01-01,2023,2. NOA-Resto,Cereales,911.191507,1,4122.3881010000005,FALSE,22.103486733307935
2023-01-01,2023,2. NOA-Resto,Productos químicos y conexos,465.130873,1,4122.3881010000005,FALSE,11.283044235625692
2023-01-01,2023,2. NOA-Resto,Hortalizas y legumbres sin elaborar,350.64921300000003,1,4122.3881010000005,FALSE,8.505972858667533
2023-01-01,2023,2. NOA-Resto,Tabaco sin elaborar,240.694531,1,4122.3881010000005,FALSE,5.838715936076296
2023-01-01,2023,2. NOA-Resto,"Piedras, metales preciosos y sus manufacturas, monedas",240.104124,1,4122.3881010000005,FALSE,5.82439397061514
2023-01-01,2023,2. NOA-Resto,Frutas frescas,114.323387,1,4122.3881010000005,FALSE,2.773232024715666
2023-01-01,2023,2. NOA-Resto,Semillas y frutos oleaginosos,113.12571299999999,1,4122.3881010000005,FALSE,2.7441791075555986
2023-01-01,2023,2. NOA-Resto,"Preparados de hortalizas, legumbres y frutas",100.22955,1,4122.3881010000005,FALSE,2.4313467714426626
2023-01-01,2023,2. NOA-Resto,Residuos y desperdicios de la industria alimentaria,65.76925,1,4122.3881010000005,FALSE,1.5954162584557683
2023-01-01,2023,2. NOA-Resto,Resto de productos,65.32679399999999,1,4122.3881010000005,FALSE,1.5846832563909534
2023-01-01,2023,2. NOA-Resto,Carnes y sus preparados,53.501665,1,4122.3881010000005,FALSE,1.297831831675957
2023-01-01,2023,2. NOA-Resto,"Azúcar, cacao y artículos de confitería",41.10571,1,4122.3881010000005,FALSE,0.9971334331677472
2023-01-01,2023,2. NOA-Resto,Resto de productos primarios,38.879838,1,4122.3881010000005,FALSE,0.9431387110439361
2023-01-01,2023,2. NOA-Resto,Fibras de algodón,28.725753,1,4122.3881010000005,FALSE,0.6968231106875106
2023-01-01,2023,2. NOA-Resto,Carburantes,18.935755,1,4122.3881010000005,FALSE,0.45933945412385124
2023-01-01,2023,2. NOA-Resto,Grasas y aceites,15.333421,1,4122.3881010000005,FALSE,0.3719548141593085
2023-01-01,2023,2. NOA-Resto,Petróleo crudo,14.621547,1,4122.3881010000005,FALSE,0.35468632845250875
2023-01-01,2023,2. NOA-Resto,"Bebidas, líquidos alcohólicos y vinagre",13.806673,1,4122.3881010000005,FALSE,0.334919290996663
2023-01-01,2023,2. NOA-Resto,Frutas secas o procesadas,12.133963,1,4122.3881010000005,FALSE,0.2943430531699955
2023-01-01,2023,2. NOA-Resto,Productos de molinería y sus preparaciones,11.997843,1,4122.3881010000005,FALSE,0.2910410836158194
2023-01-01,2023,2. NOA-Resto,Pieles y cueros,3.608724,1,4122.3881010000005,FALSE,0.08753964720411946
2023-01-01,2023,2. NOA-Resto,Miel,2.507364,1,4122.3881010000005,FALSE,0.060823094249465956
2023-01-01,2023,2. NOA-Resto,Resto de MOA,2.190534,1,4122.3881010000005,FALSE,0.0531375005538325
2023-01-01,2023,2. NOA-Resto,Material de transporte terrestre,NA,0,4122.3881010000005,FALSE,NA
2023-01-01,2023,2. NOA-Resto,"Minerales metalíferos, escorias y cenizas",NA,0,4122.3881010000005,FALSE,NA
2023-01-01,2023,2. NOA-Resto,"Máquinas y aparatos, material eléctrico",NA,0,4122.3881010000005,FALSE,NA
2023-01-01,2023,3. La Rioja,Grasas y aceites,65.228477,1,199.139106,FALSE,32.75523241527458
2023-01-01,2023,3. La Rioja,"Preparados de hortalizas, legumbres y frutas",58.236662,1,199.139106,FALSE,29.24421183250667
2023-01-01,2023,3. La Rioja,"Bebidas, líquidos alcohólicos y vinagre",7.378033,1,199.139106,FALSE,3.704964408145932
2023-01-01,2023,3. La Rioja,Frutas frescas,4.704501,1,199.139106,FALSE,2.3624194637089513
2023-01-01,2023,3. La Rioja,Frutas secas o procesadas,4.159475,1,199.139106,FALSE,2.088728368600791
2023-01-01,2023,3. La Rioja,Resto de productos,0.92204,1,199.139106,FALSE,0.46301302567864294
2023-01-01,2023,3. La Rioja,Materias plásticas y sus manufacturas,0.68318,1,199.139106,FALSE,0.34306672040598596
2023-01-01,2023,3. La Rioja,"Papel, cartón, impresos y publicaciones",NA,0,199.139106,FALSE,NA
2023-01-01,2023,3. La Rioja,Productos químicos y conexos,NA,0,199.139106,FALSE,NA
2023-01-01,2023,3. La Rioja,Textiles y confecciones,NA,0,199.139106,FALSE,NA
2024-01-01,2024,1. Resto país,Residuos y desperdicios de la industria alimentaria,11335.362834,1,73822.581087,TRUE,15.354872001347747
2024-01-01,2024,1. Resto país,Cereales,10246.557312,1,73822.581087,TRUE,13.879977049196398
2024-01-01,2024,1. Resto país,Material de transporte terrestre,8293.938763,1,73822.581087,TRUE,11.234961770336346
2024-01-01,2024,1. Resto país,Grasas y aceites,7685.831071,1,73822.581087,TRUE,10.411219653702217
2024-01-01,2024,1. Resto país,Petróleo crudo,5469.522303,1,73822.581087,TRUE,7.409009848293113
2024-01-01,2024,1. Resto país,Carnes y sus preparados,3387.874767,1,73822.581087,TRUE,4.589212023090043
2024-01-01,2024,1. Resto país,Productos químicos y conexos,3266.097822,1,73822.581087,TRUE,4.424253086126723
2024-01-01,2024,1. Resto país,Semillas y frutos oleaginosos,2963.786694,1,73822.581087,TRUE,4.0147427119991566
2024-01-01,2024,1. Resto país,Carburantes,2448.651897,1,73822.581087,TRUE,3.3169415928633827
2024-01-01,2024,1. Resto país,Metales comunes y sus manufacturas,2283.476593,1,73822.581087,TRUE,3.0931952789742208
2024-01-01,2024,1. Resto país,"Piedras, metales preciosos y sus manufacturas, monedas",1616.15079,1,73822.581087,TRUE,2.189236364000013
2024-01-01,2024,1. Resto país,Productos lácteos,1254.125513,1,73822.581087,TRUE,1.698837258916769
2024-01-01,2024,1. Resto país,Gas de petróleo y otros hidrocarburos gaseosos,1186.1907449999999,1,73822.581087,TRUE,1.6068128850738403
2024-01-01,2024,1. Resto país,"Máquinas y aparatos, material eléctrico",1178.956929,1,73822.581087,TRUE,1.5970139646168668
2024-01-01,2024,1. Resto país,Pescados y mariscos sin elaborar,1138.882042,1,73822.581087,TRUE,1.542728559785557
2024-01-01,2024,1. Resto país,Resto de productos,1032.689989,1,73822.581087,TRUE,1.398880903097893
2024-01-01,2024,1. Resto país,Materias plásticas y sus manufacturas,871.769851,1,73822.581087,TRUE,1.180898633133158
2024-01-01,2024,1. Resto país,Productos de molinería y sus preparaciones,861.689414,1,73822.581087,TRUE,1.1672436825048127
2024-01-01,2024,1. Resto país,"Preparados de hortalizas, legumbres y frutas",790.344878,1,73822.581087,TRUE,1.0706004400856395
2024-01-01,2024,1. Resto país,"Bebidas, líquidos alcohólicos y vinagre",760.849124,1,73822.581087,TRUE,1.0306455190226125
2024-01-01,2024,1. Resto país,Resto de MOA,544.25901,1,73822.581087,TRUE,0.7372527511041508
2024-01-01,2024,1. Resto país,Frutas frescas,436.034183,1,73822.581087,TRUE,0.5906515006379053
2024-01-01,2024,1. Resto país,Pieles y cueros,355.962503,1,73822.581087,TRUE,0.4821864770353908
2024-01-01,2024,1. Resto país,"Papel, cartón, impresos y publicaciones",270.152019,1,73822.581087,TRUE,0.3659476748471115
2024-01-01,2024,1. Resto país,Pescados y mariscos elaborados,254.41864700000002,1,73822.581087,TRUE,0.34463526370090924
2024-01-01,2024,1. Resto país,Hortalizas y legumbres sin elaborar,220.148313,1,73822.581087,TRUE,0.2982127009898976
2024-01-01,2024,1. Resto país,Resto de combustibles,215.595103,1,73822.581087,TRUE,0.2920449269389821
2024-01-01,2024,1. Resto país,Extractos curtientes y tintóreos,206.490138,1,73822.581087,TRUE,0.2797113497788043
2024-01-01,2024,1. Resto país,Resto de MOI,180.059193,1,73822.581087,TRUE,0.24390801614996366
2024-01-01,2024,1. Resto país,"Café, té, yerba mate y especias",177.597132,1,73822.581087,TRUE,0.24057291059858982
2024-01-01,2024,1. Resto país,Frutas secas o procesadas,133.301788,1,73822.581087,TRUE,0.18057047862212194
2024-01-01,2024,1. Resto país,Miel,126.043245,1,73822.581087,TRUE,0.1707380629938391
2024-01-01,2024,1. Resto país,"Azúcar ,cacao y artículos de confitería",78.882446,1,73822.581087,TRUE,0.10685408832703498
2024-01-01,2024,1. Resto país,Resto de productos primarios,73.875488,1,73822.581087,TRUE,0.10007166765537182
2024-01-01,2024,1. Resto país,Grasas y aceites lubricantes,72.478837,1,73822.581087,TRUE,0.09817976550370626
2024-01-01,2024,1. Resto país,Fibras de algodón,71.026261,1,73822.581087,TRUE,0.09621210739881267
2024-01-01,2024,1. Resto país,Lanas elaboradas,62.442205,1,73822.581087,TRUE,0.08458415308780899
2024-01-01,2024,1. Resto país,Caucho y sus manufacturas,52.082156,1,73822.581087,TRUE,0.07055044030311147
2024-01-01,2024,1. Resto país,Tabaco sin elaborar,27.201991,1,73822.581087,TRUE,0.036847791826653174
2024-01-01,2024,1. Resto país,Lanas sucias,22.406883,1,73822.581087,TRUE,0.030352342968872174
2024-01-01,2024,1. Resto país,"Manufacturas de piedra, yeso, vidrio, etc.",9.691091,1,73822.581087,TRUE,0.013127542897178084
2024-01-01,2024,1. Resto país,Textiles y confecciones,6.750405,1,73822.581087,TRUE,0.009144092363886112
2024-01-01,2024,1. Resto país,"Azúcar, cacao y artículos de confitería",4.251752,1,73822.581087,TRUE,0.005759419323186905
2024-01-01,2024,1. Resto país,Energía eléctrica,NA,0,73822.581087,TRUE,NA
2024-01-01,2024,1. Resto país,"Minerales metalíferos, escorias y cenizas",NA,0,73822.581087,TRUE,NA
2024-01-01,2024,1. Resto país,Otros productos de origen animal,NA,0,73822.581087,TRUE,NA
2024-01-01,2024,2. NOA-Resto,Productos químicos y conexos,698.455563,1,4091.532483,TRUE,17.07075688393111
2024-01-01,2024,2. NOA-Resto,Cereales,578.996349,1,4091.532483,TRUE,14.15108767694464
2024-01-01,2024,2. NOA-Resto,"Minerales metalíferos, escorias y cenizas",358.490956,1,4091.532483,TRUE,8.76177709671137
2024-01-01,2024,2. NOA-Resto,Tabaco sin elaborar,280.989532,1,4091.532483,TRUE,6.867586489108658
2024-01-01,2024,2. NOA-Resto,"Azúcar, cacao y artículos de confitería",279.40221299999996,1,4091.532483,TRUE,6.828791269796696
2024-01-01,2024,2. NOA-Resto,"Piedras, metales preciosos y sus manufacturas, monedas",270.404442,1,4091.532483,TRUE,6.60887926769516
2024-01-01,2024,2. NOA-Resto,Hortalizas y legumbres sin elaborar,246.27553999999998,1,4091.532483,TRUE,6.019151528754953
2024-01-01,2024,2. NOA-Resto,Semillas y frutos oleaginosos,202.84685100000002,1,4091.532483,TRUE,4.957723098687667
2024-01-01,2024,2. NOA-Resto,"Preparados de hortalizas, legumbres y frutas",139.70216,1,4091.532483,TRUE,3.4144213831969226
2024-01-01,2024,2. NOA-Resto,Frutas frescas,101.250406,1,4091.532483,TRUE,2.474632828180824
2024-01-01,2024,2. NOA-Resto,Resto de productos,92.570909,1,4091.532483,TRUE,2.262499671813066
2024-01-01,2024,2. NOA-Resto,Residuos y desperdicios de la industria alimentaria,74.088525,1,4091.532483,TRUE,1.8107768985785175
2024-01-01,2024,2. NOA-Resto,Fibras de algodón,69.819649,1,4091.532483,TRUE,1.706442495326512
2024-01-01,2024,2. NOA-Resto,Carnes y sus preparados,54.627418,1,4091.532483,TRUE,1.3351334304926743
2024-01-01,2024,2. NOA-Resto,Resto de productos primarios,38.583723,1,4091.532483,TRUE,0.9430139724006195
2024-01-01,2024,2. NOA-Resto,Frutas secas o procesadas,14.275184,1,4091.532483,TRUE,0.34889577583246084
2024-01-01,2024,2. NOA-Resto,Grasas y aceites,14.178649,1,4091.532483,TRUE,0.3465363909222568
2024-01-01,2024,2. NOA-Resto,Petróleo crudo,10.960967,1,4091.532483,TRUE,0.26789392594442224
2024-01-01,2024,2. NOA-Resto,Productos de molinería y sus preparaciones,10.830609,1,4091.532483,TRUE,0.2647078825599049
2024-01-01,2024,2. NOA-Resto,Miel,2.533907,1,4091.532483,TRUE,0.06193051162438981
2024-01-01,2024,2. NOA-Resto,Gas de petróleo y otros hidrocarburos gaseosos,NA,0,4091.532483,TRUE,NA
2024-01-01,2024,2. NOA-Resto,Material de transporte terrestre,NA,0,4091.532483,TRUE,NA
2024-01-01,2024,2. NOA-Resto,Otros productos de origen animal,NA,0,4091.532483,TRUE,NA
2024-01-01,2024,2. NOA-Resto,"Papel, cartón, impresos y publicaciones",NA,0,4091.532483,TRUE,NA
2024-01-01,2024,2. NOA-Resto,Resto de MOA,NA,0,4091.532483,TRUE,NA
2024-01-01,2024,3. La Rioja,"Preparados de hortalizas, legumbres y frutas",86.921622,1,219.813548,TRUE,39.54334152324406
2024-01-01,2024,3. La Rioja,"Papel, cartón, impresos y publicaciones",51.273406,1,219.813548,TRUE,23.325862516900006
2024-01-01,2024,3. La Rioja,Grasas y aceites,44.158199,1,219.813548,TRUE,20.088934190716945
2024-01-01,2024,3. La Rioja,"Bebidas, líquidos alcohólicos y vinagre",10.16276,1,219.813548,TRUE,4.623354698774072
2024-01-01,2024,3. La Rioja,Frutas secas o procesadas,9.193456,1,219.813548,TRUE,4.182388248425888
2024-01-01,2024,3. La Rioja,Frutas frescas,5.894184,1,219.813548,TRUE,2.6814470962454053
2024-01-01,2024,3. La Rioja,Textiles y confecciones,2.341591,1,219.813548,TRUE,1.0652623649930806
2024-01-01,2024,3. La Rioja,Semillas y frutos oleaginosos,0.366367,1,219.813548,TRUE,0.16667171033516096
2024-01-01,2024,3. La Rioja,Productos químicos y conexos,NA,0,219.813548,TRUE,NA
2024-01-01,2024,3. La Rioja,Resto de productos,NA,0,219.813548,TRUE,NA
2025-01-01,2025,1. Resto país,Cereales,10620.63552,1,80305.840141,TRUE,13.22523430593892
2025-01-01,2025,1. Resto país,Residuos y desperdicios de la industria alimentaria,9351.571109999999,1,80305.840141,TRUE,11.644945241318224
2025-01-01,2025,1. Resto país,Grasas y aceites,9232.672705,1,80305.840141,TRUE,11.49688825717954
2025-01-01,2025,1. Resto país,Material de transporte terrestre,8106.206081,1,80305.840141,TRUE,10.094167580797642
2025-01-01,2025,1. Resto país,Petróleo crudo,6700.402892,1,80305.840141,TRUE,8.343605994577127
2025-01-01,2025,1. Resto país,Semillas y frutos oleaginosos,5745.312196,1,80305.840141,TRUE,7.154289384075246
2025-01-01,2025,1. Resto país,Carnes y sus preparados,4302.952797999999,1,80305.840141,TRUE,5.35820656436061
2025-01-01,2025,1. Resto país,"Piedras, metales preciosos y sus manufacturas, monedas",3793.4884439999996,1,80305.840141,TRUE,4.7238014537167405
2025-01-01,2025,1. Resto país,Productos químicos y conexos,3509.982527,1,80305.840141,TRUE,4.370768702297637
2025-01-01,2025,1. Resto país,Carburantes,2388.581209,1,80305.840141,TRUE,2.9743555447600807
2025-01-01,2025,1. Resto país,Metales comunes y sus manufacturas,2248.5014,1,80305.840141,TRUE,2.7999226408093225
2025-01-01,2025,1. Resto país,Productos lácteos,1497.926613,1,80305.840141,TRUE,1.8652773078146736
2025-01-01,2025,1. Resto país,"Máquinas y aparatos, material eléctrico",1297.892317,1,80305.840141,TRUE,1.6161867116030129
2025-01-01,2025,1. Resto país,Gas de petróleo y otros hidrocarburos gaseosos,1250.9321810000001,1,80305.840141,TRUE,1.5577100978006444
2025-01-01,2025,1. Resto país,Pescados y mariscos sin elaborar,1118.338434,1,80305.840141,TRUE,1.3925991335579522
2025-01-01,2025,1. Resto país,Resto de productos,1084.6393190000001,1,80305.840141,TRUE,1.3506356662175552
2025-01-01,2025,1. Resto país,Materias plásticas y sus manufacturas,903.060108,1,80305.840141,TRUE,1.124526069852975
2025-01-01,2025,1. Resto país,"Preparados de hortalizas, legumbres y frutas",855.374328,1,80305.840141,TRUE,1.0651458555170388
2025-01-01,2025,1. Resto país,Productos de molinería y sus preparaciones,738.714598,1,80305.840141,TRUE,0.9198765577982548
2025-01-01,2025,1. Resto país,"Bebidas, líquidos alcohólicos y vinagre",713.8705190000001,1,80305.840141,TRUE,0.8889397305931861
2025-01-01,2025,1. Resto país,Resto de MOA,613.270209,1,80305.840141,TRUE,0.7636682561607323
2025-01-01,2025,1. Resto país,Frutas frescas,458.215128,1,80305.840141,TRUE,0.5705875527800612
2025-01-01,2025,1. Resto país,Resto de combustibles,360.814706,1,80305.840141,TRUE,0.4493007051124626
2025-01-01,2025,1. Resto país,Pieles y cueros,330.059795,1,80305.840141,TRUE,0.41100347673405213
2025-01-01,2025,1. Resto país,"Papel, cartón, impresos y publicaciones",304.926073,1,80305.840141,TRUE,0.37970597463972056
2025-01-01,2025,1. Resto país,Pescados y mariscos elaborados,248.36863100000002,1,80305.840141,TRUE,0.3092784168174039
2025-01-01,2025,1. Resto país,Extractos curtientes y tintóreos,236.437249,1,80305.840141,TRUE,0.2944209892890311
2025-01-01,2025,1. Resto país,Hortalizas y legumbres sin elaborar,217.742953,1,80305.840141,TRUE,0.271142114468499
2025-01-01,2025,1. Resto país,Resto de MOI,190.652342,1,80305.840141,TRUE,0.23740781699718846
2025-01-01,2025,1. Resto país,"Café, té, yerba mate y especias",177.33250600000002,1,80305.840141,TRUE,0.22082143177711835
2025-01-01,2025,1. Resto país,Frutas secas o procesadas,144.484912,1,80305.840141,TRUE,0.17991831197620894
2025-01-01,2025,1. Resto país,Miel,142.826029,1,80305.840141,TRUE,0.17785260542599124
2025-01-01,2025,1. Resto país,Grasas y aceites lubricantes,97.240472,1,80305.840141,TRUE,0.1210876716179874
2025-01-01,2025,1. Resto país,Tabaco sin elaborar,84.051387,1,80305.840141,TRUE,0.10466410270090398
2025-01-01,2025,1. Resto país,"Azúcar ,cacao y artículos de confitería",75.17546,1,80305.840141,TRUE,0.0936114482682802
2025-01-01,2025,1. Resto país,Resto de productos primarios,73.902916,1,80305.840141,TRUE,0.09202682628093073
2025-01-01,2025,1. Resto país,Lanas elaboradas,69.497806,1,80305.840141,TRUE,0.08654140953880393
2025-01-01,2025,1. Resto país,Fibras de algodón,55.698187000000004,1,80305.840141,TRUE,0.06935757960094288
2025-01-01,2025,1. Resto país,Caucho y sus manufacturas,41.256344,1,80305.840141,TRUE,0.051374027004216165
2025-01-01,2025,1. Resto país,Lanas sucias,35.403136,1,80305.840141,TRUE,0.04408538150879141
2025-01-01,2025,1. Resto país,"Azúcar, cacao y artículos de confitería",14.896982000000001,1,80305.840141,TRUE,0.018550309633575922
2025-01-01,2025,1. Resto país,"Manufacturas de piedra, yeso, vidrio, etc.",9.552194,1,80305.840141,TRUE,0.011894768777997188
2025-01-01,2025,1. Resto país,Textiles y confecciones,8.216864,1,80305.840141,TRUE,0.010231963186703398
2025-01-01,2025,1. Resto país,Energía eléctrica,NA,0,80305.840141,TRUE,NA
2025-01-01,2025,1. Resto país,"Minerales metalíferos, escorias y cenizas",NA,0,80305.840141,TRUE,NA
2025-01-01,2025,1. Resto país,Otros productos de origen animal,NA,0,80305.840141,TRUE,NA
2025-01-01,2025,2. NOA-Resto,Productos químicos y conexos,687.391149,1,4871.344109,TRUE,14.110913407451916
2025-01-01,2025,2. NOA-Resto,Cereales,604.05151,1,4871.344109,TRUE,12.400099366497043
2025-01-01,2025,2. NOA-Resto,Semillas y frutos oleaginosos,431.95128800000003,1,4871.344109,TRUE,8.86718897977158
2025-01-01,2025,2. NOA-Resto,"Minerales metalíferos, escorias y cenizas",427.893129,1,4871.344109,TRUE,8.78388221865605
2025-01-01,2025,2. NOA-Resto,"Piedras, metales preciosos y sus manufacturas, monedas",373.657322,1,4871.344109,TRUE,7.670517903049661
2025-01-01,2025,2. NOA-Resto,Hortalizas y legumbres sin elaborar,331.266617,1,4871.344109,TRUE,6.800312389920718
2025-01-01,2025,2. NOA-Resto,"Azúcar, cacao y artículos de confitería",316.318739,1,4871.344109,TRUE,6.493459134114313
2025-01-01,2025,2. NOA-Resto,Tabaco sin elaborar,250.992658,1,4871.344109,TRUE,5.152431287625139
2025-01-01,2025,2. NOA-Resto,"Preparados de hortalizas, legumbres y frutas",163.354106,1,4871.344109,TRUE,3.3533682356415113
2025-01-01,2025,2. NOA-Resto,Frutas frescas,137.40710199999998,1,4871.344109,TRUE,2.8207225547079493
2025-01-01,2025,2. NOA-Resto,Residuos y desperdicios de la industria alimentaria,68.673298,1,4871.344109,TRUE,1.4097402372606647
2025-01-01,2025,2. NOA-Resto,Carnes y sus preparados,62.771764,1,4871.344109,TRUE,1.2885922775200112
2025-01-01,2025,2. NOA-Resto,Resto de productos primarios,49.067076,1,4871.344109,TRUE,1.007259493521442
2025-01-01,2025,2. NOA-Resto,Fibras de algodón,40.566778,1,4871.344109,TRUE,0.8327635472322984
2025-01-01,2025,2. NOA-Resto,"Papel, cartón, impresos y publicaciones",25.161496,1,4871.344109,TRUE,0.5165206036977176
2025-01-01,2025,2. NOA-Resto,Petróleo crudo,16.119654,1,4871.344109,TRUE,0.3309077256566274
2025-01-01,2025,2. NOA-Resto,Gas de petróleo y otros hidrocarburos gaseosos,14.578661,1,4871.344109,TRUE,0.2992738897887618
2025-01-01,2025,2. NOA-Resto,Frutas secas o procesadas,13.34402,1,4871.344109,TRUE,0.27392891369235034
2025-01-01,2025,2. NOA-Resto,Productos de molinería y sus preparaciones,11.94096,1,4871.344109,TRUE,0.24512659612649015
2025-01-01,2025,2. NOA-Resto,Miel,2.871299,1,4871.344109,TRUE,0.05894264366779515
2025-01-01,2025,2. NOA-Resto,Resto de productos,2.708598,1,4871.344109,TRUE,0.05560268253264553
2025-01-01,2025,2. NOA-Resto,Grasas y aceites,1.849676,1,4871.344109,TRUE,0.03797054690886343
2025-01-01,2025,2. NOA-Resto,Material de transporte terrestre,NA,0,4871.344109,TRUE,NA
2025-01-01,2025,2. NOA-Resto,Otros productos de origen animal,NA,0,4871.344109,TRUE,NA
2025-01-01,2025,2. NOA-Resto,Resto de MOA,NA,0,4871.344109,TRUE,NA
2025-01-01,2025,3. La Rioja,"Preparados de hortalizas, legumbres y frutas",59.074946,1,163.352265,TRUE,36.16414256637336
2025-01-01,2025,3. La Rioja,Grasas y aceites,34.530653,1,163.352265,TRUE,21.13876596691206
2025-01-01,2025,3. La Rioja,"Papel, cartón, impresos y publicaciones",32.09948,1,163.352265,TRUE,19.650465207813312
2025-01-01,2025,3. La Rioja,Frutas secas o procesadas,12.141032,1,163.352265,TRUE,7.43242341941203
2025-01-01,2025,3. La Rioja,"Bebidas, líquidos alcohólicos y vinagre",9.081209,1,163.352265,TRUE,5.5592795116737435
2025-01-01,2025,3. La Rioja,Frutas frescas,5.766117,1,163.352265,TRUE,3.5298665739345583
2025-01-01,2025,3. La Rioja,Textiles y confecciones,2.45024,1,163.352265,TRUE,1.4999730796509005
2025-01-01,2025,3. La Rioja,Semillas y frutos oleaginosos,0.55746,1,163.352265,TRUE,0.3412624857084167
2025-01-01,2025,3. La Rioja,Productos químicos y conexos,NA,0,163.352265,TRUE,NA
2025-01-01,2025,3. La Rioja,Resto de productos,NA,0,163.352265,TRUE,NA
