anio,la_rioja_region,letra,letra_desc,tipo_sector,vab_millones_2004,vab_total,share
2004,1. Resto país,A,Agro,Bienes,35173.034188218466,382253.2051232523,0.09201501443755691
2004,1. Resto país,B,Pesca,Bienes,1442.4956022706544,382253.2051232523,0.0037736651594733957
2004,1. Resto país,C,Petróleo y minería,Bienes,21646.87047770027,382253.2051232523,0.05662966376101552
2004,1. Resto país,D,Industria manufacturera,Bienes,87200.87374411413,382253.2051232523,0.22812332918437506
2004,1. Resto país,E,"Electricidad, gas y agua",Bienes,8121.1226626241605,382253.2051232523,0.021245401094820423
2004,1. Resto país,F,Construcción,Bienes,13745.587532701406,382253.2051232523,0.035959378099313336
2004,1. Resto país,G,Comercio,Servicios,54984.546305682314,382253.2051232523,0.14384325773789994
2004,1. Resto país,H,Hotelería y restaurantes,Servicios,6516.5099112224525,382253.2051232523,0.017047626609491197
2004,1. Resto país,I,Transporte y comunicaciones,Servicios,27840.151710630347,382253.2051232523,0.07283170248802406
2004,1. Resto país,J,Finanzas,Servicios,14448.502115752673,382253.2051232523,0.037798249752003917
2004,1. Resto país,K,Serv. inmobiliarios y profesionales,Servicios,50166.63632838935,382253.2051232523,0.13123928238146182
2004,1. Resto país,L,Adm. pública y defensa,Servicios,19121.293361549568,382253.2051232523,0.050022584782210444
2004,1. Resto país,M,Enseñanza,Servicios,15316.467023114417,382253.2051232523,0.040068904113376456
2004,1. Resto país,N,Salud,Servicios,12041.97745689699,382253.2051232523,0.03150261997937786
2004,1. Resto país,O,"Serv. comunitarios, sociales y personales",Servicios,11642.984892250346,382253.2051232523,0.030458828693133457
2004,1. Resto país,P,Servicio doméstico,Servicios,2844.1518101347388,382253.2051232523,0.007440491726466181
2004,2. NOA-Resto,A,Agro,Bienes,3836.268030944455,27359.794566985645,0.14021552762583897
2004,2. NOA-Resto,B,Pesca,Bienes,0,27359.794566985645,0
2004,2. NOA-Resto,C,Petróleo y minería,Bienes,2669.889717045632,27359.794566985645,0.09758442120275708
2004,2. NOA-Resto,D,Industria manufacturera,Bienes,3948.9576218586467,27359.794566985645,0.14433433014967706
2004,2. NOA-Resto,E,"Electricidad, gas y agua",Bienes,550.5543389870754,27359.794566985645,0.020122751201188296
2004,2. NOA-Resto,F,Construcción,Bienes,1037.1810861127224,27359.794566985645,0.0379089500680777
2004,2. NOA-Resto,G,Comercio,Servicios,4648.355387667153,27359.794566985645,0.1698973059277354
2004,2. NOA-Resto,H,Hotelería y restaurantes,Servicios,362.5434452001533,27359.794566985645,0.01325095641023654
2004,2. NOA-Resto,I,Transporte y comunicaciones,Servicios,1845.0267292650408,27359.794566985645,0.06743569381516434
2004,2. NOA-Resto,J,Finanzas,Servicios,571.7157250048783,27359.794566985645,0.020896199480048467
2004,2. NOA-Resto,K,Serv. inmobiliarios y profesionales,Servicios,2665.3191554803907,27359.794566985645,0.09741736725964172
2004,2. NOA-Resto,L,Adm. pública y defensa,Servicios,1863.9960018973377,27359.794566985645,0.06812902038915794
2004,2. NOA-Resto,M,Enseñanza,Servicios,1552.2341221568047,27359.794566985645,0.05673412928435674
2004,2. NOA-Resto,N,Salud,Servicios,1064.9290144087897,27359.794566985645,0.038923136348904167
2004,2. NOA-Resto,O,"Serv. comunitarios, sociales y personales",Servicios,564.6177165310088,27359.794566985645,0.020636767397819514
2004,2. NOA-Resto,P,Servicio doméstico,Servicios,178.206474425555,27359.794566985645,0.006513443439396001
2004,3. La Rioja,A,Agro,Bienes,115.89539392946644,2520.350514623308,0.045983839651282866
2004,3. La Rioja,B,Pesca,Bienes,0,2520.350514623308,0
2004,3. La Rioja,C,Petróleo y minería,Bienes,5.045624548647811,2520.350514623308,0.0020019535058209675
2004,3. La Rioja,D,Industria manufacturera,Bienes,716.4991240978976,2520.350514623308,0.2842855070914554
2004,3. La Rioja,E,"Electricidad, gas y agua",Bienes,30.728575184595883,2520.350514623308,0.012192183192895526
2004,3. La Rioja,F,Construcción,Bienes,121.95677068560474,2520.350514623308,0.04838881337258458
2004,3. La Rioja,G,Comercio,Servicios,401.69374917943225,2520.350514623308,0.1593801127457343
2004,3. La Rioja,H,Hotelería y restaurantes,Servicios,56.98089112375548,2520.350514623308,0.02260832007022319
2004,3. La Rioja,I,Transporte y comunicaciones,Servicios,104.72170504748055,2520.350514623308,0.04155045278022858
2004,3. La Rioja,J,Finanzas,Servicios,59.19089967118558,2520.350514623308,0.023485185623092694
2004,3. La Rioja,K,Serv. inmobiliarios y profesionales,Servicios,252.41025083540512,2520.350514623308,0.10014886793360582
2004,3. La Rioja,L,Adm. pública y defensa,Servicios,305.655939916205,2520.350514623308,0.1212751711092409
2004,3. La Rioja,M,Enseñanza,Servicios,188.69780406742262,2520.350514623308,0.07486966712470366
2004,3. La Rioja,N,Salud,Servicios,94.44700580340361,2520.350514623308,0.037473758215539194
2004,3. La Rioja,O,"Serv. comunitarios, sociales y personales",Servicios,45.936504978651264,2520.350514623308,0.018226236673083127
2004,3. La Rioja,P,Servicio doméstico,Servicios,20.490275554153964,2520.350514623308,0.008129930910509266
2005,1. Resto país,A,Agro,Bienes,42732.68293205677,418025.8713309788,0.10222497185640089
2005,1. Resto país,B,Pesca,Bienes,1331.6207822092247,418025.8713309788,0.0031854984907259297
2005,1. Resto país,C,Petróleo y minería,Bienes,21343.5526954641,418025.8713309788,0.05105797071245141
2005,1. Resto país,D,Industria manufacturera,Bienes,93815.72928278426,418025.8713309788,0.22442565333116457
2005,1. Resto país,E,"Electricidad, gas y agua",Bienes,8603.098614768096,418025.8713309788,0.020580301853988486
2005,1. Resto país,F,Construcción,Bienes,15263.802995980885,418025.8713309788,0.03651401514308553
2005,1. Resto país,G,Comercio,Servicios,60948.743651149874,418025.8713309788,0.14580136740602045
2005,1. Resto país,H,Hotelería y restaurantes,Servicios,7290.457363116499,418025.8713309788,0.017440206128639727
2005,1. Resto país,I,Transporte y comunicaciones,Servicios,32039.57923213687,418025.8713309788,0.07664496728425933
2005,1. Resto país,J,Finanzas,Servicios,15841.69251687572,418025.8713309788,0.037896440395988794
2005,1. Resto país,K,Serv. inmobiliarios y profesionales,Servicios,52980.27534399608,418025.8713309788,0.12673922591276193
2005,1. Resto país,L,Adm. pública y defensa,Servicios,20319.37313057141,418025.8713309788,0.04860793200639779
2005,1. Resto país,M,Enseñanza,Servicios,16273.922388438248,418025.8713309788,0.038930419154734816
2005,1. Resto país,N,Salud,Servicios,13266.608064501856,418025.8713309788,0.031736332543872155
2005,1. Resto país,O,"Serv. comunitarios, sociales y personales",Servicios,12892.13954769696,418025.8713309788,0.03084053029217753
2005,1. Resto país,P,Servicio doméstico,Servicios,3082.5927892319887,418025.8713309788,0.007374167487330696
2005,2. NOA-Resto,A,Agro,Bienes,3994.204338252148,29414.681051500535,0.1357894831923867
2005,2. NOA-Resto,B,Pesca,Bienes,0,29414.681051500535,0
2005,2. NOA-Resto,C,Petróleo y minería,Bienes,2895.947953967361,29414.681051500535,0.09845246830645576
2005,2. NOA-Resto,D,Industria manufacturera,Bienes,4085.804847771954,29414.681051500535,0.1389035917342889
2005,2. NOA-Resto,E,"Electricidad, gas y agua",Bienes,598.5955803512066,29414.681051500535,0.020350231889414636
2005,2. NOA-Resto,F,Construcción,Bienes,1312.3778083765908,29414.681051500535,0.044616421510021514
2005,2. NOA-Resto,G,Comercio,Servicios,4888.71278850951,29414.681051500535,0.16619975514778262
2005,2. NOA-Resto,H,Hotelería y restaurantes,Servicios,415.5136477419239,29414.681051500535,0.014126063342805726
2005,2. NOA-Resto,I,Transporte y comunicaciones,Servicios,2082.721793446742,29414.681051500535,0.0708055202026573
2005,2. NOA-Resto,J,Finanzas,Servicios,656.2905981664458,29414.681051500535,0.022311668007461406
2005,2. NOA-Resto,K,Serv. inmobiliarios y profesionales,Servicios,2856.9456794337343,29414.681051500535,0.0971265224474699
2005,2. NOA-Resto,L,Adm. pública y defensa,Servicios,2024.7813387649746,29414.681051500535,0.06883574005850675
2005,2. NOA-Resto,M,Enseñanza,Servicios,1652.394568694025,29414.681051500535,0.0561758451774792
2005,2. NOA-Resto,N,Salud,Servicios,1143.523439344647,29414.681051500535,0.03887594216447614
2005,2. NOA-Resto,O,"Serv. comunitarios, sociales y personales",Servicios,612.9230396055252,29414.681051500535,0.020837317206751017
2005,2. NOA-Resto,P,Servicio doméstico,Servicios,193.9436290737463,29414.681051500535,0.006593429612042407
2005,3. La Rioja,A,Agro,Bienes,131.23783211117882,2718.6692214556588,0.04827282078873504
2005,3. La Rioja,B,Pesca,Bienes,0,2718.6692214556588,0
2005,3. La Rioja,C,Petróleo y minería,Bienes,6.848471305281802,2718.6692214556588,0.002519052796579247
2005,3. La Rioja,D,Industria manufacturera,Bienes,784.1803908542379,2718.6692214556588,0.2884427368601921
2005,3. La Rioja,E,"Electricidad, gas y agua",Bienes,33.02422719157258,2718.6692214556588,0.012147203098834655
2005,3. La Rioja,F,Construcción,Bienes,187.06410253018015,2718.6692214556588,0.06880723151381406
2005,3. La Rioja,G,Comercio,Servicios,451.26744027071743,2718.6692214556588,0.16598835809422047
2005,3. La Rioja,H,Hotelería y restaurantes,Servicios,70.03850896179131,2718.6692214556588,0.02576205608576778
2005,3. La Rioja,I,Transporte y comunicaciones,Servicios,120.38935560755769,2718.6692214556588,0.044282457997261444
2005,3. La Rioja,J,Finanzas,Servicios,64.90060594260646,2718.6692214556588,0.02387219652556948
2005,3. La Rioja,K,Serv. inmobiliarios y profesionales,Servicios,265.43192558590846,2718.6692214556588,0.09763303438723894
2005,3. La Rioja,L,Adm. pública y defensa,Servicios,244.23074763718083,2718.6692214556588,0.08983466826700315
2005,3. La Rioja,M,Enseñanza,Servicios,179.7772556809909,2718.6692214556588,0.06612693234697108
2005,3. La Rioja,N,Salud,Servicios,105.8017234736015,2718.6692214556588,0.03891673273034371
2005,3. La Rioja,O,"Serv. comunitarios, sociales y personales",Servicios,52.06886520500028,2718.6692214556588,0.019152335559645985
2005,3. La Rioja,P,Servicio doméstico,Servicios,22.407769097852498,2718.6692214556588,0.008242182947822793
2006,1. Resto país,A,Agro,Bienes,40749.37618763243,448702.9197065595,0.0908159372225202
2006,1. Resto país,B,Pesca,Bienes,2131.108713664878,448702.9197065595,0.004749487066093908
2006,1. Resto país,C,Petróleo y minería,Bienes,22611.06354687742,448702.9197065595,0.05039205798273943
2006,1. Resto país,D,Industria manufacturera,Bienes,102321.50415969637,448702.9197065595,0.22803841844089642
2006,1. Resto país,E,"Electricidad, gas y agua",Bienes,9101.183340528956,448702.9197065595,0.020283316512584547
2006,1. Resto país,F,Construcción,Bienes,17249.601872891064,448702.9197065595,0.03844325747684431
2006,1. Resto país,G,Comercio,Servicios,66908.44472381541,448702.9197065595,0.14911524259207376
2006,1. Resto país,H,Hotelería y restaurantes,Servicios,8144.468998279984,448702.9197065595,0.018151138850636992
2006,1. Resto país,I,Transporte y comunicaciones,Servicios,36058.089667928325,448702.9197065595,0.08036071994251656
2006,1. Resto país,J,Finanzas,Servicios,17924.21517518104,448702.9197065595,0.03994673176386512
2006,1. Resto país,K,Serv. inmobiliarios y profesionales,Servicios,56475.47487779731,448702.9197065595,0.12586384531380107
2006,1. Resto país,L,Adm. pública y defensa,Servicios,21010.786761688796,448702.9197065595,0.04682560740952906
2006,1. Resto país,M,Enseñanza,Servicios,16942.739586224252,448702.9197065595,0.03775937004667672
2006,1. Resto país,N,Salud,Servicios,13554.4281058597,448702.9197065595,0.030208022971466193
2006,1. Resto país,O,"Serv. comunitarios, sociales y personales",Servicios,14153.45593114556,448702.9197065595,0.03154304398197713
2006,1. Resto país,P,Servicio doméstico,Servicios,3366.9780573479984,448702.9197065595,0.007503802425778548
2006,2. NOA-Resto,A,Agro,Bienes,4933.167669526483,32755.028869796224,0.1506079475349024
2006,2. NOA-Resto,B,Pesca,Bienes,0,32755.028869796224,0
2006,2. NOA-Resto,C,Petróleo y minería,Bienes,2936.960474865334,32755.028869796224,0.08966441417407933
2006,2. NOA-Resto,D,Industria manufacturera,Bienes,4535.363896023259,32755.028869796224,0.1384631323041015
2006,2. NOA-Resto,E,"Electricidad, gas y agua",Bienes,637.8887741001472,32755.028869796224,0.01947452944205314
2006,2. NOA-Resto,F,Construcción,Bienes,1388.746457153959,32755.028869796224,0.04239796162825359
2006,2. NOA-Resto,G,Comercio,Servicios,5827.156984514432,32755.028869796224,0.17790114023949827
2006,2. NOA-Resto,H,Hotelería y restaurantes,Servicios,460.682740058298,32755.028869796224,0.014064488903048981
2006,2. NOA-Resto,I,Transporte y comunicaciones,Servicios,2324.7196063033684,32755.028869796224,0.07097290665028289
2006,2. NOA-Resto,J,Finanzas,Servicios,746.3822938281662,32755.028869796224,0.022786800060384426
2006,2. NOA-Resto,K,Serv. inmobiliarios y profesionales,Servicios,3065.828694116714,32755.028869796224,0.09359871750697031
2006,2. NOA-Resto,L,Adm. pública y defensa,Servicios,2082.737752207584,32755.028869796224,0.06358528214054177
2006,2. NOA-Resto,M,Enseñanza,Servicios,1724.509588253026,32755.028869796224,0.05264869694079908
2006,2. NOA-Resto,N,Salud,Servicios,1208.5045988918223,32755.028869796224,0.036895238398223416
2006,2. NOA-Resto,O,"Serv. comunitarios, sociales y personales",Servicios,669.674758271327,32755.028869796224,0.02044494483376388
2006,2. NOA-Resto,P,Servicio doméstico,Servicios,212.70458168230076,32755.028869796224,0.006493799243096929
2006,3. La Rioja,A,Agro,Bienes,122.8317711644902,2851.713936585146,0.04307296380210495
2006,3. La Rioja,B,Pesca,Bienes,0,2851.713936585146,0
2006,3. La Rioja,C,Petróleo y minería,Bienes,8.054395037867838,2851.713936585146,0.002824404977840368
2006,3. La Rioja,D,Industria manufacturera,Bienes,809.035663771623,2851.713936585146,0.28370154993190605
2006,3. La Rioja,E,"Electricidad, gas y agua",Bienes,35.850421993737456,2851.713936585146,0.012571535150775822
2006,3. La Rioja,F,Construcción,Bienes,199.44514977218657,2851.713936585146,0.06993869448596131
2006,3. La Rioja,G,Comercio,Servicios,481.11485152304664,2851.713936585146,0.16871076911002136
2006,3. La Rioja,H,Hotelería y restaurantes,Servicios,91.66268962095387,2851.713936585146,0.032143017027408294
2006,3. La Rioja,I,Transporte y comunicaciones,Servicios,152.9799329827592,2851.713936585146,0.05364490842512372
2006,3. La Rioja,J,Finanzas,Servicios,72.11029392647447,2851.713936585146,0.025286650600313963
2006,3. La Rioja,K,Serv. inmobiliarios y profesionales,Servicios,292.51634244360423,2851.713936585146,0.10257562607906073
2006,3. La Rioja,L,Adm. pública y defensa,Servicios,230.3510258571195,2851.713936585146,0.0807763439740239
2006,3. La Rioja,M,Enseñanza,Servicios,175.06742051163488,2851.713936585146,0.06139024614834741
2006,3. La Rioja,N,Salud,Servicios,98.85071710202399,2851.713936585146,0.034663616092010685
2006,3. La Rioja,O,"Serv. comunitarios, sociales y personales",Servicios,57.14895347694348,2851.713936585146,0.02004021256963028
2006,3. La Rioja,P,Servicio doméstico,Servicios,24.69430740068018,2851.713936585146,0.008659461625471095
2007,1. Resto país,A,Agro,Bienes,44830.24553930891,484760.0181565201,0.09247925542579308
2007,1. Resto país,B,Pesca,Bienes,1914.9350428182913,484760.0181565201,0.003950274302943841
2007,1. Resto país,C,Petróleo y minería,Bienes,22041.294805953094,484760.0181565201,0.045468466829779605
2007,1. Resto país,D,Industria manufacturera,Bienes,109985.31910919244,484760.0181565201,0.2268861188830144
2007,1. Resto país,E,"Electricidad, gas y agua",Bienes,9324.516702041496,484760.0181565201,0.019235325424529506
2007,1. Resto país,F,Construcción,Bienes,19153.747635427917,484760.0181565201,0.039511813924479895
2007,1. Resto país,G,Comercio,Servicios,74704.22070337615,484760.0181565201,0.15410557369699482
2007,1. Resto país,H,Hotelería y restaurantes,Servicios,8964.213229457666,484760.0181565201,0.01849206389492973
2007,1. Resto país,I,Transporte y comunicaciones,Servicios,40608.671044672396,484760.0181565201,0.0837706690397074
2007,1. Resto país,J,Finanzas,Servicios,20454.16350674611,484760.0181565201,0.042194411132606725
2007,1. Resto país,K,Serv. inmobiliarios y profesionales,Servicios,59529.16411555446,484760.0181565201,0.12280130762833165
2007,1. Resto país,L,Adm. pública y defensa,Servicios,22171.449498084054,484760.0181565201,0.04573695987222548
2007,1. Resto país,M,Enseñanza,Servicios,17931.097112095136,484760.0181565201,0.0369896370172705
2007,1. Resto país,N,Salud,Servicios,14422.409299257859,484760.0181565201,0.029751647741297692
2007,1. Resto país,O,"Serv. comunitarios, sociales y personales",Servicios,15277.939393467996,484760.0181565201,0.03151650058015929
2007,1. Resto país,P,Servicio doméstico,Servicios,3446.63141906609,484760.0181565201,0.007109974605936326
2007,2. NOA-Resto,A,Agro,Bienes,5149.174000574054,35306.811041087785,0.14584081226089146
2007,2. NOA-Resto,B,Pesca,Bienes,0,35306.811041087785,0
2007,2. NOA-Resto,C,Petróleo y minería,Bienes,2883.5049631200804,35306.811041087785,0.0816699350095494
2007,2. NOA-Resto,D,Industria manufacturera,Bienes,4923.33571080071,35306.811041087785,0.13944436117641013
2007,2. NOA-Resto,E,"Electricidad, gas y agua",Bienes,662.3319782827602,35306.811041087785,0.018759325998374113
2007,2. NOA-Resto,F,Construcción,Bienes,1525.123362651207,35306.811041087785,0.043196293227286
2007,2. NOA-Resto,G,Comercio,Servicios,6519.562841045413,35306.811041087785,0.1846545368670755
2007,2. NOA-Resto,H,Hotelería y restaurantes,Servicios,551.7127691389285,35306.811041087785,0.0156262418743194
2007,2. NOA-Resto,I,Transporte y comunicaciones,Servicios,2631.1396300352344,35306.811041087785,0.07452215457729343
2007,2. NOA-Resto,J,Finanzas,Servicios,819.9779200440588,35306.811041087785,0.023224355184324676
2007,2. NOA-Resto,K,Serv. inmobiliarios y profesionales,Servicios,3334.5965338834826,35306.811041087785,0.09444626788873384
2007,2. NOA-Resto,L,Adm. pública y defensa,Servicios,2234.5283623358837,35306.811041087785,0.0632888753316034
2007,2. NOA-Resto,M,Enseñanza,Servicios,1801.203584611905,35306.811041087785,0.05101575394378667
2007,2. NOA-Resto,N,Salud,Servicios,1310.2418627109864,35306.811041087785,0.03711017291213901
2007,2. NOA-Resto,O,"Serv. comunitarios, sociales y personales",Servicios,741.7538957560248,35306.811041087785,0.02100880464375045
2007,2. NOA-Resto,P,Servicio doméstico,Servicios,218.62362609705673,35306.811041087785,0.006192109104462498
2007,3. La Rioja,A,Agro,Bienes,134.74680947263494,3128.877358604226,0.043065545251266955
2007,3. La Rioja,B,Pesca,Bienes,0,3128.877358604226,0
2007,3. La Rioja,C,Petróleo y minería,Bienes,6.382592775833033,3128.877358604226,0.002039898674290088
2007,3. La Rioja,D,Industria manufacturera,Bienes,868.7631066029397,3128.877358604226,0.27765968653705553
2007,3. La Rioja,E,"Electricidad, gas y agua",Bienes,38.2469011527698,3128.877358604226,0.01222384157934254
2007,3. La Rioja,F,Construcción,Bienes,186.18091897268732,3128.877358604226,0.0595040641208582
2007,3. La Rioja,G,Comercio,Servicios,529.733367907923,3128.877358604226,0.1693046122281488
2007,3. La Rioja,H,Hotelería y restaurantes,Servicios,103.07718527790047,3128.877358604226,0.03294382408260405
2007,3. La Rioja,I,Transporte y comunicaciones,Servicios,188.67300167421382,3128.877358604226,0.06030054235119645
2007,3. La Rioja,J,Finanzas,Servicios,80.59077170285215,3128.877358604226,0.02575708871465746
2007,3. La Rioja,K,Serv. inmobiliarios y profesionales,Servicios,326.1706592902909,3128.877358604226,0.10424526816090796
2007,3. La Rioja,L,Adm. pública y defensa,Servicios,301.00087299654746,3128.877358604226,0.09620091761308988
2007,3. La Rioja,M,Enseñanza,Servicios,195.82045316460685,3128.877358604226,0.0625848925098046
2007,3. La Rioja,N,Salud,Servicios,85.89335336544438,3128.877358604226,0.027451812110577865
2007,3. La Rioja,O,"Serv. comunitarios, sociales y personales",Servicios,58.09313991704086,3128.877358604226,0.018566767967842582
2007,3. La Rioja,P,Servicio doméstico,Servicios,25.504224330541305,3128.877358604226,0.008151238098356973
2008,1. Resto país,A,Agro,Bienes,43541.852988573584,503091.9653857833,0.08654849606907282
2008,1. Resto país,B,Pesca,Bienes,2016.6714410300533,503091.9653857833,0.004008554260022062
2008,1. Resto país,C,Petróleo y minería,Bienes,22015.37353470655,503091.9653857833,0.04376013740912085
2008,1. Resto país,D,Industria manufacturera,Bienes,114055.64699831685,503091.9653857833,0.22670933913813585
2008,1. Resto país,E,"Electricidad, gas y agua",Bienes,9774.689499301046,503091.9653857833,0.019429229985427364
2008,1. Resto país,F,Construcción,Bienes,19848.76364716958,503091.9653857833,0.03945354927691811
2008,1. Resto país,G,Comercio,Servicios,78712.45015308497,503091.9653857833,0.15645737870754173
2008,1. Resto país,H,Hotelería y restaurantes,Servicios,8949.652225054908,503091.9653857833,0.01778929667102136
2008,1. Resto país,I,Transporte y comunicaciones,Servicios,42746.68056188644,503091.9653857833,0.08496792535557039
2008,1. Resto país,J,Finanzas,Servicios,21688.754463763515,503091.9653857833,0.04311091401973006
2008,1. Resto país,K,Serv. inmobiliarios y profesionales,Servicios,62699.710468499834,503091.9653857833,0.1246287255261971
2008,1. Resto país,L,Adm. pública y defensa,Servicios,23337.734335927875,503091.9653857833,0.046388604751483015
2008,1. Resto país,M,Enseñanza,Servicios,18716.09660969489,503091.9653857833,0.037202137774835914
2008,1. Resto país,N,Salud,Servicios,15395.128560670702,503091.9653857833,0.03060102251655985
2008,1. Resto país,O,"Serv. comunitarios, sociales y personales",Servicios,16021.76870411011,503091.9653857833,0.03184660023704458
2008,1. Resto país,P,Servicio doméstico,Servicios,3570.9911939923472,503091.9653857833,0.0070980883013188716
2008,2. NOA-Resto,A,Agro,Bienes,5209.016684471024,36542.43597756536,0.14254705645975588
2008,2. NOA-Resto,B,Pesca,Bienes,0,36542.43597756536,0
2008,2. NOA-Resto,C,Petróleo y minería,Bienes,2626.476433226053,36542.43597756536,0.07187469480246297
2008,2. NOA-Resto,D,Industria manufacturera,Bienes,5071.535746878533,36542.43597756536,0.13878482950595086
2008,2. NOA-Resto,E,"Electricidad, gas y agua",Bienes,695.4628109537351,36542.43597756536,0.01903164888571477
2008,2. NOA-Resto,F,Construcción,Bienes,1735.4187371673834,36542.43597756536,0.04749050496340244
2008,2. NOA-Resto,G,Comercio,Servicios,6844.177886004046,36542.43597756536,0.18729396940603302
2008,2. NOA-Resto,H,Hotelería y restaurantes,Servicios,611.5617123681685,36542.43597756536,0.016735658037237228
2008,2. NOA-Resto,I,Transporte y comunicaciones,Servicios,2866.105558440896,36542.43597756536,0.07843225230525123
2008,2. NOA-Resto,J,Finanzas,Servicios,905.8183923426514,36542.43597756536,0.024788122852531343
2008,2. NOA-Resto,K,Serv. inmobiliarios y profesionales,Servicios,3620.5078823868553,36542.43597756536,0.0990768071567426
2008,2. NOA-Resto,L,Adm. pública y defensa,Servicios,2108.274711436743,36542.43597756536,0.057693874396635314
2008,2. NOA-Resto,M,Enseñanza,Servicios,1845.165850951841,36542.43597756536,0.050493783503777666
2008,2. NOA-Resto,N,Salud,Servicios,1369.3116869121832,36542.43597756536,0.037471822835041704
2008,2. NOA-Resto,O,"Serv. comunitarios, sociales y personales",Servicios,806.1732396407937,36542.43597756536,0.02206128896649722
2008,2. NOA-Resto,P,Servicio doméstico,Servicios,227.42864438445218,36542.43597756536,0.006223685922965791
2008,3. La Rioja,A,Agro,Bienes,124.2971357478905,3083.524513554362,0.040310085164399705
2008,3. La Rioja,B,Pesca,Bienes,0,3083.524513554362,0
2008,3. La Rioja,C,Petróleo y minería,Bienes,6.586843841824493,3083.524513554362,0.002136141228282915
2008,3. La Rioja,D,Industria manufacturera,Bienes,842.6517734625825,3083.524513554362,0.2732755227852113
2008,3. La Rioja,E,"Electricidad, gas y agua",Bienes,40.77571671803958,3083.524513554362,0.01322373684360227
2008,3. La Rioja,F,Construcción,Bienes,156.95306769702626,3083.524513554362,0.050900541574131125
2008,3. La Rioja,G,Comercio,Servicios,522.1371388787059,3083.524513554362,0.16933127548801005
2008,3. La Rioja,H,Hotelería y restaurantes,Servicios,105.64950974569025,3083.524513554362,0.03426258143279965
2008,3. La Rioja,I,Transporte y comunicaciones,Servicios,177.51696845703003,3083.524513554362,0.057569501288772695
2008,3. La Rioja,J,Finanzas,Servicios,90.33577674281297,3083.524513554362,0.029296273256697224
2008,3. La Rioja,K,Serv. inmobiliarios y profesionales,Servicios,341.8846599268844,3083.524513554362,0.11087463661276227
2008,3. La Rioja,L,Adm. pública y defensa,Servicios,300.85602268657436,3083.524513554362,0.09756887657746534
2008,3. La Rioja,M,Enseñanza,Servicios,200.93659255556992,3083.524513554362,0.0651645841219376
2008,3. La Rioja,N,Salud,Servicios,86.09483077327272,3083.524513554362,0.027920916598788988
2008,3. La Rioja,O,"Serv. comunitarios, sociales y personales",Servicios,60.1888948347227,3083.524513554362,0.01951951235352538
2008,3. La Rioja,P,Servicio doméstico,Servicios,26.659581485735274,3083.524513554362,0.008645814673613514
2009,1. Resto país,A,Agro,Bienes,31912.776016061438,474427.2898829318,0.06726589447233555
2009,1. Resto país,B,Pesca,Bienes,1614.5748666015002,474427.2898829318,0.00340320824925545
2009,1. Resto país,C,Petróleo y minería,Bienes,22355.88788258508,474427.2898829318,0.0471218421859787
2009,1. Resto país,D,Industria manufacturera,Bienes,105768.44917453999,474427.2898829318,0.2229392183587059
2009,1. Resto país,E,"Electricidad, gas y agua",Bienes,9704.834545501557,474427.2898829318,0.020455894406698847
2009,1. Resto país,F,Construcción,Bienes,17250.683771192424,474427.2898829318,0.03636106973409803
2009,1. Resto país,G,Comercio,Servicios,72384.91726195275,474427.2898829318,0.1525732579165381
2009,1. Resto país,H,Hotelería y restaurantes,Servicios,8689.16225893383,474427.2898829318,0.01831505574031785
2009,1. Resto país,I,Transporte y comunicaciones,Servicios,42426.45066576182,474427.2898829318,0.08942666573044489
2009,1. Resto país,J,Finanzas,Servicios,21661.542572460028,474427.2898829318,0.045658297982405616
2009,1. Resto país,K,Serv. inmobiliarios y profesionales,Servicios,60883.5391242239,474427.2898829318,0.12833060075285158
2009,1. Resto país,L,Adm. pública y defensa,Servicios,24089.11262813351,474427.2898829318,0.05077514118987056
2009,1. Resto país,M,Enseñanza,Servicios,19417.566446703204,474427.2898829318,0.040928434895670995
2009,1. Resto país,N,Salud,Servicios,16549.562038639517,474427.2898829318,0.03488324215650249
2009,1. Resto país,O,"Serv. comunitarios, sociales y personales",Servicios,16067.339375132562,474427.2898829318,0.03386681103251309
2009,1. Resto país,P,Servicio doméstico,Servicios,3650.8912545087046,474427.2898829318,0.007695365195812381
2009,2. NOA-Resto,A,Agro,Bienes,3970.752349768555,34149.38408688708,0.11627595799870581
2009,2. NOA-Resto,B,Pesca,Bienes,0,34149.38408688708,0
2009,2. NOA-Resto,C,Petróleo y minería,Bienes,2345.573680985289,34149.38408688708,0.0686856803922844
2009,2. NOA-Resto,D,Industria manufacturera,Bienes,4703.103003783176,34149.38408688708,0.13772145909914393
2009,2. NOA-Resto,E,"Electricidad, gas y agua",Bienes,709.5941093755632,34149.38408688708,0.020779118814269863
2009,2. NOA-Resto,F,Construcción,Bienes,1661.4444887515933,34149.38408688708,0.04865225342056949
2009,2. NOA-Resto,G,Comercio,Servicios,6251.22508602482,34149.38408688708,0.1830552805907035
2009,2. NOA-Resto,H,Hotelería y restaurantes,Servicios,618.37292140863,34149.38408688708,0.018107879188546686
2009,2. NOA-Resto,I,Transporte y comunicaciones,Servicios,2886.129165837017,34149.38408688708,0.08451482341508035
2009,2. NOA-Resto,J,Finanzas,Servicios,896.295339890953,34149.38408688708,0.026246310551618957
2009,2. NOA-Resto,K,Serv. inmobiliarios y profesionales,Servicios,3598.58862348619,34149.38408688708,0.10537784852371616
2009,2. NOA-Resto,L,Adm. pública y defensa,Servicios,2182.95003525537,34149.38408688708,0.063923555098424
2009,2. NOA-Resto,M,Enseñanza,Servicios,1893.3890295870438,34149.38408688708,0.055444309764698815
2009,2. NOA-Resto,N,Salud,Servicios,1397.9161036043613,34149.38408688708,0.04093532404706364
2009,2. NOA-Resto,O,"Serv. comunitarios, sociales y personales",Servicios,800.5980401297729,34149.38408688708,0.02344399647422022
2009,2. NOA-Resto,P,Servicio doméstico,Servicios,233.45210899874985,34149.38408688708,0.006836202620954221
2009,3. La Rioja,A,Agro,Bienes,110.22393561633677,2972.1802210852984,0.03708521267801461
2009,3. La Rioja,B,Pesca,Bienes,0,2972.1802210852984,0
2009,3. La Rioja,C,Petróleo y minería,Bienes,8.41632974108118,2972.1802210852984,0.0028317023582129677
2009,3. La Rioja,D,Industria manufacturera,Bienes,788.683009825897,2972.1802210852984,0.2653550428169889
2009,3. La Rioja,E,"Electricidad, gas y agua",Bienes,41.31981341511729,2972.1802210852984,0.013902189753496597
2009,3. La Rioja,F,Construcción,Bienes,153.67342030471545,2972.1802210852984,0.05170393747139642
2009,3. La Rioja,G,Comercio,Servicios,493.3748957658374,2972.1802210852984,0.16599763778310872
2009,3. La Rioja,H,Hotelería y restaurantes,Servicios,101.79427405616134,2972.1802210852984,0.034249024784570745
2009,3. La Rioja,I,Transporte y comunicaciones,Servicios,172.73990379806753,2972.1802210852984,0.05811891976556898
2009,3. La Rioja,J,Finanzas,Servicios,90.68317997653416,2972.1802210852984,0.030510659930110495
2009,3. La Rioja,K,Serv. inmobiliarios y profesionales,Servicios,331.89176895119124,2972.1802210852984,0.1116660983734022
2009,3. La Rioja,L,Adm. pública y defensa,Servicios,282.43745077528695,2972.1802210852984,0.09502702722116704
2009,3. La Rioja,M,Enseñanza,Servicios,222.5795348741817,2972.1802210852984,0.07488763073489071
2009,3. La Rioja,N,Salud,Servicios,87.40847034399295,2972.1802210852984,0.02940887289535745
2009,3. La Rioja,O,"Serv. comunitarios, sociales y personales",Servicios,59.45647979007552,2972.1802210852984,0.02000433196085426
2009,3. La Rioja,P,Servicio doméstico,Servicios,27.497753850822136,2972.1802210852984,0.009251711472859902
2010,1. Resto país,A,Agro,Bienes,44907.91445858632,521304.6607143105,0.08614523874973969
2010,1. Resto país,B,Pesca,Bienes,1658.6552075732957,521304.6607143105,0.003181738688659615
2010,1. Resto país,C,Petróleo y minería,Bienes,22820.972772350902,521304.6607143105,0.043776652104128094
2010,1. Resto país,D,Industria manufacturera,Bienes,117345.55260854033,521304.6607143105,0.225099757304585
2010,1. Resto país,E,"Electricidad, gas y agua",Bienes,9857.15908615748,521304.6607143105,0.01890863410400138
2010,1. Resto país,F,Construcción,Bienes,19006.52686473222,521304.6607143105,0.03645953757384173
2010,1. Resto país,G,Comercio,Servicios,81535.6248168513,521304.6607143105,0.1564068594842951
2010,1. Resto país,H,Hotelería y restaurantes,Servicios,9499.824939655395,521304.6607143105,0.018223172849900077
2010,1. Resto país,I,Transporte y comunicaciones,Servicios,46165.442733946074,521304.6607143105,0.08855751005695693
2010,1. Resto país,J,Finanzas,Servicios,21756.967014817164,521304.6607143105,0.04173560808952865
2010,1. Resto país,K,Serv. inmobiliarios y profesionales,Servicios,64092.7947186786,521304.6607143105,0.12294690523360434
2010,1. Resto país,L,Adm. pública y defensa,Servicios,24756.573696590276,521304.6607143105,0.04748964581031738
2010,1. Resto país,M,Enseñanza,Servicios,20078.594365386445,521304.6607143105,0.03851604614060812
2010,1. Resto país,N,Salud,Servicios,17221.402509152154,521304.6607143105,0.0330351976626389
2010,1. Resto país,O,"Serv. comunitarios, sociales y personales",Servicios,16935.98870314292,521304.6607143105,0.0324876986135835
2010,1. Resto país,P,Servicio doméstico,Servicios,3664.6662181496367,521304.6607143105,0.007029797533611494
2010,2. NOA-Resto,A,Agro,Bienes,5792.013471998444,38102.83496962256,0.15201004010898717
2010,2. NOA-Resto,B,Pesca,Bienes,0,38102.83496962256,0
2010,2. NOA-Resto,C,Petróleo y minería,Bienes,2265.2552287540807,38102.83496962256,0.05945109413932198
2010,2. NOA-Resto,D,Industria manufacturera,Bienes,5164.733361206567,38102.83496962256,0.135547220182544
2010,2. NOA-Resto,E,"Electricidad, gas y agua",Bienes,736.715245950525,38102.83496962256,0.01933491947614581
2010,2. NOA-Resto,F,Construcción,Bienes,1724.4270330291995,38102.83496962256,0.04525718452193903
2010,2. NOA-Resto,G,Comercio,Servicios,7069.929369280533,38102.83496962256,0.18554864421287878
2010,2. NOA-Resto,H,Hotelería y restaurantes,Servicios,675.4406117842457,38102.83496962256,0.017726781020959197
2010,2. NOA-Resto,I,Transporte y comunicaciones,Servicios,3178.8362836217498,38102.83496962256,0.08342781544092645
2010,2. NOA-Resto,J,Finanzas,Servicios,911.0727913368758,38102.83496962256,0.02391089251136372
2010,2. NOA-Resto,K,Serv. inmobiliarios y profesionales,Servicios,3751.5953525187597,38102.83496962256,0.0984597433631832
2010,2. NOA-Resto,L,Adm. pública y defensa,Servicios,2248.0244695002607,38102.83496962256,0.058998876889147366
2010,2. NOA-Resto,M,Enseñanza,Servicios,2014.8416797889768,38102.83496962256,0.052879049062761516
2010,2. NOA-Resto,N,Salud,Servicios,1495.5479174103407,38102.83496962256,0.03925030561643679
2010,2. NOA-Resto,O,"Serv. comunitarios, sociales y personales",Servicios,839.1334363241641,38102.83496962256,0.022022860949668502
2010,2. NOA-Resto,P,Servicio doméstico,Servicios,235.26871711784509,38102.83496962256,0.006174572503736606
2010,3. La Rioja,A,Agro,Bienes,114.05100549833777,3282.873845962584,0.0347412087243628
2010,3. La Rioja,B,Pesca,Bienes,0,3282.873845962584,0
2010,3. La Rioja,C,Petróleo y minería,Bienes,12.564185662923222,3282.873845962584,0.0038271911296180895
2010,3. La Rioja,D,Industria manufacturera,Bienes,886.1511869693982,3282.873845962584,0.2699315382037065
2010,3. La Rioja,E,"Electricidad, gas y agua",Bienes,43.97825912741191,3282.873845962584,0.01339626838889902
2010,3. La Rioja,F,Construcción,Bienes,198.99864534223104,3282.873845962584,0.06061720756859663
2010,3. La Rioja,G,Comercio,Servicios,553.3459677122728,3282.873845962584,0.16855535536121832
2010,3. La Rioja,H,Hotelería y restaurantes,Servicios,124.04972443105576,3282.873845962584,0.0377869300654417
2010,3. La Rioja,I,Transporte y comunicaciones,Servicios,185.64751429093667,3282.873845962584,0.05655030409385173
2010,3. La Rioja,J,Finanzas,Servicios,94.26603681950321,3282.873845962584,0.028714486526929917
2010,3. La Rioja,K,Serv. inmobiliarios y profesionales,Servicios,352.54424068696994,3282.873845962584,0.10738890899525233
2010,3. La Rioja,L,Adm. pública y defensa,Servicios,299.33043874164196,3282.873845962584,0.0911793912244819
2010,3. La Rioja,M,Enseñanza,Servicios,237.4203074866731,3282.873845962584,0.07232087452238305
2010,3. La Rioja,N,Salud,Servicios,90.26027198553831,3282.873845962584,0.027494285866800573
2010,3. La Rioja,O,"Serv. comunitarios, sociales y personales",Servicios,62.42069267288184,3282.873845962584,0.019014039406250544
2010,3. La Rioja,P,Servicio doméstico,Servicios,27.845368534807918,3282.873845962584,0.008482009922206825
2011,1. Resto país,A,Agro,Bienes,43232.27446669419,549500.4763146217,0.07867559052294822
2011,1. Resto país,B,Pesca,Bienes,1745.2404483118441,549500.4763146217,0.0031760490182224884
2011,1. Resto país,C,Petróleo y minería,Bienes,21644.999468984897,549500.4763146217,0.039390319757597166
2011,1. Resto país,D,Industria manufacturera,Bienes,126386.05492542824,549500.4763146217,0.23000172042264927
2011,1. Resto país,E,"Electricidad, gas y agua",Bienes,10335.855258989233,549500.4763146217,0.01880954740623617
2011,1. Resto país,F,Construcción,Bienes,20995.054146427312,549500.4763146217,0.03820752674726781
2011,1. Resto país,G,Comercio,Servicios,90278.3997538847,549500.4763146217,0.1642917588704599
2011,1. Resto país,H,Hotelería y restaurantes,Servicios,9999.100835336632,549500.4763146217,0.018196710041815417
2011,1. Resto país,I,Transporte y comunicaciones,Servicios,48591.240840758524,549500.4763146217,0.08842802315049704
2011,1. Resto país,J,Finanzas,Servicios,23861.379526892142,549500.4763146217,0.04342376495635662
2011,1. Resto país,K,Serv. inmobiliarios y profesionales,Servicios,66862.46069278942,549500.4763146217,0.1216786219026072
2011,1. Resto país,L,Adm. pública y defensa,Servicios,25429.228688475756,549500.4763146217,0.04627699116663915
2011,1. Resto país,M,Enseñanza,Servicios,20715.40417996076,549500.4763146217,0.03769861005197738
2011,1. Resto país,N,Salud,Servicios,18107.024638967156,549500.4763146217,0.03295179061610095
2011,1. Resto país,O,"Serv. comunitarios, sociales y personales",Servicios,17609.026290083235,549500.4763146217,0.03204551597149302
2011,1. Resto país,P,Servicio doméstico,Servicios,3707.7321526376627,549500.4763146217,0.006747459397132106
2011,2. NOA-Resto,A,Agro,Bienes,6098.072353893755,40268.221142837065,0.15143634808855924
2011,2. NOA-Resto,B,Pesca,Bienes,0,40268.221142837065,0
2011,2. NOA-Resto,C,Petróleo y minería,Bienes,1973.4263435532475,40268.221142837065,0.04900704047872454
2011,2. NOA-Resto,D,Industria manufacturera,Bienes,5516.006689787773,40268.221142837065,0.13698163299098112
2011,2. NOA-Resto,E,"Electricidad, gas y agua",Bienes,762.6383363929798,40268.221142837065,0.018938962654640092
2011,2. NOA-Resto,F,Construcción,Bienes,1752.608204359536,40268.221142837065,0.04352335798849389
2011,2. NOA-Resto,G,Comercio,Servicios,7783.344624171682,40268.221142837065,0.19328752061242188
2011,2. NOA-Resto,H,Hotelería y restaurantes,Servicios,690.3301783883978,40268.221142837065,0.017143299574612428
2011,2. NOA-Resto,I,Transporte y comunicaciones,Servicios,3420.3587723148726,40268.221142837065,0.08493940569617855
2011,2. NOA-Resto,J,Finanzas,Servicios,1033.5994730422392,40268.221142837065,0.025667870189147814
2011,2. NOA-Resto,K,Serv. inmobiliarios y profesionales,Servicios,4000.8343811453997,40268.221142837065,0.0993546341904172
2011,2. NOA-Resto,L,Adm. pública y defensa,Servicios,2479.438886654298,40268.221142837065,0.061573092038493045
2011,2. NOA-Resto,M,Enseñanza,Servicios,2049.5791714879565,40268.221142837065,0.050898180086421246
2011,2. NOA-Resto,N,Salud,Servicios,1596.0433759585576,40268.221142837065,0.039635308704031556
2011,2. NOA-Resto,O,"Serv. comunitarios, sociales y personales",Servicios,872.536178045346,40268.221142837065,0.021668108331637917
2011,2. NOA-Resto,P,Servicio doméstico,Servicios,239.4041736410237,40268.221142837065,0.005945238375239455
2011,3. La Rioja,A,Agro,Bienes,122.75771265167431,3460.6633689226396,0.035472306770447534
2011,3. La Rioja,B,Pesca,Bienes,0,3460.6633689226396,0
2011,3. La Rioja,C,Petróleo y minería,Bienes,17.09696001556443,3460.6633689226396,0.004940370730391783
2011,3. La Rioja,D,Industria manufacturera,Bienes,954.6979428799152,3460.6633689226396,0.2758713694759419
2011,3. La Rioja,E,"Electricidad, gas y agua",Bienes,43.758366846140696,3460.6633689226396,0.01264450256534584
2011,3. La Rioja,F,Construcción,Bienes,180.1654285533996,3460.6633689226396,0.05206095171559204
2011,3. La Rioja,G,Comercio,Servicios,621.9789612341215,3460.6633689226396,0.1797282471388581
2011,3. La Rioja,H,Hotelería y restaurantes,Servicios,131.86361433952175,3460.6633689226396,0.03810356578558897
2011,3. La Rioja,I,Transporte y comunicaciones,Servicios,191.1362630027325,3460.6633689226396,0.05523110531904648
2011,3. La Rioja,J,Finanzas,Servicios,104.6970731660816,3460.6633689226396,0.03025346935107285
2011,3. La Rioja,K,Serv. inmobiliarios y profesionales,Servicios,368.3531974522331,3460.6633689226396,0.10644005445895403
2011,3. La Rioja,L,Adm. pública y defensa,Servicios,289.4512715120175,3460.6633689226396,0.08364040088710749
2011,3. La Rioja,M,Enseñanza,Servicios,242.2831919680545,3460.6633689226396,0.07001062112651574
2011,3. La Rioja,N,Salud,Servicios,98.03161534549056,3460.6633689226396,0.028327405729731345
2011,3. La Rioja,O,"Serv. comunitarios, sociales y personales",Servicios,66.087903393892,3460.6633689226396,0.019096888760511323
2011,3. La Rioja,P,Servicio doméstico,Servicios,28.303866561800298,3460.6633689226396,0.008178740184894595
2012,1. Resto país,A,Agro,Bienes,38392.40098322303,542329.6899791776,0.07079162674036357
2012,1. Resto país,B,Pesca,Bienes,1755.551750817422,542329.6899791776,0.0032370563206392507
2012,1. Resto país,C,Petróleo y minería,Bienes,21296.575125929256,542329.6899791776,0.03926868751505551
2012,1. Resto país,D,Industria manufacturera,Bienes,122588.4832019164,542329.6899791776,0.22604051643682485
2012,1. Resto país,E,"Electricidad, gas y agua",Bienes,10757.182576855139,542329.6899791776,0.019835134929212808
2012,1. Resto país,F,Construcción,Bienes,20562.509727430275,542329.6899791776,0.037915146648563096
2012,1. Resto país,G,Comercio,Servicios,87609.12800559582,542329.6899791776,0.1615421940276947
2012,1. Resto país,H,Hotelería y restaurantes,Servicios,10131.664297216079,542329.6899791776,0.01868174375185891
2012,1. Resto país,I,Transporte y comunicaciones,Servicios,48851.93162608925,542329.6899791776,0.09007792220994741
2012,1. Resto país,J,Finanzas,Servicios,25558.247781431754,542329.6899791776,0.04712677224515045
2012,1. Resto país,K,Serv. inmobiliarios y profesionales,Servicios,66471.37734879994,542329.6899791776,0.12256636244892304
2012,1. Resto país,L,Adm. pública y defensa,Servicios,26099.923354133196,542329.6899791776,0.048125566120370965
2012,1. Resto país,M,Enseñanza,Servicios,21394.54201930985,542329.6899791776,0.03944932835989725
2012,1. Resto país,N,Salud,Servicios,19053.44645646139,542329.6899791776,0.03513258965628996
2012,1. Resto país,O,"Serv. comunitarios, sociales y personales",Servicios,17933.603821718694,542329.6899791776,0.03306771536407539
2012,1. Resto país,P,Servicio doméstico,Servicios,3873.1219022500463,542329.6899791776,0.007141637225132839
2012,2. NOA-Resto,A,Agro,Bienes,4359.563517996804,39142.82935746475,0.11137578937342228
2012,2. NOA-Resto,B,Pesca,Bienes,0,39142.82935746475,0
2012,2. NOA-Resto,C,Petróleo y minería,Bienes,2047.315097694409,39142.82935746475,0.052303707506620875
2012,2. NOA-Resto,D,Industria manufacturera,Bienes,5511.442294177987,39142.82935746475,0.14080337023789838
2012,2. NOA-Resto,E,"Electricidad, gas y agua",Bienes,856.9173031802287,39142.82935746475,0.021892063431454785
2012,2. NOA-Resto,F,Construcción,Bienes,1646.4471808697795,39142.82935746475,0.042062549077224363
2012,2. NOA-Resto,G,Comercio,Servicios,7755.2203176516805,39142.82935746475,0.19812620714840376
2012,2. NOA-Resto,H,Hotelería y restaurantes,Servicios,710.1443789235142,39142.82935746475,0.018142387522328808
2012,2. NOA-Resto,I,Transporte y comunicaciones,Servicios,3466.1310990530187,39142.82935746475,0.0885508573588079
2012,2. NOA-Resto,J,Finanzas,Servicios,1164.063381261588,39142.82935746475,0.029738866616692203
2012,2. NOA-Resto,K,Serv. inmobiliarios y profesionales,Servicios,3979.766336111749,39142.82935746475,0.10167293477349987
2012,2. NOA-Resto,L,Adm. pública y defensa,Servicios,2673.6788805712663,39142.82935746475,0.06830571331863575
2012,2. NOA-Resto,M,Enseñanza,Servicios,2122.632222832552,39142.82935746475,0.054227869003745245
2012,2. NOA-Resto,N,Salud,Servicios,1724.6277849065784,39142.82935746475,0.04405986519668085
2012,2. NOA-Resto,O,"Serv. comunitarios, sociales y personales",Servicios,873.3605773918738,39142.82935746475,0.02231214737739236
2012,2. NOA-Resto,P,Servicio doméstico,Servicios,251.51898484171835,39142.82935746475,0.006425672057192573
2012,3. La Rioja,A,Agro,Bienes,98.96349146639363,3333.5046082027775,0.02968752202198056
2012,3. La Rioja,B,Pesca,Bienes,0,3333.5046082027775,0
2012,3. La Rioja,C,Petróleo y minería,Bienes,6.334259248463924,3333.5046082027775,0.0019001801386076293
2012,3. La Rioja,D,Industria manufacturera,Bienes,886.2832222240075,3333.5046082027775,0.2658713055452584
2012,3. La Rioja,E,"Electricidad, gas y agua",Bienes,47.81632024148025,3333.5046082027775,0.014344159034254312
2012,3. La Rioja,F,Construcción,Bienes,160.5368437986077,3333.5046082027775,0.0481585786333019
2012,3. La Rioja,G,Comercio,Servicios,581.2653435898652,3333.5046082027775,0.17437064348420026
2012,3. La Rioja,H,Hotelería y restaurantes,Servicios,128.3747260201717,3333.5046082027775,0.03851043904492561
2012,3. La Rioja,I,Transporte y comunicaciones,Servicios,196.76730558765112,3333.5046082027775,0.059027158715624535
2012,3. La Rioja,J,Finanzas,Servicios,113.67007566372199,3333.5046082027775,0.034099270594680826
2012,3. La Rioja,K,Serv. inmobiliarios y profesionales,Servicios,357.5221726352404,3333.5046082027775,0.10725114096302227
2012,3. La Rioja,L,Adm. pública y defensa,Servicios,292.4425878163046,3333.5046082027775,0.08772826865056346
2012,3. La Rioja,M,Enseñanza,Servicios,253.2800584013621,3333.5046082027775,0.07598011347520389
2012,3. La Rioja,N,Salud,Servicios,113.99573541559491,3333.5046082027775,0.03419696350054079
2012,3. La Rioja,O,"Serv. comunitarios, sociales y personales",Servicios,66.54881428262371,3333.5046082027775,0.019963618504941192
2012,3. La Rioja,P,Servicio doméstico,Servicios,29.703651811288708,3333.5046082027775,0.008910637692894357
2013,1. Resto país,A,Agro,Bienes,43631.533321580486,554671.1114168095,0.07866198982335934
2013,1. Resto país,B,Pesca,Bienes,2157.4752327712063,554671.1114168095,0.0038896477360436466
2013,1. Resto país,C,Petróleo y minería,Bienes,20728.86639723031,554671.1114168095,0.03737145485057276
2013,1. Resto país,D,Industria manufacturera,Bienes,124226.26704679216,554671.1114168095,0.2239638309799082
2013,1. Resto país,E,"Electricidad, gas y agua",Bienes,10810.525369671745,554671.1114168095,0.019489973692803586
2013,1. Resto país,F,Construcción,Bienes,20515.96531937806,554671.1114168095,0.036987621848510635
2013,1. Resto país,G,Comercio,Servicios,89417.23495144698,554671.1114168095,0.16120766542725912
2013,1. Resto país,H,Hotelería y restaurantes,Servicios,10125.358327321403,554671.1114168095,0.01825470647183691
2013,1. Resto país,I,Transporte y comunicaciones,Servicios,49982.42580271484,554671.1114168095,0.09011182441977833
2013,1. Resto país,J,Finanzas,Servicios,26294.143180717263,554671.1114168095,0.04740492634194255
2013,1. Resto país,K,Serv. inmobiliarios y profesionales,Servicios,66954.14164552813,554671.1114168095,0.12070962461792104
2013,1. Resto país,L,Adm. pública y defensa,Servicios,26661.970308293807,554671.1114168095,0.04806807089734763
2013,1. Resto país,M,Enseñanza,Servicios,22008.013203321636,554671.1114168095,0.039677590468171396
2013,1. Resto país,N,Salud,Servicios,19520.769968436543,554671.1114168095,0.03519341383865149
2013,1. Resto país,O,"Serv. comunitarios, sociales y personales",Servicios,17678.329624413658,554671.1114168095,0.03187173310551091
2013,1. Resto país,P,Servicio doméstico,Servicios,3958.0917171912906,554671.1114168095,0.007135925480382498
2013,2. NOA-Resto,A,Agro,Bienes,3834.234419379874,39519.65279863996,0.0970209540786205
2013,2. NOA-Resto,B,Pesca,Bienes,0,39519.65279863996,0
2013,2. NOA-Resto,C,Petróleo y minería,Bienes,1667.8939365933848,39519.65279863996,0.04220416472512087
2013,2. NOA-Resto,D,Industria manufacturera,Bienes,5782.070798027684,39519.65279863996,0.1463087448538179
2013,2. NOA-Resto,E,"Electricidad, gas y agua",Bienes,856.888946997452,39519.65279863996,0.021682603118085623
2013,2. NOA-Resto,F,Construcción,Bienes,1643.5878625098233,39519.65279863996,0.041589127082776046
2013,2. NOA-Resto,G,Comercio,Servicios,8317.782467964738,39519.65279863996,0.21047205324260818
2013,2. NOA-Resto,H,Hotelería y restaurantes,Servicios,716.2961980927181,39519.65279863996,0.018125063034900166
2013,2. NOA-Resto,I,Transporte y comunicaciones,Servicios,3562.8605888364596,39519.65279863996,0.09015414702628848
2013,2. NOA-Resto,J,Finanzas,Servicios,1183.7894955354216,39519.65279863996,0.02995445080368117
2013,2. NOA-Resto,K,Serv. inmobiliarios y profesionales,Servicios,4002.212620982476,39519.65279863996,0.10127145198806527
2013,2. NOA-Resto,L,Adm. pública y defensa,Servicios,2818.5236905934953,39519.65279863996,0.07131954587137701
2013,2. NOA-Resto,M,Enseñanza,Servicios,2185.125126248088,39519.65279863996,0.05529211345508803
2013,2. NOA-Resto,N,Salud,Servicios,1822.3124861212934,39519.65279863996,0.04611155101504351
2013,2. NOA-Resto,O,"Serv. comunitarios, sociales y personales",Servicios,867.5659558751405,39519.65279863996,0.021952772720336175
2013,2. NOA-Resto,P,Servicio doméstico,Servicios,258.5082048819137,39519.65279863996,0.006541256984191168
2013,3. La Rioja,A,Agro,Bienes,102.55269434503892,3489.539524733442,0.029388603745037874
2013,3. La Rioja,B,Pesca,Bienes,0,3489.539524733442,0
2013,3. La Rioja,C,Petróleo y minería,Bienes,8.406067955386117,3489.539524733442,0.002408933297876383
2013,3. La Rioja,D,Industria manufacturera,Bienes,917.2193399378662,3489.539524733442,0.26284824500101645
2013,3. La Rioja,E,"Electricidad, gas y agua",Bienes,50.94845546461217,3489.539524733442,0.014600337695989847
2013,3. La Rioja,F,Construcción,Bienes,186.4523284128577,3489.539524733442,0.05343178579617905
2013,3. La Rioja,G,Comercio,Servicios,604.4492767646799,3489.539524733442,0.17321748972333317
2013,3. La Rioja,H,Hotelería y restaurantes,Servicios,130.1916464030482,3489.539524733442,0.03730911929217745
2013,3. La Rioja,I,Transporte y comunicaciones,Servicios,209.13228109997402,3489.539524733442,0.05993119711574242
2013,3. La Rioja,J,Finanzas,Servicios,118.5328789346883,3489.539524733442,0.03396805741690023
2013,3. La Rioja,K,Serv. inmobiliarios y profesionales,Servicios,371.5019529555451,3489.539524733442,0.10646159767567709
2013,3. La Rioja,L,Adm. pública y defensa,Servicios,325.597606486812,3489.539524733442,0.09330675413733384
2013,3. La Rioja,M,Enseñanza,Servicios,258.58062970013657,3489.539524733442,0.07410164804477719
2013,3. La Rioja,N,Salud,Servicios,110.40069577820265,3489.539524733442,0.03163761149449537
2013,3. La Rioja,O,"Serv. comunitarios, sociales y personales",Servicios,65.07799991912447,3489.539524733442,0.01864945201447335
2013,3. La Rioja,P,Servicio doméstico,Servicios,30.495670575469653,3489.539524733442,0.008739167548990335
2014,1. Resto país,A,Agro,Bienes,43568.66504970988,542044.2809585629,0.08037842401484636
2014,1. Resto país,B,Pesca,Bienes,2184.398909451825,542044.2809585629,0.004029927048743853
2014,1. Resto país,C,Petróleo y minería,Bienes,20993.87922056961,542044.2809585629,0.03873093021744198
2014,1. Resto país,D,Industria manufacturera,Bienes,117723.19405167177,542044.2809585629,0.21718372130684144
2014,1. Resto país,E,"Electricidad, gas y agua",Bienes,11014.937509271322,542044.2809585629,0.02032110271469384
2014,1. Resto país,F,Construcción,Bienes,20031.86246113578,542044.2809585629,0.03695613654609731
2014,1. Resto país,G,Comercio,Servicios,82698.19077713037,542044.2809585629,0.1525672231628108
2014,1. Resto país,H,Hotelería y restaurantes,Servicios,10003.401358917015,542044.2809585629,0.018454952317229108
2014,1. Resto país,I,Transporte y comunicaciones,Servicios,50293.27049047636,542044.2809585629,0.09278443156255915
2014,1. Resto país,J,Finanzas,Servicios,25634.84283942807,542044.2809585629,0.047292894215385614
2014,1. Resto país,K,Serv. inmobiliarios y profesionales,Servicios,66624.61551749264,542044.2809585629,0.12291360292497179
2014,1. Resto país,L,Adm. pública y defensa,Servicios,27524.321648143356,542044.2809585629,0.050778732688533765
2014,1. Resto país,M,Enseñanza,Servicios,22620.139582924967,542044.2809585629,0.04173116547401445
2014,1. Resto país,N,Salud,Servicios,19836.632443482402,542044.2809585629,0.03659596298738338
2014,1. Resto país,O,"Serv. comunitarios, sociales y personales",Servicios,17324.590451872875,542044.2809585629,0.031961577790721625
2014,1. Resto país,P,Servicio doméstico,Servicios,3967.3386468845993,542044.2809585629,0.007319215027725542
2014,2. NOA-Resto,A,Agro,Bienes,5406.663207004622,41417.98489763995,0.13053902116113572
2014,2. NOA-Resto,B,Pesca,Bienes,0,41417.98489763995,0
2014,2. NOA-Resto,C,Petróleo y minería,Bienes,1752.8107079367946,41417.98489763995,0.0423200383183459
2014,2. NOA-Resto,D,Industria manufacturera,Bienes,5751.203829445517,41417.98489763995,0.13885764465989817
2014,2. NOA-Resto,E,"Electricidad, gas y agua",Bienes,883.474890508145,41417.98489763995,0.021330706761605065
2014,2. NOA-Resto,F,Construcción,Bienes,1660.2264459018495,41417.98489763995,0.04008467456842526
2014,2. NOA-Resto,G,Comercio,Servicios,8364.564450562197,41417.98489763995,0.2019548867776718
2014,2. NOA-Resto,H,Hotelería y restaurantes,Servicios,711.8252045516044,41417.98489763995,0.01718637945112016
2014,2. NOA-Resto,I,Transporte y comunicaciones,Servicios,3654.026067675274,41417.98489763995,0.0882231735007341
2014,2. NOA-Resto,J,Finanzas,Servicios,1086.0400269676622,41417.98489763995,0.026221459823593352
2014,2. NOA-Resto,K,Serv. inmobiliarios y profesionales,Servicios,3981.253032472381,41417.98489763995,0.0961237743050903
2014,2. NOA-Resto,L,Adm. pública y defensa,Servicios,2905.179196055131,41417.98489763995,0.0701429391901843
2014,2. NOA-Resto,M,Enseñanza,Servicios,2253.4564702702405,41417.98489763995,0.054407680041397795
2014,2. NOA-Resto,N,Salud,Servicios,1877.4599280559084,41417.98489763995,0.04532958164661672
2014,2. NOA-Resto,O,"Serv. comunitarios, sociales y personales",Servicios,869.2105365729425,41417.98489763995,0.020986306763139295
2014,2. NOA-Resto,P,Servicio doméstico,Servicios,260.5909036596836,41417.98489763995,0.006291733031042087
2014,3. La Rioja,A,Agro,Bienes,109.68312308775182,3366.1925939243497,0.032583733707251095
2014,3. La Rioja,B,Pesca,Bienes,0,3366.1925939243497,0
2014,3. La Rioja,C,Petróleo y minería,Bienes,8.362033221904106,3366.1925939243497,0.0024841220425108066
2014,3. La Rioja,D,Industria manufacturera,Bienes,834.1196600814014,3366.1925939243497,0.2477932075505443
2014,3. La Rioja,E,"Electricidad, gas y agua",Bienes,50.36433005148523,3366.1925939243497,0.014961808822937805
2014,3. La Rioja,F,Construcción,Bienes,202.9730856948643,3366.1925939243497,0.06029752607180319
2014,3. La Rioja,G,Comercio,Servicios,541.8967617401819,3366.1925939243497,0.16098210266348184
2014,3. La Rioja,H,Hotelería y restaurantes,Servicios,126.82431867443783,3366.1925939243497,0.03767589498691887
2014,3. La Rioja,I,Transporte y comunicaciones,Servicios,220.697441253709,3366.1925939243497,0.06556292757938047
2014,3. La Rioja,J,Finanzas,Servicios,117.66326773712431,3366.1925939243497,0.03495440752543246
2014,3. La Rioja,K,Serv. inmobiliarios y profesionales,Servicios,358.3536520583827,3366.1925939243497,0.10645666938522062
2014,3. La Rioja,L,Adm. pública y defensa,Servicios,336.13138668011317,3366.1925939243497,0.09985506690460838
2014,3. La Rioja,M,Enseñanza,Servicios,261.3195425140831,3366.1925939243497,0.07763059754386586
2014,3. La Rioja,N,Salud,Servicios,108.35534317247384,3366.1925939243497,0.03218928809006493
2014,3. La Rioja,O,"Serv. comunitarios, sociales y personales",Servicios,58.740922557195915,3366.1925939243497,0.017450256014233282
2014,3. La Rioja,P,Servicio doméstico,Servicios,30.70772539924121,3366.1925939243497,0.009122391111746151
2015,1. Resto país,A,Agro,Bienes,47200.25406014866,557013.4576594336,0.08473808560835097
2015,1. Resto país,B,Pesca,Bienes,2239.349315269071,557013.4576594336,0.00402027865660338
2015,1. Resto país,C,Petróleo y minería,Bienes,21813.636997193946,557013.4576594336,0.03916177732734625
2015,1. Resto país,D,Industria manufacturera,Bienes,118511.28282460698,557013.4576594336,0.21276197405102296
2015,1. Resto país,E,"Electricidad, gas y agua",Bienes,11482.970772663946,557013.4576594336,0.02061524836565943
2015,1. Resto país,F,Construcción,Bienes,20726.273526550653,557013.4576594336,0.03720964590988932
2015,1. Resto país,G,Comercio,Servicios,85567.80500549366,557013.4576594336,0.15361891858959556
2015,1. Resto país,H,Hotelería y restaurantes,Servicios,10136.512474203328,557013.4576594336,0.018197966915910573
2015,1. Resto país,I,Transporte y comunicaciones,Servicios,51740.73614121077,557013.4576594336,0.09288956205587018
2015,1. Resto país,J,Finanzas,Servicios,25968.8691683145,557013.4576594336,0.04662161894155214
2015,1. Resto país,K,Serv. inmobiliarios y profesionales,Servicios,67701.25957835004,557013.4576594336,0.12154331039474384
2015,1. Resto país,L,Adm. pública y defensa,Servicios,28592.894647786125,557013.4576594336,0.051332502392192204
2015,1. Resto país,M,Enseñanza,Servicios,23458.86007779977,557013.4576594336,0.042115427832522624
2015,1. Resto país,N,Salud,Servicios,20470.0599984062,557013.4576594336,0.03674966864251582
2015,1. Resto país,O,"Serv. comunitarios, sociales y personales",Servicios,17421.209051775324,557013.4576594336,0.031276100805497795
2015,1. Resto país,P,Servicio doméstico,Servicios,3981.4840196606206,557013.4576594336,0.007147913510726988
2015,2. NOA-Resto,A,Agro,Bienes,5586.995968972023,42182.16764636667,0.13244923816648038
2015,2. NOA-Resto,B,Pesca,Bienes,0,42182.16764636667,0
2015,2. NOA-Resto,C,Petróleo y minería,Bienes,1312.0649086928406,42182.16764636667,0.031104729365558203
2015,2. NOA-Resto,D,Industria manufacturera,Bienes,5893.743398466255,42182.16764636667,0.1397212074987784
2015,2. NOA-Resto,E,"Electricidad, gas y agua",Bienes,942.1885477628186,42182.16764636667,0.02233618138502594
2015,2. NOA-Resto,F,Construcción,Bienes,1645.4167177857535,42182.16764636667,0.039007400747635125
2015,2. NOA-Resto,G,Comercio,Servicios,8716.837386821813,42182.16764636667,0.20664745017134345
2015,2. NOA-Resto,H,Hotelería y restaurantes,Servicios,715.880490578893,42182.16764636667,0.01697116413221014
2015,2. NOA-Resto,I,Transporte y comunicaciones,Servicios,3843.18220185981,42182.16764636667,0.09110916807498012
2015,2. NOA-Resto,J,Finanzas,Servicios,1090.0076909840486,42182.16764636667,0.025840485489558182
2015,2. NOA-Resto,K,Serv. inmobiliarios y profesionales,Servicios,4172.117246210526,42182.16764636667,0.09890713253968796
2015,2. NOA-Resto,L,Adm. pública y defensa,Servicios,2961.6364933796417,42182.16764636667,0.07021062829697278
2015,2. NOA-Resto,M,Enseñanza,Servicios,2299.134061776258,42182.16764636667,0.05450488180339618
2015,2. NOA-Resto,N,Salud,Servicios,1885.9658168689825,42182.16764636667,0.04471002611055785
2015,2. NOA-Resto,O,"Serv. comunitarios, sociales y personales",Servicios,853.9886428240544,42182.16764636667,0.020245252685529357
2015,2. NOA-Resto,P,Servicio doméstico,Servicios,263.00807338295687,42182.16764636667,0.006235053532285955
2015,3. La Rioja,A,Agro,Bienes,109.53024353557433,3440.8448954392106,0.031832368753603235
2015,3. La Rioja,B,Pesca,Bienes,0,3440.8448954392106,0
2015,3. La Rioja,C,Petróleo y minería,Bienes,4.272857277179044,3440.8448954392106,0.001241804675021142
2015,3. La Rioja,D,Industria manufacturera,Bienes,855.6104345375444,3440.8448954392106,0.2486628896500518
2015,3. La Rioja,E,"Electricidad, gas y agua",Bienes,52.24751721327193,3440.8448954392106,0.015184502295504585
2015,3. La Rioja,F,Construcción,Bienes,181.96585642374697,3440.8448954392106,0.05288406247690503
2015,3. La Rioja,G,Comercio,Servicios,565.0574670712215,3440.8448954392106,0.16422055752068246
2015,3. La Rioja,H,Hotelería y restaurantes,Servicios,139.57038395601083,3440.8448954392106,0.04056282343357276
2015,3. La Rioja,I,Transporte y comunicaciones,Servicios,227.0300219174276,3440.8448954392106,0.06598089388404359
2015,3. La Rioja,J,Finanzas,Servicios,120.64344736802342,3440.8448954392106,0.03506215799727983
2015,3. La Rioja,K,Serv. inmobiliarios y profesionales,Servicios,374.8960620470108,3440.8448954392106,0.10895465312718106
2015,3. La Rioja,L,Adm. pública y defensa,Servicios,361.801657301931,3440.8448954392106,0.10514907480470677
2015,3. La Rioja,M,Enseñanza,Servicios,262.21761714703956,3440.8448954392106,0.07620733427845154
2015,3. La Rioja,N,Salud,Servicios,104.13056352870154,3440.8448954392106,0.030263079764718565
2015,3. La Rioja,O,"Serv. comunitarios, sociales y personales",Servicios,50.912133087176954,3440.8448954392106,0.014796404555945036
2015,3. La Rioja,P,Servicio doméstico,Servicios,30.95863302735089,3440.8448954392106,0.008997392782332648
2016,1. Resto país,A,Agro,Bienes,44424.17610204206,543814.7099663813,0.08168991255273027
2016,1. Resto país,B,Pesca,Bienes,2236.3063358949257,543814.7099663813,0.004112257897608497
2016,1. Resto país,C,Petróleo y minería,Bienes,20335.482483619628,543814.7099663813,0.03739413831758389
2016,1. Resto país,D,Industria manufacturera,Bienes,111945.04252952397,543814.7099663813,0.20585144255558005
2016,1. Resto país,E,"Electricidad, gas y agua",Bienes,11592.00981988375,543814.7099663813,0.021316101987385316
2016,1. Resto país,F,Construcción,Bienes,18502.082215698872,543814.7099663813,0.03402276892591352
2016,1. Resto país,G,Comercio,Servicios,82678.25131597092,543814.7099663813,0.15203386337431382
2016,1. Resto país,H,Hotelería y restaurantes,Servicios,10293.337844477295,543814.7099663813,0.01892802393137477
2016,1. Resto país,I,Transporte y comunicaciones,Servicios,53439.39195270889,543814.7099663813,0.0982676470005979
2016,1. Resto país,J,Finanzas,Servicios,25166.624271123754,543814.7099663813,0.04627793954429728
2016,1. Resto país,K,Serv. inmobiliarios y profesionales,Servicios,67668.65431576406,543814.7099663813,0.12443329147890711
2016,1. Resto país,L,Adm. pública y defensa,Servicios,29225.514453019492,543814.7099663813,0.053741676930412964
2016,1. Resto país,M,Enseñanza,Servicios,23987.430243598505,543814.7099663813,0.044109564901400715
2016,1. Resto país,N,Salud,Servicios,20988.680512374147,543814.7099663813,0.03859527910466355
2016,1. Resto país,O,"Serv. comunitarios, sociales y personales",Servicios,17381.120833806544,543814.7099663813,0.031961476060257815
2016,1. Resto país,P,Servicio doméstico,Servicios,3950.6047368745367,543814.7099663813,0.007264615436972574
2016,2. NOA-Resto,A,Agro,Bienes,5771.305562169966,42089.052670294375,0.13712129867544487
2016,2. NOA-Resto,B,Pesca,Bienes,0,42089.052670294375,0
2016,2. NOA-Resto,C,Petróleo y minería,Bienes,1521.1301004014563,42089.052670294375,0.03614075404160949
2016,2. NOA-Resto,D,Industria manufacturera,Bienes,5472.292128873987,42089.052670294375,0.13001699448408405
2016,2. NOA-Resto,E,"Electricidad, gas y agua",Bienes,957.2683871129148,42089.052670294375,0.02274388056703723
2016,2. NOA-Resto,F,Construcción,Bienes,1400.7951804964687,42089.052670294375,0.033281698960288604
2016,2. NOA-Resto,G,Comercio,Servicios,8527.01911789983,42089.052670294375,0.2025947028244243
2016,2. NOA-Resto,H,Hotelería y restaurantes,Servicios,747.8640024966455,42089.052670294375,0.017768610958176143
2016,2. NOA-Resto,I,Transporte y comunicaciones,Servicios,4043.323282177849,42089.052670294375,0.09606591323998952
2016,2. NOA-Resto,J,Finanzas,Servicios,1034.7289066437256,42089.052670294375,0.02458427645661925
2016,2. NOA-Resto,K,Serv. inmobiliarios y profesionales,Servicios,4122.527233086703,42089.052670294375,0.09794773157240247
2016,2. NOA-Resto,L,Adm. pública y defensa,Servicios,3067.2153122988825,42089.052670294375,0.07287442025188803
2016,2. NOA-Resto,M,Enseñanza,Servicios,2404.444383120392,42089.052670294375,0.05712754815261978
2016,2. NOA-Resto,N,Salud,Servicios,1919.5881821701978,42089.052670294375,0.04560777827924375
2016,2. NOA-Resto,O,"Serv. comunitarios, sociales y personales",Servicios,837.1021912297471,42089.052670294375,0.01988883422459535
2016,2. NOA-Resto,P,Servicio doméstico,Servicios,262.44870011561125,42089.052670294375,0.0062355573115771825
2016,3. La Rioja,A,Agro,Bienes,103.60159760110105,3390.732274539304,0.030554343195726745
2016,3. La Rioja,B,Pesca,Bienes,0,3390.732274539304,0
2016,3. La Rioja,C,Petróleo y minería,Bienes,6.043694894185908,3390.732274539304,0.0017824158337617676
2016,3. La Rioja,D,Industria manufacturera,Bienes,827.278765761206,3390.732274539304,0.24398233147841428
2016,3. La Rioja,E,"Electricidad, gas y agua",Bienes,51.66262014207223,3390.732274539304,0.015236419734463285
2016,3. La Rioja,F,Construcción,Bienes,125.98276027402314,3390.732274539304,0.037155030262936435
2016,3. La Rioja,G,Comercio,Servicios,558.8487761770562,3390.732274539304,0.1648165443120945
2016,3. La Rioja,H,Hotelería y restaurantes,Servicios,160.68474184163398,3390.732274539304,0.04738939227027769
2016,3. La Rioja,I,Transporte y comunicaciones,Servicios,226.05562842596726,3390.732274539304,0.06666867511876362
2016,3. La Rioja,J,Finanzas,Servicios,118.22045718994508,3390.732274539304,0.03486575984711373
2016,3. La Rioja,K,Serv. inmobiliarios y profesionales,Servicios,372.7141218323492,3390.732274539304,0.10992142453446566
2016,3. La Rioja,L,Adm. pública y defensa,Servicios,375.82282449868137,3390.732274539304,0.11083824792676801
2016,3. La Rioja,M,Enseñanza,Servicios,272.0732029139197,3390.732274539304,0.08024024926913054
2016,3. La Rioja,N,Salud,Servicios,112.51632212716748,3390.732274539304,0.03318348752334184
2016,3. La Rioja,O,"Serv. comunitarios, sociales y personales",Servicios,48.36780823241716,3390.732274539304,0.014264708716641114
2016,3. La Rioja,P,Servicio doméstico,Servicios,30.858952627578297,3390.732274539304,0.009100969976100834
2017,1. Resto país,A,Agro,Bienes,45388.79390666111,557389.7039548262,0.08143098730496043
2017,1. Resto país,B,Pesca,Bienes,2556.0325030683216,557389.7039548262,0.004585718905341452
2017,1. Resto país,C,Petróleo y minería,Bienes,19751.27192096721,557389.7039548262,0.03543530097672554
2017,1. Resto país,D,Industria manufacturera,Bienes,114919.63522330928,557389.7039548262,0.2061746645263167
2017,1. Resto país,E,"Electricidad, gas y agua",Bienes,11470.463398002183,557389.7039548262,0.020578893575924052
2017,1. Resto país,F,Construcción,Bienes,20070.158377917367,557389.7039548262,0.036007407807346146
2017,1. Resto país,G,Comercio,Servicios,85380.15487326865,557389.7039548262,0.15317856477698466
2017,1. Resto país,H,Hotelería y restaurantes,Servicios,10590.21862584976,557389.7039548262,0.01899966675148353
2017,1. Resto país,I,Transporte y comunicaciones,Servicios,54605.218578159314,557389.7039548262,0.09796596203826687
2017,1. Resto país,J,Finanzas,Servicios,26455.0862056802,557389.7039548262,0.04746245942107366
2017,1. Resto país,K,Serv. inmobiliarios y profesionales,Servicios,69701.36171654108,557389.7039548262,0.1250496039341804
2017,1. Resto país,L,Adm. pública y defensa,Servicios,29332.774203384528,557389.7039548262,0.052625253023622066
2017,1. Resto país,M,Enseñanza,Servicios,24255.968880624867,557389.7039548262,0.04351707379688287
2017,1. Resto país,N,Salud,Servicios,21396.605320274102,557389.7039548262,0.038387155644353625
2017,1. Resto país,O,"Serv. comunitarios, sociales y personales",Servicios,17675.601552317166,557389.7039548262,0.03171138868713242
2017,1. Resto país,P,Servicio doméstico,Servicios,3840.3586688010905,557389.7039548262,0.006889898829405599
2017,2. NOA-Resto,A,Agro,Bienes,6292.51640131882,43605.63024622719,0.14430513596035582
2017,2. NOA-Resto,B,Pesca,Bienes,0,43605.63024622719,0
2017,2. NOA-Resto,C,Petróleo y minería,Bienes,1333.6859618450073,43605.63024622719,0.03058517797619493
2017,2. NOA-Resto,D,Industria manufacturera,Bienes,5578.547112190243,43605.63024622719,0.12793180790393244
2017,2. NOA-Resto,E,"Electricidad, gas y agua",Bienes,949.0126897972458,43605.63024622719,0.02176353568193996
2017,2. NOA-Resto,F,Construcción,Bienes,1607.6981519763845,43605.63024622719,0.03686904977403656
2017,2. NOA-Resto,G,Comercio,Servicios,8850.172232674251,43605.63024622719,0.20295939269080918
2017,2. NOA-Resto,H,Hotelería y restaurantes,Servicios,764.1070930613945,43605.63024622719,0.017523129209387034
2017,2. NOA-Resto,I,Transporte y comunicaciones,Servicios,4160.549102288831,43605.63024622719,0.09541311704005943
2017,2. NOA-Resto,J,Finanzas,Servicios,1058.7014594473033,43605.63024622719,0.02427900831771382
2017,2. NOA-Resto,K,Serv. inmobiliarios y profesionales,Servicios,4253.487546217809,43605.63024622719,0.09754445749779812
2017,2. NOA-Resto,L,Adm. pública y defensa,Servicios,3222.323318636172,43605.63024622719,0.07389695551791667
2017,2. NOA-Resto,M,Enseñanza,Servicios,2446.116317148375,43605.63024622719,0.056096341305834366
2017,2. NOA-Resto,N,Salud,Servicios,1969.490481415278,43605.63024622719,0.045165967566440125
2017,2. NOA-Resto,O,"Serv. comunitarios, sociales y personales",Servicios,862.6546724676979,43605.63024622719,0.0197831029524527
2017,2. NOA-Resto,P,Servicio doméstico,Servicios,256.56770574237834,43605.63024622719,0.005883820605128781
2017,3. La Rioja,A,Agro,Bienes,107.9249209377092,3500.4297548849117,0.030831905935863466
2017,3. La Rioja,B,Pesca,Bienes,0,3500.4297548849117,0
2017,3. La Rioja,C,Petróleo y minería,Bienes,4.4486166542946535,3500.4297548849117,0.0012708772824498278
2017,3. La Rioja,D,Industria manufacturera,Bienes,790.1307701285233,3500.4297548849117,0.2257239326188111
2017,3. La Rioja,E,"Electricidad, gas y agua",Bienes,54.33593869897832,3500.4297548849117,0.015522647932914966
2017,3. La Rioja,F,Construcción,Bienes,185.52865730506312,3500.4297548849117,0.053001679878350534
2017,3. La Rioja,G,Comercio,Servicios,556.5835481044567,3500.4297548849117,0.15900434720272116
2017,3. La Rioja,H,Hotelería y restaurantes,Servicios,167.25250497308863,3500.4297548849117,0.047780563155048264
2017,3. La Rioja,I,Transporte y comunicaciones,Servicios,242.1072964727451,3500.4297548849117,0.06916502070492347
2017,3. La Rioja,J,Finanzas,Servicios,125.51854745255302,3500.4297548849117,0.03585803922429515
2017,3. La Rioja,K,Serv. inmobiliarios y profesionales,Servicios,382.27615725167016,3500.4297548849117,0.10920834983710129
2017,3. La Rioja,L,Adm. pública y defensa,Servicios,402.78614791222316,3500.4297548849117,0.11506762772488947
2017,3. La Rioja,M,Enseñanza,Servicios,280.9777702168816,3500.4297548849117,0.08026950685834279
2017,3. La Rioja,N,Salud,Servicios,118.32603264157692,3500.4297548849117,0.03380328728963946
2017,3. La Rioja,O,"Serv. comunitarios, sociales y personales",Servicios,52.09844497398033,3500.4297548849117,0.014883442497675042
2017,3. La Rioja,P,Servicio doméstico,Servicios,30.134401161167442,3500.4297548849117,0.008608771856973948
2018,1. Resto país,A,Agro,Bienes,37901.205420391394,542847.8896551975,0.06981920007916993
2018,1. Resto país,B,Pesca,Bienes,2694.611076975893,542847.8896551975,0.00496384185759189
2018,1. Resto país,C,Petróleo y minería,Bienes,20123.482092862723,542847.8896551975,0.037070204151746125
2018,1. Resto país,D,Industria manufacturera,Bienes,109595.67863630103,542847.8896551975,0.20189021772915666
2018,1. Resto país,E,"Electricidad, gas y agua",Bienes,11494.589705264114,542847.8896551975,0.021174605122928947
2018,1. Resto país,F,Construcción,Bienes,20320.955125612818,542847.8896551975,0.03743397646534123
2018,1. Resto país,G,Comercio,Servicios,82300.27224370572,542847.8896551975,0.15160834888016358
2018,1. Resto país,H,Hotelería y restaurantes,Servicios,10525.88315572329,542847.8896551975,0.01939011527227093
2018,1. Resto país,I,Transporte y comunicaciones,Servicios,52790.875763091004,542847.8896551975,0.09724800771837275
2018,1. Resto país,J,Finanzas,Servicios,27438.077736439307,542847.8896551975,0.05054468896225652
2018,1. Resto país,K,Serv. inmobiliarios y profesionales,Servicios,70577.64153559566,542847.8896551975,0.13001366106521053
2018,1. Resto país,L,Adm. pública y defensa,Servicios,29273.624041451316,542847.8896551975,0.05392601610746823
2018,1. Resto país,M,Enseñanza,Servicios,24717.123018702183,542847.8896551975,0.045532318518179814
2018,1. Resto país,N,Salud,Servicios,21725.707089054195,542847.8896551975,0.040021721559705764
2018,1. Resto país,O,"Serv. comunitarios, sociales y personales",Servicios,17497.621841489916,542847.8896551975,0.0322330107106135
2018,1. Resto país,P,Servicio doméstico,Servicios,3870.5411725369495,542847.8896551975,0.007130065799823619
2018,2. NOA-Resto,A,Agro,Bienes,5711.854342595993,42032.00165950618,0.13589298908166964
2018,2. NOA-Resto,B,Pesca,Bienes,0,42032.00165950618,0
2018,2. NOA-Resto,C,Petróleo y minería,Bienes,1139.3342616913976,42032.00165950618,0.02710635270051955
2018,2. NOA-Resto,D,Industria manufacturera,Bienes,5188.024226697587,42032.00165950618,0.12343033930967302
2018,2. NOA-Resto,E,"Electricidad, gas y agua",Bienes,941.8700908281919,42032.00165950618,0.022408404397632906
2018,2. NOA-Resto,F,Construcción,Bienes,1628.698909553121,42032.00165950618,0.03874902087097643
2018,2. NOA-Resto,G,Comercio,Servicios,8182.686159567673,42032.00165950618,0.19467752751472955
2018,2. NOA-Resto,H,Hotelería y restaurantes,Servicios,787.0705854539592,42032.00165950618,0.018725508050505872
2018,2. NOA-Resto,I,Transporte y comunicaciones,Servicios,4101.414282920751,42032.00165950618,0.0975783717403131
2018,2. NOA-Resto,J,Finanzas,Servicios,1095.8281013071362,42032.00165950618,0.026071280406397154
2018,2. NOA-Resto,K,Serv. inmobiliarios y profesionales,Servicios,4345.166539605242,42032.00165950618,0.10337757822729139
2018,2. NOA-Resto,L,Adm. pública y defensa,Servicios,3292.6895613881056,42032.00165950618,0.0783376815613399
2018,2. NOA-Resto,M,Enseñanza,Servicios,2469.567180245085,42032.00165950618,0.058754450959785653
2018,2. NOA-Resto,N,Salud,Servicios,2006.1797172957488,42032.00165950618,0.047729816284921574
2018,2. NOA-Resto,O,"Serv. comunitarios, sociales y personales",Servicios,881.5754812760698,42032.00165950618,0.02097391145959588
2018,2. NOA-Resto,P,Servicio doméstico,Servicios,260.04221908011783,42032.00165950618,0.00618676743464834
2018,3. La Rioja,A,Agro,Bienes,113.22961008768134,3375.698059510104,0.03354257640688211
2018,3. La Rioja,B,Pesca,Bienes,0,3375.698059510104,0
2018,3. La Rioja,C,Petróleo y minería,Bienes,5.304878210369319,3375.698059510104,0.001571490730761384
2018,3. La Rioja,D,Industria manufacturera,Bienes,676.800690372176,3375.698059510104,0.20049206962260013
2018,3. La Rioja,E,"Electricidad, gas y agua",Bienes,52.75295295122119,3375.698059510104,0.015627272351152438
2018,3. La Rioja,F,Construcción,Bienes,158.83045459958805,3375.698059510104,0.04705114373370177
2018,3. La Rioja,G,Comercio,Servicios,503.44789886349173,3375.698059510104,0.14913890104749306
2018,3. La Rioja,H,Hotelería y restaurantes,Servicios,160.08039361638143,3375.698059510104,0.047421419449941264
2018,3. La Rioja,I,Transporte y comunicaciones,Servicios,246.5278487543991,3375.698059510104,0.07303018350823008
2018,3. La Rioja,J,Finanzas,Servicios,134.12928371306788,3375.698059510104,0.03973379175166315
2018,3. La Rioja,K,Serv. inmobiliarios y profesionales,Servicios,391.11932381047995,3375.698059510104,0.11586324277688535
2018,3. La Rioja,L,Adm. pública y defensa,Servicios,431.31127352064505,3375.698059510104,0.1277695060153688
2018,3. La Rioja,M,Enseñanza,Servicios,289.7949254544426,3375.698059510104,0.08584740706830246
2018,3. La Rioja,N,Salud,Servicios,124.78194431917608,3375.698059510104,0.03696478243000352
2018,3. La Rioja,O,"Serv. comunitarios, sociales y personales",Servicios,57.07757811177806,3375.698059510104,0.016908377794920854
2018,3. La Rioja,P,Servicio doméstico,Servicios,30.5090031252062,3375.698059510104,0.009037835312093581
2019,1. Resto país,A,Agro,Bienes,46732.528277360434,532968.1124453641,0.08768353525493723
2019,1. Resto país,B,Pesca,Bienes,2422.7163076156808,532968.1124453641,0.004545705926945187
2019,1. Resto país,C,Petróleo y minería,Bienes,20740.050707898623,532968.1124453641,0.03891424312936684
2019,1. Resto país,D,Industria manufacturera,Bienes,102640.47497648203,532968.1124453641,0.19258276917458914
2019,1. Resto país,E,"Electricidad, gas y agua",Bienes,11171.304571387347,532968.1124453641,0.020960549628628197
2019,1. Resto país,F,Construcción,Bienes,19529.03013337171,532968.1124453641,0.03664202356078795
2019,1. Resto país,G,Comercio,Servicios,75894.999911198,532968.1124453641,0.14240063924833435
2019,1. Resto país,H,Hotelería y restaurantes,Servicios,10509.980150296271,532968.1124453641,0.019719716630089524
2019,1. Resto país,I,Transporte y comunicaciones,Servicios,52395.28439840069,532968.1124453641,0.09830847882812475
2019,1. Resto país,J,Finanzas,Servicios,24258.168083008644,532968.1124453641,0.04551523349437798
2019,1. Resto país,K,Serv. inmobiliarios y profesionales,Servicios,69950.51466600472,532968.1124453641,0.13124709158500644
2019,1. Resto país,L,Adm. pública y defensa,Servicios,29285.972882589413,532968.1124453641,0.054948827516564776
2019,1. Resto país,M,Enseñanza,Servicios,24730.903275557543,532968.1124453641,0.04640221937873022
2019,1. Resto país,N,Salud,Servicios,21686.04996717882,532968.1124453641,0.04068920721669237
2019,1. Resto país,O,"Serv. comunitarios, sociales y personales",Servicios,16963.982241527196,532968.1124453641,0.03182926303731955
2019,1. Resto país,P,Servicio doméstico,Servicios,4056.1518954870453,532968.1124453641,0.007610496389505576
2019,2. NOA-Resto,A,Agro,Bienes,7085.997532408132,42512.802191617506,0.1666791452718052
2019,2. NOA-Resto,B,Pesca,Bienes,0,42512.802191617506,0
2019,2. NOA-Resto,C,Petróleo y minería,Bienes,825.1452878372066,42512.802191617506,0.019409336606842287
2019,2. NOA-Resto,D,Industria manufacturera,Bienes,5066.082626906057,42512.802191617506,0.11916604800765088
2019,2. NOA-Resto,E,"Electricidad, gas y agua",Bienes,884.314124931553,42512.802191617506,0.020801125292698733
2019,2. NOA-Resto,F,Construcción,Bienes,1518.0925348736503,42512.802191617506,0.035709067777540696
2019,2. NOA-Resto,G,Comercio,Servicios,7666.021022907953,42512.802191617506,0.18032264700771727
2019,2. NOA-Resto,H,Hotelería y restaurantes,Servicios,804.506947059442,42512.802191617506,0.018923874823242568
2019,2. NOA-Resto,I,Transporte y comunicaciones,Servicios,4114.014177379414,42512.802191617506,0.09677118339168425
2019,2. NOA-Resto,J,Finanzas,Servicios,945.9016307702873,42512.802191617506,0.022249806693683347
2019,2. NOA-Resto,K,Serv. inmobiliarios y profesionales,Servicios,4294.859130746087,42512.802191617506,0.10102507737287968
2019,2. NOA-Resto,L,Adm. pública y defensa,Servicios,3528.812086923584,42512.802191617506,0.08300586893844838
2019,2. NOA-Resto,M,Enseñanza,Servicios,2602.0965200690525,42512.802191617506,0.06120736309831214
2019,2. NOA-Resto,N,Salud,Servicios,2061.9022815997105,42512.802191617506,0.048500738020187895
2019,2. NOA-Resto,O,"Serv. comunitarios, sociales y personales",Servicios,841.0118716665246,42512.802191617506,0.019782555567046382
2019,2. NOA-Resto,P,Servicio doméstico,Servicios,274.044415538853,42512.802191617506,0.006446162130260327
2019,3. La Rioja,A,Agro,Bienes,130.1609486231307,3291.659809459429,0.03954264904565163
2019,3. La Rioja,B,Pesca,Bienes,0,3291.659809459429,0
2019,3. La Rioja,C,Petróleo y minería,Bienes,6.022148002455706,3291.659809459429,0.001829517128455838
2019,3. La Rioja,D,Industria manufacturera,Bienes,645.5617931106482,3291.659809459429,0.1961204469719078
2019,3. La Rioja,E,"Electricidad, gas y agua",Bienes,51.31982183290919,3291.659809459429,0.015590864428161292
2019,3. La Rioja,F,Construcción,Bienes,126.76159069166614,3291.659809459429,0.03850993056068072
2019,3. La Rioja,G,Comercio,Servicios,458.74697207979517,3291.659809459429,0.13936645906161627
2019,3. La Rioja,H,Hotelería y restaurantes,Servicios,166.13673868959296,3291.659809459429,0.05047202575799492
2019,3. La Rioja,I,Transporte y comunicaciones,Servicios,227.91224993671622,3291.659809459429,0.06923930877721686
2019,3. La Rioja,J,Finanzas,Servicios,127.07969325919622,3291.659809459429,0.038606569516691884
2019,3. La Rioja,K,Serv. inmobiliarios y profesionales,Servicios,368.7798010280959,3291.659809459429,0.11203460332331808
2019,3. La Rioja,L,Adm. pública y defensa,Servicios,471.89909481876686,3291.659809459429,0.1433620489768243
2019,3. La Rioja,M,Enseñanza,Servicios,298.19534062275864,3291.659809459429,0.09059117827602288
2019,3. La Rioja,N,Salud,Servicios,126.39109048314927,3291.659809459429,0.03839737330082897
2019,3. La Rioja,O,"Serv. comunitarios, sociales y personales",Servicios,54.576008576925894,3291.659809459429,0.01658008777823508
2019,3. La Rioja,P,Servicio doméstico,Servicios,32.11651770362215,3291.659809459429,0.009756937096393465
2020,1. Resto país,A,Agro,Bienes,43213.63904970497,479862.55510759255,0.0900542011243528
2020,1. Resto país,B,Pesca,Bienes,2017.2022086645209,479862.55510759255,0.004203708306042411
2020,1. Resto país,C,Petróleo y minería,Bienes,18604.990959837043,479862.55510759255,0.038771499800949294
2020,1. Resto país,D,Industria manufacturera,Bienes,94762.95302355438,479862.55510759255,0.19747936573693914
2020,1. Resto país,E,"Electricidad, gas y agua",Bienes,11313.124599784975,479862.55510759255,0.023575760349228328
2020,1. Resto país,F,Construcción,Bienes,15120.92379282434,479862.55510759255,0.03151094752420096
2020,1. Resto país,G,Comercio,Servicios,72028.02545845113,479862.55510759255,0.15010136692641363
2020,1. Resto país,H,Hotelería y restaurantes,Servicios,5364.155728133992,479862.55510759255,0.01117852533196983
2020,1. Resto país,I,Transporte y comunicaciones,Servicios,43482.7097399225,479862.55510759255,0.09061492562213572
2020,1. Resto país,J,Finanzas,Servicios,24048.48658397008,479862.55510759255,0.05011536392661028
2020,1. Resto país,K,Serv. inmobiliarios y profesionales,Servicios,65888.46825881505,479862.55510759255,0.13730695916467547
2020,1. Resto país,L,Adm. pública y defensa,Servicios,27111.430717788888,479862.55510759255,0.05649832525838589
2020,1. Resto país,M,Enseñanza,Servicios,23569.188580985043,479862.55510759255,0.04911654041374507
2020,1. Resto país,N,Salud,Servicios,19614.141931224192,479862.55510759255,0.04087449983845145
2020,1. Resto país,O,"Serv. comunitarios, sociales y personales",Servicios,10426.048826508348,479862.55510759255,0.021727156485820544
2020,1. Resto país,P,Servicio doméstico,Servicios,3297.0656474230777,479862.55510759255,0.006870854190079126
2020,2. NOA-Resto,A,Agro,Bienes,6775.947655047052,38678.463466041074,0.17518657795173792
2020,2. NOA-Resto,B,Pesca,Bienes,0,38678.463466041074,0
2020,2. NOA-Resto,C,Petróleo y minería,Bienes,712.9460157504574,38678.463466041074,0.018432635421942494
2020,2. NOA-Resto,D,Industria manufacturera,Bienes,4651.812749033065,38678.463466041074,0.12026880936253491
2020,2. NOA-Resto,E,"Electricidad, gas y agua",Bienes,915.2587127766961,38678.463466041074,0.023663264534287284
2020,2. NOA-Resto,F,Construcción,Bienes,1220.3963325632799,38678.463466041074,0.03155234782360896
2020,2. NOA-Resto,G,Comercio,Servicios,7132.944003091861,38678.463466041074,0.1844164261942423
2020,2. NOA-Resto,H,Hotelería y restaurantes,Servicios,397.57005274623276,38678.463466041074,0.010278848152675232
2020,2. NOA-Resto,I,Transporte y comunicaciones,Servicios,3461.261839035037,38678.463466041074,0.08948809049961244
2020,2. NOA-Resto,J,Finanzas,Servicios,927.7295685164027,38678.463466041074,0.02398568829733712
2020,2. NOA-Resto,K,Serv. inmobiliarios y profesionales,Servicios,4108.129545721379,38678.463466041074,0.10621232535072743
2020,2. NOA-Resto,L,Adm. pública y defensa,Servicios,3336.9317063622107,38678.463466041074,0.086273636730475875
2020,2. NOA-Resto,M,Enseñanza,Servicios,2475.587499162771,38678.463466041074,0.06400428758852554
2020,2. NOA-Resto,N,Salud,Servicios,1846.0890752552284,38678.463466041074,0.047729121320345576
2020,2. NOA-Resto,O,"Serv. comunitarios, sociales y personales",Servicios,491.85174845336826,38678.463466041074,0.012716424190045822
2020,2. NOA-Resto,P,Servicio doméstico,Servicios,224.0069625260357,38678.463466041074,0.005791516581901176
2020,3. La Rioja,A,Agro,Bienes,129.17752490635172,2908.4542255778533,0.04441449474099482
2020,3. La Rioja,B,Pesca,Bienes,0,2908.4542255778533,0
2020,3. La Rioja,C,Petróleo y minería,Bienes,4.678950813514815,2908.4542255778533,0.0016087414312271663
2020,3. La Rioja,D,Industria manufacturera,Bienes,598.0840666417661,2908.4542255778533,0.20563640348265697
2020,3. La Rioja,E,"Electricidad, gas y agua",Bienes,53.40154966512208,2908.4542255778533,0.018360801141545292
2020,3. La Rioja,F,Construcción,Bienes,93.74004283028718,2908.4542255778533,0.03223019362172112
2020,3. La Rioja,G,Comercio,Servicios,429.9684269481179,2908.4542255778533,0.1478340017067628
2020,3. La Rioja,H,Hotelería y restaurantes,Servicios,88.47698753661973,2908.4542255778533,0.030420622321824946
2020,3. La Rioja,I,Transporte y comunicaciones,Servicios,167.30067428972444,2908.4542255778533,0.05752219609249138
2020,3. La Rioja,J,Finanzas,Servicios,129.86539248440874,2908.4542255778533,0.044651000982697954
2020,3. La Rioja,K,Serv. inmobiliarios y profesionales,Servicios,372.5426118293765,2908.4542255778533,0.1280895564912525
2020,3. La Rioja,L,Adm. pública y defensa,Servicios,385.63600261791976,2908.4542255778533,0.13259139484696597
2020,3. La Rioja,M,Enseñanza,Servicios,271.419138076164,2908.4542255778533,0.09332075288970322
2020,3. La Rioja,N,Salud,Servicios,121.84193486431924,2908.4542255778533,0.04189233366397974
2020,3. La Rioja,O,"Serv. comunitarios, sociales y personales",Servicios,36.09733421252781,2908.4542255778533,0.012411174944778777
2020,3. La Rioja,P,Servicio doméstico,Servicios,26.223587861633227,2908.4542255778533,0.009016331641397281
2021,1. Resto país,A,Agro,Bienes,43792.20151952655,530430.1960986776,0.08255978230805651
2021,1. Resto país,B,Pesca,Bienes,2401.7593386900776,530430.1960986776,0.0045279461017774915
2021,1. Resto país,C,Petróleo y minería,Bienes,20159.80896872092,530430.1960986776,0.03800652586711057
2021,1. Resto país,D,Industria manufacturera,Bienes,109954.57030986622,530430.1960986776,0.2072931954451006
2021,1. Resto país,E,"Electricidad, gas y agua",Bienes,11649.178479596032,530430.1960986776,0.021961755882821007
2021,1. Resto país,F,Construcción,Bienes,19395.136282191517,530430.1960986776,0.036564917353580265
2021,1. Resto país,G,Comercio,Servicios,81995.03245422244,530430.1960986776,0.15458213551433758
2021,1. Resto país,H,Hotelería y restaurantes,Servicios,6814.944662638949,530430.1960986776,0.01284795758756378
2021,1. Resto país,I,Transporte y comunicaciones,Servicios,46466.487453122296,530430.1960986776,0.08760151249850412
2021,1. Resto país,J,Finanzas,Servicios,24126.806078846217,530430.1960986776,0.04548535557798039
2021,1. Resto país,K,Serv. inmobiliarios y profesionales,Servicios,71736.30389777797,530430.1960986776,0.13524174231670746
2021,1. Resto país,L,Adm. pública y defensa,Servicios,28478.185356689126,530430.1960986776,0.05368884646113028
2021,1. Resto país,M,Enseñanza,Servicios,24445.97415774467,530430.1960986776,0.04608707109351088
2021,1. Resto país,N,Salud,Servicios,21707.615349003958,530430.1960986776,0.04092454673331913
2021,1. Resto país,O,"Serv. comunitarios, sociales y personales",Servicios,13871.122075915842,530430.1960986776,0.026150702162015215
2021,1. Resto país,P,Servicio doméstico,Servicios,3435.06971412485,530430.1960986776,0.006476007096484782
2021,2. NOA-Resto,A,Agro,Bienes,6779.146607947022,42335.9452046139,0.16012744194520098
2021,2. NOA-Resto,B,Pesca,Bienes,0,42335.9452046139,0
2021,2. NOA-Resto,C,Petróleo y minería,Bienes,982.4013819867554,42335.9452046139,0.02320490016790012
2021,2. NOA-Resto,D,Industria manufacturera,Bienes,5189.28549824807,42335.9452046139,0.1225739846640421
2021,2. NOA-Resto,E,"Electricidad, gas y agua",Bienes,979.7895209181994,42335.9452046139,0.023143206468705914
2021,2. NOA-Resto,F,Construcción,Bienes,1653.48963620726,42335.9452046139,0.0390564006121932
2021,2. NOA-Resto,G,Comercio,Servicios,7897.022982494453,42335.9452046139,0.18653234135501978
2021,2. NOA-Resto,H,Hotelería y restaurantes,Servicios,567.4853638792459,42335.9452046139,0.013404339058370657
2021,2. NOA-Resto,I,Transporte y comunicaciones,Servicios,3740.768393033146,42335.9452046139,0.0883591561486022
2021,2. NOA-Resto,J,Finanzas,Servicios,987.5108474369245,42335.9452046139,0.02332558875594214
2021,2. NOA-Resto,K,Serv. inmobiliarios y profesionales,Servicios,4493.6930519369525,42335.9452046139,0.10614368074737626
2021,2. NOA-Resto,L,Adm. pública y defensa,Servicios,3624.6684503538895,42335.9452046139,0.08561680701435863
2021,2. NOA-Resto,M,Enseñanza,Servicios,2484.185722848796,42335.9452046139,0.058677932212035794
2021,2. NOA-Resto,N,Salud,Servicios,2074.3002791607437,42335.9452046139,0.04899619623786456
2021,2. NOA-Resto,O,"Serv. comunitarios, sociales y personales",Servicios,647.5103498049377,42335.9452046139,0.015294576433228426
2021,2. NOA-Resto,P,Servicio doméstico,Servicios,234.68711835750145,42335.9452046139,0.005543448179159221
2021,3. La Rioja,A,Agro,Bienes,134.66908726638658,3214.73362621082,0.04189121181561781
2021,3. La Rioja,B,Pesca,Bienes,0,3214.73362621082,0
2021,3. La Rioja,C,Petróleo y minería,Bienes,6.489044021425502,3214.73362621082,0.0020185324123025658
2021,3. La Rioja,D,Industria manufacturera,Bienes,640.9071131134293,3214.73362621082,0.19936554241629695
2021,3. La Rioja,E,"Electricidad, gas y agua",Bienes,54.70642166499108,3214.73362621082,0.01701740424741601
2021,3. La Rioja,F,Construcción,Bienes,161.63249117785708,3214.73362621082,0.05027865757212735
2021,3. La Rioja,G,Comercio,Servicios,468.1944543497972,3214.73362621082,0.14564020189182955
2021,3. La Rioja,H,Hotelería y restaurantes,Servicios,115.16095084421244,3214.73362621082,0.03582285944479689
2021,3. La Rioja,I,Transporte y comunicaciones,Servicios,207.96873656855388,3214.73362621082,0.06469236980411497
2021,3. La Rioja,J,Finanzas,Servicios,132.12071552924215,3214.73362621082,0.0410984955182653
2021,3. La Rioja,K,Serv. inmobiliarios y profesionales,Servicios,386.2863484039925,3214.73362621082,0.12016123054627859
2021,3. La Rioja,L,Adm. pública y defensa,Servicios,376.1220714042139,3214.73362621082,0.11699945163031933
2021,3. La Rioja,M,Enseñanza,Servicios,318.1131828020606,3214.73362621082,0.09895475637806357
2021,3. La Rioja,N,Salud,Servicios,138.34632328105147,3214.73362621082,0.04303508139930061
2021,3. La Rioja,O,"Serv. comunitarios, sociales y personales",Servicios,46.57298300996243,3214.73362621082,0.014487353673796487
2021,3. La Rioja,P,Servicio doméstico,Servicios,27.443702773643846,3214.73362621082,0.008536851249473976
2022,1. Resto país,A,Agro,Bienes,41748.86966773963,556709.7394587848,0.07499216684861043
2022,1. Resto país,B,Pesca,Bienes,2458.780701810137,556709.7394587848,0.0044166295782798485
2022,1. Resto país,C,Petróleo y minería,Bienes,22424.238221536612,556709.7394587848,0.040279945961313214
2022,1. Resto país,D,Industria manufacturera,Bienes,115241.04931549783,556709.7394587848,0.20700383188469354
2022,1. Resto país,E,"Electricidad, gas y agua",Bienes,11970.668217590122,556709.7394587848,0.02150253061717156
2022,1. Resto país,F,Construcción,Bienes,20226.677400266613,556709.7394587848,0.03633253734689523
2022,1. Resto país,G,Comercio,Servicios,86971.55331719606,556709.7394587848,0.15622423527518484
2022,1. Resto país,H,Hotelería y restaurantes,Servicios,9212.439488444255,556709.7394587848,0.016548012070707243
2022,1. Resto país,I,Transporte y comunicaciones,Servicios,50101.31215391225,556709.7394587848,0.08999539365454451
2022,1. Resto país,J,Finanzas,Servicios,24213.42957474973,556709.7394587848,0.04349381348759812
2022,1. Resto país,K,Serv. inmobiliarios y profesionales,Servicios,75223.47964964,556709.7394587848,0.135121544169085
2022,1. Resto país,L,Adm. pública y defensa,Servicios,30426.143602546876,556709.7394587848,0.054653514113344216
2022,1. Resto país,M,Enseñanza,Servicios,25620.039089643753,556709.7394587848,0.04602046142492626
2022,1. Resto país,N,Salud,Servicios,22028.82899325575,556709.7394587848,0.03956968493971646
2022,1. Resto país,O,"Serv. comunitarios, sociales y personales",Servicios,15091.711920247702,556709.7394587848,0.02710876216198297
2022,1. Resto país,P,Servicio doméstico,Servicios,3750.518144707478,556709.7394587848,0.006736936465946528
2022,2. NOA-Resto,A,Agro,Bienes,6588.420256750341,44313.811728113214,0.14867645097139245
2022,2. NOA-Resto,B,Pesca,Bienes,0,44313.811728113214,0
2022,2. NOA-Resto,C,Petróleo y minería,Bienes,1319.0931062476154,44313.811728113214,0.02976708738893628
2022,2. NOA-Resto,D,Industria manufacturera,Bienes,5347.24343580037,44313.811728113214,0.12066764801476139
2022,2. NOA-Resto,E,"Electricidad, gas y agua",Bienes,996.4719184211914,44313.811728113214,0.02248671192031575
2022,2. NOA-Resto,F,Construcción,Bienes,2030.7257303977287,44313.811728113214,0.04582602243420671
2022,2. NOA-Resto,G,Comercio,Servicios,8310.499970852285,44313.811728113214,0.18753746623831963
2022,2. NOA-Resto,H,Hotelería y restaurantes,Servicios,674.2375832236172,44313.811728113214,0.015215066294914838
2022,2. NOA-Resto,I,Transporte y comunicaciones,Servicios,4073.833717637976,44313.811728113214,0.09193146693479963
2022,2. NOA-Resto,J,Finanzas,Servicios,923.8606290571516,44313.811728113214,0.0208481417650435
2022,2. NOA-Resto,K,Serv. inmobiliarios y profesionales,Servicios,4774.2927967001715,44313.811728113214,0.10773825609931233
2022,2. NOA-Resto,L,Adm. pública y defensa,Servicios,3791.7967606881634,44313.811728113214,0.08556692852225578
2022,2. NOA-Resto,M,Enseñanza,Servicios,2461.1400173690836,44313.811728113214,0.055538892309002316
2022,2. NOA-Resto,N,Salud,Servicios,2058.313936859496,44313.811728113214,0.04644858694368819
2022,2. NOA-Resto,O,"Serv. comunitarios, sociales y personales",Servicios,706.2157374322701,44313.811728113214,0.015936695804126422
2022,2. NOA-Resto,P,Servicio doméstico,Servicios,257.66613067575565,44313.811728113214,0.0058145783589248125
2022,3. La Rioja,A,Agro,Bienes,143.12095597479407,3480.57589530622,0.04111990667056043
2022,3. La Rioja,B,Pesca,Bienes,0,3480.57589530622,0
2022,3. La Rioja,C,Petróleo y minería,Bienes,8.30528093964391,3480.57589530622,0.002386180100495471
2022,3. La Rioja,D,Industria manufacturera,Bienes,670.2819354715893,3480.57589530622,0.1925778824060431
2022,3. La Rioja,E,"Electricidad, gas y agua",Bienes,56.46194370971914,3480.57589530622,0.016222011933675024
2022,3. La Rioja,F,Construcción,Bienes,211.23465892747396,3480.57589530622,0.06068957128972175
2022,3. La Rioja,G,Comercio,Servicios,499.8304687195678,3480.57589530622,0.14360568013862915
2022,3. La Rioja,H,Hotelería y restaurantes,Servicios,157.03134665199008,3480.57589530622,0.04511648398868616
2022,3. La Rioja,I,Transporte y comunicaciones,Servicios,234.4112667204211,3480.57589530622,0.06734841410484389
2022,3. La Rioja,J,Finanzas,Servicios,132.26647485939912,3480.57589530622,0.038001318987978094
2022,3. La Rioja,K,Serv. inmobiliarios y profesionales,Servicios,410.54253424644423,3480.57589530622,0.11795247298014308
2022,3. La Rioja,L,Adm. pública y defensa,Servicios,405.99088300827617,3480.57589530622,0.1166447436344603
2022,3. La Rioja,M,Enseñanza,Servicios,335.62831543870095,3480.57589530622,0.09642896047499418
2022,3. La Rioja,N,Salud,Servicios,136.12812370234968,3480.57589530622,0.03911080459010453
2022,3. La Rioja,O,"Serv. comunitarios, sociales y personales",Servicios,49.24399975156884,3480.57589530622,0.014148233290352192
2022,3. La Rioja,P,Servicio doméstico,Servicios,30.097707184281514,3480.57589530622,0.008647335409312638
2023,1. Resto país,A,Agro,Bienes,31123.44773696243,548442.9270897588,0.056748744855029794
2023,1. Resto país,B,Pesca,Bienes,2303.869340621626,548442.9270897588,0.004200745833020055
2023,1. Resto país,C,Petróleo y minería,Bienes,24178.70472380725,548442.9270897588,0.04408609087568766
2023,1. Resto país,D,Industria manufacturera,Bienes,112933.73896150033,548442.9270897588,0.20591703052999255
2023,1. Resto país,E,"Electricidad, gas y agua",Bienes,11863.68102566999,548442.9270897588,0.021631569010513226
2023,1. Resto país,F,Construcción,Bienes,20316.72619345454,548442.9270897588,0.037044376342425654
2023,1. Resto país,G,Comercio,Servicios,87174.57578264036,548442.9270897588,0.15894922056014274
2023,1. Resto país,H,Hotelería y restaurantes,Servicios,9715.847488492225,548442.9270897588,0.017715330089218415
2023,1. Resto país,I,Transporte y comunicaciones,Servicios,49686.86962672302,548442.9270897588,0.09059624470020963
2023,1. Resto país,J,Finanzas,Servicios,23598.399090610652,548442.9270897588,0.04302799420868183
2023,1. Resto país,K,Serv. inmobiliarios y profesionales,Servicios,76463.76437299776,548442.9270897588,0.13941972919359685
2023,1. Resto país,L,Adm. pública y defensa,Servicios,31351.94409309787,548442.9270897588,0.0571653722648278
2023,1. Resto país,M,Enseñanza,Servicios,26155.48078370262,548442.9270897588,0.047690433209692906
2023,1. Resto país,N,Salud,Servicios,22352.566785845484,548442.9270897588,0.04075641362439749
2023,1. Resto país,O,"Serv. comunitarios, sociales y personales",Servicios,15429.288138103526,548442.9270897588,0.028132896562231263
2023,1. Resto país,P,Servicio doméstico,Servicios,3794.02294552911,548442.9270897588,0.006917808140332122
2023,2. NOA-Resto,A,Agro,Bienes,5455.623053399274,43325.85234512399,0.12592073226721562
2023,2. NOA-Resto,B,Pesca,Bienes,0,43325.85234512399,0
2023,2. NOA-Resto,C,Petróleo y minería,Bienes,1546.9975052437069,43325.85234512399,0.03570610666630798
2023,2. NOA-Resto,D,Industria manufacturera,Bienes,5181.420525098365,43325.85234512399,0.11959188901407722
2023,2. NOA-Resto,E,"Electricidad, gas y agua",Bienes,1013.1400517191745,43325.85234512399,0.023384192044249442
2023,2. NOA-Resto,F,Construcción,Bienes,2168.392609520318,43325.85234512399,0.05004846972766722
2023,2. NOA-Resto,G,Comercio,Servicios,8254.157397847512,43325.85234512399,0.19051344523119249
2023,2. NOA-Resto,H,Hotelería y restaurantes,Servicios,739.9517671476142,43325.85234512399,0.017078758457036804
2023,2. NOA-Resto,I,Transporte y comunicaciones,Servicios,4075.9639488213215,43325.85234512399,0.09407694778519554
2023,2. NOA-Resto,J,Finanzas,Servicios,810.6377254499838,43325.85234512399,0.018710254537928673
2023,2. NOA-Resto,K,Serv. inmobiliarios y profesionales,Servicios,4772.107942690685,43325.85234512399,0.11014458306964506
2023,2. NOA-Resto,L,Adm. pública y defensa,Servicios,3613.0185840620134,43325.85234512399,0.0833917485403754
2023,2. NOA-Resto,M,Enseñanza,Servicios,2626.403299235662,43325.85234512399,0.06061977219315443
2023,2. NOA-Resto,N,Salud,Servicios,2101.5649366860494,43325.85234512399,0.04850602637763375
2023,2. NOA-Resto,O,"Serv. comunitarios, sociales y personales",Servicios,704.9460945929299,43325.85234512399,0.01627079575901907
2023,2. NOA-Resto,P,Servicio doméstico,Servicios,261.5269036093754,43325.85234512399,0.006036278329301197
2023,3. La Rioja,A,Agro,Bienes,158.5162680320549,3462.9670408966936,0.04577469729281889
2023,3. La Rioja,B,Pesca,Bienes,0,3462.9670408966936,0
2023,3. La Rioja,C,Petróleo y minería,Bienes,8.848703695975294,3462.9670408966936,0.00255523763046963
2023,3. La Rioja,D,Industria manufacturera,Bienes,674.1924512441132,3462.9670408966936,0.19468636093906894
2023,3. La Rioja,E,"Electricidad, gas y agua",Bienes,56.53099959666816,3462.9670408966936,0.016324440553159333
2023,3. La Rioja,F,Construcción,Bienes,187.71790873167598,3462.9670408966936,0.05420724670918863
2023,3. La Rioja,G,Comercio,Servicios,533.5690237684989,3462.9670408966936,0.15407857408609285
2023,3. La Rioja,H,Hotelería y restaurantes,Servicios,174.87009880122312,3462.9670408966936,0.05049718831743274
2023,3. La Rioja,I,Transporte y comunicaciones,Servicios,232.60830661655257,3462.9670408966936,0.06717023404193921
2023,3. La Rioja,J,Finanzas,Servicios,133.16176120450808,3462.9670408966936,0.038453083622195676
2023,3. La Rioja,K,Serv. inmobiliarios y profesionales,Servicios,426.56653329736054,3462.9670408966936,0.12317949557697964
2023,3. La Rioja,L,Adm. pública y defensa,Servicios,348.5712275048477,3462.9670408966936,0.10065681347477952
2023,3. La Rioja,M,Enseñanza,Servicios,317.240473152601,3462.9670408966936,0.0916094405190918
2023,3. La Rioja,N,Salud,Servicios,128.4808435046734,3462.9670408966936,0.03710137635944835
2023,3. La Rioja,O,"Serv. comunitarios, sociales y personales",Servicios,51.52784193177958,3462.9670408966936,0.014879680148049305
2023,3. La Rioja,P,Servicio doméstico,Servicios,30.5645998141611,3462.9670408966936,0.008826130729285475
2024,1. Resto país,A,Agro,Bienes,42728.081986651654,542221.3301193191,0.0788019201997256
2024,1. Resto país,B,Pesca,Bienes,2476.9166411390065,542221.3301193191,0.004568091485065602
2024,1. Resto país,C,Petróleo y minería,Bienes,26316.05712721046,542221.3301193191,0.04853379176621372
2024,1. Resto país,D,Industria manufacturera,Bienes,102988.66183066565,542221.3301193191,0.18993841833555747
2024,1. Resto país,E,"Electricidad, gas y agua",Bienes,11835.757117750994,542221.3301193191,0.021828276499462798
2024,1. Resto país,F,Construcción,Bienes,16874.320452819764,542221.3301193191,0.031120724168314195
2024,1. Resto país,G,Comercio,Servicios,81199.56429797823,542221.3301193191,0.1497535411971155
2024,1. Resto país,H,Hotelería y restaurantes,Servicios,10216.887660601496,542221.3301193191,0.018842651686818014
2024,1. Resto país,I,Transporte y comunicaciones,Servicios,50041.613318514086,542221.3301193191,0.09229001247055722
2024,1. Resto país,J,Finanzas,Servicios,22532.58821379832,542221.3301193191,0.0415560712243465
2024,1. Resto país,K,Serv. inmobiliarios y profesionales,Servicios,76247.79915403308,542221.3301193191,0.14062117242280803
2024,1. Resto país,L,Adm. pública y defensa,Servicios,31408.57400018801,542221.3301193191,0.05792574407442872
2024,1. Resto país,M,Enseñanza,Servicios,26287.083171289076,542221.3301193191,0.04848035610385235
2024,1. Resto país,N,Salud,Servicios,22342.048035204716,542221.3301193191,0.0412046645791087
2024,1. Resto país,O,"Serv. comunitarios, sociales y personales",Servicios,14928.126539872772,542221.3301193191,0.027531426210377494
2024,1. Resto país,P,Servicio doméstico,Servicios,3797.2505716018663,542221.3301193191,0.007003137576248168
2024,2. NOA-Resto,A,Agro,Bienes,5705.714650800364,41420.941126322185,0.13774951740955244
2024,2. NOA-Resto,B,Pesca,Bienes,0,41420.941126322185,0
2024,2. NOA-Resto,C,Petróleo y minería,Bienes,1327.5262268676925,41420.941126322185,0.03204963940387332
2024,2. NOA-Resto,D,Industria manufacturera,Bienes,4728.179169787661,41420.941126322185,0.11414948673831549
2024,2. NOA-Resto,E,"Electricidad, gas y agua",Bienes,1042.0512817463339,41420.941126322185,0.025157595491815878
2024,2. NOA-Resto,F,Construcción,Bienes,1740.8824489907595,41420.941126322185,0.04202904138951259
2024,2. NOA-Resto,G,Comercio,Servicios,7412.56010559144,41420.941126322185,0.178956824833729
2024,2. NOA-Resto,H,Hotelería y restaurantes,Servicios,804.852668208111,41420.941126322185,0.019431057004560506
2024,2. NOA-Resto,I,Transporte y comunicaciones,Servicios,4171.661785243956,41420.941126322185,0.10071383391607555
2024,2. NOA-Resto,J,Finanzas,Servicios,737.6238664502016,41420.941126322185,0.01780799388890409
2024,2. NOA-Resto,K,Serv. inmobiliarios y profesionales,Servicios,4748.7756328079695,41420.941126322185,0.11464673432517006
2024,2. NOA-Resto,L,Adm. pública y defensa,Servicios,3211.710634439949,41420.941126322185,0.07753833078406253
2024,2. NOA-Resto,M,Enseñanza,Servicios,2790.8652296943737,41420.941126322185,0.06737812212385572
2024,2. NOA-Resto,N,Salud,Servicios,2063.0735597943744,41420.941126322185,0.04980750083641466
2024,2. NOA-Resto,O,"Serv. comunitarios, sociales y personales",Servicios,672.865938724255,41420.941126322185,0.016244583547056636
2024,2. NOA-Resto,P,Servicio doméstico,Servicios,262.597927174746,41420.941126322185,0.006339738307101628
2024,3. La Rioja,A,Agro,Bienes,156.8987623605803,3218.344598848827,0.04875138678956305
2024,3. La Rioja,B,Pesca,Bienes,0,3218.344598848827,0
2024,3. La Rioja,C,Petróleo y minería,Bienes,5.7330661711284385,3218.344598848827,0.001781371135079539
2024,3. La Rioja,D,Industria manufacturera,Bienes,602.2350617879703,3218.344598848827,0.18712572357956458
2024,3. La Rioja,E,"Electricidad, gas y agua",Bienes,58.82689015527259,3218.344598848827,0.018278617577593907
2024,3. La Rioja,F,Construcción,Bienes,84.32280206201744,3218.344598848827,0.02620067536962293
2024,3. La Rioja,G,Comercio,Servicios,475.68251124711753,3218.344598848827,0.1478034736918057
2024,3. La Rioja,H,Hotelería y restaurantes,Servicios,169.04353440395667,3218.344598848827,0.05252499513707203
2024,3. La Rioja,I,Transporte y comunicaciones,Servicios,202.20681496887843,3218.344598848827,0.06282944810857297
2024,3. La Rioja,J,Finanzas,Servicios,128.30671835037853,3218.344598848827,0.039867302710925576
2024,3. La Rioja,K,Serv. inmobiliarios y profesionales,Servicios,421.2860342862315,3218.344598848827,0.13090146854905524
2024,3. La Rioja,L,Adm. pública y defensa,Servicios,414.67204989960425,3218.344598848827,0.12884637961016626
2024,3. La Rioja,M,Enseñanza,Servicios,292.8955975843537,3218.344598848827,0.09100815297688129
2024,3. La Rioja,N,Salud,Servicios,128.68936061030442,3218.344598848827,0.039986196834340064
2024,3. La Rioja,O,"Serv. comunitarios, sociales y personales",Servicios,46.82656047726094,3218.344598848827,0.014549890180812328
2024,3. La Rioja,P,Servicio doméstico,Servicios,30.718834483771968,3218.344598848827,0.009544917748944542
